Customer_ID,Actual_Churn,Predicted_Churn,Churn_Probability,Risk_Level,Contract,tenure,InternetService,MonthlyCharges,TotalCharges,SeniorCitizen,PaymentMethod
5178-LMXOP,Yes,1,0.8537,High Risk,Month-to-month,1,Fiber optic,95.1,95.1,1,Electronic check
7216-EWTRS,Yes,1,0.8489,High Risk,Month-to-month,1,Fiber optic,100.8,100.8,1,Electronic check
9300-AGZNL,Yes,1,0.8486,High Risk,Month-to-month,1,Fiber optic,94.0,94.0,1,Electronic check
9497-QCMMS,Yes,1,0.8478,High Risk,Month-to-month,1,Fiber optic,93.55,93.55,1,Electronic check
5567-WSELE,Yes,1,0.8455,High Risk,Month-to-month,3,Fiber optic,94.6,283.8,1,Electronic check
5150-ITWWB,No,1,0.8426,High Risk,Month-to-month,3,Fiber optic,94.85,284.55,1,Electronic check
2720-WGKHP,Yes,1,0.8357,High Risk,Month-to-month,2,Fiber optic,94.0,188.0,1,Electronic check
4424-TKOPW,Yes,1,0.8354,High Risk,Month-to-month,2,Fiber optic,93.85,187.7,1,Electronic check
1374-DMZUI,Yes,1,0.835,High Risk,Month-to-month,4,Fiber optic,94.3,377.2,1,Electronic check
7024-OHCCK,Yes,1,0.8327,High Risk,Month-to-month,2,Fiber optic,93.85,187.7,1,Electronic check
8884-ADFVN,Yes,1,0.8319,High Risk,Month-to-month,7,Fiber optic,101.95,713.65,1,Electronic check
5192-EBGOV,Yes,1,0.8306,High Risk,Month-to-month,1,Fiber optic,85.7,85.7,1,Electronic check
5419-JPRRN,Yes,1,0.8297,High Risk,Month-to-month,1,Fiber optic,101.45,101.45,0,Electronic check
4826-XTSOH,Yes,1,0.8281,High Risk,Month-to-month,1,Fiber optic,86.05,86.05,1,Electronic check
8098-LLAZX,Yes,1,0.8278,High Risk,Month-to-month,4,Fiber optic,95.45,381.8,1,Electronic check
3158-MOERK,Yes,1,0.8261,High Risk,Month-to-month,2,Fiber optic,96.0,192.0,0,Electronic check
6861-XWTWQ,Yes,1,0.826,High Risk,Month-to-month,7,Fiber optic,99.25,694.75,1,Electronic check
5277-ZLOOR,Yes,1,0.8259,High Risk,Month-to-month,2,Fiber optic,85.55,171.1,1,Electronic check
7851-WZEKY,Yes,1,0.8243,High Risk,Month-to-month,2,Fiber optic,95.15,190.3,0,Electronic check
3049-SOLAY,Yes,1,0.824,High Risk,Month-to-month,3,Fiber optic,95.2,285.6,0,Electronic check
0295-PPHDO,Yes,1,0.8221,High Risk,Month-to-month,1,Fiber optic,95.45,95.45,0,Electronic check
6023-YEBUP,Yes,1,0.8208,High Risk,Month-to-month,3,Fiber optic,100.95,302.85,0,Electronic check
1400-MMYXY,Yes,1,0.8201,High Risk,Month-to-month,3,Fiber optic,105.9,317.7,1,Electronic check
4910-GMJOT,Yes,1,0.8175,High Risk,Month-to-month,1,Fiber optic,94.6,94.6,0,Electronic check
8149-RSOUN,Yes,1,0.8159,High Risk,Month-to-month,1,Fiber optic,93.85,93.85,0,Electronic check
6630-UJZMY,No,1,0.8156,High Risk,Month-to-month,4,Fiber optic,83.25,333.0,1,Electronic check
3068-OMWZA,Yes,1,0.8156,High Risk,Month-to-month,1,Fiber optic,88.8,88.8,1,Electronic check
2660-EMUBI,Yes,1,0.8152,High Risk,Month-to-month,10,Fiber optic,95.35,953.5,1,Electronic check
9057-SIHCH,Yes,1,0.8131,High Risk,Month-to-month,3,Fiber optic,96.6,289.8,0,Electronic check
4822-RVYBB,Yes,1,0.8112,High Risk,Month-to-month,8,Fiber optic,100.6,804.8,1,Electronic check
2865-TCHJW,Yes,1,0.81,High Risk,Month-to-month,4,Fiber optic,89.2,356.8,1,Electronic check
9681-OXGVC,Yes,1,0.8087,High Risk,Month-to-month,5,Fiber optic,100.5,502.5,0,Electronic check
0259-GBZSH,Yes,1,0.8073,High Risk,Month-to-month,2,Fiber optic,85.65,171.3,0,Electronic check
4912-PIGUY,No,1,0.8069,High Risk,Month-to-month,1,Fiber optic,84.6,84.6,0,Electronic check
0781-LKXBR,Yes,1,0.8067,High Risk,Month-to-month,9,Fiber optic,100.5,904.5,1,Electronic check
1415-YFWLT,Yes,1,0.8058,High Risk,Month-to-month,1,Fiber optic,89.3,89.3,1,Electronic check
9061-TIHDA,Yes,1,0.8056,High Risk,Month-to-month,13,Fiber optic,95.25,1238.25,1,Electronic check
6496-SLWHQ,Yes,1,0.8039,High Risk,Month-to-month,3,Fiber optic,105.0,315.0,1,Electronic check
2205-YMZZJ,Yes,1,0.8036,High Risk,Month-to-month,7,Fiber optic,84.8,593.6,1,Electronic check
1069-XAIEM,Yes,1,0.8033,High Risk,Month-to-month,1,Fiber optic,85.05,85.05,1,Electronic check
8161-QYMTT,No,1,0.8031,High Risk,Month-to-month,7,Fiber optic,94.1,658.7,0,Electronic check
4626-GYCZP,Yes,1,0.8025,High Risk,Month-to-month,7,Fiber optic,93.85,656.95,0,Electronic check
7450-NWRTR,Yes,1,0.8017,High Risk,Month-to-month,12,Fiber optic,99.45,1193.4,1,Electronic check
4695-WJZUE,Yes,1,0.8015,High Risk,Month-to-month,2,Fiber optic,88.55,177.1,1,Electronic check
3988-RQIXO,Yes,1,0.7994,High Risk,Month-to-month,1,Fiber optic,91.3,91.3,1,Electronic check
2446-BEGGB,Yes,1,0.7984,High Risk,Month-to-month,6,Fiber optic,98.25,589.5,1,Electronic check
4750-ZRXIU,Yes,1,0.7981,High Risk,Month-to-month,4,Fiber optic,84.6,338.4,1,Electronic check
3320-VEOYC,No,1,0.798,High Risk,Month-to-month,14,Fiber optic,95.6,1338.4,1,Electronic check
4102-OQUPX,Yes,1,0.798,High Risk,Month-to-month,1,Fiber optic,74.4,74.4,1,Electronic check
4927-WWOOZ,No,1,0.798,High Risk,Month-to-month,2,Fiber optic,91.45,182.9,0,Electronic check
8603-IJWDN,Yes,1,0.7975,High Risk,Month-to-month,1,Fiber optic,86.6,86.6,0,Electronic check
8775-LHDJH,Yes,1,0.7972,High Risk,Month-to-month,1,Fiber optic,90.6,90.6,1,Electronic check
6894-LFHLY,Yes,1,0.7969,High Risk,Month-to-month,1,Fiber optic,75.75,75.75,1,Electronic check
2012-NWRPA,Yes,1,0.7965,High Risk,Month-to-month,11,Fiber optic,99.55,1095.05,1,Electronic check
6513-EECDB,Yes,1,0.7961,High Risk,Month-to-month,1,Fiber optic,73.55,73.55,1,Electronic check
2545-EBUPK,No,1,0.7961,High Risk,Month-to-month,2,Fiber optic,84.05,168.1,1,Electronic check
4988-IQIGL,Yes,1,0.796,High Risk,Month-to-month,1,Fiber optic,75.35,75.35,1,Electronic check
0723-DRCLG,Yes,1,0.795,High Risk,Month-to-month,1,Fiber optic,74.45,74.45,1,Electronic check
8414-MYSHR,Yes,1,0.7945,High Risk,Month-to-month,5,Fiber optic,91.4,457.0,1,Electronic check
5240-IJOQT,Yes,1,0.7945,High Risk,Month-to-month,1,Fiber optic,74.7,74.7,1,Electronic check
3489-HHPFY,No,1,0.7939,High Risk,Month-to-month,2,Fiber optic,84.05,168.1,0,Electronic check
3551-HUAZH,Yes,1,0.7938,High Risk,Month-to-month,1,Fiber optic,74.4,74.4,1,Electronic check
9305-CDSKC,Yes,1,0.7935,High Risk,Month-to-month,8,Fiber optic,99.65,797.2,0,Electronic check
2462-XIIJB,Yes,1,0.793,High Risk,Month-to-month,5,Fiber optic,92.5,462.5,0,Electronic check
1273-MTETI,Yes,1,0.7923,High Risk,Month-to-month,4,Fiber optic,88.85,355.4,1,Electronic check
7943-RQCHR,Yes,1,0.7923,High Risk,Month-to-month,9,Fiber optic,94.75,852.75,0,Electronic check
8473-VUVJN,Yes,1,0.7922,High Risk,Month-to-month,1,Fiber optic,73.65,73.65,1,Electronic check
0107-YHINA,Yes,1,0.7916,High Risk,Month-to-month,1,Fiber optic,99.75,99.75,0,Electronic check
0196-VULGZ,Yes,1,0.7914,High Risk,Month-to-month,6,Fiber optic,84.35,506.1,1,Electronic check
6350-XFYGW,No,1,0.7914,High Risk,Month-to-month,4,Fiber optic,94.75,379.0,1,Electronic check
6474-FVJLC,Yes,1,0.7911,High Risk,Month-to-month,2,Fiber optic,86.0,172.0,0,Electronic check
9546-CQJSU,Yes,1,0.7906,High Risk,Month-to-month,2,Fiber optic,91.4,182.8,0,Electronic check
1724-BQUHA,Yes,1,0.7899,High Risk,Month-to-month,5,Fiber optic,89.5,447.5,1,Electronic check
8258-GSTJK,Yes,1,0.7887,High Risk,Month-to-month,3,Fiber optic,77.0,231.0,1,Electronic check
3319-DWOEP,Yes,1,0.7885,High Risk,Month-to-month,6,Fiber optic,95.75,574.5,1,Electronic check
7274-RTAPZ,Yes,1,0.7882,High Risk,Month-to-month,1,Fiber optic,90.55,90.55,0,Electronic check
4548-SDBKE,Yes,1,0.788,High Risk,Month-to-month,5,Fiber optic,85.2,426.0,0,Electronic check
9248-OJYKK,Yes,1,0.7873,High Risk,Month-to-month,1,Fiber optic,76.45,76.45,1,Electronic check
5565-FILXA,Yes,1,0.787,High Risk,Month-to-month,16,Fiber optic,96.15,1538.4,1,Electronic check
2968-SSGAA,Yes,1,0.7869,High Risk,Month-to-month,10,Fiber optic,100.6,1006.0,0,Electronic check
3793-MMFUH,Yes,1,0.7868,High Risk,Month-to-month,13,Fiber optic,95.05,1235.65,1,Electronic check
8972-HJWNV,Yes,1,0.7867,High Risk,Month-to-month,7,Fiber optic,84.55,591.85,1,Electronic check
3027-ZTDHO,Yes,1,0.7867,High Risk,Month-to-month,1,Fiber optic,89.9,89.9,0,Electronic check
7576-OYWBN,Yes,1,0.7865,High Risk,Month-to-month,3,Fiber optic,76.05,228.15,1,Electronic check
0564-JJHGS,Yes,1,0.7862,High Risk,Month-to-month,9,Fiber optic,95.5,859.5,0,Electronic check
0970-ETWGE,Yes,1,0.7859,High Risk,Month-to-month,1,Fiber optic,89.55,89.55,0,Electronic check
7225-CBZPL,No,1,0.7857,High Risk,Month-to-month,17,Fiber optic,94.8,1611.6,1,Electronic check
0021-IKXGC,No,1,0.7854,High Risk,Month-to-month,1,Fiber optic,72.1,72.1,1,Electronic check
7577-SWIFR,No,1,0.7852,High Risk,Month-to-month,1,Fiber optic,89.25,89.25,0,Electronic check
1925-TIBLE,Yes,1,0.7851,High Risk,Month-to-month,7,Fiber optic,86.5,605.5,0,Electronic check
8739-XNIKG,No,1,0.7851,High Risk,Month-to-month,5,Fiber optic,84.0,420.0,0,Electronic check
2982-VPSGI,Yes,1,0.7849,High Risk,Month-to-month,11,Fiber optic,94.0,1034.0,0,Electronic check
1455-ESIQH,Yes,1,0.7849,High Risk,Month-to-month,1,Fiber optic,89.1,89.1,0,Electronic check
7526-BEZQB,Yes,1,0.7847,High Risk,Month-to-month,12,Fiber optic,96.05,1152.6,0,Electronic check
2656-TABEH,Yes,1,0.7846,High Risk,Month-to-month,4,Fiber optic,100.2,400.8,0,Electronic check
3727-RJMEO,Yes,1,0.7844,High Risk,Month-to-month,6,Fiber optic,82.85,497.1,0,Electronic check
8593-WHYHV,Yes,1,0.7842,High Risk,Month-to-month,3,Fiber optic,85.3,255.9,0,Electronic check
9134-CEQMF,Yes,1,0.784,High Risk,Month-to-month,7,Fiber optic,89.5,626.5,1,Electronic check
6567-HOOPW,Yes,1,0.7831,High Risk,Month-to-month,1,Fiber optic,79.2,79.2,1,Electronic check
7488-MXJIV,Yes,1,0.783,High Risk,Month-to-month,4,Fiber optic,85.65,342.6,0,Electronic check
6521-YYTYI,Yes,1,0.7817,High Risk,Month-to-month,1,Fiber optic,93.3,93.3,0,Electronic check
2725-KXXWT,Yes,1,0.7815,High Risk,Month-to-month,1,Fiber optic,90.75,90.75,0,Electronic check
4847-TAJYI,No,1,0.7811,High Risk,Month-to-month,6,Fiber optic,89.35,536.1,1,Electronic check
3389-YGYAI,Yes,1,0.7804,High Risk,Month-to-month,8,Fiber optic,105.5,844.0,1,Electronic check
5383-MMTWC,Yes,1,0.7799,High Risk,Month-to-month,8,Fiber optic,84.0,672.0,1,Electronic check
0697-ZMSWS,Yes,1,0.7798,High Risk,Month-to-month,4,Fiber optic,85.65,342.6,0,Electronic check
2034-GDRCN,Yes,1,0.7795,High Risk,Month-to-month,2,Fiber optic,90.4,180.8,0,Electronic check
9282-IZGQK,Yes,1,0.7793,High Risk,Month-to-month,1,Fiber optic,85.0,85.0,0,Electronic check
1833-VGRUM,Yes,1,0.7787,High Risk,Month-to-month,1,Fiber optic,74.2,74.2,1,Electronic check
1579-KLYDT,Yes,1,0.7778,High Risk,Month-to-month,7,Fiber optic,90.45,633.15,0,Electronic check
1455-UGQVH,Yes,1,0.7773,High Risk,Month-to-month,10,Fiber optic,98.5,985.0,0,Electronic check
6161-UUUTA,Yes,1,0.7769,High Risk,Month-to-month,3,Fiber optic,79.9,239.7,1,Electronic check
6969-MVBAI,No,1,0.7765,High Risk,Month-to-month,9,Fiber optic,90.1,810.9,1,Electronic check
2642-DTVCO,Yes,1,0.7763,High Risk,Month-to-month,9,Fiber optic,85.05,765.45,1,Electronic check
8245-UMPYT,Yes,1,0.7761,High Risk,Month-to-month,16,Fiber optic,96.4,1542.4,1,Electronic check
1143-NMNQJ,Yes,1,0.7756,High Risk,Month-to-month,2,Fiber optic,85.7,171.4,0,Electronic check
7668-XCFYV,No,1,0.7755,High Risk,Month-to-month,17,Fiber optic,92.55,1573.35,1,Electronic check
4115-NZRKS,No,1,0.7754,High Risk,Month-to-month,7,Fiber optic,89.15,624.05,1,Electronic check
3902-FOIGH,Yes,1,0.7751,High Risk,Month-to-month,12,Fiber optic,101.35,1216.2,1,Electronic check
8580-AECUZ,Yes,1,0.7745,High Risk,Month-to-month,1,Fiber optic,79.1,79.1,1,Electronic check
0722-TROQR,Yes,1,0.7745,High Risk,Month-to-month,4,Fiber optic,74.9,299.6,1,Electronic check
1075-BGWOH,Yes,1,0.7742,High Risk,Month-to-month,16,Fiber optic,98.75,1580.0,1,Electronic check
4140-MUHUG,Yes,1,0.7738,High Risk,Month-to-month,3,Fiber optic,86.85,260.55,1,Electronic check
3097-NQYSN,Yes,1,0.7735,High Risk,Month-to-month,2,Fiber optic,86.85,173.7,1,Mailed check
2265-CYWIV,Yes,1,0.7734,High Risk,Month-to-month,4,Fiber optic,99.6,398.4,1,Electronic check
1197-BVMVG,No,1,0.7734,High Risk,Month-to-month,4,Fiber optic,74.45,297.8,1,Electronic check
9965-YOKZB,Yes,1,0.773,High Risk,Month-to-month,9,Fiber optic,83.85,754.65,1,Electronic check
3452-GWUIN,No,1,0.7729,High Risk,Month-to-month,19,Fiber optic,94.95,1804.05,1,Electronic check
0897-FEGMU,Yes,1,0.7719,High Risk,Month-to-month,11,Fiber optic,99.5,1094.5,0,Electronic check
9611-CTWIH,Yes,1,0.7719,High Risk,Month-to-month,3,Fiber optic,89.45,268.35,0,Electronic check
5834-ASPWA,Yes,1,0.7716,High Risk,Month-to-month,1,Fiber optic,75.45,75.45,0,Electronic check
3722-WPXTK,Yes,1,0.7714,High Risk,Month-to-month,1,Fiber optic,88.35,88.35,0,Electronic check
9787-XVQIU,Yes,1,0.7713,High Risk,Month-to-month,1,Fiber optic,75.3,75.3,0,Electronic check
3643-AHCFP,Yes,1,0.7712,High Risk,Month-to-month,7,Fiber optic,95.6,669.2,1,Bank transfer
8058-JMEQO,Yes,1,0.7712,High Risk,Month-to-month,9,Fiber optic,84.45,760.05,1,Electronic check
4078-SAYYN,Yes,1,0.771,High Risk,Month-to-month,11,Fiber optic,100.75,1108.25,0,Electronic check
0187-QSXOE,No,1,0.771,High Risk,Month-to-month,7,Fiber optic,89.0,623.0,1,Electronic check
1452-VOQCH,No,1,0.7708,High Risk,Month-to-month,1,Fiber optic,75.1,75.1,0,Electronic check
2215-ZAFGX,No,1,0.7707,High Risk,Month-to-month,9,Fiber optic,85.5,769.5,0,Electronic check
3621-CEOVK,Yes,1,0.7706,High Risk,Month-to-month,14,Fiber optic,100.2,1402.8,1,Electronic check
1157-BQCUW,Yes,1,0.7704,High Risk,Month-to-month,1,Fiber optic,74.95,74.95,0,Electronic check
2691-NZETQ,Yes,1,0.7703,High Risk,Month-to-month,9,Fiber optic,85.35,768.15,0,Electronic check
6358-LYNGM,Yes,1,0.7703,High Risk,Month-to-month,1,Fiber optic,74.9,74.9,0,Electronic check
1626-ERCMM,Yes,1,0.7699,High Risk,Month-to-month,20,Fiber optic,94.55,1891.0,1,Electronic check
3318-NMQXL,No,1,0.7698,High Risk,Month-to-month,3,Fiber optic,92.0,276.0,0,Electronic check
0318-QUUOB,Yes,1,0.7689,High Risk,Month-to-month,1,Fiber optic,80.55,80.55,0,Electronic check
9957-YODKZ,No,1,0.7689,High Risk,Month-to-month,6,Fiber optic,80.8,484.8,1,Electronic check
4587-VVTOX,Yes,1,0.7681,High Risk,Month-to-month,6,Fiber optic,105.3,631.8,0,Electronic check
7779-LGOVN,Yes,1,0.7678,High Risk,Month-to-month,10,Fiber optic,86.65,866.5,1,Electronic check
7228-OMTPN,Yes,1,0.7675,High Risk,Month-to-month,4,Fiber optic,88.45,353.8,0,Electronic check
0754-UKWQP,Yes,1,0.7673,High Risk,Month-to-month,2,Fiber optic,95.85,191.7,0,Electronic check
8816-VXNZD,Yes,1,0.7673,High Risk,Month-to-month,1,Fiber optic,75.1,75.1,0,Electronic check
4086-YQSNZ,Yes,1,0.7673,High Risk,Month-to-month,3,Fiber optic,80.4,241.2,1,Electronic check
1624-NALOJ,Yes,1,0.7673,High Risk,Month-to-month,5,Fiber optic,89.8,449.0,1,Electronic check
1658-BYGOY,Yes,1,0.7665,High Risk,Month-to-month,18,Fiber optic,95.45,1718.1,1,Electronic check
9451-LPGOO,Yes,1,0.7664,High Risk,Month-to-month,7,Fiber optic,86.8,607.6,0,Electronic check
1304-NECVQ,Yes,1,0.7663,High Risk,Month-to-month,2,Fiber optic,78.55,157.1,1,Electronic check
4415-IJZTP,Yes,1,0.7659,High Risk,Month-to-month,1,Fiber optic,74.5,74.5,0,Electronic check
3606-TWKGI,Yes,1,0.7651,High Risk,Month-to-month,13,Fiber optic,106.9,1389.7,1,Electronic check
9231-ZJYAM,Yes,1,0.765,High Risk,Month-to-month,4,Fiber optic,78.85,315.4,1,Electronic check
6979-ZNSFF,Yes,1,0.765,High Risk,Month-to-month,8,Fiber optic,87.05,696.4,0,Electronic check
3811-VBYBZ,Yes,1,0.7647,High Risk,Month-to-month,7,Fiber optic,99.8,698.6,0,Electronic check
7439-DKZTW,No,1,0.7644,High Risk,Month-to-month,1,Fiber optic,80.55,80.55,0,Electronic check
5935-FCCNB,No,1,0.7642,High Risk,Month-to-month,17,Fiber optic,94.2,1601.4,1,Electronic check
5519-NPHVG,Yes,1,0.7641,High Risk,Month-to-month,12,Fiber optic,94.2,1130.4,0,Electronic check
5835-BEQEU,Yes,1,0.7634,High Risk,Month-to-month,3,Fiber optic,76.95,230.85,0,Electronic check
1618-CFHME,Yes,1,0.7633,High Risk,Month-to-month,2,Fiber optic,75.9,151.8,0,Electronic check
9300-RENDD,Yes,1,0.7629,High Risk,Month-to-month,1,Fiber optic,79.95,79.95,0,Electronic check
9221-OTIVJ,Yes,1,0.7628,High Risk,Month-to-month,14,Fiber optic,104.85,1467.9,1,Electronic check
7817-BOQPW,Yes,1,0.7624,High Risk,Month-to-month,2,Fiber optic,75.55,151.1,0,Electronic check
1875-QIVME,Yes,1,0.762,High Risk,Month-to-month,2,Fiber optic,104.4,208.8,0,Electronic check
1761-AEZZR,Yes,1,0.7619,High Risk,Month-to-month,1,Fiber optic,79.55,79.55,0,Electronic check
7398-SKNQZ,No,1,0.7618,High Risk,Month-to-month,3,Fiber optic,94.9,284.7,0,Electronic check
2514-GINMM,Yes,1,0.7618,High Risk,Month-to-month,1,Fiber optic,79.5,79.5,0,Electronic check
3519-ZKXGG,Yes,1,0.7617,High Risk,Month-to-month,3,Fiber optic,75.85,227.55,0,Electronic check
0236-HFWSV,Yes,1,0.7615,High Risk,Month-to-month,15,Fiber optic,93.35,1400.25,0,Electronic check
6230-BSUXY,Yes,1,0.7614,High Risk,Month-to-month,1,Fiber optic,85.0,85.0,1,Electronic check
6683-VLCTZ,Yes,1,0.7612,High Risk,Month-to-month,20,Fiber optic,98.55,1971.0,1,Electronic check
0916-QOFDP,No,1,0.7609,High Risk,Month-to-month,14,Fiber optic,95.8,1341.2,1,Electronic check
5960-WPXQM,Yes,1,0.7606,High Risk,Month-to-month,1,Fiber optic,79.05,79.05,0,Electronic check
0680-DFNNY,Yes,1,0.7605,High Risk,Month-to-month,15,Fiber optic,101.1,1516.5,0,Electronic check
8740-CRYFY,Yes,1,0.7604,High Risk,Month-to-month,1,Fiber optic,78.95,78.95,0,Electronic check
5229-PRWKT,Yes,1,0.7602,High Risk,Month-to-month,8,Fiber optic,86.55,692.4,0,Electronic check
2609-IAICY,Yes,1,0.7602,High Risk,Month-to-month,1,Fiber optic,77.15,77.15,0,Electronic check
2672-HUYVI,Yes,1,0.7601,High Risk,Month-to-month,6,Fiber optic,91.1,546.6,0,Electronic check
4713-LZDRV,Yes,1,0.7596,High Risk,Month-to-month,2,Fiber optic,79.6,159.2,1,Electronic check
5956-VKDTT,Yes,1,0.7595,High Risk,Month-to-month,5,Fiber optic,74.35,371.75,1,Electronic check
8337-UPOAQ,Yes,1,0.7594,High Risk,Month-to-month,10,Fiber optic,89.8,898.0,1,Electronic check
6892-EZDTG,Yes,1,0.7594,High Risk,Month-to-month,4,Fiber optic,91.65,366.6,0,Electronic check
1389-CXMLU,Yes,1,0.7594,High Risk,Month-to-month,3,Fiber optic,91.05,273.15,1,Electronic check
7330-WZLNC,Yes,1,0.7594,High Risk,Month-to-month,5,Fiber optic,90.8,454.0,0,Electronic check
8058-INTPH,Yes,1,0.7586,High Risk,Month-to-month,1,Fiber optic,79.65,79.65,0,Electronic check
7234-FECYN,Yes,1,0.7579,High Risk,Month-to-month,8,Fiber optic,101.35,810.8,1,Electronic check
7249-WBIYX,Yes,1,0.7577,High Risk,Month-to-month,10,Fiber optic,85.6,856.0,0,Electronic check
4234-XTNEA,No,1,0.7569,High Risk,Month-to-month,2,Fiber optic,79.95,159.9,0,Electronic check
4581-SSPWD,Yes,1,0.7569,High Risk,Month-to-month,3,Fiber optic,75.8,227.4,0,Electronic check
0404-SWRVG,Yes,1,0.7568,High Risk,Month-to-month,3,Fiber optic,74.4,223.2,0,Electronic check
2454-RPBRZ,Yes,1,0.7567,High Risk,Month-to-month,12,Fiber optic,98.1,1177.2,1,Electronic check
0334-GDDSO,Yes,1,0.7564,High Risk,Month-to-month,3,Fiber optic,81.35,244.05,1,Electronic check
1320-HTRDR,Yes,1,0.7561,High Risk,Month-to-month,3,Fiber optic,75.5,226.5,0,Electronic check
0702-PGIBZ,Yes,1,0.7561,High Risk,Month-to-month,4,Fiber optic,101.7,406.8,0,Electronic check
0637-KVDLV,Yes,1,0.756,High Risk,Month-to-month,2,Fiber optic,76.5,153.0,0,Electronic check
7341-LXCAF,Yes,1,0.7559,High Risk,Month-to-month,4,Fiber optic,74.65,298.6,0,Electronic check
2990-HWIML,Yes,1,0.7557,High Risk,Month-to-month,6,Fiber optic,89.5,537.0,0,Electronic check
4094-NSEDU,Yes,1,0.7556,High Risk,Month-to-month,21,Fiber optic,94.25,1979.25,1,Electronic check
5597-GLBUC,Yes,1,0.7553,High Risk,Month-to-month,1,Fiber optic,85.45,85.45,0,Electronic check
7760-OYPDY,Yes,1,0.7552,High Risk,Month-to-month,2,Fiber optic,80.65,161.3,0,Electronic check
8443-ZRDBZ,Yes,1,0.7549,High Risk,Month-to-month,4,Fiber optic,76.05,304.2,0,Electronic check
3096-GKWEB,No,1,0.7548,High Risk,Month-to-month,18,Fiber optic,94.75,1705.5,0,Electronic check
5955-ERIHD,Yes,1,0.7546,High Risk,Month-to-month,18,Fiber optic,94.7,1704.6,0,Electronic check
4090-KPJIP,No,1,0.7546,High Risk,Month-to-month,3,Fiber optic,74.95,224.85,0,Electronic check
4529-CKBCL,Yes,1,0.754,High Risk,Month-to-month,2,Fiber optic,80.2,160.4,0,Electronic check
5380-AFSSK,Yes,1,0.7535,High Risk,Month-to-month,5,Fiber optic,93.9,469.5,0,Mailed check
2077-MPJQO,No,1,0.7534,High Risk,Month-to-month,7,Fiber optic,75.4,527.8,1,Electronic check
1981-INRFU,Yes,1,0.7528,High Risk,Month-to-month,2,Fiber optic,79.75,159.5,0,Electronic check
4192-GORJT,Yes,1,0.7526,High Risk,Month-to-month,5,Fiber optic,94.45,472.25,0,Electronic check
7130-VTEWQ,Yes,1,0.7524,High Risk,Month-to-month,8,Fiber optic,75.75,606.0,1,Electronic check
6688-UZPWD,Yes,1,0.7522,High Risk,Month-to-month,11,Fiber optic,102.0,1122.0,0,Electronic check
9334-GWGOW,No,1,0.7519,High Risk,Month-to-month,7,Fiber optic,74.85,523.95,1,Electronic check
4514-GFCFI,Yes,1,0.7515,High Risk,Month-to-month,16,Fiber optic,84.75,1356.0,1,Electronic check
3462-BJQQA,No,1,0.751,High Risk,Month-to-month,6,Fiber optic,89.75,538.5,0,Electronic check
2959-MJHIC,Yes,1,0.7506,High Risk,Month-to-month,4,Fiber optic,80.35,321.4,0,Electronic check
7613-LLQFO,Yes,1,0.7505,High Risk,Month-to-month,12,Fiber optic,84.45,1013.4,0,Electronic check
8083-YTZES,Yes,1,0.7503,High Risk,Month-to-month,4,Fiber optic,74.35,297.4,0,Electronic check
4749-OJKQU,No,1,0.7502,High Risk,Month-to-month,4,Fiber optic,75.65,302.6,0,Electronic check
9809-IMGCQ,Yes,1,0.7499,High Risk,Month-to-month,22,Fiber optic,96.7,2127.4,1,Electronic check
8644-XLFBW,Yes,1,0.7491,High Risk,Month-to-month,1,Fiber optic,71.65,71.65,1,Electronic check
9725-SCPZG,Yes,1,0.7489,High Risk,Month-to-month,1,Fiber optic,90.85,90.85,0,Electronic check
6357-JJPQT,No,1,0.7487,High Risk,Month-to-month,3,Fiber optic,80.5,241.5,0,Electronic check
3387-VATUS,Yes,1,0.7485,High Risk,Month-to-month,5,Fiber optic,94.85,474.25,0,Bank transfer
3372-KWFBM,Yes,1,0.7485,High Risk,Month-to-month,16,Fiber optic,86.6,1385.6,1,Electronic check
4145-UQXUQ,Yes,1,0.7483,High Risk,Month-to-month,8,Fiber optic,92.1,736.8,1,Electronic check
2612-RRIDN,Yes,1,0.7476,High Risk,Month-to-month,4,Fiber optic,81.0,324.0,0,Electronic check
5494-HECPR,Yes,1,0.7475,High Risk,Month-to-month,1,Fiber optic,80.25,80.25,0,Electronic check
3776-EKTKM,Yes,1,0.7474,High Risk,Month-to-month,1,DSL,36.45,36.45,1,Electronic check
9837-BMCLM,Yes,1,0.747,High Risk,Month-to-month,3,Fiber optic,78.5,235.5,0,Electronic check
4228-ZGYUW,Yes,1,0.7468,High Risk,Month-to-month,4,Fiber optic,90.05,360.2,0,Electronic check
6229-LSCKB,No,1,0.7463,High Risk,Month-to-month,6,Fiber optic,79.7,478.2,1,Electronic check
5299-SJCZT,Yes,1,0.7462,High Risk,Month-to-month,3,Fiber optic,101.55,304.65,0,Bank transfer
8992-JQYUN,Yes,1,0.7461,High Risk,Month-to-month,1,DSL,50.35,50.35,0,Electronic check
1678-FYZOW,Yes,1,0.7458,High Risk,Month-to-month,3,Fiber optic,79.4,238.2,0,Electronic check
8185-UPYBR,Yes,1,0.7456,High Risk,Month-to-month,6,Fiber optic,75.5,453.0,0,Electronic check
6457-USBER,Yes,1,0.7454,High Risk,Month-to-month,1,Fiber optic,80.8,80.8,0,Electronic check
9689-PTNPG,Yes,1,0.745,High Risk,Month-to-month,2,Fiber optic,80.25,160.5,0,Electronic check
2506-TNFCO,Yes,1,0.7448,High Risk,Month-to-month,1,Fiber optic,69.55,69.55,1,Electronic check
2202-CUYXZ,Yes,1,0.7447,High Risk,Month-to-month,1,Fiber optic,84.85,84.85,0,Electronic check
6860-YRJZP,No,1,0.7447,High Risk,Month-to-month,9,Fiber optic,74.05,666.45,1,Electronic check
3878-AVSOQ,No,1,0.7444,High Risk,Month-to-month,1,Fiber optic,71.25,71.25,1,Electronic check
2123-AGEEN,No,1,0.7443,High Risk,Month-to-month,7,Fiber optic,84.35,590.45,1,Electronic check
6615-NGGZJ,Yes,1,0.744,High Risk,Month-to-month,14,Fiber optic,100.55,1407.7,0,Electronic check
8382-SHQEH,Yes,1,0.7439,High Risk,Month-to-month,8,Fiber optic,84.9,679.2,0,Electronic check
8062-YBDOE,Yes,1,0.7439,High Risk,Month-to-month,1,Fiber optic,69.65,69.65,1,Electronic check
4060-LDNLU,No,1,0.7429,High Risk,Month-to-month,7,Fiber optic,96.2,673.4,0,Electronic check
0709-TVGUR,Yes,1,0.7425,High Risk,Month-to-month,9,Fiber optic,74.55,670.95,1,Electronic check
8051-HJRLT,Yes,1,0.7425,High Risk,Month-to-month,1,Fiber optic,70.55,70.55,1,Electronic check
7503-ZGUZJ,Yes,1,0.7424,High Risk,Month-to-month,1,Fiber optic,84.65,84.65,0,Mailed check
2027-FECZV,Yes,1,0.7423,High Risk,Month-to-month,12,Fiber optic,106.7,1280.4,0,Electronic check
9605-WGJVW,No,1,0.7416,High Risk,Month-to-month,1,Fiber optic,70.2,70.2,1,Electronic check
1846-XWOQN,Yes,1,0.7415,High Risk,Month-to-month,1,Fiber optic,70.15,70.15,1,Electronic check
9944-HKVVB,Yes,1,0.7414,High Risk,Month-to-month,3,Fiber optic,95.1,285.3,0,Electronic check
8931-GJJIQ,Yes,1,0.7412,High Risk,Month-to-month,9,Fiber optic,83.3,749.7,0,Electronic check
8808-ELEHO,Yes,1,0.741,High Risk,Month-to-month,8,Fiber optic,81.25,650.0,1,Electronic check
8000-REIQB,Yes,1,0.7409,High Risk,Month-to-month,1,Fiber optic,69.95,69.95,1,Electronic check
4952-YSOGZ,Yes,1,0.7407,High Risk,Month-to-month,4,Fiber optic,85.95,343.8,0,Electronic check
6328-ZPBGN,Yes,1,0.7404,High Risk,Month-to-month,11,Fiber optic,95.15,1046.65,1,Bank transfer
1704-NRWYE,Yes,1,0.7403,High Risk,Month-to-month,9,Fiber optic,80.85,727.65,1,Electronic check
7563-BIUPC,Yes,1,0.7403,High Risk,Month-to-month,5,Fiber optic,80.6,403.0,0,Electronic check
4951-UKAAQ,Yes,1,0.7401,High Risk,Month-to-month,4,Fiber optic,88.95,355.8,0,Electronic check
8375-DKEBR,Yes,1,0.74,High Risk,Month-to-month,1,Fiber optic,69.6,69.6,1,Electronic check
2636-ALXXZ,Yes,1,0.74,High Risk,Month-to-month,1,Fiber optic,69.6,69.6,1,Electronic check
9306-CPCBC,Yes,1,0.74,High Risk,Month-to-month,3,Fiber optic,74.25,222.75,0,Electronic check
9878-TNQGW,Yes,1,0.7396,High Risk,Month-to-month,2,Fiber optic,80.95,161.9,0,Electronic check
7969-AULMZ,Yes,1,0.7392,High Risk,Month-to-month,21,Fiber optic,97.35,2044.35,0,Electronic check
7206-GZCDC,Yes,1,0.7391,High Risk,Month-to-month,1,Fiber optic,69.25,69.25,1,Electronic check
8780-IXSTS,Yes,1,0.7391,High Risk,Month-to-month,6,Fiber optic,90.1,540.6,0,Electronic check
4229-CZMLL,Yes,1,0.739,High Risk,Month-to-month,6,Fiber optic,74.9,449.4,0,Electronic check
1941-HOSAM,No,1,0.7389,High Risk,Month-to-month,1,Fiber optic,90.1,90.1,0,Electronic check
0495-RVCBF,Yes,1,0.7388,High Risk,Month-to-month,1,Fiber optic,79.7,79.7,0,Electronic check
8752-STIVR,Yes,1,0.7384,High Risk,Month-to-month,4,Fiber optic,79.0,316.0,0,Electronic check
9402-ORRAH,No,1,0.7384,High Risk,Month-to-month,15,Fiber optic,91.5,1372.5,1,Electronic check
8086-OVPWV,Yes,1,0.7376,High Risk,Month-to-month,2,Fiber optic,80.2,160.4,0,Electronic check
8087-LGYHQ,No,1,0.7375,High Risk,Month-to-month,9,Fiber optic,94.05,846.45,0,Electronic check
1363-TXLSL,Yes,1,0.7374,High Risk,Month-to-month,1,Fiber optic,70.3,70.3,1,Electronic check
9799-CAYJJ,No,1,0.7373,High Risk,Month-to-month,2,Fiber optic,69.3,138.6,1,Electronic check
7156-MHUGY,Yes,1,0.7373,High Risk,Month-to-month,13,Fiber optic,90.5,1176.5,1,Electronic check
1567-DSCIC,Yes,1,0.7372,High Risk,Month-to-month,8,Fiber optic,94.0,752.0,0,Electronic check
4112-LUEIZ,Yes,1,0.7366,High Risk,Month-to-month,10,Fiber optic,89.5,895.0,0,Electronic check
0195-IESCP,Yes,1,0.7366,High Risk,Month-to-month,10,Fiber optic,85.25,852.5,0,Electronic check
3398-FSHON,Yes,1,0.7362,High Risk,Month-to-month,12,Fiber optic,91.3,1095.6,1,Electronic check
1173-XZPYF,No,1,0.7361,High Risk,Month-to-month,11,Fiber optic,89.2,981.2,0,Electronic check
4342-HENTK,Yes,1,0.736,High Risk,Month-to-month,2,Fiber optic,70.65,141.3,1,Electronic check
7508-MYBOG,Yes,1,0.7358,High Risk,Month-to-month,14,Fiber optic,86.1,1205.4,0,Electronic check
8357-EQXFO,Yes,1,0.7357,High Risk,Month-to-month,7,Fiber optic,95.35,667.45,0,Electronic check
2880-FPNAE,No,1,0.7355,High Risk,Month-to-month,2,Fiber optic,74.2,148.4,1,Electronic check
7493-TPUWZ,Yes,1,0.7354,High Risk,Month-to-month,1,Fiber optic,79.15,79.15,0,Electronic check
9290-SHCMB,No,1,0.7353,High Risk,Month-to-month,13,Fiber optic,96.85,1259.05,1,Electronic check
5804-LEPIM,Yes,1,0.7352,High Risk,Month-to-month,2,Fiber optic,70.35,140.7,1,Electronic check
5348-CAGXB,No,1,0.7351,High Risk,Month-to-month,12,Fiber optic,89.55,1074.6,0,Electronic check
7074-IEVOJ,Yes,1,0.7346,High Risk,Month-to-month,3,Fiber optic,79.4,238.2,1,Electronic check
6108-OQZDQ,Yes,1,0.7341,High Risk,Month-to-month,4,Fiber optic,97.95,391.8,0,Electronic check
4929-XIHVW,No,1,0.7337,High Risk,Month-to-month,2,Fiber optic,95.5,191.0,1,Credit card
9124-LHCJQ,Yes,1,0.7333,High Risk,Month-to-month,1,Fiber optic,85.45,85.45,0,Mailed check
5276-KQWHG,Yes,1,0.7332,High Risk,Month-to-month,2,Fiber optic,69.6,139.2,1,Electronic check
7858-GTZSP,No,1,0.7331,High Risk,Month-to-month,12,Fiber optic,86.55,1038.6,0,Electronic check
9919-KNPOO,No,1,0.733,High Risk,Month-to-month,21,Fiber optic,94.3,1980.3,0,Electronic check
0325-XBFAC,Yes,1,0.7319,High Risk,Month-to-month,8,Fiber optic,94.7,757.6,0,Electronic check
9603-OAIHC,No,1,0.7318,High Risk,Month-to-month,1,Fiber optic,70.05,70.05,1,Electronic check
7120-RFMVS,Yes,1,0.7318,High Risk,Month-to-month,1,Fiber optic,84.5,84.5,0,Electronic check
2789-HQBOU,No,1,0.7316,High Risk,Month-to-month,3,Fiber optic,80.35,241.05,0,Electronic check
2004-OCQXK,Yes,1,0.7316,High Risk,Month-to-month,1,Fiber optic,81.95,81.95,0,Electronic check
4795-KTRTH,Yes,1,0.7314,High Risk,Month-to-month,5,Fiber optic,81.0,405.0,1,Electronic check
5539-TMZLF,Yes,1,0.731,High Risk,Month-to-month,1,Fiber optic,69.75,69.75,1,Electronic check
9488-HGMJH,Yes,1,0.731,High Risk,Month-to-month,1,Fiber optic,71.15,71.15,1,Electronic check
8348-HFYIV,Yes,1,0.7305,High Risk,Month-to-month,2,DSL,49.25,98.5,0,Electronic check
7235-NXZCP,Yes,1,0.7304,High Risk,Month-to-month,2,Fiber optic,74.85,149.7,1,Mailed check
5956-YHHRX,No,1,0.73,High Risk,Month-to-month,21,Fiber optic,104.35,2191.35,1,Electronic check
0840-DFEZH,No,1,0.7299,High Risk,Month-to-month,7,Fiber optic,75.35,527.45,0,Electronic check
8875-AKBYH,No,1,0.7296,High Risk,Month-to-month,20,Fiber optic,84.35,1687.0,1,Electronic check
4614-NUVZD,Yes,1,0.7293,High Risk,Month-to-month,1,Fiber optic,81.1,81.1,0,Electronic check
7402-EYFXX,No,1,0.7291,High Risk,Month-to-month,26,Fiber optic,93.6,2433.6,1,Electronic check
6127-ISGTU,Yes,1,0.7291,High Risk,Month-to-month,16,Fiber optic,84.95,1359.2,0,Electronic check
5382-SOYZL,No,1,0.7291,High Risk,Month-to-month,22,Fiber optic,95.1,2092.2,0,Electronic check
8242-SOQUO,No,1,0.7286,High Risk,Month-to-month,5,Fiber optic,84.7,423.5,1,Electronic check
6711-FLDFB,Yes,1,0.7285,High Risk,Month-to-month,7,Fiber optic,74.9,524.3,0,Electronic check
2235-DWLJU,No,1,0.7282,High Risk,Month-to-month,6,DSL,44.4,266.4,1,Electronic check
9189-JWSHV,Yes,1,0.7282,High Risk,Month-to-month,24,Fiber optic,93.55,2245.2,1,Electronic check
2868-MZAGQ,Yes,1,0.7281,High Risk,Month-to-month,1,Fiber optic,79.25,79.25,0,Electronic check
4273-MBHYA,No,1,0.7281,High Risk,Month-to-month,1,Fiber optic,89.35,89.35,0,Electronic check
3178-FESZO,Yes,1,0.7281,High Risk,Month-to-month,1,Fiber optic,100.25,100.25,0,Credit card
8118-LSUEL,Yes,1,0.7274,High Risk,Month-to-month,23,Fiber optic,106.4,2447.2,1,Electronic check
5550-VFRLC,Yes,1,0.7274,High Risk,Month-to-month,1,Fiber optic,69.85,69.85,1,Electronic check
1564-NTYXF,Yes,1,0.7272,High Risk,Month-to-month,13,Fiber optic,82.0,1066.0,1,Electronic check
4871-JTKJF,Yes,1,0.7269,High Risk,Month-to-month,1,Fiber optic,69.65,69.65,1,Electronic check
8372-JUXUI,Yes,1,0.7266,High Risk,Month-to-month,1,Fiber optic,74.35,74.35,0,Electronic check
3030-YDNRM,No,1,0.7255,High Risk,Month-to-month,8,Fiber optic,74.85,598.8,0,Electronic check
0122-OAHPZ,Yes,1,0.7254,High Risk,Month-to-month,7,Fiber optic,73.85,516.95,0,Electronic check
8622-ZLFKO,No,1,0.7252,High Risk,Month-to-month,6,Fiber optic,90.75,544.5,0,Electronic check
5995-SNNEW,No,1,0.725,High Risk,Month-to-month,23,Fiber optic,104.45,2402.35,1,Electronic check
0094-OIFMO,Yes,1,0.7245,High Risk,Month-to-month,11,Fiber optic,95.0,1045.0,1,Electronic check
3295-YVUSR,No,1,0.7241,High Risk,Month-to-month,2,Fiber optic,72.6,145.2,1,Mailed check
1195-OIYEJ,Yes,1,0.724,High Risk,Month-to-month,13,Fiber optic,91.1,1184.3,0,Electronic check
7314-OXENN,Yes,1,0.7234,High Risk,Month-to-month,2,Fiber optic,82.0,164.0,0,Electronic check
5928-QLDHB,No,1,0.7232,High Risk,Month-to-month,9,Fiber optic,76.25,686.25,0,Electronic check
3199-XGZCY,No,1,0.7229,High Risk,Month-to-month,8,Fiber optic,75.25,602.0,0,Electronic check
2180-DXNEG,Yes,1,0.7229,High Risk,Month-to-month,12,Fiber optic,96.0,1152.0,0,Electronic check
7903-CMPEY,Yes,1,0.7228,High Risk,Month-to-month,1,Fiber optic,80.3,80.3,1,Electronic check
4844-JJWUY,Yes,1,0.7226,High Risk,Month-to-month,1,Fiber optic,86.0,86.0,1,Electronic check
5698-BQJOH,Yes,1,0.7224,High Risk,Month-to-month,9,Fiber optic,94.4,849.6,0,Electronic check
9025-AOMKI,Yes,1,0.7221,High Risk,Month-to-month,6,Fiber optic,93.55,561.3,0,Bank transfer
5052-PNLOS,Yes,1,0.7219,High Risk,Month-to-month,3,Fiber optic,105.35,316.05,0,Bank transfer
4597-NUCQV,Yes,1,0.7215,High Risk,Month-to-month,24,Fiber optic,101.25,2430.0,1,Electronic check
2737-WFVYW,Yes,1,0.7214,High Risk,Month-to-month,2,DSL,45.25,90.5,0,Electronic check
7209-JCUDS,Yes,1,0.7211,High Risk,Month-to-month,10,Fiber optic,94.9,949.0,0,Electronic check
6437-UKHMV,Yes,1,0.7211,High Risk,Month-to-month,7,Fiber optic,79.7,557.9,0,Electronic check
0365-BZUWY,No,1,0.7208,High Risk,Month-to-month,17,Fiber optic,102.55,1743.35,0,Electronic check
8361-LTMKD,Yes,1,0.7207,High Risk,Month-to-month,4,Fiber optic,74.4,297.6,1,Mailed check
4143-OOBWZ,Yes,1,0.7207,High Risk,Month-to-month,5,Fiber optic,81.3,406.5,0,Electronic check
0220-EBGCE,Yes,1,0.7206,High Risk,Month-to-month,2,Fiber optic,85.85,171.7,0,Electronic check
5889-LFOLL,Yes,1,0.7205,High Risk,Month-to-month,13,Fiber optic,84.6,1099.8,0,Electronic check
6015-VVHHE,Yes,1,0.7204,High Risk,Month-to-month,5,Fiber optic,83.15,415.75,1,Credit card
2495-INZWQ,Yes,1,0.7202,High Risk,Month-to-month,4,DSL,44.55,178.2,0,Electronic check
2645-QTLMB,Yes,1,0.7201,High Risk,Month-to-month,7,Fiber optic,94.25,659.75,0,Electronic check
9094-AZPHK,No,1,0.7201,High Risk,Month-to-month,15,Fiber optic,100.15,1502.25,0,Electronic check
7548-SEPYI,Yes,1,0.7201,High Risk,Month-to-month,5,Fiber optic,96.25,481.25,0,Electronic check
2688-BHGOG,No,1,0.7192,High Risk,Month-to-month,9,Fiber optic,79.55,715.95,1,Electronic check
3473-XIIIT,Yes,1,0.7192,High Risk,Month-to-month,16,Fiber optic,100.0,1600.0,0,Electronic check
6892-XPFPU,Yes,1,0.7189,High Risk,Month-to-month,24,Fiber optic,104.25,2502.0,1,Electronic check
7638-QVMVY,Yes,1,0.7189,High Risk,Month-to-month,7,Fiber optic,79.0,553.0,0,Electronic check
2982-IHMFT,Yes,1,0.7187,High Risk,Month-to-month,1,Fiber optic,74.45,74.45,1,Mailed check
7180-PISOG,Yes,1,0.7185,High Risk,Month-to-month,1,Fiber optic,74.5,74.5,0,Electronic check
4210-QFJMF,Yes,1,0.7178,High Risk,Month-to-month,4,Fiber optic,79.15,316.6,0,Electronic check
4021-RQSNY,Yes,1,0.7177,High Risk,Month-to-month,29,Fiber optic,98.5,2856.5,1,Electronic check
8541-QVFKM,No,1,0.7174,High Risk,Month-to-month,8,Fiber optic,73.5,588.0,0,Electronic check
0168-XZKBB,No,1,0.7173,High Risk,Month-to-month,19,Fiber optic,86.85,1650.15,0,Electronic check
4884-ZTHVF,No,1,0.7172,High Risk,Month-to-month,8,Fiber optic,87.1,696.8,1,Electronic check
7465-ZZRVX,No,1,0.7172,High Risk,Month-to-month,1,Fiber optic,70.35,70.35,0,Electronic check
1450-GALXR,Yes,1,0.7171,High Risk,Month-to-month,10,Fiber optic,98.5,985.0,0,Electronic check
2446-PLQVO,Yes,1,0.7171,High Risk,Month-to-month,1,Fiber optic,70.3,70.3,0,Electronic check
5378-IKEEG,Yes,1,0.7171,High Risk,Month-to-month,1,DSL,35.75,35.75,0,Electronic check
5445-UTODQ,Yes,1,0.7168,High Risk,Month-to-month,7,Fiber optic,81.1,567.7,0,Electronic check
8775-ERLNB,No,1,0.7167,High Risk,Month-to-month,1,Fiber optic,74.3,74.3,1,Electronic check
3494-JCHRQ,Yes,1,0.7164,High Risk,Month-to-month,1,Fiber optic,70.05,70.05,0,Electronic check
7044-YAACC,No,1,0.7163,High Risk,Month-to-month,4,Fiber optic,70.2,280.8,1,Electronic check
3422-GALYP,No,1,0.7162,High Risk,Month-to-month,2,Fiber optic,79.45,158.9,0,Electronic check
9804-ICWBG,Yes,1,0.716,High Risk,Month-to-month,1,Fiber optic,69.9,69.9,0,Electronic check
4510-HIMLV,Yes,1,0.7157,High Risk,Month-to-month,1,Fiber optic,69.8,69.8,0,Electronic check
7254-IQWOZ,Yes,1,0.7153,High Risk,Month-to-month,1,Fiber optic,69.65,69.65,0,Electronic check
7218-HKQFK,Yes,1,0.7152,High Risk,Month-to-month,2,Fiber optic,94.2,188.4,0,Electronic check
2055-PDADH,Yes,1,0.7149,High Risk,Month-to-month,3,Fiber optic,70.4,211.2,1,Electronic check
5883-GTGVD,Yes,1,0.7148,High Risk,Month-to-month,19,Fiber optic,99.95,1899.05,0,Electronic check
1031-IIDEO,Yes,1,0.7147,High Risk,Month-to-month,1,Fiber optic,70.85,70.85,0,Electronic check
6168-WFVVF,Yes,1,0.7146,High Risk,Month-to-month,3,Fiber optic,70.3,210.9,1,Electronic check
6210-KBBPI,Yes,1,0.7146,High Risk,Month-to-month,9,Fiber optic,99.45,895.05,1,Credit card
2516-VQRRV,Yes,1,0.7146,High Risk,Month-to-month,2,Fiber optic,75.45,150.9,1,Mailed check
4282-YMKNA,Yes,1,0.7145,High Risk,Month-to-month,9,Fiber optic,74.75,672.75,0,Electronic check
0655-RBDUG,Yes,1,0.7143,High Risk,Month-to-month,7,Fiber optic,98.05,686.35,0,Bank transfer
9685-WKZGT,Yes,1,0.7141,High Risk,Month-to-month,14,Fiber optic,74.95,1049.3,1,Electronic check
5919-TMRGD,Yes,1,0.7141,High Risk,Month-to-month,1,Fiber optic,79.35,79.35,0,Electronic check
5376-DEQCP,Yes,1,0.714,High Risk,Month-to-month,1,Fiber optic,70.6,70.6,0,Electronic check
4395-PZMSN,No,1,0.7137,High Risk,Month-to-month,5,Fiber optic,85.55,427.75,1,Electronic check
6941-PMGEP,Yes,1,0.7137,High Risk,Month-to-month,5,Fiber optic,80.0,400.0,0,Electronic check
3244-DCJWY,Yes,1,0.713,High Risk,Month-to-month,1,Fiber optic,70.25,70.25,0,Electronic check
4285-GYRQC,Yes,1,0.713,High Risk,Month-to-month,7,Fiber optic,86.25,603.75,0,Electronic check
2430-USGXP,Yes,1,0.7129,High Risk,Month-to-month,24,Fiber optic,101.05,2425.2,0,Electronic check
6734-GMPVK,No,1,0.7128,High Risk,Month-to-month,5,Fiber optic,105.3,526.5,0,Electronic check
0328-GRPMV,Yes,1,0.7126,High Risk,Month-to-month,1,Fiber optic,70.1,70.1,0,Electronic check
0011-IGKFF,Yes,1,0.7125,High Risk,Month-to-month,13,Fiber optic,98.0,1274.0,1,Electronic check
0644-OQMDK,No,1,0.7124,High Risk,Month-to-month,4,Fiber optic,70.65,282.6,1,Electronic check
7831-QGOXH,Yes,1,0.7123,High Risk,Month-to-month,18,Fiber optic,85.2,1533.6,0,Electronic check
8510-AWCXC,Yes,1,0.7122,High Risk,Month-to-month,13,Fiber optic,100.8,1310.4,1,Electronic check
0684-AOSIH,Yes,1,0.7119,High Risk,Month-to-month,1,Fiber optic,95.0,95.0,0,Electronic check
8225-BTJAU,Yes,1,0.7116,High Risk,Month-to-month,10,Fiber optic,79.25,792.5,1,Electronic check
7321-VGNKU,No,1,0.7113,High Risk,Month-to-month,2,Fiber optic,70.35,140.7,0,Electronic check
9185-TQCVP,Yes,1,0.7113,High Risk,Month-to-month,14,Fiber optic,85.15,1192.1,0,Electronic check
2876-GZYZC,No,1,0.7113,High Risk,Month-to-month,13,Fiber optic,85.95,1117.35,0,Electronic check
1184-PJVDB,Yes,1,0.7111,High Risk,Month-to-month,10,Fiber optic,79.95,799.5,0,Electronic check
7665-TOALD,Yes,1,0.7111,High Risk,Month-to-month,1,Fiber optic,69.6,69.6,0,Electronic check
6986-IXNDM,No,1,0.7105,High Risk,Month-to-month,14,Fiber optic,92.9,1300.6,0,Electronic check
9885-CSMWE,Yes,1,0.7103,High Risk,Month-to-month,1,Fiber optic,78.45,78.45,1,Electronic check
4806-KEXQR,Yes,1,0.7102,High Risk,Month-to-month,4,Fiber optic,79.9,319.6,0,Electronic check
9728-FTTVZ,Yes,1,0.71,High Risk,Month-to-month,1,Fiber optic,69.2,69.2,0,Electronic check
3191-CSNMG,No,1,0.7099,High Risk,Month-to-month,3,Fiber optic,80.7,242.1,0,Electronic check
9717-QEBGU,No,1,0.7099,High Risk,Month-to-month,2,Fiber optic,70.3,140.6,0,Electronic check
7029-RPUAV,Yes,1,0.7087,High Risk,Month-to-month,17,Fiber optic,100.45,1707.65,1,Credit card
6100-QQHEB,Yes,1,0.7086,High Risk,Month-to-month,17,Fiber optic,92.55,1573.35,0,Electronic check
7079-QRCBC,Yes,1,0.7084,High Risk,Month-to-month,24,Fiber optic,98.75,2370.0,0,Electronic check
1960-UYCNN,No,1,0.7084,High Risk,Month-to-month,10,Fiber optic,95.25,952.5,0,Electronic check
5868-YWPDW,Yes,1,0.7084,High Risk,Month-to-month,6,Fiber optic,84.2,505.2,1,Electronic check
7354-OIJLX,No,1,0.7081,High Risk,Month-to-month,9,Fiber optic,75.85,682.65,0,Electronic check
2272-QAGFO,Yes,1,0.7078,High Risk,Month-to-month,14,Fiber optic,74.3,1040.2,1,Electronic check
0871-URUWO,Yes,1,0.7076,High Risk,Month-to-month,13,Fiber optic,102.25,1329.25,0,Credit card
5644-PDMZC,Yes,1,0.7075,High Risk,Month-to-month,2,Fiber optic,89.5,179.0,1,Electronic check
9391-EOYLI,Yes,1,0.7074,High Risk,Month-to-month,12,Fiber optic,80.45,965.4,1,Electronic check
1219-NNDDO,No,1,0.7073,High Risk,Month-to-month,9,Fiber optic,76.85,691.65,0,Electronic check
6857-VWJDT,Yes,1,0.7071,High Risk,Month-to-month,1,Fiber optic,95.65,95.65,0,Mailed check
9237-HQITU,Yes,1,0.707,High Risk,Month-to-month,2,Fiber optic,70.7,141.4,0,Electronic check
9253-QXKBE,Yes,1,0.7065,High Risk,Month-to-month,29,Fiber optic,94.45,2739.05,1,Electronic check
2018-QKYGT,No,1,0.7064,High Risk,Month-to-month,1,Fiber optic,81.05,81.05,0,Electronic check
7625-XCQRH,Yes,1,0.7064,High Risk,Month-to-month,11,Fiber optic,76.5,841.5,0,Electronic check
9172-ANCRX,Yes,1,0.7062,High Risk,Month-to-month,10,Fiber optic,98.7,987.0,0,Electronic check
8779-QRDMV,Yes,1,0.7062,High Risk,Month-to-month,1,DSL,39.65,39.65,1,Electronic check
3707-GNWHM,Yes,1,0.7062,High Risk,Month-to-month,1,Fiber optic,74.25,74.25,0,Mailed check
6996-KNSML,Yes,1,0.7061,High Risk,Month-to-month,1,Fiber optic,74.9,74.9,0,Electronic check
8107-KNCIM,No,1,0.7059,High Risk,Month-to-month,14,Fiber optic,75.1,1051.4,1,Electronic check
7394-LWLYN,No,1,0.7055,High Risk,Month-to-month,2,Fiber optic,70.15,140.3,0,Electronic check
9223-UCPVT,Yes,1,0.7055,High Risk,Month-to-month,1,Fiber optic,94.4,94.4,0,Electronic check
5168-MSWXT,No,1,0.7054,High Risk,Month-to-month,8,Fiber optic,94.75,758.0,0,Electronic check
5349-IECLD,Yes,1,0.7051,High Risk,Month-to-month,2,Fiber optic,94.95,189.9,0,Electronic check
1447-GIQMR,Yes,1,0.7051,High Risk,Month-to-month,1,Fiber optic,69.15,69.15,0,Electronic check
3247-ZVOUO,Yes,1,0.7047,High Risk,Month-to-month,10,Fiber optic,85.55,855.5,1,Electronic check
3276-HDUEG,Yes,1,0.7045,High Risk,Month-to-month,1,Fiber optic,75.05,75.05,0,Mailed check
6356-ELRKD,Yes,1,0.7043,High Risk,Month-to-month,1,Fiber optic,95.6,95.6,0,Electronic check
4482-EWFMI,No,1,0.7041,High Risk,Month-to-month,2,Fiber optic,69.7,139.4,0,Electronic check
3292-PBZEJ,No,1,0.7038,High Risk,Month-to-month,11,Fiber optic,111.4,1225.4,1,Electronic check
6331-EWIEB,Yes,1,0.7036,High Risk,Month-to-month,20,Fiber optic,85.25,1705.0,0,Electronic check
3045-XETSH,Yes,1,0.703,High Risk,Month-to-month,10,Fiber optic,94.85,948.5,0,Electronic check
1393-IMKZG,No,1,0.7026,High Risk,Month-to-month,1,Fiber optic,95.85,95.85,0,Electronic check
2799-ARNLO,No,1,0.7025,High Risk,Month-to-month,5,Fiber optic,69.35,346.75,1,Electronic check
3750-CKVKH,Yes,1,0.7025,High Risk,Month-to-month,2,Fiber optic,67.75,135.5,0,Electronic check
7145-FEJWU,No,1,0.7022,High Risk,Month-to-month,12,Fiber optic,105.3,1263.6,0,Electronic check
5288-AHOUP,No,1,0.7022,High Risk,Month-to-month,11,Fiber optic,78.5,863.5,1,Electronic check
5542-TBBWB,No,1,0.702,High Risk,Month-to-month,1,Fiber optic,69.9,69.9,0,Electronic check
5875-YPQFJ,Yes,1,0.702,High Risk,Month-to-month,1,Fiber optic,69.9,69.9,0,Electronic check
4603-JANFB,Yes,1,0.7018,High Risk,Month-to-month,1,Fiber optic,69.85,69.85,0,Electronic check
2761-OCIAX,Yes,1,0.7017,High Risk,Month-to-month,2,Fiber optic,74.7,149.4,1,Electronic check
3006-XIMLN,Yes,1,0.7017,High Risk,Month-to-month,2,Fiber optic,94.2,188.4,0,Bank transfer
0880-TKATG,Yes,1,0.7013,High Risk,Month-to-month,4,Fiber optic,101.15,404.6,0,Electronic check
6502-MJQAE,Yes,1,0.7011,High Risk,Month-to-month,1,Fiber optic,69.6,69.6,0,Electronic check
1820-TQVEV,Yes,1,0.701,High Risk,Month-to-month,1,Fiber optic,69.55,69.55,0,Electronic check
5797-APWZC,Yes,1,0.7008,High Risk,Month-to-month,1,Fiber optic,90.6,90.6,0,Electronic check
7294-TMAOP,Yes,1,0.7006,High Risk,Month-to-month,1,Fiber optic,90.55,90.55,0,Electronic check
8800-JOOCF,No,1,0.7006,High Risk,Month-to-month,12,Fiber optic,84.05,1008.6,0,Electronic check
4806-HIPDW,Yes,1,0.7005,High Risk,Month-to-month,1,Fiber optic,68.95,68.95,0,Electronic check
6457-GIRWB,Yes,1,0.7004,High Risk,Month-to-month,1,Fiber optic,69.35,69.35,0,Electronic check
2371-JQHZZ,No,1,0.7004,High Risk,Month-to-month,24,Fiber optic,93.0,2232.0,0,Electronic check
3428-XZMAZ,Yes,1,0.7004,High Risk,Month-to-month,1,Fiber optic,69.35,69.35,0,Electronic check
3254-YRILK,Yes,1,0.7003,High Risk,Month-to-month,19,Fiber optic,88.2,1675.8,1,Electronic check
0375-HVGXO,Yes,1,0.7001,High Risk,Month-to-month,1,DSL,34.7,34.7,0,Electronic check
3746-EUBYR,Yes,1,0.6999,High Risk,Month-to-month,1,Fiber optic,74.6,74.6,0,Bank transfer
3716-BDVDB,Yes,1,0.6997,High Risk,Month-to-month,1,Fiber optic,69.1,69.1,0,Electronic check
5561-NWEVX,Yes,1,0.6997,High Risk,Month-to-month,2,Fiber optic,79.2,158.4,1,Electronic check
9360-OMDZZ,No,1,0.6996,High Risk,Month-to-month,24,Fiber optic,94.1,2258.4,0,Electronic check
2929-ERCFZ,Yes,1,0.6995,High Risk,Month-to-month,8,Fiber optic,94.2,753.6,0,Electronic check
4735-ASGMA,Yes,1,0.6992,High Risk,Month-to-month,26,Fiber optic,98.35,2557.1,0,Electronic check
2985-FMWYF,No,1,0.6991,High Risk,Month-to-month,23,Fiber optic,93.5,2150.5,0,Electronic check
6653-CBBOM,Yes,1,0.6991,High Risk,Month-to-month,1,Fiber optic,70.3,70.3,0,Electronic check
1569-TTNYJ,Yes,1,0.699,High Risk,Month-to-month,5,Fiber optic,78.75,393.75,0,Electronic check
1640-PLFMP,No,1,0.6989,High Risk,Month-to-month,1,Fiber optic,70.25,70.25,0,Electronic check
0679-IDSTG,Yes,1,0.6988,High Risk,Month-to-month,1,Fiber optic,69.25,69.25,1,Electronic check
0841-NULXI,Yes,1,0.6986,High Risk,Month-to-month,1,DSL,35.55,35.55,0,Electronic check
4702-IOQDC,Yes,1,0.6985,High Risk,Month-to-month,1,Fiber optic,70.1,70.1,0,Electronic check
7409-KIUTL,Yes,1,0.6985,High Risk,Month-to-month,1,Fiber optic,71.0,71.0,1,Electronic check
3138-BKYAV,Yes,1,0.6985,High Risk,Month-to-month,6,Fiber optic,85.35,512.1,0,Electronic check
3834-XUIFC,Yes,1,0.6985,High Risk,Month-to-month,7,Fiber optic,85.2,596.4,0,Mailed check
9633-XQABV,No,1,0.6984,High Risk,Month-to-month,3,Fiber optic,70.25,210.75,0,Electronic check
3091-FYHKI,Yes,1,0.6983,High Risk,Month-to-month,1,DSL,35.45,35.45,0,Electronic check
8835-VSDSE,Yes,1,0.6982,High Risk,Month-to-month,2,Fiber optic,70.7,141.4,0,Electronic check
6077-BDPXA,No,1,0.6981,High Risk,Month-to-month,3,Fiber optic,70.15,210.45,0,Electronic check
2026-TGDHM,Yes,1,0.6979,High Risk,Month-to-month,7,Fiber optic,79.3,555.1,0,Electronic check
0495-ZBNGW,Yes,1,0.6978,High Risk,Month-to-month,5,Fiber optic,79.9,399.5,1,Bank transfer
0306-JAELE,Yes,1,0.6977,High Risk,Month-to-month,5,Fiber optic,96.1,480.5,0,Electronic check
9274-CNFMO,Yes,1,0.6975,High Risk,Month-to-month,4,Fiber optic,74.95,299.8,1,Electronic check
1508-DFXCU,No,1,0.6973,High Risk,Month-to-month,12,Fiber optic,81.45,977.4,0,Electronic check
6618-RYATB,Yes,1,0.697,High Risk,Month-to-month,1,Fiber optic,79.55,79.55,0,Mailed check
7938-OUHIO,Yes,1,0.697,High Risk,Month-to-month,3,Fiber optic,98.7,296.1,0,Electronic check
2379-ENZGV,Yes,1,0.6969,High Risk,Month-to-month,6,Fiber optic,84.85,509.1,0,Electronic check
6786-OBWQR,No,1,0.6968,High Risk,Month-to-month,5,Fiber optic,80.85,404.25,0,Electronic check
0488-GSLFR,Yes,1,0.6967,High Risk,Month-to-month,1,Fiber optic,69.5,69.5,0,Electronic check
5244-IRFIH,Yes,1,0.6967,High Risk,Month-to-month,33,Fiber optic,94.5,3118.5,1,Electronic check
1024-VRZHF,Yes,1,0.6963,High Risk,Month-to-month,11,Fiber optic,74.95,824.45,0,Electronic check
6960-HVYXR,Yes,1,0.6962,High Risk,Month-to-month,1,Fiber optic,76.0,76.0,0,Electronic check
7660-HDPJV,Yes,1,0.6959,High Risk,Month-to-month,1,Fiber optic,69.2,69.2,0,Electronic check
3957-LXOLK,Yes,1,0.6959,High Risk,Month-to-month,28,Fiber optic,106.15,2972.2,1,Electronic check
6507-ZJSUR,No,1,0.6953,High Risk,Month-to-month,23,Fiber optic,90.45,2080.35,1,Electronic check
9314-IJWSQ,No,1,0.6953,High Risk,Month-to-month,14,Fiber optic,84.8,1187.2,0,Electronic check
4298-OYIFC,No,1,0.6951,High Risk,Month-to-month,15,Fiber optic,103.45,1551.75,0,Electronic check
1768-ZAIFU,Yes,1,0.6951,High Risk,Month-to-month,1,DSL,25.2,25.2,1,Electronic check
3338-CVVEH,No,1,0.6951,High Risk,Month-to-month,12,Fiber optic,94.55,1134.6,0,Electronic check
2568-BRGYX,Yes,1,0.6949,High Risk,Month-to-month,4,Fiber optic,70.2,280.8,0,Electronic check
7479-NITWS,Yes,1,0.6948,High Risk,Month-to-month,7,Fiber optic,89.35,625.45,0,Credit card
3001-UNBTL,No,1,0.6946,High Risk,Month-to-month,29,Fiber optic,103.95,3014.55,1,Electronic check
9330-IJWIO,Yes,1,0.6945,High Risk,Month-to-month,13,Fiber optic,100.35,1304.55,0,Electronic check
6877-TJMBR,Yes,1,0.6944,High Risk,Month-to-month,1,Fiber optic,84.8,84.8,0,Electronic check
2897-DOVND,No,1,0.6943,High Risk,Month-to-month,2,Fiber optic,69.8,139.6,0,Electronic check
3999-QGRJH,Yes,1,0.6943,High Risk,Month-to-month,8,Fiber optic,69.7,557.6,1,Electronic check
1016-DJTSV,No,1,0.6943,High Risk,Month-to-month,8,Fiber optic,69.7,557.6,1,Electronic check
1628-BIZYP,No,1,0.6938,High Risk,Month-to-month,1,Fiber optic,85.0,85.0,0,Electronic check
6851-WEFYX,No,1,0.6938,High Risk,Month-to-month,35,Fiber optic,100.8,3528.0,1,Electronic check
7379-POKDZ,Yes,1,0.6937,High Risk,Month-to-month,3,Fiber optic,70.3,210.9,0,Electronic check
3721-CNEYS,Yes,1,0.6936,High Risk,Month-to-month,2,Fiber optic,70.95,141.9,0,Electronic check
2952-QAYZF,Yes,1,0.6935,High Risk,Month-to-month,5,Fiber optic,85.3,426.5,0,Electronic check
8065-YKXKD,Yes,1,0.6933,High Risk,Month-to-month,10,Fiber optic,74.75,747.5,0,Electronic check
6000-APYLU,Yes,1,0.6932,High Risk,Month-to-month,9,Fiber optic,80.8,727.2,0,Electronic check
6060-DRTNL,Yes,1,0.6931,High Risk,Month-to-month,5,Fiber optic,84.85,424.25,1,Mailed check
1200-TUZHR,No,1,0.693,High Risk,Month-to-month,8,Fiber optic,85.2,681.6,1,Electronic check
4853-OITSN,No,1,0.693,High Risk,Month-to-month,5,Fiber optic,89.15,445.75,0,Electronic check
7181-BQYBV,Yes,1,0.6929,High Risk,Month-to-month,1,Fiber optic,102.45,102.45,0,Electronic check
8290-YWKHZ,Yes,1,0.6927,High Risk,Month-to-month,32,Fiber optic,93.2,2982.4,1,Electronic check
7273-TEFQD,Yes,1,0.6926,High Risk,Month-to-month,3,DSL,41.15,123.45,1,Electronic check
4132-KALRO,No,1,0.6916,High Risk,Month-to-month,4,Fiber optic,100.85,403.4,0,Mailed check
1342-JPNKI,Yes,1,0.6911,High Risk,Month-to-month,10,Fiber optic,86.05,860.5,0,Bank transfer
7363-QTBIW,No,1,0.691,High Risk,Month-to-month,9,Fiber optic,79.75,717.75,0,Electronic check
6583-KQJLK,No,1,0.6908,High Risk,Month-to-month,15,Fiber optic,94.65,1419.75,1,Electronic check
9408-SSNVZ,Yes,1,0.6907,High Risk,Month-to-month,4,Fiber optic,70.15,280.6,0,Electronic check
8625-AZYZY,Yes,1,0.6904,High Risk,Month-to-month,24,Fiber optic,104.65,2511.6,0,Electronic check
0480-BIXDE,No,1,0.6898,High Risk,Month-to-month,19,Fiber optic,96.8,1839.2,0,Electronic check
2657-VPXTA,No,1,0.6897,High Risk,Month-to-month,10,Fiber optic,88.85,888.5,0,Electronic check
2485-ITVKB,Yes,1,0.6892,High Risk,Month-to-month,2,DSL,35.1,70.2,0,Electronic check
9239-ZBZZV,Yes,1,0.6892,High Risk,Month-to-month,6,DSL,47.95,287.7,0,Electronic check
5937-EORGB,No,1,0.6884,High Risk,Month-to-month,15,Fiber optic,96.5,1447.5,1,Electronic check
2612-RANWT,Yes,1,0.6883,High Risk,Month-to-month,12,Fiber optic,100.15,1201.8,0,Bank transfer
6326-MTTXK,Yes,1,0.688,High Risk,Month-to-month,8,Fiber optic,100.85,806.8,0,Electronic check
1980-KXVPM,Yes,1,0.6876,High Risk,Month-to-month,3,Fiber optic,75.05,225.15,1,Credit card
5159-YFPKQ,Yes,1,0.6873,High Risk,Month-to-month,2,Fiber optic,75.8,151.6,0,Electronic check
6372-RFVNS,Yes,1,0.6862,High Risk,Month-to-month,1,Fiber optic,78.8,78.8,0,Electronic check
7392-YYPYJ,No,1,0.6861,High Risk,Month-to-month,22,Fiber optic,100.65,2214.3,0,Electronic check
8168-UQWWF,Yes,1,0.6861,High Risk,Month-to-month,11,Fiber optic,97.85,1076.35,0,Bank transfer
9507-EXLTT,Yes,1,0.6861,High Risk,Month-to-month,1,Fiber optic,79.35,79.35,0,Bank transfer
6047-YHPVI,Yes,1,0.6859,High Risk,Month-to-month,5,Fiber optic,69.7,348.5,0,Electronic check
3217-FZDMN,Yes,1,0.6857,High Risk,Month-to-month,8,Fiber optic,94.45,755.6,1,Credit card
1977-STDKI,Yes,1,0.6854,High Risk,Month-to-month,1,Fiber optic,73.0,73.0,1,Electronic check
8699-ASUFO,Yes,1,0.6852,High Risk,Month-to-month,7,Fiber optic,74.4,520.8,1,Mailed check
7932-WPTDS,Yes,1,0.6849,High Risk,Month-to-month,1,DSL,24.8,24.8,1,Electronic check
0023-HGHWL,Yes,1,0.6845,High Risk,Month-to-month,1,DSL,25.1,25.1,1,Electronic check
4445-ZJNMU,No,1,0.6836,High Risk,Month-to-month,9,Fiber optic,99.3,893.7,0,Credit card
3629-ZNKXA,No,1,0.6835,High Risk,Month-to-month,17,Fiber optic,101.8,1730.6,1,Electronic check
7245-NIIWQ,No,1,0.6827,High Risk,Month-to-month,3,Fiber optic,69.85,209.55,0,Electronic check
9279-CJEOJ,No,1,0.6826,High Risk,Month-to-month,21,Fiber optic,95.4,2003.4,1,Bank transfer
0822-GAVAP,Yes,1,0.6825,High Risk,Month-to-month,2,DSL,34.7,69.4,0,Electronic check
6856-RAURS,No,1,0.6824,High Risk,Month-to-month,2,Fiber optic,74.9,149.8,0,Mailed check
3370-HXOPH,No,1,0.6821,High Risk,Month-to-month,3,Fiber optic,76.1,228.3,0,Electronic check
5366-IJEQJ,Yes,1,0.6821,High Risk,Month-to-month,20,Fiber optic,88.7,1774.0,0,Electronic check
0390-DCFDQ,Yes,1,0.6812,High Risk,Month-to-month,1,Fiber optic,70.45,70.45,1,Mailed check
2057-ZBLPD,Yes,1,0.6807,High Risk,Month-to-month,21,Fiber optic,86.5,1816.5,0,Electronic check
7568-PODML,Yes,1,0.6806,High Risk,Month-to-month,1,DSL,45.3,45.3,0,Mailed check
6087-MVHJH,Yes,1,0.6803,High Risk,Month-to-month,16,Fiber optic,88.45,1415.2,0,Electronic check
5357-TZHPP,Yes,1,0.6798,High Risk,Month-to-month,9,Fiber optic,84.4,759.6,1,Credit card
3677-IYRBF,Yes,1,0.6798,High Risk,Month-to-month,2,DSL,30.4,60.8,1,Electronic check
7028-DVOIQ,Yes,1,0.6798,High Risk,Month-to-month,35,Fiber optic,99.05,3466.75,1,Electronic check
7511-YMXVQ,Yes,1,0.6793,High Risk,Month-to-month,9,DSL,45.4,408.6,0,Electronic check
0345-HKJVM,Yes,1,0.6792,High Risk,Month-to-month,6,Fiber optic,89.3,535.8,0,Electronic check
7206-PQBBZ,No,1,0.6788,High Risk,Month-to-month,11,Fiber optic,70.2,772.2,1,Electronic check
6702-OHFWR,Yes,1,0.6788,High Risk,Month-to-month,1,DSL,43.3,43.3,1,Electronic check
1251-STYSZ,No,1,0.6787,High Risk,Month-to-month,4,Fiber optic,80.25,321.0,1,Electronic check
8313-NDOIA,No,1,0.6786,High Risk,Month-to-month,24,Fiber optic,104.15,2499.6,0,Electronic check
9921-ZVRHG,Yes,1,0.6786,High Risk,Month-to-month,14,Fiber optic,80.45,1126.3,0,Electronic check
7594-RQHXR,Yes,1,0.6781,High Risk,Month-to-month,1,Fiber optic,79.6,79.6,0,Electronic check
2754-SDJRD,No,1,0.6777,High Risk,Month-to-month,8,Fiber optic,100.15,801.2,1,Credit card
9121-PHQSR,No,1,0.6777,High Risk,Month-to-month,16,Fiber optic,85.05,1360.8,1,Credit card
4631-OACRM,Yes,1,0.6773,High Risk,Month-to-month,15,Fiber optic,79.4,1191.0,1,Electronic check
3393-FMZPV,Yes,1,0.6771,High Risk,Month-to-month,25,Fiber optic,100.25,2506.25,0,Electronic check
6772-KSATR,Yes,1,0.6769,High Risk,Month-to-month,1,Fiber optic,81.7,81.7,0,Electronic check
5429-LWCMV,No,1,0.6769,High Risk,Month-to-month,12,Fiber optic,89.15,1069.8,0,Electronic check
3329-WDIOK,Yes,1,0.6769,High Risk,Month-to-month,3,DSL,50.6,151.8,0,Electronic check
4274-OWWYO,Yes,1,0.6768,High Risk,Month-to-month,1,Fiber optic,74.35,74.35,0,Electronic check
5570-PTWEH,Yes,1,0.6767,High Risk,Month-to-month,3,Fiber optic,75.15,225.45,0,Credit card
4283-FUTGF,Yes,1,0.6767,High Risk,Month-to-month,19,Fiber optic,79.85,1517.15,1,Electronic check
5196-SGOAK,Yes,1,0.6766,High Risk,Month-to-month,1,Fiber optic,75.7,75.7,0,Electronic check
4958-XCBDQ,Yes,1,0.6765,High Risk,Month-to-month,35,Fiber optic,101.4,3549.0,1,Electronic check
3453-RTHJQ,No,1,0.6762,High Risk,Month-to-month,6,Fiber optic,69.1,414.6,0,Electronic check
4301-VVZKA,No,1,0.6761,High Risk,Month-to-month,16,Fiber optic,75.4,1206.4,0,Electronic check
8309-IEYJD,No,1,0.6761,High Risk,Month-to-month,1,Fiber optic,70.6,70.6,1,Mailed check
2754-VDLTR,Yes,1,0.6758,High Risk,Month-to-month,10,Fiber optic,95.2,952.0,0,Electronic check
0689-NKYLF,Yes,1,0.6758,High Risk,Month-to-month,13,Fiber optic,83.2,1081.6,0,Electronic check
8413-VONUO,Yes,1,0.6754,High Risk,Month-to-month,2,Fiber optic,95.65,191.3,0,Electronic check
5419-CONWX,Yes,1,0.6742,High Risk,Month-to-month,4,Fiber optic,99.8,399.2,1,Credit card
3106-ULWFW,Yes,1,0.6738,High Risk,Month-to-month,8,Fiber optic,85.2,681.6,0,Credit card
5095-AESKG,Yes,1,0.6737,High Risk,Month-to-month,3,Fiber optic,91.5,274.5,0,Credit card
3765-JXVKY,Yes,1,0.6736,High Risk,Month-to-month,1,Fiber optic,74.7,74.7,0,Electronic check
9850-OWRHQ,Yes,1,0.6734,High Risk,Month-to-month,3,Fiber optic,74.1,222.3,0,Credit card
8943-URTMR,Yes,1,0.6727,High Risk,Month-to-month,2,Fiber optic,79.65,159.3,0,Mailed check
7005-CCBKV,Yes,1,0.6726,High Risk,Month-to-month,6,Fiber optic,84.4,506.4,0,Electronic check
1602-IJQQE,Yes,1,0.6724,High Risk,Month-to-month,4,Fiber optic,75.35,301.4,0,Electronic check
9992-RRAMN,Yes,1,0.6723,High Risk,Month-to-month,22,Fiber optic,85.1,1872.2,0,Electronic check
2081-VEYEH,No,1,0.6723,High Risk,Month-to-month,3,Fiber optic,107.95,323.85,0,Electronic check
9696-RMYBA,No,1,0.6718,High Risk,Month-to-month,5,Fiber optic,80.1,400.5,0,Mailed check
9897-KXHCM,Yes,1,0.6716,High Risk,Month-to-month,3,Fiber optic,80.3,240.9,0,Electronic check
0235-KGSLC,Yes,1,0.6716,High Risk,Month-to-month,1,Fiber optic,85.55,85.55,0,Credit card
2636-OHFMN,Yes,1,0.6714,High Risk,Month-to-month,4,DSL,48.55,194.2,0,Electronic check
2058-DCJBE,Yes,1,0.6712,High Risk,Month-to-month,5,Fiber optic,69.75,348.75,0,Electronic check
7994-UYIVZ,No,1,0.671,High Risk,Month-to-month,8,Fiber optic,85.65,685.2,0,Bank transfer
2276-YDAVZ,Yes,1,0.6709,High Risk,Month-to-month,3,Fiber optic,75.1,225.3,0,Credit card
0004-TLHLJ,Yes,1,0.6708,High Risk,Month-to-month,4,Fiber optic,73.9,295.6,0,Electronic check
7240-ETPTR,Yes,1,0.6708,High Risk,Month-to-month,9,DSL,48.75,438.75,0,Electronic check
4770-UEZOX,No,1,0.6706,High Risk,Month-to-month,2,Fiber optic,74.75,149.5,0,Electronic check
4813-HQMGZ,No,1,0.6703,High Risk,Month-to-month,8,Fiber optic,90.25,722.0,0,Electronic check
0872-NXJYS,Yes,1,0.67,High Risk,Month-to-month,9,Fiber optic,79.55,715.95,0,Electronic check
6393-WRYZE,Yes,1,0.67,High Risk,Month-to-month,34,Fiber optic,97.65,3320.1,0,Electronic check
0018-NYROU,No,1,0.67,High Risk,Month-to-month,5,Fiber optic,68.95,344.75,0,Electronic check
6215-NQCPY,No,1,0.6697,High Risk,Month-to-month,15,Fiber optic,99.7,1495.5,0,Electronic check
8519-IMDHU,Yes,1,0.6697,High Risk,Month-to-month,15,Fiber optic,85.6,1284.0,1,Bank transfer
6712-OAWRH,Yes,1,0.6696,High Risk,Month-to-month,26,Fiber optic,91.25,2372.5,1,Electronic check
5609-CEBID,Yes,1,0.6693,High Risk,Month-to-month,20,Fiber optic,94.1,1882.0,1,Electronic check
7384-GHBPI,Yes,1,0.6692,High Risk,Month-to-month,3,DSL,35.15,105.45,0,Electronic check
3074-GQWYX,Yes,1,0.6692,High Risk,Month-to-month,5,Fiber optic,75.9,379.5,0,Bank transfer
5134-IKDAY,Yes,1,0.6691,High Risk,Month-to-month,1,Fiber optic,69.8,69.8,0,Electronic check
5299-RULOA,Yes,1,0.6687,High Risk,Month-to-month,10,Fiber optic,100.25,1002.5,0,Electronic check
3318-OSATS,Yes,1,0.6686,High Risk,Month-to-month,35,Fiber optic,95.45,3340.75,1,Electronic check
5167-ZFFMM,Yes,1,0.6685,High Risk,Month-to-month,1,Fiber optic,90.85,90.85,0,Credit card
9317-WZPGV,Yes,1,0.6683,High Risk,Month-to-month,2,Fiber optic,79.75,159.5,1,Bank transfer
3797-VTIDR,Yes,1,0.6682,High Risk,Month-to-month,1,DSL,23.45,23.45,0,Electronic check
0928-JMXNP,No,1,0.6682,High Risk,Month-to-month,4,DSL,29.9,119.6,1,Electronic check
1024-GUALD,Yes,1,0.668,High Risk,Month-to-month,1,DSL,24.8,24.8,0,Electronic check
9019-QVLZD,Yes,1,0.668,High Risk,Month-to-month,1,Fiber optic,79.55,79.55,0,Electronic check
4633-MKHYU,No,1,0.6677,High Risk,Month-to-month,9,Fiber optic,88.4,795.6,0,Mailed check
0508-OOLTO,No,1,0.667,High Risk,Month-to-month,2,Fiber optic,71.65,143.3,0,Electronic check
8861-HGGKB,Yes,1,0.6669,High Risk,Month-to-month,10,Fiber optic,86.45,864.5,0,Electronic check
8868-WOZGU,Yes,1,0.6666,High Risk,Month-to-month,28,Fiber optic,105.7,2959.6,0,Electronic check
1475-VWVDO,No,1,0.6665,High Risk,Month-to-month,7,Fiber optic,74.9,524.3,0,Electronic check
7823-JSOAG,No,1,0.6664,High Risk,Month-to-month,3,Fiber optic,74.5,223.5,0,Electronic check
8739-WWKDU,Yes,1,0.6663,High Risk,Month-to-month,25,Fiber optic,89.5,2237.5,1,Electronic check
6198-ZFIOJ,No,1,0.6657,High Risk,Month-to-month,5,Fiber optic,75.6,378.0,0,Electronic check
9250-WYPLL,Yes,1,0.6655,High Risk,Month-to-month,5,Fiber optic,75.55,377.75,0,Electronic check
3904-UKFRE,No,1,0.6654,High Risk,Month-to-month,4,Fiber optic,80.1,320.4,0,Electronic check
7394-FKDNK,Yes,1,0.6653,High Risk,Month-to-month,9,Fiber optic,89.45,805.05,0,Electronic check
5228-EXCET,Yes,1,0.6652,High Risk,Month-to-month,13,Fiber optic,80.85,1051.05,0,Electronic check
2074-GKOWZ,Yes,1,0.6651,High Risk,Month-to-month,2,Fiber optic,89.55,179.1,0,Bank transfer
5119-NZPTV,No,1,0.6651,High Risk,Month-to-month,2,Fiber optic,70.1,140.2,1,Electronic check
8648-PFRMP,No,1,0.6649,High Risk,Month-to-month,14,DSL,46.35,648.9,1,Electronic check
1334-FJSVR,Yes,1,0.6649,High Risk,Month-to-month,1,DSL,24.25,24.25,0,Electronic check
8111-RKSPX,Yes,1,0.6648,High Risk,Month-to-month,4,Fiber optic,72.2,288.8,0,Bank transfer
0925-VYDLG,Yes,1,0.6645,High Risk,Month-to-month,3,Fiber optic,75.25,225.75,0,Electronic check
8397-MVTAZ,Yes,1,0.6645,High Risk,Month-to-month,34,Fiber optic,100.05,3401.7,0,Electronic check
5275-SQEIZ,Yes,1,0.6644,High Risk,Month-to-month,1,Fiber optic,80.85,80.85,0,Mailed check
2840-XANRC,Yes,1,0.6644,High Risk,Month-to-month,24,Fiber optic,93.15,2235.6,1,Electronic check
3871-IKPYH,Yes,1,0.6642,High Risk,Month-to-month,1,Fiber optic,69.1,69.1,1,Electronic check
5293-WXJAK,Yes,1,0.6641,High Risk,Month-to-month,11,Fiber optic,104.05,1144.55,1,Bank transfer
2984-AFWNC,No,1,0.664,High Risk,Month-to-month,3,Fiber optic,95.4,286.2,0,Electronic check
5393-RXQSZ,Yes,1,0.664,High Risk,Month-to-month,1,Fiber optic,79.6,79.6,0,Electronic check
2472-OVKUP,Yes,1,0.6636,High Risk,Month-to-month,6,Fiber optic,91.0,546.0,0,Electronic check
2777-PHDEI,Yes,1,0.6634,High Risk,Month-to-month,1,Fiber optic,78.05,78.05,0,Electronic check
7198-GLXTC,Yes,1,0.6633,High Risk,Month-to-month,2,Fiber optic,79.0,158.0,0,Electronic check
6029-WTIPC,Yes,1,0.663,High Risk,Month-to-month,37,Fiber optic,101.1,3740.7,1,Electronic check
6275-YDUVO,Yes,1,0.663,High Risk,Month-to-month,2,Fiber optic,86.2,172.4,0,Mailed check
4706-AXVKM,Yes,1,0.663,High Risk,Month-to-month,11,Fiber optic,84.8,932.8,1,Credit card
4550-EVXNY,Yes,1,0.6629,High Risk,Month-to-month,1,Fiber optic,69.65,69.65,0,Electronic check
4123-DVHPH,No,1,0.6628,High Risk,Month-to-month,9,Fiber optic,88.05,792.45,0,Electronic check
9846-GKXAS,Yes,1,0.6626,High Risk,Month-to-month,9,Fiber optic,90.8,817.2,0,Bank transfer
4566-NECEV,No,1,0.6623,High Risk,Month-to-month,5,Fiber optic,96.55,482.75,0,Electronic check
6116-RFVHN,No,1,0.6621,High Risk,Month-to-month,34,Fiber optic,100.45,3415.3,0,Electronic check
3422-LYEPQ,Yes,1,0.662,High Risk,Month-to-month,1,Fiber optic,71.0,71.0,0,Electronic check
6221-AVQYL,Yes,1,0.6619,High Risk,Month-to-month,2,Fiber optic,73.25,146.5,0,Credit card
3317-HRTNN,Yes,1,0.6614,High Risk,Month-to-month,5,DSL,45.7,228.5,1,Electronic check
0793-TWELN,No,1,0.6613,High Risk,Month-to-month,4,Fiber optic,80.15,320.6,0,Electronic check
6543-XRMYR,Yes,1,0.6613,High Risk,Month-to-month,30,Fiber optic,99.7,2991.0,1,Electronic check
6689-TCZHQ,Yes,1,0.6607,High Risk,Month-to-month,5,Fiber optic,78.95,394.75,1,Electronic check
6424-ELEYH,Yes,1,0.6604,High Risk,Month-to-month,3,Fiber optic,74.75,224.25,0,Credit card
2107-FBPTK,No,1,0.6604,High Risk,Month-to-month,30,Fiber optic,104.1,3123.0,1,Electronic check
6376-GAHQE,Yes,1,0.6601,High Risk,Month-to-month,4,Fiber optic,77.85,311.4,0,Electronic check
0742-NXBGR,Yes,1,0.6601,High Risk,Month-to-month,1,Fiber optic,82.3,82.3,0,Electronic check
5027-QPKTE,Yes,1,0.6599,High Risk,Month-to-month,7,Fiber optic,69.35,485.45,0,Electronic check
0928-XUTSN,No,1,0.6595,High Risk,Month-to-month,13,Fiber optic,80.5,1046.5,0,Electronic check
0722-SVSFK,No,1,0.6594,High Risk,Month-to-month,7,Fiber optic,100.4,702.8,0,Electronic check
1853-UDXBW,Yes,1,0.6589,High Risk,Month-to-month,1,Fiber optic,70.0,70.0,0,Electronic check
8010-EZLOU,Yes,1,0.6589,High Risk,Month-to-month,15,Fiber optic,80.2,1203.0,1,Electronic check
8380-PEFPE,Yes,1,0.6582,High Risk,Month-to-month,1,Fiber optic,71.65,71.65,0,Electronic check
3877-JRJIP,Yes,1,0.658,High Risk,Month-to-month,1,DSL,59.85,59.85,0,Electronic check
0329-GTIAJ,Yes,1,0.6578,High Risk,Month-to-month,3,Fiber optic,97.9,293.7,0,Electronic check
2809-ZMYOQ,No,1,0.6578,High Risk,Month-to-month,32,Fiber optic,101.35,3243.2,0,Electronic check
8270-RKSAP,No,1,0.6576,High Risk,Month-to-month,9,Fiber optic,70.5,634.5,0,Electronic check
3874-EQOEP,Yes,1,0.6573,High Risk,Month-to-month,7,Fiber optic,95.0,665.0,0,Mailed check
6198-RTPMF,No,1,0.6572,High Risk,Month-to-month,17,Fiber optic,92.6,1574.2,0,Electronic check
7890-VYYWG,Yes,1,0.6571,High Risk,Month-to-month,3,DSL,36.45,109.35,1,Mailed check
0685-MLYYM,Yes,1,0.6571,High Risk,Month-to-month,2,Fiber optic,70.75,141.5,1,Electronic check
6899-PPEEA,Yes,1,0.6571,High Risk,Month-to-month,37,Fiber optic,96.55,3572.35,1,Electronic check
3663-MITLP,Yes,1,0.657,High Risk,Month-to-month,15,Fiber optic,101.25,1518.75,0,Electronic check
1965-AKTSX,Yes,1,0.657,High Risk,Month-to-month,14,Fiber optic,78.95,1105.3,1,Electronic check
0746-JTRFU,Yes,1,0.657,High Risk,Month-to-month,2,DSL,25.05,50.1,0,Electronic check
6110-OHIHY,Yes,1,0.6568,High Risk,Month-to-month,3,Fiber optic,79.25,237.75,0,Electronic check
3488-PGMQJ,Yes,1,0.6567,High Risk,Month-to-month,8,Fiber optic,74.5,596.0,1,Electronic check
1254-IZEYF,Yes,1,0.6563,High Risk,Month-to-month,31,Fiber optic,99.95,3098.45,1,Electronic check
1309-BXVOQ,Yes,1,0.6563,High Risk,Month-to-month,21,Fiber optic,106.1,2228.1,0,Electronic check
6918-UMQCG,No,1,0.6561,High Risk,Month-to-month,5,Fiber optic,80.2,401.0,0,Electronic check
8183-ONMXC,Yes,1,0.6559,High Risk,Month-to-month,2,Fiber optic,80.75,161.5,0,Electronic check
7780-OTDSO,Yes,1,0.6557,High Risk,Month-to-month,18,Fiber optic,99.4,1789.2,0,Electronic check
4325-NFSKC,Yes,1,0.6554,High Risk,Month-to-month,19,Fiber optic,90.6,1721.4,1,Electronic check
4291-SHSBH,No,1,0.6548,High Risk,Month-to-month,7,Fiber optic,69.55,486.85,0,Electronic check
3049-NDXFL,Yes,1,0.6547,High Risk,Month-to-month,1,Fiber optic,85.8,85.8,0,Mailed check
5976-JCJRH,Yes,1,0.6547,High Risk,Month-to-month,10,Fiber optic,70.3,703.0,0,Electronic check
0420-HLGXF,No,1,0.6546,High Risk,Month-to-month,39,Fiber optic,99.75,3890.25,1,Electronic check
7693-LCKZL,Yes,1,0.6543,High Risk,Month-to-month,5,Fiber optic,80.15,400.75,0,Electronic check
5628-FCGYG,No,1,0.6542,High Risk,Month-to-month,21,Fiber optic,84.1,1766.1,0,Electronic check
6416-TVAIH,Yes,1,0.6542,High Risk,Month-to-month,1,Fiber optic,68.5,68.5,0,Electronic check
6005-OBZPH,Yes,1,0.6536,High Risk,Month-to-month,26,Fiber optic,89.15,2317.9,1,Electronic check
0947-IDHRQ,Yes,1,0.6536,High Risk,Month-to-month,7,Fiber optic,80.3,562.1,0,Mailed check
6435-SRWBJ,No,1,0.6533,High Risk,Month-to-month,5,Fiber optic,82.75,413.75,0,Electronic check
2845-AFFTX,Yes,1,0.6525,High Risk,Month-to-month,41,Fiber optic,99.8,4091.8,1,Electronic check
0455-XFASS,No,1,0.6525,High Risk,Month-to-month,3,Fiber optic,69.55,208.65,0,Electronic check
2672-DZUOY,Yes,1,0.6525,High Risk,Month-to-month,1,DSL,25.15,25.15,0,Electronic check
1226-IENZN,No,1,0.6524,High Risk,Month-to-month,16,Fiber optic,78.75,1260.0,1,Electronic check
7861-UVUFT,Yes,1,0.6521,High Risk,Month-to-month,15,Fiber optic,84.3,1264.5,0,Electronic check
5117-IFGPS,No,1,0.652,High Risk,Month-to-month,29,Fiber optic,84.3,2444.7,1,Electronic check
9903-LYSAB,No,1,0.652,High Risk,Month-to-month,18,Fiber optic,73.15,1316.7,0,Electronic check
3420-ZDBMA,No,1,0.652,High Risk,Month-to-month,5,Fiber optic,71.45,357.25,1,Mailed check
9208-OLGAQ,No,1,0.6518,High Risk,Month-to-month,18,Fiber optic,84.95,1529.1,1,Electronic check
2867-UIMSS,Yes,1,0.6515,High Risk,Month-to-month,1,Fiber optic,80.5,80.5,0,Electronic check
0137-OCGAB,Yes,1,0.6514,High Risk,Month-to-month,1,Fiber optic,80.2,80.2,0,Mailed check
9436-ZBZCT,Yes,1,0.6512,High Risk,Month-to-month,14,Fiber optic,89.95,1259.3,0,Electronic check
1268-ASBGA,Yes,1,0.6509,High Risk,Month-to-month,16,Fiber optic,85.35,1365.6,1,Credit card
4873-ILOLJ,Yes,1,0.6508,High Risk,Month-to-month,24,Fiber optic,90.35,2168.4,0,Electronic check
1689-YQBYY,No,1,0.6504,High Risk,Month-to-month,12,Fiber optic,76.6,919.2,0,Electronic check
8042-JVNFH,Yes,1,0.6503,High Risk,Month-to-month,1,Fiber optic,71.35,71.35,0,Mailed check
4385-GZQXV,Yes,1,0.6502,High Risk,Month-to-month,16,Fiber optic,94.45,1511.2,1,Electronic check
7365-BVCJH,No,1,0.6501,High Risk,Month-to-month,1,DSL,24.4,24.4,0,Electronic check
1285-OKIPP,Yes,1,0.6496,High Risk,Month-to-month,1,Fiber optic,79.9,79.9,0,Electronic check
8017-LXHFA,Yes,1,0.6496,High Risk,Month-to-month,23,Fiber optic,94.75,2179.25,1,Electronic check
5442-UTCVD,Yes,1,0.6495,High Risk,Month-to-month,3,Fiber optic,91.85,275.55,0,Electronic check
6407-UTSLV,No,1,0.6495,High Risk,Month-to-month,2,Fiber optic,83.8,167.6,1,Bank transfer
0939-YAPAF,Yes,1,0.6492,High Risk,Month-to-month,35,Fiber optic,100.25,3508.75,0,Electronic check
8873-GLDMH,No,1,0.6488,High Risk,Month-to-month,6,Fiber optic,73.85,443.1,0,Mailed check
6595-YGXIT,Yes,1,0.6486,High Risk,Month-to-month,25,Fiber optic,88.95,2223.75,1,Electronic check
5186-SAMNZ,Yes,1,0.6484,High Risk,Month-to-month,1,Fiber optic,69.5,69.5,1,Bank transfer
3198-VELRD,Yes,1,0.6482,High Risk,Month-to-month,3,Fiber optic,84.75,254.25,0,Bank transfer
2254-DLXRI,No,1,0.6482,High Risk,Month-to-month,1,Fiber optic,79.15,79.15,0,Mailed check
1196-AMORA,Yes,1,0.648,High Risk,Month-to-month,7,Fiber optic,73.6,515.2,0,Electronic check
9617-INGJY,No,1,0.648,High Risk,Month-to-month,1,Fiber optic,70.6,70.6,0,Mailed check
2482-CZGBB,Yes,1,0.6478,High Risk,Month-to-month,10,Fiber optic,70.0,700.0,0,Electronic check
8325-QRPZR,No,1,0.6477,High Risk,Month-to-month,7,Fiber optic,75.15,526.05,0,Electronic check
5399-ZIMKF,No,1,0.6474,High Risk,Month-to-month,5,Fiber optic,74.65,373.25,0,Electronic check
5760-IFJOZ,No,1,0.6473,High Risk,Month-to-month,3,Fiber optic,107.95,323.85,0,Mailed check
6339-YPSAH,No,1,0.6473,High Risk,Month-to-month,9,Fiber optic,73.8,664.2,0,Electronic check
5569-KGJHX,Yes,1,0.6471,High Risk,Month-to-month,9,Fiber optic,85.35,768.15,0,Bank transfer
2665-NPTGL,No,1,0.6468,High Risk,Month-to-month,26,Fiber optic,98.1,2550.6,1,Bank transfer
1731-TVIUK,Yes,1,0.6467,High Risk,Month-to-month,4,Fiber optic,93.5,374.0,0,Electronic check
4441-NIHPT,Yes,1,0.6467,High Risk,Month-to-month,13,Fiber optic,74.3,965.9,1,Electronic check
3990-QYKBE,Yes,1,0.6462,High Risk,Month-to-month,37,Fiber optic,92.5,3422.5,1,Electronic check
5590-BYNII,Yes,1,0.6461,High Risk,Month-to-month,22,Fiber optic,100.75,2216.5,0,Electronic check
7908-QCBCA,Yes,1,0.6456,High Risk,Month-to-month,1,Fiber optic,69.4,69.4,0,Mailed check
7534-BFESC,Yes,1,0.6454,High Risk,Month-to-month,24,Fiber optic,76.1,1826.4,1,Electronic check
3420-YJLQT,No,1,0.6454,High Risk,Month-to-month,2,Fiber optic,79.55,159.1,0,Electronic check
8063-GBATB,Yes,1,0.6451,High Risk,Month-to-month,27,Fiber optic,85.25,2301.75,1,Electronic check
2845-HSJCY,Yes,1,0.6447,High Risk,Month-to-month,14,Fiber optic,87.25,1221.5,0,Electronic check
1867-BDVFH,Yes,1,0.6444,High Risk,Month-to-month,11,Fiber optic,74.35,817.85,0,Electronic check
3296-SILRA,Yes,1,0.6444,High Risk,Month-to-month,1,Fiber optic,76.4,76.4,1,Mailed check
1571-SAVHK,Yes,1,0.6443,High Risk,Month-to-month,12,Fiber optic,99.95,1199.4,0,Mailed check
0968-GSIKN,Yes,1,0.6442,High Risk,Month-to-month,1,Fiber optic,70.8,70.8,0,Mailed check
4822-YCXMX,Yes,1,0.6441,High Risk,Month-to-month,25,Fiber optic,84.8,2120.0,0,Electronic check
1792-UXAFY,Yes,1,0.644,High Risk,Month-to-month,17,Fiber optic,89.15,1515.55,1,Electronic check
7615-ESMYF,Yes,1,0.6436,High Risk,Month-to-month,2,DSL,44.6,89.2,0,Electronic check
2398-YPMUR,Yes,1,0.6434,High Risk,Month-to-month,13,Fiber optic,70.15,911.95,1,Electronic check
2013-SGDXK,Yes,1,0.6424,High Risk,Month-to-month,1,Fiber optic,84.3,84.3,0,Electronic check
2619-WFQWU,Yes,1,0.6421,High Risk,Month-to-month,1,Fiber optic,70.15,70.15,0,Mailed check
9985-MWVIX,Yes,1,0.6421,High Risk,Month-to-month,1,Fiber optic,70.15,70.15,0,Mailed check
4559-UWIHT,No,1,0.6419,High Risk,Month-to-month,14,Fiber optic,82.65,1157.1,0,Electronic check
9050-IKDZA,No,1,0.6417,High Risk,Month-to-month,2,Fiber optic,81.5,163.0,1,Mailed check
1379-FRVEB,No,1,0.6413,High Risk,Month-to-month,15,Fiber optic,91.0,1365.0,0,Electronic check
2038-OEQZH,No,1,0.6409,High Risk,Month-to-month,4,Fiber optic,86.05,344.2,0,Electronic check
3223-DWFIO,No,1,0.6409,High Risk,Month-to-month,4,Fiber optic,69.35,277.4,1,Electronic check
1891-UAWWU,Yes,1,0.6404,High Risk,Month-to-month,20,Fiber optic,90.8,1816.0,1,Electronic check
8111-SLLHI,Yes,1,0.6402,High Risk,Month-to-month,39,Fiber optic,105.65,4120.35,1,Electronic check
2357-COQEK,Yes,1,0.64,High Risk,Month-to-month,28,Fiber optic,103.3,2892.4,1,Electronic check
5652-MSDEY,No,1,0.64,High Risk,Month-to-month,10,Fiber optic,75.75,757.5,0,Mailed check
5564-NEMQO,Yes,1,0.6399,High Risk,Month-to-month,1,Fiber optic,75.3,75.3,1,Bank transfer
5583-SXDAG,Yes,1,0.6399,High Risk,Month-to-month,1,Fiber optic,70.0,70.0,0,Electronic check
2737-YNGYW,Yes,1,0.6398,High Risk,Month-to-month,2,Fiber optic,80.55,161.1,0,Electronic check
9054-FOWNV,No,1,0.6392,High Risk,Month-to-month,22,Fiber optic,88.75,1952.5,0,Electronic check
8922-LIEGH,Yes,1,0.6388,High Risk,Month-to-month,25,Fiber optic,89.7,2242.5,1,Electronic check
2114-MGINA,Yes,1,0.6386,High Risk,Month-to-month,14,Fiber optic,89.8,1257.2,0,Mailed check
6347-DCUIK,Yes,1,0.6385,High Risk,Month-to-month,10,Fiber optic,74.15,741.5,0,Mailed check
6432-TWQLB,Yes,1,0.6385,High Risk,Month-to-month,5,Fiber optic,85.4,427.0,0,Electronic check
9102-IAYHT,Yes,1,0.6385,High Risk,Month-to-month,17,Fiber optic,85.45,1452.65,0,Electronic check
6379-RXJRQ,Yes,1,0.6385,High Risk,Month-to-month,10,Fiber optic,70.1,701.0,0,Electronic check
0231-LXVAP,Yes,1,0.6381,High Risk,Month-to-month,1,Fiber optic,75.9,75.9,0,Electronic check
2260-USTRB,Yes,1,0.6381,High Risk,Month-to-month,2,Fiber optic,70.2,140.4,1,Bank transfer
3951-NJCVI,No,1,0.6377,High Risk,Month-to-month,42,Fiber optic,95.05,3992.1,1,Electronic check
0411-EZJZE,No,1,0.6377,High Risk,Month-to-month,3,DSL,60.25,180.75,0,Electronic check
9444-JTXHZ,Yes,1,0.637,High Risk,Month-to-month,1,Fiber optic,76.2,76.2,0,Electronic check
4854-CIDCF,No,1,0.637,High Risk,Month-to-month,3,Fiber optic,73.85,221.55,1,Electronic check
4598-XLKNJ,Yes,1,0.6369,High Risk,Month-to-month,25,Fiber optic,98.5,2462.5,1,Electronic check
6705-LXORM,No,1,0.6366,High Risk,Month-to-month,5,Fiber optic,70.05,350.25,1,Electronic check
8821-XNHVZ,Yes,1,0.6362,High Risk,Month-to-month,1,Fiber optic,80.05,80.05,0,Mailed check
1028-FFNJK,No,1,0.6361,High Risk,Month-to-month,30,Fiber optic,101.5,3045.0,1,Electronic check
4521-YEEHE,No,1,0.6361,High Risk,Month-to-month,18,Fiber optic,88.85,1599.3,0,Electronic check
6267-DCFFZ,No,1,0.6361,High Risk,Month-to-month,30,Fiber optic,90.05,2701.5,1,Electronic check
4585-HETAI,Yes,1,0.6361,High Risk,Month-to-month,4,Fiber optic,73.75,295.0,0,Electronic check
9514-JDSKI,Yes,1,0.636,High Risk,Month-to-month,1,DSL,40.2,40.2,1,Electronic check
5216-WASFJ,No,1,0.6358,High Risk,Month-to-month,31,Fiber optic,84.85,2630.35,1,Electronic check
2408-WITXK,Yes,1,0.6358,High Risk,Month-to-month,10,DSL,34.7,347.0,1,Electronic check
1666-JXLKU,No,1,0.6355,High Risk,Month-to-month,37,Fiber optic,100.05,3701.85,0,Electronic check
6140-QNRQQ,Yes,1,0.6354,High Risk,Month-to-month,1,Fiber optic,71.55,71.55,0,Mailed check
0302-JOIVN,Yes,1,0.6353,High Risk,Month-to-month,8,Fiber optic,101.15,809.2,0,Electronic check
4759-TRPLW,Yes,1,0.6352,High Risk,Month-to-month,1,Fiber optic,70.4,70.4,0,Electronic check
2154-KVJFF,Yes,1,0.635,High Risk,Month-to-month,15,Fiber optic,79.75,1196.25,0,Electronic check
7495-OOKFY,Yes,1,0.6349,High Risk,Month-to-month,8,Fiber optic,80.65,645.2,1,Credit card
9095-HFAFX,Yes,1,0.6348,High Risk,Month-to-month,5,Fiber optic,81.0,405.0,0,Credit card
3585-ISXZP,Yes,1,0.6348,High Risk,Month-to-month,8,Fiber optic,95.65,765.2,0,Bank transfer
3427-GGZZI,No,1,0.6347,High Risk,Month-to-month,19,Fiber optic,89.1,1692.9,0,Electronic check
0396-YCHWO,No,1,0.6347,High Risk,Month-to-month,36,Fiber optic,95.4,3434.4,0,Electronic check
5380-WJKOV,Yes,1,0.6344,High Risk,Month-to-month,34,Fiber optic,106.35,3615.9,0,Electronic check
2025-JKFWI,Yes,1,0.6342,High Risk,Month-to-month,13,Fiber optic,99.0,1287.0,0,Mailed check
9647-ERGBE,Yes,1,0.6338,High Risk,Month-to-month,30,Fiber optic,100.05,3001.5,0,Electronic check
9606-PBKBQ,Yes,1,0.6338,High Risk,Month-to-month,32,Fiber optic,85.0,2720.0,1,Electronic check
2024-BASKD,Yes,1,0.6338,High Risk,Month-to-month,1,Fiber optic,74.6,74.6,0,Mailed check
7326-RIGQZ,No,1,0.6335,High Risk,Month-to-month,6,Fiber optic,69.8,418.8,0,Electronic check
6137-NICCO,No,1,0.6335,High Risk,Month-to-month,6,Fiber optic,94.05,564.3,0,Mailed check
0013-EXCHZ,Yes,1,0.6334,High Risk,Month-to-month,3,Fiber optic,83.9,251.7,1,Mailed check
3317-VLGQT,No,1,0.6331,High Risk,Month-to-month,14,Fiber optic,78.1,1093.4,0,Electronic check
3223-WZWJM,Yes,1,0.6329,High Risk,Month-to-month,26,Fiber optic,83.95,2182.7,0,Electronic check
4039-HEUNW,Yes,1,0.6327,High Risk,Month-to-month,36,Fiber optic,96.5,3474.0,1,Electronic check
2815-CPTUL,Yes,1,0.6323,High Risk,Month-to-month,5,Fiber optic,70.25,351.25,1,Mailed check
3565-UNOCC,Yes,1,0.632,High Risk,Month-to-month,29,Fiber optic,99.05,2872.45,1,Bank transfer
5219-YIPTK,Yes,1,0.6319,High Risk,Month-to-month,33,Fiber optic,104.4,3445.2,0,Electronic check
6319-IEJWJ,Yes,1,0.6318,High Risk,Month-to-month,20,Fiber optic,90.2,1804.0,0,Electronic check
7912-SYRQT,Yes,1,0.6314,High Risk,Month-to-month,7,Fiber optic,75.1,525.7,0,Bank transfer
1915-IOFGU,Yes,1,0.6311,High Risk,Month-to-month,1,Fiber optic,70.5,70.5,0,Electronic check
8008-HAWED,Yes,1,0.6311,High Risk,Month-to-month,14,DSL,50.75,710.5,0,Electronic check
4817-VYYWS,Yes,1,0.6306,High Risk,Month-to-month,30,Fiber optic,100.2,3006.0,0,Electronic check
5701-YVSVF,No,1,0.6304,High Risk,Month-to-month,11,Fiber optic,82.9,911.9,1,Electronic check
7802-EFKNY,Yes,1,0.6304,High Risk,Month-to-month,5,DSL,24.95,124.75,0,Electronic check
8443-WVPSS,Yes,1,0.6303,High Risk,Month-to-month,10,Fiber optic,99.85,998.5,0,Electronic check
4822-NGOCH,Yes,1,0.6302,High Risk,Month-to-month,13,Fiber optic,84.45,1097.85,0,Electronic check
7801-KICAO,No,1,0.6302,High Risk,Month-to-month,18,Fiber optic,74.15,1334.7,0,Electronic check
5673-FSSMF,Yes,1,0.6302,High Risk,Month-to-month,1,DSL,60.15,60.15,0,Electronic check
9840-DVNDC,Yes,1,0.6301,High Risk,Month-to-month,6,Fiber optic,80.5,483.0,0,Credit card
7598-UAASY,Yes,1,0.6299,High Risk,Month-to-month,2,Fiber optic,76.4,152.8,0,Electronic check
9494-MRNYX,No,1,0.6297,High Risk,Month-to-month,10,Fiber optic,75.05,750.5,0,Electronic check
5091-HFAZW,No,1,0.6296,High Risk,Month-to-month,2,Fiber optic,91.15,182.3,0,Electronic check
2656-FMOKZ,Yes,1,0.6294,High Risk,Month-to-month,15,Fiber optic,74.45,1116.75,1,Mailed check
5519-YLDGW,Yes,1,0.6294,High Risk,Month-to-month,21,Fiber optic,103.9,2181.9,0,Electronic check
2674-MIAHT,No,1,0.6293,High Risk,Month-to-month,4,Fiber optic,80.3,321.2,0,Mailed check
4612-SSVHJ,No,1,0.6292,High Risk,Month-to-month,20,Fiber optic,81.45,1629.0,1,Electronic check
9399-APLBT,Yes,1,0.6283,High Risk,Month-to-month,1,Fiber optic,74.7,74.7,0,Electronic check
5032-MIYKT,No,1,0.6282,High Risk,Month-to-month,1,Fiber optic,70.7,70.7,0,Mailed check
9415-DPEWS,Yes,1,0.628,High Risk,Month-to-month,18,Fiber optic,88.35,1590.3,0,Electronic check
1636-NTNCO,No,1,0.6279,High Risk,Month-to-month,4,DSL,50.95,203.8,1,Credit card
1104-TNLZA,No,1,0.6278,High Risk,Month-to-month,28,Fiber optic,105.8,2962.4,1,Electronic check
4433-JCGCG,Yes,1,0.6278,High Risk,Month-to-month,46,Fiber optic,101.0,4646.0,1,Electronic check
7590-VHVEG,No,1,0.6276,High Risk,Month-to-month,1,DSL,29.85,29.85,0,Electronic check
1078-TDCRN,No,1,0.6275,High Risk,Month-to-month,3,DSL,30.75,92.25,1,Electronic check
5685-IIXLY,Yes,1,0.6272,High Risk,Month-to-month,5,Fiber optic,83.6,418.0,0,Electronic check
6910-HADCM,Yes,1,0.6271,High Risk,Month-to-month,1,Fiber optic,76.35,76.35,0,Electronic check
6400-BWQKW,Yes,1,0.627,High Risk,Month-to-month,6,Fiber optic,79.05,474.3,0,Electronic check
5318-IXUZF,Yes,1,0.6268,High Risk,Month-to-month,2,Fiber optic,87.15,174.3,0,Bank transfer
5138-WVKYJ,Yes,1,0.6266,High Risk,Month-to-month,10,Fiber optic,98.55,985.5,0,Electronic check
0023-XUOPT,Yes,1,0.6266,High Risk,Month-to-month,13,Fiber optic,94.1,1223.3,0,Electronic check
0529-ONKER,Yes,1,0.6264,High Risk,Month-to-month,15,Fiber optic,75.65,1134.75,1,Electronic check
8709-KRDVL,No,1,0.6262,High Risk,Month-to-month,33,Fiber optic,100.0,3300.0,0,Electronic check
7137-RYLPP,Yes,1,0.6258,High Risk,Month-to-month,37,Fiber optic,85.7,3170.9,1,Electronic check
3066-RRJIO,Yes,1,0.6257,High Risk,Month-to-month,1,Fiber optic,69.95,69.95,0,Mailed check
6821-BUXUX,Yes,1,0.6255,High Risk,Month-to-month,13,Fiber optic,96.65,1256.45,0,Electronic check
3855-ONCAR,No,1,0.6254,High Risk,Month-to-month,4,Fiber optic,78.9,315.6,0,Mailed check
0148-DCDOS,Yes,1,0.6252,High Risk,Month-to-month,25,Fiber optic,94.7,2367.5,0,Bank transfer
8266-VBFQL,No,1,0.6251,High Risk,Month-to-month,4,Fiber optic,90.4,361.6,0,Electronic check
0196-JTUQI,No,1,0.625,High Risk,Month-to-month,9,Fiber optic,75.2,676.8,0,Credit card
5043-TRZWM,No,1,0.6245,High Risk,Month-to-month,1,Fiber optic,75.55,75.55,0,Electronic check
0576-WNXXC,Yes,1,0.6245,High Risk,Month-to-month,27,Fiber optic,95.55,2579.85,1,Electronic check
0661-XEYAN,Yes,1,0.6244,High Risk,Month-to-month,1,DSL,25.8,25.8,1,Mailed check
9734-YWGEX,Yes,1,0.6242,High Risk,Month-to-month,9,Fiber optic,98.3,884.7,0,Credit card
9506-UXUSK,No,1,0.624,High Risk,Month-to-month,13,Fiber optic,70.15,911.95,0,Electronic check
5599-HVLTW,No,1,0.6239,High Risk,Month-to-month,14,Fiber optic,80.35,1124.9,1,Bank transfer
9940-RHLFB,Yes,1,0.6237,High Risk,Month-to-month,1,Fiber optic,75.3,75.3,0,Electronic check
8485-GJCDN,Yes,1,0.6237,High Risk,Month-to-month,5,Fiber optic,69.05,345.25,1,Mailed check
6338-AVWCY,Yes,1,0.6232,High Risk,Month-to-month,3,DSL,40.15,120.45,0,Mailed check
1866-RZZQS,Yes,1,0.6232,High Risk,Month-to-month,41,Fiber optic,98.4,4034.4,1,Electronic check
5339-PXDVH,No,1,0.623,High Risk,Month-to-month,4,Fiber optic,90.65,362.6,0,Electronic check
2568-OIADY,Yes,1,0.6227,High Risk,Month-to-month,37,Fiber optic,99.5,3681.5,0,Electronic check
4124-MMETB,Yes,1,0.6225,High Risk,Month-to-month,22,Fiber optic,94.65,2082.3,0,Credit card
5442-BHQNG,No,1,0.6224,High Risk,Month-to-month,2,Fiber optic,70.35,140.7,0,Electronic check
2369-UAPKZ,Yes,1,0.6223,High Risk,Month-to-month,5,Fiber optic,104.1,520.5,0,Mailed check
1112-CUNAO,Yes,1,0.6218,High Risk,Month-to-month,15,Fiber optic,89.85,1347.75,1,Electronic check
0115-TFERT,Yes,1,0.6216,High Risk,Month-to-month,21,Fiber optic,111.2,2335.2,0,Electronic check
4815-GBTCD,No,1,0.6216,High Risk,Month-to-month,4,DSL,25.15,100.6,0,Electronic check
4450-DLLMH,No,1,0.6214,High Risk,Month-to-month,2,Fiber optic,71.3,142.6,0,Credit card
5931-FLJJF,Yes,1,0.6214,High Risk,Month-to-month,7,Fiber optic,70.1,490.7,1,Mailed check
5940-NFXKV,Yes,1,0.6208,High Risk,Month-to-month,19,Fiber optic,83.65,1589.35,0,Electronic check
4971-PUYQO,Yes,1,0.6206,High Risk,Month-to-month,27,Fiber optic,94.55,2552.85,0,Mailed check
8854-CCVSQ,Yes,1,0.6204,High Risk,Month-to-month,18,Fiber optic,80.65,1451.7,0,Electronic check
7538-GWHML,Yes,1,0.6201,High Risk,Month-to-month,2,Fiber optic,69.65,139.3,0,Electronic check
2905-KFQUV,No,1,0.6199,High Risk,Month-to-month,2,Fiber optic,70.4,140.8,0,Credit card
2504-DSHIH,No,1,0.6198,High Risk,Month-to-month,23,Fiber optic,86.8,1996.4,1,Electronic check
0432-CAJZV,No,1,0.6197,High Risk,Month-to-month,3,Fiber optic,90.7,272.1,0,Mailed check
1448-PWKYE,Yes,1,0.6194,High Risk,Month-to-month,1,Fiber optic,80.0,80.0,0,Electronic check
7892-POOKP,Yes,1,0.6194,High Risk,Month-to-month,28,Fiber optic,104.8,2934.4,0,Electronic check
1077-HUUJM,No,1,0.6192,High Risk,Month-to-month,7,Fiber optic,71.05,497.35,0,Electronic check
1907-UBQFC,Yes,1,0.6192,High Risk,Month-to-month,10,Fiber optic,72.85,728.5,1,Electronic check
7703-ZEKEF,Yes,1,0.6189,High Risk,Month-to-month,23,Fiber optic,81.0,1863.0,0,Electronic check
9912-GVSEQ,Yes,1,0.6186,High Risk,Month-to-month,26,Fiber optic,93.85,2440.1,1,Electronic check
3753-TSEMP,Yes,1,0.6186,High Risk,Month-to-month,15,Fiber optic,88.15,1322.25,0,Electronic check
2800-VEQXM,No,1,0.6183,High Risk,Month-to-month,3,Fiber optic,74.75,224.25,0,Mailed check
0506-LVNGN,Yes,1,0.6182,High Risk,Month-to-month,5,Fiber optic,75.55,377.75,1,Credit card
2969-QWUBZ,No,1,0.6182,High Risk,Month-to-month,2,DSL,51.4,102.8,0,Electronic check
8337-MSSXB,Yes,1,0.618,High Risk,Month-to-month,14,Fiber optic,86.3,1208.2,0,Electronic check
7153-OANIO,Yes,1,0.6179,High Risk,Month-to-month,1,Fiber optic,69.95,69.95,0,Electronic check
3177-LASXD,Yes,1,0.6179,High Risk,Month-to-month,1,Fiber optic,71.35,71.35,0,Electronic check
3001-CBHLQ,Yes,1,0.6179,High Risk,Month-to-month,32,Fiber optic,104.9,3356.8,1,Electronic check
5879-SESNB,No,1,0.6179,High Risk,Month-to-month,11,Fiber optic,75.25,827.75,0,Electronic check
0125-LZQXK,Yes,1,0.6172,High Risk,Month-to-month,15,Fiber optic,101.35,1520.25,0,Electronic check
2034-CGRHZ,Yes,1,0.6165,High Risk,Month-to-month,24,Fiber optic,102.95,2470.8,1,Credit card
8224-DWCKX,No,1,0.6165,High Risk,Month-to-month,12,Fiber optic,73.3,879.6,1,Credit card
8433-WXGNA,Yes,1,0.6164,High Risk,Month-to-month,2,Fiber optic,75.7,151.4,0,Electronic check
5832-XKAES,Yes,1,0.6164,High Risk,Month-to-month,2,Fiber optic,69.8,139.6,0,Credit card
4299-SIMNS,No,1,0.6162,High Risk,Month-to-month,9,Fiber optic,81.15,730.35,0,Electronic check
8634-MPHTR,Yes,1,0.6157,High Risk,Month-to-month,47,Fiber optic,100.05,4702.35,1,Electronic check
4277-PVRAN,Yes,1,0.6156,High Risk,Month-to-month,8,Fiber optic,80.1,640.8,0,Bank transfer
1465-VINDH,Yes,1,0.6156,High Risk,Month-to-month,10,Fiber optic,102.1,1021.0,0,Credit card
0135-NMXAP,Yes,1,0.6156,High Risk,Month-to-month,12,Fiber optic,89.75,1077.0,0,Bank transfer
1766-GKNMI,No,1,0.6154,High Risk,Month-to-month,29,Fiber optic,84.9,2462.1,0,Electronic check
6496-JDSSB,No,1,0.6152,High Risk,Month-to-month,8,Fiber optic,80.0,640.0,0,Bank transfer
3249-ZPQRG,Yes,1,0.6152,High Risk,Month-to-month,4,Fiber optic,78.45,313.8,0,Electronic check
7854-FOKSF,Yes,1,0.6151,High Risk,Month-to-month,1,DSL,35.9,35.9,0,Electronic check
1751-NCDLI,No,1,0.615,High Risk,Month-to-month,46,Fiber optic,98.85,4547.1,1,Electronic check
5692-ICXLW,No,1,0.615,High Risk,Month-to-month,31,Fiber optic,90.7,2811.7,1,Electronic check
4029-HPFVY,No,1,0.6149,High Risk,Month-to-month,3,Fiber optic,70.3,210.9,0,Mailed check
5405-ZMYXQ,No,1,0.6148,High Risk,Month-to-month,8,Fiber optic,74.6,596.8,0,Credit card
3908-BLSYF,Yes,1,0.6143,High Risk,Month-to-month,6,Fiber optic,83.9,503.4,0,Electronic check
4439-JMPMT,Yes,1,0.6141,High Risk,Month-to-month,5,Fiber optic,85.75,428.75,0,Electronic check
2262-SLNVK,No,1,0.6138,High Risk,Month-to-month,1,Fiber optic,70.1,70.1,0,Electronic check
2439-LYPMQ,No,1,0.6138,High Risk,Month-to-month,38,Fiber optic,102.6,3898.8,1,Electronic check
5949-XIKAE,Yes,1,0.6137,High Risk,Month-to-month,8,Fiber optic,83.55,668.4,0,Electronic check
8263-JQAIK,Yes,1,0.6136,High Risk,Month-to-month,2,DSL,24.45,48.9,1,Mailed check
3841-CONLJ,No,1,0.6136,High Risk,Month-to-month,1,DSL,35.0,35.0,0,Electronic check
0388-EOPEX,Yes,1,0.6135,High Risk,Month-to-month,2,Fiber optic,74.4,148.8,0,Electronic check
5899-MQZZL,Yes,1,0.6134,High Risk,Month-to-month,13,Fiber optic,75.0,975.0,0,Mailed check
5261-QSHQM,Yes,1,0.6131,High Risk,Month-to-month,4,DSL,24.45,97.8,0,Electronic check
5054-IEXZT,Yes,1,0.613,High Risk,Month-to-month,1,Fiber optic,75.35,75.35,0,Electronic check
7315-WYOAW,No,1,0.6129,High Risk,Month-to-month,13,Fiber optic,100.75,1309.75,0,Electronic check
2135-DQWAQ,No,1,0.6129,High Risk,Month-to-month,5,Fiber optic,85.3,426.5,0,Mailed check
1771-OADNZ,Yes,1,0.6127,High Risk,Month-to-month,29,Fiber optic,95.9,2781.1,1,Electronic check
4983-CCWMC,No,1,0.6126,High Risk,Month-to-month,3,Fiber optic,69.6,208.8,0,Mailed check
8650-RHRKE,Yes,1,0.6125,High Risk,Month-to-month,4,DSL,29.65,118.6,0,Electronic check
5959-BELXA,Yes,1,0.6124,High Risk,Month-to-month,32,Fiber optic,96.15,3076.8,1,Credit card
9547-ITEFG,No,1,0.6124,High Risk,Month-to-month,9,Fiber optic,102.6,923.4,0,Credit card
1754-GKYPY,No,1,0.6123,High Risk,Month-to-month,22,Fiber optic,89.75,1974.5,1,Bank transfer
3992-YWPKO,Yes,1,0.612,High Risk,Month-to-month,6,Fiber optic,109.9,659.4,0,Credit card
8374-XGEJJ,Yes,1,0.6119,High Risk,Month-to-month,43,Fiber optic,101.0,4343.0,1,Electronic check
3771-PZOBW,No,1,0.6118,High Risk,Month-to-month,20,Fiber optic,90.7,1814.0,0,Credit card
5271-DBYSJ,No,1,0.6118,High Risk,Month-to-month,11,Fiber optic,79.15,870.65,1,Credit card
0027-KWYKW,No,1,0.6118,High Risk,Month-to-month,23,Fiber optic,83.75,1926.25,0,Electronic check
3703-KBKZP,No,1,0.6117,High Risk,Month-to-month,16,Fiber optic,74.45,1191.2,1,Bank transfer
3797-FKOGQ,No,1,0.6114,High Risk,Month-to-month,11,Fiber optic,86.2,948.2,0,Electronic check
3597-MVHJT,No,1,0.6113,High Risk,Month-to-month,27,Fiber optic,95.6,2581.2,0,Bank transfer
1740-CSDJP,Yes,1,0.6111,High Risk,Month-to-month,1,DSL,35.25,35.25,0,Bank transfer
2080-CAZNM,No,1,0.6104,High Risk,Month-to-month,41,Fiber optic,104.4,4280.4,1,Electronic check
0612-RTZZA,Yes,1,0.6102,High Risk,Month-to-month,1,DSL,25.25,25.25,1,Electronic check
7517-LDMPS,No,1,0.61,High Risk,Month-to-month,12,Fiber optic,84.6,1015.2,0,Electronic check
0923-PNFUB,Yes,1,0.61,High Risk,Month-to-month,3,Fiber optic,83.75,251.25,0,Electronic check
8436-BJUMM,Yes,1,0.6099,High Risk,Month-to-month,26,Fiber optic,83.75,2177.5,0,Electronic check
0524-IAVZO,Yes,1,0.6099,High Risk,Month-to-month,30,Fiber optic,85.0,2550.0,0,Electronic check
9576-ANLXO,Yes,1,0.6095,High Risk,Month-to-month,3,Fiber optic,69.55,208.65,0,Bank transfer
1989-PRJHP,Yes,1,0.6092,High Risk,Month-to-month,27,Fiber optic,75.5,2038.5,1,Electronic check
2856-HYAPG,Yes,1,0.6091,High Risk,Month-to-month,1,Fiber optic,68.65,68.65,0,Electronic check
6030-REHUX,No,1,0.6089,High Risk,Month-to-month,28,Fiber optic,110.85,3103.8,1,Electronic check
0491-KAPQG,No,1,0.6087,High Risk,Month-to-month,21,Fiber optic,73.7,1547.7,0,Electronic check
5934-RMPOV,No,1,0.6087,High Risk,Month-to-month,22,Fiber optic,84.75,1864.5,0,Electronic check
6032-KRXXO,Yes,1,0.6085,High Risk,Month-to-month,30,Fiber optic,90.25,2707.5,0,Electronic check
1658-TJVOA,No,1,0.6085,High Risk,Month-to-month,6,Fiber optic,74.1,444.6,1,Electronic check
9190-MFJLN,Yes,1,0.6084,High Risk,Month-to-month,19,Fiber optic,95.9,1822.1,1,Credit card
7928-VJYAB,No,1,0.6082,High Risk,Month-to-month,11,Fiber optic,90.6,996.6,0,Electronic check
1496-GGSUK,Yes,1,0.6081,High Risk,Month-to-month,1,DSL,25.7,25.7,1,Mailed check
7278-CKDNC,No,1,0.608,High Risk,Month-to-month,24,Fiber optic,80.5,1932.0,1,Electronic check
2868-SNELZ,Yes,1,0.6079,High Risk,Month-to-month,2,Fiber optic,80.6,161.2,0,Mailed check
0225-ZORZP,No,1,0.6074,High Risk,Month-to-month,3,Fiber optic,84.3,252.9,0,Electronic check
1302-UHBDD,No,1,0.6072,High Risk,Month-to-month,20,Fiber optic,89.95,1799.0,1,Electronic check
6692-UDPJC,Yes,1,0.6069,High Risk,Month-to-month,14,Fiber optic,91.65,1283.1,0,Electronic check
5520-FVEWJ,Yes,1,0.6066,High Risk,Month-to-month,12,Fiber optic,84.5,1014.0,0,Electronic check
3315-TOTBP,Yes,1,0.606,High Risk,Month-to-month,15,Fiber optic,76.0,1140.0,0,Mailed check
4763-PGDPO,Yes,1,0.6059,High Risk,Month-to-month,4,Fiber optic,70.4,281.6,0,Electronic check
3376-BMGFE,Yes,1,0.6058,High Risk,Month-to-month,4,Fiber optic,70.9,283.6,0,Bank transfer
9961-JBNMK,Yes,1,0.6058,High Risk,Month-to-month,21,Fiber optic,96.8,2032.8,1,Bank transfer
1641-RQDAY,No,1,0.6057,High Risk,Month-to-month,32,Fiber optic,100.4,3212.8,1,Electronic check
4686-UXDML,No,1,0.6057,High Risk,Month-to-month,21,Fiber optic,99.85,2096.85,0,Credit card
3669-LVWZB,Yes,1,0.6055,High Risk,Month-to-month,5,DSL,51.0,255.0,0,Mailed check
3440-JPSCL,Yes,1,0.6047,High Risk,Month-to-month,6,Fiber optic,99.95,599.7,0,Mailed check
6833-JMZYP,No,1,0.6047,High Risk,Month-to-month,15,Fiber optic,94.0,1410.0,0,Credit card
6923-JHPMP,No,1,0.6044,High Risk,Month-to-month,2,Fiber optic,80.45,160.9,0,Electronic check
1010-DIAUQ,Yes,1,0.6044,High Risk,Month-to-month,5,Fiber optic,96.5,482.5,0,Bank transfer
5712-PTIWW,Yes,1,0.6043,High Risk,Month-to-month,2,Fiber optic,79.85,159.7,0,Electronic check
8945-GRKHX,Yes,1,0.6043,High Risk,Month-to-month,1,Fiber optic,78.65,78.65,0,Electronic check
2774-LVQUS,Yes,1,0.6042,High Risk,Month-to-month,15,Fiber optic,83.05,1245.75,1,Electronic check
4919-IKATY,Yes,1,0.6042,High Risk,Month-to-month,5,Fiber optic,84.5,422.5,0,Electronic check
0616-ATFGB,Yes,1,0.6041,High Risk,Month-to-month,1,DSL,25.05,25.05,1,Electronic check
3538-WZPHD,Yes,1,0.6039,High Risk,Month-to-month,3,DSL,29.6,88.8,0,Electronic check
5947-SGKCL,No,1,0.6038,High Risk,Month-to-month,15,Fiber optic,105.35,1580.25,0,Bank transfer
4412-YLTKF,Yes,1,0.6038,High Risk,Month-to-month,27,Fiber optic,78.05,2107.35,1,Electronic check
2739-CACDQ,No,1,0.6037,High Risk,Month-to-month,17,Fiber optic,82.65,1405.05,1,Credit card
7767-UXAGJ,Yes,1,0.6033,High Risk,Month-to-month,1,DSL,50.45,50.45,0,Electronic check
0611-DFXKO,Yes,1,0.6032,High Risk,Month-to-month,20,Fiber optic,89.0,1780.0,0,Mailed check
9866-QEVEE,Yes,1,0.6032,High Risk,Month-to-month,19,Fiber optic,86.0,1634.0,0,Bank transfer
8734-DKSTZ,No,1,0.6031,High Risk,Month-to-month,10,Fiber optic,85.95,859.5,0,Electronic check
5233-GEEAX,Yes,1,0.6029,High Risk,Month-to-month,8,DSL,29.4,235.2,1,Electronic check
3346-BRMIS,Yes,1,0.6027,High Risk,Month-to-month,18,DSL,48.35,870.3,1,Electronic check
9874-QLCLH,Yes,1,0.6024,High Risk,Month-to-month,17,Fiber optic,104.2,1771.4,0,Electronic check
2740-TVLFN,No,1,0.6024,High Risk,Month-to-month,1,DSL,50.15,50.15,0,Electronic check
0727-IWKVK,Yes,1,0.6023,High Risk,Month-to-month,9,Fiber optic,79.9,719.1,0,Electronic check
7714-YXSMB,No,1,0.6023,High Risk,Month-to-month,26,Fiber optic,100.5,2613.0,0,Bank transfer
8035-PWSEV,No,1,0.6022,High Risk,Month-to-month,6,Fiber optic,89.25,535.5,0,Electronic check
6907-NZZIJ,Yes,1,0.6021,High Risk,Month-to-month,36,Fiber optic,99.15,3569.4,0,Electronic check
0330-IVZHA,Yes,1,0.602,High Risk,Month-to-month,5,Fiber optic,69.95,349.75,0,Electronic check
2860-RANUS,Yes,1,0.6018,High Risk,Month-to-month,20,Fiber optic,85.8,1716.0,1,Credit card
2575-GFSOE,Yes,1,0.6017,High Risk,Month-to-month,7,Fiber optic,69.0,483.0,0,Electronic check
4059-IIEBK,No,1,0.6016,High Risk,Month-to-month,7,Fiber optic,78.55,549.85,0,Bank transfer
6993-OHLXR,Yes,1,0.6016,High Risk,Month-to-month,2,Fiber optic,68.95,137.9,0,Electronic check
2397-BRLOM,Yes,1,0.6016,High Risk,Month-to-month,8,Fiber optic,80.45,643.6,1,Credit card
4009-ALQFH,Yes,1,0.6014,High Risk,Month-to-month,25,Fiber optic,99.5,2487.5,0,Electronic check
9796-BPKIW,No,1,0.6013,High Risk,Month-to-month,8,Fiber optic,69.95,559.6,1,Credit card
1122-JWTJW,Yes,1,0.6013,High Risk,Month-to-month,1,Fiber optic,70.65,70.65,0,Mailed check
4583-PARNH,No,1,0.6012,High Risk,Month-to-month,16,Fiber optic,91.55,1464.8,1,Electronic check
3496-LFSZU,No,1,0.6008,High Risk,Month-to-month,4,Fiber optic,70.5,282.0,0,Electronic check
8714-CTZJW,No,1,0.6008,High Risk,Month-to-month,4,Fiber optic,82.85,331.4,0,Credit card
9050-QLROH,Yes,1,0.6008,High Risk,Month-to-month,18,Fiber optic,90.7,1632.6,0,Credit card
2984-MIIZL,Yes,1,0.6007,High Risk,Month-to-month,4,Fiber optic,74.8,299.2,0,Bank transfer
2460-NGXBJ,No,1,0.6006,High Risk,Month-to-month,11,Fiber optic,75.2,827.2,1,Credit card
7242-QZLXF,Yes,1,0.6003,High Risk,Month-to-month,1,DSL,25.3,25.3,0,Electronic check
0112-QAWRZ,No,1,0.6,Medium Risk,Month-to-month,16,Fiber optic,90.8,1452.8,0,Bank transfer
6352-TWCAU,Yes,1,0.5995,Medium Risk,Month-to-month,35,Fiber optic,86.45,3025.75,0,Electronic check
8104-OSKWT,No,1,0.5993,Medium Risk,Month-to-month,12,Fiber optic,79.8,957.6,0,Electronic check
1428-GTBJJ,Yes,1,0.5992,Medium Risk,Month-to-month,11,Fiber optic,74.55,820.05,0,Electronic check
1062-LHZOD,Yes,1,0.5989,Medium Risk,Month-to-month,1,Fiber optic,69.9,69.9,0,Mailed check
4505-EXZHB,Yes,1,0.5987,Medium Risk,Month-to-month,6,Fiber optic,74.4,446.4,1,Electronic check
6242-MBHPK,No,1,0.5986,Medium Risk,Month-to-month,23,Fiber optic,95.1,2187.3,1,Electronic check
2754-XBHTB,Yes,1,0.5986,Medium Risk,Month-to-month,9,Fiber optic,77.65,698.85,0,Bank transfer
0620-DLSLK,No,1,0.5984,Medium Risk,Month-to-month,13,Fiber optic,81.9,1064.7,0,Mailed check
4647-MUZON,No,1,0.5984,Medium Risk,Month-to-month,18,Fiber optic,95.95,1727.1,0,Credit card
2862-PFNIK,No,1,0.5983,Medium Risk,Month-to-month,1,DSL,24.7,24.7,0,Electronic check
4636-QRJKY,Yes,1,0.5982,Medium Risk,Month-to-month,6,Fiber optic,80.5,483.0,0,Electronic check
3858-VOBET,Yes,1,0.5981,Medium Risk,Month-to-month,23,Fiber optic,74.95,1723.85,0,Electronic check
1583-IHQZE,Yes,1,0.5981,Medium Risk,Month-to-month,12,Fiber optic,112.95,1355.4,0,Mailed check
3640-PHQXK,Yes,1,0.5981,Medium Risk,Month-to-month,31,Fiber optic,89.9,2786.9,0,Electronic check
8617-ENBDS,No,1,0.5977,Medium Risk,Month-to-month,3,Fiber optic,73.6,220.8,0,Credit card
2079-FBMZK,Yes,1,0.5976,Medium Risk,Month-to-month,6,Fiber optic,69.25,415.5,0,Mailed check
0248-IPDFW,No,1,0.5975,Medium Risk,Month-to-month,1,DSL,50.1,50.1,0,Electronic check
3801-HMYNL,Yes,1,0.5974,Medium Risk,Month-to-month,1,Fiber optic,89.15,89.15,0,Mailed check
0447-RXSGD,No,1,0.5966,Medium Risk,Month-to-month,24,Fiber optic,99.65,2391.6,0,Bank transfer
0875-CABNR,Yes,1,0.5965,Medium Risk,Month-to-month,10,Fiber optic,84.6,846.0,1,Credit card
7321-PKUYW,Yes,1,0.5962,Medium Risk,Month-to-month,11,Fiber optic,90.15,991.65,0,Electronic check
5482-PLVPE,Yes,1,0.5961,Medium Risk,Month-to-month,2,DSL,24.35,48.7,1,Electronic check
0674-DGMAQ,No,1,0.5961,Medium Risk,Month-to-month,32,Fiber optic,93.5,2992.0,1,Electronic check
5980-NOPLP,Yes,1,0.596,Medium Risk,Month-to-month,44,Fiber optic,96.1,4228.4,0,Electronic check
2608-BHKFN,Yes,1,0.5959,Medium Risk,Month-to-month,4,Fiber optic,70.05,280.2,0,Credit card
5655-JSMZM,Yes,1,0.5958,Medium Risk,Month-to-month,49,Fiber optic,96.2,4713.8,1,Electronic check
5908-QMGOE,Yes,1,0.5956,Medium Risk,Month-to-month,15,Fiber optic,74.2,1113.0,1,Credit card
9560-ARGQJ,Yes,1,0.5952,Medium Risk,Month-to-month,16,Fiber optic,81.0,1296.0,0,Electronic check
7952-OBOYL,No,1,0.5946,Medium Risk,Month-to-month,3,Fiber optic,89.85,269.55,0,Mailed check
9524-EGPJC,Yes,1,0.5943,Medium Risk,Month-to-month,18,Fiber optic,90.1,1621.8,0,Electronic check
5729-KLZAR,Yes,1,0.5943,Medium Risk,Month-to-month,4,Fiber optic,80.85,323.4,0,Electronic check
7318-EIVKO,No,1,0.5941,Medium Risk,Month-to-month,8,DSL,59.25,474.0,0,Electronic check
4998-IKFSE,No,1,0.5939,Medium Risk,Month-to-month,30,Fiber optic,100.45,3013.5,0,Electronic check
4716-HHKQH,No,1,0.5933,Medium Risk,Month-to-month,20,Fiber optic,107.05,2141.0,1,Electronic check
9432-VOFYX,No,1,0.5933,Medium Risk,Month-to-month,17,Fiber optic,70.8,1203.6,0,Electronic check
3365-SAIGS,No,1,0.5933,Medium Risk,Month-to-month,17,Fiber optic,83.55,1420.35,0,Electronic check
8676-TRMJS,Yes,1,0.5927,Medium Risk,Month-to-month,3,Fiber optic,75.0,225.0,0,Mailed check
3411-WLRSQ,No,1,0.5923,Medium Risk,Month-to-month,3,Fiber optic,74.6,223.8,1,Bank transfer
4572-DVCGN,Yes,1,0.5915,Medium Risk,Month-to-month,10,Fiber optic,80.25,802.5,0,Bank transfer
8844-TONUD,Yes,1,0.5912,Medium Risk,Month-to-month,13,Fiber optic,96.65,1256.45,0,Mailed check
8063-RJYNF,Yes,1,0.5907,Medium Risk,Month-to-month,16,Fiber optic,94.25,1508.0,0,Electronic check
7571-YXDAD,Yes,1,0.5907,Medium Risk,Month-to-month,2,Fiber optic,74.9,149.8,0,Credit card
0376-YMCJC,Yes,1,0.5906,Medium Risk,Month-to-month,23,Fiber optic,90.6,2083.8,0,Electronic check
8999-BOHSE,Yes,1,0.5905,Medium Risk,Month-to-month,11,Fiber optic,89.7,986.7,1,Bank transfer
3070-DVEYC,Yes,1,0.5905,Medium Risk,Month-to-month,7,Fiber optic,73.75,516.25,1,Mailed check
7270-BDIOA,Yes,1,0.5904,Medium Risk,Month-to-month,22,Fiber optic,90.0,1980.0,0,Electronic check
8481-YYXWG,Yes,1,0.5903,Medium Risk,Month-to-month,5,Fiber optic,89.35,446.75,0,Electronic check
9136-ALYBR,Yes,1,0.5901,Medium Risk,Month-to-month,1,DSL,24.45,24.45,0,Mailed check
0581-BXBUB,No,1,0.5898,Medium Risk,Month-to-month,4,Fiber optic,72.75,291.0,1,Electronic check
5022-KVDQT,No,1,0.5895,Medium Risk,Month-to-month,27,Fiber optic,81.3,2195.1,0,Electronic check
0772-GYEQQ,Yes,1,0.5895,Medium Risk,Month-to-month,3,Fiber optic,88.35,265.05,0,Mailed check
9773-PEQBZ,No,1,0.5894,Medium Risk,Month-to-month,10,Fiber optic,79.85,798.5,0,Electronic check
0818-OCPZO,Yes,1,0.5893,Medium Risk,Month-to-month,27,Fiber optic,81.45,2199.15,1,Electronic check
9367-WXLCH,Yes,1,0.5892,Medium Risk,Month-to-month,8,Fiber optic,84.5,676.0,0,Bank transfer
5923-GXUOC,Yes,1,0.5889,Medium Risk,Month-to-month,10,Fiber optic,104.4,1044.0,0,Electronic check
3744-ZRRDZ,Yes,1,0.5887,Medium Risk,Month-to-month,21,Fiber optic,82.35,1729.35,0,Electronic check
0258-NOKBL,No,1,0.5886,Medium Risk,Month-to-month,3,Fiber optic,90.4,271.2,0,Electronic check
0749-IRGQE,No,1,0.5884,Medium Risk,Month-to-month,13,DSL,45.3,588.9,1,Electronic check
0147-ESWWR,No,1,0.5884,Medium Risk,Month-to-month,39,Fiber optic,101.25,3948.75,1,Electronic check
9540-JYROE,Yes,1,0.5884,Medium Risk,Month-to-month,8,Fiber optic,70.1,560.8,0,Mailed check
5480-HPRRX,Yes,1,0.588,Medium Risk,Month-to-month,3,DSL,25.3,75.9,1,Electronic check
2959-FENLU,No,1,0.588,Medium Risk,Month-to-month,9,Fiber optic,85.3,767.7,0,Credit card
7537-RBWEA,No,1,0.5877,Medium Risk,Month-to-month,1,DSL,25.15,25.15,0,Mailed check
6032-IGALN,Yes,1,0.5875,Medium Risk,Month-to-month,1,DSL,25.1,25.1,0,Mailed check
3336-JORSO,Yes,1,0.5873,Medium Risk,Month-to-month,33,Fiber optic,110.45,3644.85,1,Electronic check
9172-JITSM,Yes,1,0.5872,Medium Risk,Month-to-month,26,Fiber optic,90.8,2360.8,0,Electronic check
3196-NVXLZ,No,1,0.5871,Medium Risk,Month-to-month,25,Fiber optic,84.6,2115.0,0,Mailed check
7748-UMTRK,No,1,0.5871,Medium Risk,Month-to-month,30,Fiber optic,101.3,3039.0,1,Electronic check
4367-NHWMM,No,1,0.5869,Medium Risk,Month-to-month,1,DSL,24.9,24.9,0,Mailed check
5989-PGKJB,No,1,0.5868,Medium Risk,Month-to-month,16,Fiber optic,86.25,1380.0,0,Electronic check
9600-UDOPK,Yes,1,0.5866,Medium Risk,Month-to-month,30,Fiber optic,94.05,2821.5,0,Credit card
0337-CNPZE,Yes,1,0.5865,Medium Risk,Month-to-month,41,Fiber optic,106.3,4358.3,0,Electronic check
6956-SMUCM,Yes,1,0.5862,Medium Risk,Month-to-month,3,Fiber optic,99.0,297.0,0,Credit card
4369-HTUIF,Yes,1,0.5861,Medium Risk,Month-to-month,6,Fiber optic,85.15,510.9,1,Bank transfer
3050-GBUSH,No,1,0.586,Medium Risk,Month-to-month,3,DSL,34.8,104.4,0,Credit card
0674-EYYZV,No,1,0.5859,Medium Risk,Month-to-month,1,DSL,54.65,54.65,0,Electronic check
8784-CGILN,Yes,1,0.5859,Medium Risk,Month-to-month,18,Fiber optic,99.85,1797.3,0,Bank transfer
7480-QNVZJ,Yes,1,0.5858,Medium Risk,Month-to-month,50,Fiber optic,95.7,4785.0,1,Electronic check
9734-UYXQI,Yes,1,0.5854,Medium Risk,Month-to-month,2,DSL,49.4,98.8,0,Electronic check
9741-YLNTD,No,1,0.5852,Medium Risk,Month-to-month,6,Fiber optic,87.95,527.7,0,Bank transfer
2824-MYYBN,No,1,0.585,Medium Risk,Month-to-month,37,Fiber optic,95.25,3524.25,0,Electronic check
4290-BSXUX,Yes,1,0.585,Medium Risk,Month-to-month,3,Fiber optic,79.65,238.95,0,Bank transfer
9840-EFJQB,No,1,0.585,Medium Risk,Month-to-month,1,Fiber optic,74.35,74.35,0,Electronic check
0315-LVCRK,No,1,0.5846,Medium Risk,Month-to-month,11,Fiber optic,84.8,932.8,0,Electronic check
9947-OTFQU,Yes,1,0.5844,Medium Risk,Month-to-month,15,Fiber optic,74.4,1116.0,1,Electronic check
8565-CLBZW,Yes,1,0.5843,Medium Risk,Month-to-month,24,Fiber optic,89.85,2156.4,0,Mailed check
6715-OFDBP,Yes,1,0.5842,Medium Risk,Month-to-month,5,DSL,70.05,350.25,0,Electronic check
0812-WUPTB,Yes,1,0.5841,Medium Risk,Month-to-month,1,Fiber optic,70.85,70.85,1,Mailed check
7142-HVGBG,Yes,1,0.584,Medium Risk,Month-to-month,43,Fiber optic,103.0,4429.0,1,Electronic check
7072-MBHEV,No,1,0.5838,Medium Risk,Month-to-month,11,Fiber optic,78.1,859.1,1,Credit card
2325-NBPZG,No,1,0.5835,Medium Risk,Month-to-month,3,Fiber optic,74.55,223.65,0,Electronic check
3672-YITQD,Yes,1,0.583,Medium Risk,Month-to-month,36,Fiber optic,84.1,3027.6,1,Electronic check
2528-HFYZX,Yes,1,0.5829,Medium Risk,Month-to-month,17,Fiber optic,76.45,1299.65,1,Electronic check
9801-GDWGV,Yes,1,0.5828,Medium Risk,Month-to-month,39,Fiber optic,103.45,4034.55,0,Electronic check
3748-FVMZZ,No,1,0.5828,Medium Risk,Month-to-month,4,DSL,40.05,160.2,0,Electronic check
9492-TOKRI,Yes,1,0.5827,Medium Risk,Month-to-month,18,Fiber optic,90.0,1620.0,0,Credit card
8132-YPVBX,No,1,0.5823,Medium Risk,Month-to-month,6,Fiber optic,85.95,515.7,0,Mailed check
8949-JTMAY,Yes,1,0.5822,Medium Risk,Month-to-month,29,Fiber optic,98.6,2859.4,0,Credit card
4289-DTDKW,Yes,1,0.5821,Medium Risk,Month-to-month,40,Fiber optic,101.3,4052.0,0,Electronic check
0265-EDXBD,Yes,1,0.5817,Medium Risk,Month-to-month,32,Fiber optic,74.9,2396.8,1,Electronic check
9625-QSTYE,Yes,1,0.5814,Medium Risk,Month-to-month,13,Fiber optic,81.15,1054.95,0,Electronic check
8621-MNIHH,Yes,1,0.5813,Medium Risk,Month-to-month,34,Fiber optic,94.25,3204.5,1,Electronic check
4910-AQFFX,Yes,1,0.5811,Medium Risk,Month-to-month,9,Fiber optic,79.35,714.15,0,Bank transfer
5364-EVNIB,Yes,1,0.5806,Medium Risk,Month-to-month,13,Fiber optic,79.8,1037.4,0,Electronic check
5044-LRQAQ,No,1,0.5804,Medium Risk,Month-to-month,7,Fiber optic,69.2,484.4,0,Bank transfer
4817-QRJSX,Yes,1,0.5802,Medium Risk,Month-to-month,10,Fiber optic,81.0,810.0,0,Credit card
6502-HCJTI,Yes,1,0.5802,Medium Risk,Month-to-month,7,Fiber optic,94.7,662.9,1,Credit card
3143-JQEGI,Yes,1,0.58,Medium Risk,Month-to-month,13,Fiber optic,88.35,1148.55,0,Electronic check
3644-QXEHN,No,1,0.5799,Medium Risk,Month-to-month,13,Fiber optic,97.0,1261.0,0,Electronic check
9692-TUSXH,Yes,1,0.5798,Medium Risk,Month-to-month,18,Fiber optic,96.05,1728.9,0,Electronic check
1335-NTIUC,No,1,0.5797,Medium Risk,Month-to-month,9,DSL,24.95,224.55,0,Electronic check
8637-XJIVR,Yes,1,0.5795,Medium Risk,Month-to-month,12,Fiber optic,78.95,947.4,0,Electronic check
4803-AXVYP,Yes,1,0.5792,Medium Risk,Month-to-month,38,Fiber optic,99.55,3782.9,1,Electronic check
2424-WVHPL,No,1,0.5791,Medium Risk,Month-to-month,1,Fiber optic,74.7,74.7,1,Electronic check
0378-NHQXU,Yes,1,0.579,Medium Risk,Month-to-month,17,Fiber optic,88.25,1500.25,0,Electronic check
4480-QQRHC,No,1,0.579,Medium Risk,Month-to-month,8,Fiber optic,74.05,592.4,1,Bank transfer
7284-BUYEC,No,1,0.579,Medium Risk,Month-to-month,5,DSL,50.95,254.75,0,Credit card
1092-GANHU,Yes,1,0.5786,Medium Risk,Month-to-month,17,Fiber optic,76.65,1303.05,0,Electronic check
0515-YPMCW,Yes,1,0.5781,Medium Risk,Month-to-month,1,Fiber optic,70.45,70.45,0,Mailed check
0848-ZGQIJ,No,1,0.5776,Medium Risk,Month-to-month,16,Fiber optic,94.65,1514.4,0,Bank transfer
0886-QGENL,Yes,1,0.5775,Medium Risk,Month-to-month,27,Fiber optic,101.25,2733.75,1,Electronic check
2920-RNCEZ,No,1,0.5774,Medium Risk,Month-to-month,1,Fiber optic,69.95,69.95,0,Credit card
2252-ISRNH,No,1,0.5768,Medium Risk,One year,9,Fiber optic,90.35,813.15,0,Electronic check
9167-APMXZ,No,1,0.5767,Medium Risk,Month-to-month,22,Fiber optic,84.15,1851.3,0,Bank transfer
5605-IYGFG,No,1,0.5766,Medium Risk,Month-to-month,7,Fiber optic,69.85,488.95,0,Bank transfer
3398-ZOUAA,Yes,1,0.5766,Medium Risk,Month-to-month,21,Fiber optic,69.1,1451.1,1,Electronic check
9894-EZEWG,Yes,1,0.5758,Medium Risk,Month-to-month,1,Fiber optic,74.3,74.3,0,Credit card
8630-FJLIB,No,1,0.5757,Medium Risk,Month-to-month,18,Fiber optic,69.8,1256.4,0,Electronic check
1513-XNPPH,Yes,1,0.5753,Medium Risk,Month-to-month,12,Fiber optic,89.4,1072.8,0,Electronic check
4195-NZGTA,No,1,0.5752,Medium Risk,Month-to-month,1,DSL,25.25,25.25,0,Electronic check
6645-MXQJT,No,1,0.5752,Medium Risk,Month-to-month,2,Fiber optic,97.1,194.2,0,Electronic check
1086-LXKFY,Yes,1,0.5751,Medium Risk,Month-to-month,1,Fiber optic,69.1,69.1,0,Mailed check
0958-YHXGP,No,1,0.575,Medium Risk,Month-to-month,7,Fiber optic,69.9,489.3,0,Mailed check
4629-NRXKX,Yes,1,0.5746,Medium Risk,Month-to-month,2,Fiber optic,70.4,140.8,0,Electronic check
2249-YPRNG,Yes,1,0.5745,Medium Risk,Month-to-month,20,Fiber optic,105.85,2117.0,0,Bank transfer
0940-OUQEC,Yes,1,0.5743,Medium Risk,Month-to-month,10,Fiber optic,80.7,807.0,0,Bank transfer
0093-EXYQL,No,1,0.5739,Medium Risk,Month-to-month,40,Fiber optic,91.55,3662.0,1,Electronic check
7595-EUIVN,Yes,1,0.5733,Medium Risk,Month-to-month,1,Fiber optic,75.8,75.8,0,Electronic check
6103-BOCOU,No,1,0.5732,Medium Risk,Month-to-month,26,Fiber optic,80.7,2098.2,0,Electronic check
2685-SREOM,Yes,1,0.5731,Medium Risk,Month-to-month,25,Fiber optic,89.1,2227.5,0,Electronic check
9600-NAXZN,Yes,1,0.5731,Medium Risk,Month-to-month,43,Fiber optic,101.4,4360.2,0,Electronic check
9227-LUNBG,Yes,1,0.573,Medium Risk,Month-to-month,1,DSL,24.6,24.6,0,Electronic check
8118-TJAFG,No,1,0.573,Medium Risk,Month-to-month,9,Fiber optic,101.5,913.5,0,Electronic check
6365-MTGZX,Yes,1,0.5729,Medium Risk,Month-to-month,24,Fiber optic,96.0,2304.0,0,Electronic check
0439-IFYUN,No,1,0.5726,Medium Risk,Month-to-month,18,Fiber optic,74.7,1344.6,1,Electronic check
9658-WYUFB,Yes,1,0.5724,Medium Risk,Month-to-month,17,Fiber optic,94.4,1604.8,0,Electronic check
8120-JDCAM,No,1,0.572,Medium Risk,Month-to-month,4,Fiber optic,69.55,278.2,0,Mailed check
2359-KMGLI,Yes,1,0.5718,Medium Risk,Month-to-month,24,Fiber optic,80.25,1926.0,0,Electronic check
6330-JKLPC,Yes,1,0.5718,Medium Risk,Month-to-month,11,Fiber optic,80.5,885.5,0,Bank transfer
0637-YLETY,Yes,1,0.5717,Medium Risk,Month-to-month,16,Fiber optic,95.6,1529.6,0,Credit card
6680-WKXRZ,Yes,1,0.5712,Medium Risk,Month-to-month,3,Fiber optic,74.4,223.2,0,Bank transfer
8066-POXGX,Yes,1,0.5711,Medium Risk,Month-to-month,13,DSL,35.1,456.3,0,Electronic check
9129-UXERG,No,1,0.5707,Medium Risk,Month-to-month,18,Fiber optic,103.6,1864.8,1,Credit card
9133-AYJZG,No,1,0.5706,Medium Risk,Month-to-month,23,Fiber optic,98.7,2270.1,0,Credit card
9355-NPPFS,No,1,0.5701,Medium Risk,Month-to-month,26,Fiber optic,78.8,2048.8,1,Electronic check
0581-MDMPW,No,1,0.57,Medium Risk,Month-to-month,24,Fiber optic,88.95,2134.8,0,Credit card
5019-GQVCR,No,1,0.5698,Medium Risk,Month-to-month,43,Fiber optic,84.85,3648.55,1,Electronic check
4816-LXZYW,Yes,1,0.5698,Medium Risk,Month-to-month,23,Fiber optic,79.15,1820.45,0,Electronic check
3211-AAPKX,No,1,0.5696,Medium Risk,Month-to-month,20,Fiber optic,98.55,1971.0,0,Mailed check
1236-WFCDV,Yes,1,0.5693,Medium Risk,Month-to-month,14,Fiber optic,90.45,1266.3,1,Credit card
8695-ARGXZ,No,1,0.5687,Medium Risk,Month-to-month,34,Fiber optic,75.55,2568.7,1,Electronic check
3884-HCSWG,Yes,1,0.5686,Medium Risk,Month-to-month,17,Fiber optic,70.0,1190.0,0,Electronic check
8276-MQBYC,Yes,1,0.5686,Medium Risk,Month-to-month,51,Fiber optic,97.8,4987.8,1,Electronic check
4818-QIUFN,Yes,1,0.5682,Medium Risk,Month-to-month,20,Fiber optic,79.15,1583.0,1,Electronic check
4391-RESHN,Yes,1,0.568,Medium Risk,Month-to-month,23,Fiber optic,104.05,2393.15,0,Mailed check
4030-VPZBD,Yes,1,0.5677,Medium Risk,Month-to-month,2,DSL,30.9,61.8,0,Electronic check
0650-BWOZN,No,1,0.5676,Medium Risk,Month-to-month,18,Fiber optic,73.55,1323.9,1,Electronic check
6818-DJXAA,No,1,0.5676,Medium Risk,Month-to-month,10,Fiber optic,91.1,911.0,0,Electronic check
8182-BJDSI,Yes,1,0.5676,Medium Risk,Month-to-month,28,Fiber optic,89.95,2518.6,0,Electronic check
4547-KQRTM,Yes,1,0.567,Medium Risk,Month-to-month,10,Fiber optic,80.05,800.5,0,Bank transfer
2080-GKCWQ,No,1,0.5669,Medium Risk,Month-to-month,2,Fiber optic,74.95,149.9,0,Electronic check
6298-QDFNH,Yes,1,0.5669,Medium Risk,Month-to-month,22,Fiber optic,79.35,1745.7,0,Electronic check
5233-AOZUF,No,1,0.5666,Medium Risk,Month-to-month,29,Fiber optic,74.95,2173.55,0,Electronic check
7426-RHZGU,No,1,0.5664,Medium Risk,Month-to-month,9,Fiber optic,95.9,863.1,0,Bank transfer
1932-UEDCX,No,1,0.5663,Medium Risk,Month-to-month,33,Fiber optic,100.6,3319.8,1,Bank transfer
3588-WSTTJ,No,1,0.5663,Medium Risk,Month-to-month,35,Fiber optic,99.05,3466.75,1,Electronic check
2919-HBCJO,Yes,1,0.5663,Medium Risk,Month-to-month,4,Fiber optic,76.65,306.6,0,Bank transfer
4547-LYTDD,Yes,1,0.5661,Medium Risk,Month-to-month,16,Fiber optic,72.65,1162.4,0,Electronic check
1894-IGFSG,Yes,1,0.566,Medium Risk,Month-to-month,22,Fiber optic,89.25,1963.5,0,Electronic check
3583-EKAPL,Yes,1,0.5659,Medium Risk,Month-to-month,1,DSL,55.0,55.0,0,Electronic check
5183-SNMJQ,No,1,0.5658,Medium Risk,Month-to-month,10,Fiber optic,95.1,951.0,0,Credit card
5914-DVBWJ,Yes,1,0.5656,Medium Risk,Month-to-month,18,Fiber optic,85.45,1538.1,1,Electronic check
6719-OXYBR,No,1,0.5654,Medium Risk,Month-to-month,15,Fiber optic,85.3,1279.5,0,Electronic check
9851-QXEEQ,Yes,1,0.5653,Medium Risk,Month-to-month,41,Fiber optic,104.7,4292.7,0,Electronic check
5909-ECHUI,Yes,1,0.5653,Medium Risk,Month-to-month,1,DSL,56.25,56.25,0,Electronic check
2082-OJVTK,Yes,1,0.5653,Medium Risk,Month-to-month,29,Fiber optic,89.2,2586.8,0,Electronic check
1723-HKXJQ,Yes,1,0.5652,Medium Risk,Month-to-month,42,Fiber optic,101.75,4273.5,0,Electronic check
0988-JRWWP,No,1,0.5652,Medium Risk,Month-to-month,3,DSL,54.2,162.6,0,Electronic check
1769-GRUIK,No,1,0.5649,Medium Risk,Month-to-month,18,Fiber optic,71.1,1279.8,0,Electronic check
1580-BMCMR,No,1,0.5645,Medium Risk,Month-to-month,19,Fiber optic,87.3,1658.7,1,Electronic check
5666-CYCYZ,No,1,0.5643,Medium Risk,Month-to-month,24,Fiber optic,89.55,2149.2,0,Electronic check
0899-LIIBW,No,1,0.5638,Medium Risk,Month-to-month,34,Fiber optic,100.85,3428.9,0,Electronic check
4652-NNHNY,Yes,1,0.5637,Medium Risk,Month-to-month,16,Fiber optic,73.85,1181.6,0,Bank transfer
0219-YTZUE,Yes,1,0.5637,Medium Risk,Month-to-month,4,Fiber optic,84.8,339.2,0,Bank transfer
6086-ESGRL,Yes,1,0.5636,Medium Risk,Month-to-month,1,Fiber optic,80.15,80.15,0,Credit card
2070-XYMFH,No,1,0.5634,Medium Risk,Month-to-month,23,Fiber optic,79.35,1825.05,1,Mailed check
3003-CMDUU,No,1,0.5632,Medium Risk,Month-to-month,25,Fiber optic,95.15,2378.75,0,Electronic check
2187-PKZAY,No,1,0.5626,Medium Risk,Month-to-month,12,Fiber optic,79.95,959.4,0,Bank transfer
5167-GBFRE,Yes,1,0.5625,Medium Risk,Month-to-month,4,DSL,25.2,100.8,1,Bank transfer
8818-DOPVL,No,1,0.5624,Medium Risk,Month-to-month,46,Fiber optic,104.45,4804.7,1,Electronic check
5442-XSDCW,Yes,1,0.5624,Medium Risk,Month-to-month,11,Fiber optic,79.5,874.5,0,Bank transfer
6088-BXMRG,No,1,0.5624,Medium Risk,Month-to-month,32,Fiber optic,98.85,3163.2,0,Electronic check
3063-QFSZL,Yes,1,0.5624,Medium Risk,Month-to-month,1,DSL,55.4,55.4,0,Electronic check
0362-ZBZWJ,Yes,1,0.5623,Medium Risk,Month-to-month,36,Fiber optic,84.9,3056.4,0,Electronic check
0434-CSFON,No,1,0.5623,Medium Risk,Month-to-month,47,Fiber optic,100.5,4723.5,0,Electronic check
9191-MYQKX,Yes,1,0.5622,Medium Risk,Month-to-month,7,Fiber optic,75.15,526.05,0,Bank transfer
4919-MOAVT,Yes,1,0.5619,Medium Risk,Month-to-month,3,Fiber optic,69.65,208.95,0,Electronic check
2362-IBOOY,Yes,1,0.5615,Medium Risk,Month-to-month,36,Fiber optic,84.75,3051.0,0,Electronic check
6900-PXRMS,Yes,1,0.5614,Medium Risk,Month-to-month,26,Fiber optic,105.75,2749.5,1,Electronic check
4236-UJPWO,No,1,0.5612,Medium Risk,Month-to-month,2,DSL,24.5,49.0,0,Electronic check
5307-DZCVC,Yes,1,0.5603,Medium Risk,Month-to-month,32,Fiber optic,85.95,2750.4,1,Credit card
8128-YVJRG,Yes,1,0.5596,Medium Risk,Month-to-month,7,Fiber optic,79.65,557.55,0,Mailed check
8937-RDTHP,Yes,1,0.5593,Medium Risk,Month-to-month,1,Fiber optic,84.6,84.6,0,Mailed check
2603-HVKCG,No,1,0.5592,Medium Risk,Month-to-month,31,Fiber optic,101.4,3143.4,0,Electronic check
4183-MYFRB,No,1,0.5591,Medium Risk,Month-to-month,21,Fiber optic,90.05,1891.05,0,Electronic check
1522-VVDMG,Yes,1,0.5589,Medium Risk,Month-to-month,7,Fiber optic,89.75,628.25,0,Electronic check
7379-FNIUJ,No,1,0.5578,Medium Risk,Month-to-month,2,Fiber optic,100.2,200.4,0,Electronic check
8393-DLHGA,Yes,1,0.5576,Medium Risk,Month-to-month,25,Fiber optic,95.9,2397.5,0,Electronic check
8160-HOWOX,No,1,0.5575,Medium Risk,Month-to-month,7,DSL,66.85,467.95,0,Electronic check
7586-ZATGZ,No,1,0.5575,Medium Risk,Month-to-month,40,Fiber optic,84.9,3396.0,0,Electronic check
2091-RFFBA,Yes,1,0.5572,Medium Risk,Month-to-month,31,Fiber optic,73.9,2290.9,1,Electronic check
8685-WHQPW,Yes,1,0.5572,Medium Risk,Month-to-month,22,Fiber optic,74.4,1636.8,1,Bank transfer
8429-XIBUM,Yes,1,0.557,Medium Risk,Month-to-month,22,Fiber optic,101.35,2229.7,0,Bank transfer
1918-ZBFQJ,Yes,1,0.5569,Medium Risk,Month-to-month,13,Fiber optic,79.25,1030.25,0,Electronic check
3934-HXCFZ,Yes,1,0.5566,Medium Risk,Month-to-month,23,Fiber optic,99.25,2282.75,0,Electronic check
9743-DQKQW,No,1,0.5566,Medium Risk,Month-to-month,3,DSL,25.1,75.3,0,Electronic check
7410-YTJIK,Yes,1,0.5566,Medium Risk,Month-to-month,7,Fiber optic,75.45,528.15,0,Mailed check
5119-KEPFY,No,1,0.5564,Medium Risk,Month-to-month,36,Fiber optic,95.0,3420.0,0,Bank transfer
7176-WIONM,No,1,0.5558,Medium Risk,Month-to-month,12,DSL,49.85,598.2,0,Bank transfer
0771-WLCLA,No,1,0.5557,Medium Risk,Month-to-month,16,Fiber optic,112.95,1807.2,0,Electronic check
5226-NOZFC,No,1,0.5557,Medium Risk,Month-to-month,26,Fiber optic,85.75,2229.5,0,Electronic check
4587-NUKOX,Yes,1,0.5556,Medium Risk,Month-to-month,3,Fiber optic,79.1,237.3,0,Electronic check
3550-SAHFP,Yes,1,0.5556,Medium Risk,Month-to-month,33,Fiber optic,83.35,2750.55,0,Electronic check
5144-TVGLP,No,1,0.5555,Medium Risk,Month-to-month,38,Fiber optic,94.75,3600.5,1,Electronic check
6284-AHOOQ,Yes,1,0.5555,Medium Risk,Month-to-month,22,Fiber optic,90.5,1991.0,1,Bank transfer
2592-SEIFQ,Yes,1,0.5553,Medium Risk,Month-to-month,3,DSL,24.75,74.25,0,Electronic check
0511-JTEOY,Yes,1,0.555,Medium Risk,Month-to-month,1,Fiber optic,71.1,71.1,0,Mailed check
9490-DFPMD,Yes,1,0.5549,Medium Risk,Month-to-month,42,Fiber optic,84.65,3555.3,1,Electronic check
7924-GJZFI,No,1,0.5547,Medium Risk,Month-to-month,25,Fiber optic,69.3,1732.5,1,Electronic check
3754-DXMRT,Yes,1,0.5546,Medium Risk,Month-to-month,2,DSL,44.15,88.3,1,Electronic check
0151-ONTOV,Yes,1,0.5543,Medium Risk,Month-to-month,1,Fiber optic,70.9,70.9,0,Mailed check
5857-TYBCJ,No,1,0.5542,Medium Risk,Month-to-month,44,Fiber optic,89.2,3924.8,1,Electronic check
3755-JBMNH,Yes,1,0.5539,Medium Risk,Month-to-month,16,Fiber optic,71.8,1148.8,1,Bank transfer
6311-UEUME,Yes,1,0.5534,Medium Risk,Month-to-month,29,Fiber optic,78.9,2288.1,0,Electronic check
6175-IRFIT,No,1,0.5533,Medium Risk,Month-to-month,5,Fiber optic,78.75,393.75,0,Mailed check
3647-GMGDH,Yes,1,0.5529,Medium Risk,Month-to-month,22,Fiber optic,94.7,2083.4,0,Credit card
3235-ETOOB,Yes,1,0.5526,Medium Risk,Month-to-month,8,Fiber optic,74.5,596.0,0,Electronic check
8993-PHFWD,Yes,1,0.5523,Medium Risk,Month-to-month,3,DSL,25.25,75.75,0,Electronic check
0921-OHLVP,No,1,0.5522,Medium Risk,Month-to-month,22,Fiber optic,83.05,1827.1,0,Electronic check
4659-NZRUF,Yes,1,0.5521,Medium Risk,Month-to-month,19,Fiber optic,95.15,1807.85,0,Electronic check
6877-LGWXO,Yes,1,0.5521,Medium Risk,Month-to-month,18,Fiber optic,78.55,1413.9,1,Electronic check
0601-WZHJF,Yes,1,0.5519,Medium Risk,Month-to-month,14,DSL,46.35,648.9,0,Electronic check
3269-ATYWD,Yes,1,0.5517,Medium Risk,Month-to-month,39,Fiber optic,95.65,3730.35,1,Bank transfer
7056-IMHCC,Yes,1,0.5517,Medium Risk,Month-to-month,53,Fiber optic,101.9,5400.7,1,Electronic check
8981-FJGLA,No,1,0.5516,Medium Risk,Month-to-month,11,Fiber optic,78.0,858.0,0,Mailed check
0114-PEGZZ,No,1,0.5516,Medium Risk,Month-to-month,33,Fiber optic,107.55,3549.15,0,Electronic check
5543-QDCRY,No,1,0.5515,Medium Risk,Month-to-month,4,DSL,56.4,225.6,0,Electronic check
0654-HMSHN,Yes,1,0.5514,Medium Risk,Month-to-month,21,Fiber optic,104.4,2192.4,0,Electronic check
8778-LMWTJ,No,1,0.5512,Medium Risk,Month-to-month,9,Fiber optic,74.85,673.65,0,Electronic check
2373-NTKOD,No,1,0.5511,Medium Risk,Month-to-month,8,DSL,66.25,530.0,0,Electronic check
5650-VDUDS,Yes,1,0.5502,Medium Risk,Month-to-month,4,DSL,24.25,97.0,0,Mailed check
2501-XWWTZ,No,1,0.5501,Medium Risk,Month-to-month,11,Fiber optic,70.2,772.2,0,Electronic check
5501-TVMGM,No,1,0.55,Medium Risk,Month-to-month,1,DSL,55.25,55.25,0,Electronic check
6101-IMRMM,Yes,1,0.55,Medium Risk,Month-to-month,6,Fiber optic,94.5,567.0,0,Mailed check
4546-FOKWR,No,1,0.5494,Medium Risk,Month-to-month,16,Fiber optic,74.75,1196.0,0,Credit card
8938-UMKPI,Yes,1,0.5491,Medium Risk,Month-to-month,47,Fiber optic,106.4,5000.8,0,Electronic check
2696-NARTR,Yes,1,0.5491,Medium Risk,Month-to-month,11,Fiber optic,73.85,812.35,0,Electronic check
3627-FCRDW,Yes,1,0.549,Medium Risk,Month-to-month,9,Fiber optic,71.0,639.0,0,Electronic check
1212-GLHMD,No,1,0.5489,Medium Risk,Month-to-month,3,Fiber optic,86.05,258.15,0,Mailed check
5630-IXDXV,No,1,0.5487,Medium Risk,Month-to-month,47,Fiber optic,106.35,4998.45,0,Electronic check
4013-UBXWQ,Yes,1,0.5485,Medium Risk,Month-to-month,7,DSL,74.65,522.55,0,Electronic check
2582-FFFZR,No,1,0.5484,Medium Risk,Month-to-month,22,DSL,50.6,1113.2,0,Electronic check
4360-PNRQB,No,1,0.5484,Medium Risk,Month-to-month,18,Fiber optic,75.6,1360.8,0,Bank transfer
9365-SRSZE,No,1,0.5483,Medium Risk,Month-to-month,27,Fiber optic,70.55,1904.85,1,Electronic check
1262-OPMFY,Yes,1,0.5478,Medium Risk,Month-to-month,9,Fiber optic,75.75,681.75,0,Bank transfer
9058-MJLZC,No,1,0.5475,Medium Risk,Month-to-month,24,Fiber optic,94.6,2270.4,0,Electronic check
3914-FDRHP,No,1,0.5475,Medium Risk,Month-to-month,9,Fiber optic,86.25,776.25,0,Electronic check
5649-ANRML,Yes,1,0.5474,Medium Risk,Month-to-month,2,Fiber optic,95.1,190.2,1,Credit card
9572-WUKSB,No,1,0.5474,Medium Risk,Month-to-month,3,DSL,29.9,89.7,0,Electronic check
5899-OUVKV,No,1,0.5468,Medium Risk,Month-to-month,31,Fiber optic,94.5,2929.5,0,Electronic check
3966-HRMZA,No,1,0.5467,Medium Risk,Month-to-month,3,Fiber optic,75.05,225.15,1,Mailed check
2916-BQZLN,No,1,0.5466,Medium Risk,Month-to-month,19,Fiber optic,84.75,1610.25,0,Electronic check
9601-BRXPO,Yes,1,0.5459,Medium Risk,Month-to-month,25,Fiber optic,104.95,2623.75,0,Bank transfer
9822-OAOVB,No,1,0.5459,Medium Risk,Month-to-month,1,DSL,55.45,55.45,0,Electronic check
7979-CORPM,Yes,1,0.5458,Medium Risk,Month-to-month,24,Fiber optic,90.55,2173.2,0,Credit card
0947-MUGVO,Yes,1,0.5455,Medium Risk,Month-to-month,20,Fiber optic,73.65,1473.0,1,Electronic check
6212-ATMLK,No,1,0.5454,Medium Risk,Month-to-month,50,Fiber optic,95.7,4785.0,0,Electronic check
9283-LZQOH,Yes,1,0.5453,Medium Risk,Month-to-month,13,Fiber optic,74.4,967.2,0,Credit card
7089-IVVAZ,Yes,1,0.545,Medium Risk,Month-to-month,8,Fiber optic,103.35,826.8,0,Bank transfer
3186-BAXNB,Yes,1,0.5449,Medium Risk,Month-to-month,1,Fiber optic,91.7,91.7,0,Electronic check
4704-ERYFC,Yes,1,0.5447,Medium Risk,Month-to-month,22,Fiber optic,69.25,1523.5,0,Electronic check
3536-IQCTX,Yes,1,0.5445,Medium Risk,Month-to-month,32,Fiber optic,85.3,2729.6,1,Electronic check
4846-WHAFZ,Yes,1,0.5443,Medium Risk,Month-to-month,37,Fiber optic,76.5,2830.5,1,Electronic check
0378-TOVMS,Yes,1,0.5441,Medium Risk,Month-to-month,3,Fiber optic,85.8,257.4,0,Electronic check
8404-GFGCZ,No,1,0.5439,Medium Risk,Month-to-month,4,DSL,65.6,262.4,0,Electronic check
5569-OUICF,Yes,1,0.5438,Medium Risk,Month-to-month,28,Fiber optic,101.3,2836.4,1,Credit card
7508-SMHXL,No,1,0.5436,Medium Risk,Month-to-month,15,Fiber optic,89.0,1335.0,1,Credit card
9465-RWMXL,Yes,1,0.5434,Medium Risk,Month-to-month,32,Fiber optic,78.9,2524.8,0,Electronic check
8456-QDAVC,No,1,0.5434,Medium Risk,Month-to-month,19,Fiber optic,78.7,1495.3,0,Bank transfer
4398-HSCJH,Yes,1,0.5432,Medium Risk,Month-to-month,3,DSL,63.6,190.8,0,Electronic check
5087-SUURX,Yes,1,0.5427,Medium Risk,Month-to-month,18,DSL,39.05,702.9,0,Electronic check
5533-NHFRF,No,1,0.5426,Medium Risk,Month-to-month,7,DSL,44.4,310.8,1,Electronic check
5364-XYIRR,Yes,1,0.5425,Medium Risk,Month-to-month,51,Fiber optic,94.65,4827.15,0,Electronic check
0221-WMXNQ,No,1,0.5425,Medium Risk,Month-to-month,4,Fiber optic,75.35,301.4,1,Electronic check
4077-CROMM,Yes,1,0.5424,Medium Risk,Month-to-month,31,Fiber optic,104.2,3230.2,0,Electronic check
0139-IVFJG,No,1,0.542,Medium Risk,Month-to-month,2,Fiber optic,90.35,180.7,0,Electronic check
9565-DJPIB,Yes,1,0.542,Medium Risk,Month-to-month,4,Fiber optic,89.6,358.4,0,Mailed check
4718-DHSMV,No,1,0.5418,Medium Risk,Month-to-month,11,DSL,35.8,393.8,0,Mailed check
9638-JIQYA,No,1,0.5415,Medium Risk,Month-to-month,2,DSL,24.9,49.8,0,Credit card
8990-ZXLSU,No,1,0.5414,Medium Risk,Month-to-month,9,Fiber optic,69.05,621.45,0,Electronic check
4690-PKDQG,No,1,0.5414,Medium Risk,Month-to-month,42,Fiber optic,95.55,4013.1,1,Electronic check
5940-AHUHD,Yes,1,0.5413,Medium Risk,Month-to-month,1,Fiber optic,70.6,70.6,0,Mailed check
8687-BAFGU,No,1,0.541,Medium Risk,Month-to-month,1,Fiber optic,74.0,74.0,0,Electronic check
7562-UXTPG,No,1,0.5407,Medium Risk,Month-to-month,13,Fiber optic,70.15,911.95,0,Mailed check
6646-VRFOL,Yes,1,0.5406,Medium Risk,Month-to-month,53,Fiber optic,103.85,5504.05,1,Electronic check
1384-RCUXW,No,1,0.5406,Medium Risk,Month-to-month,16,Fiber optic,80.55,1288.8,0,Mailed check
5960-MVTUK,No,1,0.5405,Medium Risk,Month-to-month,3,DSL,29.75,89.25,0,Electronic check
5453-AXEPF,No,1,0.5405,Medium Risk,Month-to-month,17,Fiber optic,80.5,1368.5,0,Bank transfer
5669-SRAIP,Yes,1,0.5404,Medium Risk,Month-to-month,5,DSL,39.5,197.5,0,Electronic check
6518-LGAOV,Yes,1,0.5402,Medium Risk,Month-to-month,38,Fiber optic,105.0,3990.0,0,Electronic check
6994-KERXL,No,1,0.5402,Medium Risk,Month-to-month,4,DSL,55.9,223.6,0,Electronic check
6557-BZXLQ,No,1,0.5402,Medium Risk,Month-to-month,16,Fiber optic,69.65,1114.4,1,Electronic check
4816-JBHOV,Yes,1,0.5397,Medium Risk,Month-to-month,2,DSL,44.7,89.4,1,Electronic check
3002-WQZWT,No,1,0.5397,Medium Risk,Month-to-month,29,Fiber optic,74.2,2151.8,0,Electronic check
7901-TBKJX,No,1,0.5396,Medium Risk,Month-to-month,56,Fiber optic,101.05,5658.8,1,Electronic check
2761-XECQW,No,1,0.5392,Medium Risk,Month-to-month,8,DSL,43.35,346.8,1,Mailed check
1307-ATKGB,No,1,0.5392,Medium Risk,Month-to-month,24,Fiber optic,89.55,2149.2,0,Electronic check
6260-ONULR,No,1,0.5385,Medium Risk,Month-to-month,1,DSL,62.8,62.8,0,Mailed check
4423-YLHDV,Yes,1,0.5385,Medium Risk,Month-to-month,21,Fiber optic,104.4,2192.4,0,Bank transfer
8490-BXHEO,No,1,0.5383,Medium Risk,Month-to-month,18,Fiber optic,80.55,1449.9,1,Credit card
8040-MNRTF,No,1,0.5382,Medium Risk,Month-to-month,1,Fiber optic,71.1,71.1,0,Mailed check
2468-SJFLM,No,1,0.5382,Medium Risk,Month-to-month,1,Fiber optic,74.3,74.3,0,Mailed check
5130-IEKQT,Yes,1,0.5381,Medium Risk,Month-to-month,25,Fiber optic,105.95,2648.75,1,Mailed check
6178-KFNHS,Yes,1,0.5381,Medium Risk,Month-to-month,12,Fiber optic,78.3,939.6,0,Electronic check
5842-POCOP,Yes,1,0.5381,Medium Risk,Month-to-month,5,Fiber optic,88.9,444.5,0,Mailed check
3955-JBZZM,No,1,0.5377,Medium Risk,Month-to-month,20,Fiber optic,78.8,1576.0,0,Electronic check
1597-LHYNC,Yes,1,0.5375,Medium Risk,Month-to-month,26,Fiber optic,95.0,2470.0,1,Electronic check
3312-UUMZW,No,1,0.5374,Medium Risk,Month-to-month,32,Fiber optic,98.85,3163.2,0,Credit card
5884-GCYMI,Yes,1,0.5372,Medium Risk,Month-to-month,1,Fiber optic,69.4,69.4,0,Mailed check
0519-XUZJU,Yes,1,0.537,Medium Risk,Month-to-month,1,Fiber optic,70.75,70.75,0,Mailed check
1391-UBDAR,No,1,0.5369,Medium Risk,Month-to-month,11,Fiber optic,72.9,801.9,0,Electronic check
8012-SOUDQ,No,1,0.5368,Medium Risk,Month-to-month,43,Fiber optic,90.25,3880.75,1,Electronic check
8696-JKZNU,Yes,1,0.5365,Medium Risk,Month-to-month,37,Fiber optic,76.25,2821.25,1,Electronic check
9824-BEMCV,Yes,1,0.5364,Medium Risk,Month-to-month,17,Fiber optic,69.0,1173.0,0,Electronic check
8189-XRIKE,No,1,0.5362,Medium Risk,Month-to-month,32,Fiber optic,90.95,2910.4,1,Electronic check
7422-WNBTY,No,1,0.5359,Medium Risk,Month-to-month,33,Fiber optic,93.35,3080.55,0,Electronic check
6243-OZGFH,No,1,0.5355,Medium Risk,Month-to-month,23,DSL,44.95,1033.85,0,Electronic check
5760-FXFVO,No,1,0.5354,Medium Risk,Month-to-month,6,Fiber optic,78.95,473.7,0,Electronic check
5281-BUZGT,Yes,1,0.535,Medium Risk,Month-to-month,36,Fiber optic,90.85,3270.6,1,Electronic check
0876-WDUUZ,Yes,1,0.5349,Medium Risk,Month-to-month,5,Fiber optic,85.4,427.0,0,Credit card
5747-PMBSQ,Yes,1,0.5348,Medium Risk,Month-to-month,10,Fiber optic,92.5,925.0,1,Mailed check
7240-FQLHE,Yes,1,0.5348,Medium Risk,Month-to-month,18,Fiber optic,99.75,1795.5,1,Bank transfer
5439-WIKXB,No,1,0.5345,Medium Risk,Month-to-month,41,Fiber optic,94.55,3876.55,1,Electronic check
1746-TGTWV,No,1,0.5343,Medium Risk,Month-to-month,1,Fiber optic,75.35,75.35,0,Credit card
2135-RXIHG,Yes,1,0.5341,Medium Risk,Month-to-month,1,DSL,45.65,45.65,0,Electronic check
0224-RLWWD,No,1,0.5335,Medium Risk,Month-to-month,2,DSL,44.3,88.6,1,Electronic check
8356-WUAOJ,No,1,0.5334,Medium Risk,Month-to-month,1,DSL,45.0,45.0,0,Electronic check
7881-EVUAD,Yes,1,0.5333,Medium Risk,Month-to-month,2,DSL,42.6,85.2,0,Electronic check
5204-QZXPU,Yes,1,0.5333,Medium Risk,Month-to-month,19,DSL,39.65,753.35,0,Electronic check
4137-BTIKL,No,1,0.5333,Medium Risk,Month-to-month,2,Fiber optic,90.75,181.5,0,Mailed check
3717-OEAUQ,No,1,0.533,Medium Risk,Month-to-month,2,Fiber optic,70.7,141.4,0,Mailed check
4110-PFEUZ,Yes,1,0.5329,Medium Risk,Month-to-month,1,Fiber optic,69.55,69.55,0,Mailed check
0946-CLJTI,Yes,1,0.5327,Medium Risk,Month-to-month,58,Fiber optic,98.7,5724.6,1,Electronic check
8486-AYEQH,No,1,0.5326,Medium Risk,Month-to-month,31,Fiber optic,76.05,2357.55,0,Electronic check
0682-USIXD,No,1,0.5324,Medium Risk,Month-to-month,21,Fiber optic,86.05,1807.05,0,Electronic check
3799-ISUZQ,Yes,1,0.5324,Medium Risk,Month-to-month,7,Fiber optic,69.95,489.65,0,Bank transfer
0311-UNPFF,Yes,1,0.5319,Medium Risk,Month-to-month,26,Fiber optic,88.8,2308.8,0,Bank transfer
9904-EHEVJ,No,1,0.5315,Medium Risk,Month-to-month,32,Fiber optic,91.35,2923.2,1,Mailed check
2041-JIJCI,No,1,0.5313,Medium Risk,Month-to-month,5,DSL,64.0,320.0,0,Electronic check
6559-PDZLR,No,1,0.5312,Medium Risk,Month-to-month,26,Fiber optic,98.65,2564.9,0,Electronic check
6637-KYRCV,No,1,0.5311,Medium Risk,Month-to-month,5,DSL,30.5,152.5,0,Electronic check
8584-KMVXD,No,1,0.5311,Medium Risk,Month-to-month,8,Fiber optic,75.6,604.8,0,Electronic check
4373-MAVJG,Yes,1,0.5311,Medium Risk,Month-to-month,14,Fiber optic,90.9,1272.6,0,Bank transfer
3916-NRPAP,No,1,0.531,Medium Risk,Month-to-month,3,Fiber optic,85.7,257.1,0,Credit card
5215-LNLDJ,No,1,0.531,Medium Risk,Month-to-month,7,DSL,24.7,172.9,0,Electronic check
8445-DNBAE,No,1,0.5302,Medium Risk,Month-to-month,1,DSL,50.05,50.05,0,Electronic check
2697-NQBPF,No,1,0.5296,Medium Risk,Month-to-month,34,Fiber optic,105.35,3581.9,0,Electronic check
1399-UBQIU,No,1,0.5294,Medium Risk,Month-to-month,11,DSL,69.35,762.85,0,Electronic check
6128-CZOMY,Yes,1,0.5293,Medium Risk,Month-to-month,1,DSL,45.65,45.65,0,Electronic check
6402-ZFPPI,Yes,1,0.529,Medium Risk,Month-to-month,25,Fiber optic,102.8,2570.0,1,Mailed check
9529-OFXHY,No,1,0.5289,Medium Risk,Month-to-month,15,Fiber optic,87.75,1316.25,0,Bank transfer
3384-CTMSF,No,1,0.5288,Medium Risk,Month-to-month,47,Fiber optic,104.1,4892.7,0,Electronic check
2956-GGUCQ,Yes,1,0.5286,Medium Risk,Month-to-month,24,Fiber optic,78.85,1892.4,1,Electronic check
0082-OQIQY,No,1,0.5283,Medium Risk,Month-to-month,29,Fiber optic,94.2,2731.8,0,Electronic check
9508-ILZDG,No,1,0.5281,Medium Risk,Month-to-month,34,Fiber optic,96.35,3275.9,1,Electronic check
7603-USHJS,Yes,1,0.5279,Medium Risk,Month-to-month,12,Fiber optic,73.75,885.0,0,Credit card
9430-FRQOC,Yes,1,0.5279,Medium Risk,Month-to-month,4,Fiber optic,87.1,348.4,0,Mailed check
5028-GZLDO,Yes,1,0.5276,Medium Risk,Month-to-month,2,Fiber optic,70.7,141.4,0,Credit card
7855-DIWPO,No,1,0.5275,Medium Risk,Month-to-month,21,Fiber optic,68.65,1441.65,0,Electronic check
2203-GHNWN,No,1,0.5271,Medium Risk,Month-to-month,24,Fiber optic,79.65,1911.6,0,Mailed check
3956-MGXOG,No,1,0.5271,Medium Risk,Month-to-month,28,Fiber optic,80.6,2256.8,0,Electronic check
6166-ILMNY,Yes,1,0.5267,Medium Risk,Month-to-month,2,Fiber optic,69.75,139.5,0,Bank transfer
8708-XPXHZ,Yes,1,0.5267,Medium Risk,Month-to-month,42,Fiber optic,94.2,3956.4,0,Electronic check
6581-NQCBA,Yes,1,0.5266,Medium Risk,Month-to-month,16,DSL,49.95,799.2,0,Electronic check
6608-QQLVK,Yes,1,0.5264,Medium Risk,Month-to-month,1,DSL,50.5,50.5,0,Electronic check
2626-URJFX,Yes,1,0.5264,Medium Risk,Month-to-month,4,DSL,50.9,203.6,0,Electronic check
7901-HXJVA,No,1,0.5262,Medium Risk,Month-to-month,14,Fiber optic,76.45,1070.3,0,Electronic check
4902-OHLSK,Yes,1,0.5261,Medium Risk,Month-to-month,29,Fiber optic,98.65,2860.85,1,Electronic check
2832-KJCRD,No,1,0.5261,Medium Risk,Month-to-month,38,Fiber optic,103.65,3938.7,0,Electronic check
4484-CGXFK,Yes,1,0.526,Medium Risk,Month-to-month,3,DSL,55.3,165.9,0,Electronic check
4741-WWJQZ,No,1,0.5257,Medium Risk,Month-to-month,2,Fiber optic,80.15,160.3,0,Electronic check
9885-AIBVB,No,1,0.5257,Medium Risk,Month-to-month,29,Fiber optic,85.8,2488.2,0,Electronic check
8645-KWHJO,No,1,0.5255,Medium Risk,Month-to-month,14,DSL,55.0,770.0,0,Electronic check
4013-TLDHQ,Yes,1,0.5252,Medium Risk,Month-to-month,19,Fiber optic,78.25,1486.75,0,Electronic check
0778-NELLA,Yes,1,0.5251,Medium Risk,Month-to-month,9,DSL,34.7,312.3,0,Credit card
1730-ZMAME,No,1,0.525,Medium Risk,Month-to-month,32,Fiber optic,79.5,2544.0,1,Electronic check
5035-BVCXS,No,1,0.525,Medium Risk,Month-to-month,11,Fiber optic,75.9,834.9,0,Mailed check
7295-JOMMD,Yes,1,0.5249,Medium Risk,Month-to-month,4,Fiber optic,98.1,392.4,0,Bank transfer
1271-SJBGZ,Yes,1,0.5247,Medium Risk,Month-to-month,12,DSL,43.65,523.8,1,Electronic check
6959-UWKHF,Yes,1,0.5247,Medium Risk,Month-to-month,1,DSL,42.9,42.9,0,Electronic check
5482-VXSXJ,No,1,0.5247,Medium Risk,Month-to-month,22,Fiber optic,93.2,2050.4,0,Mailed check
6834-NXDCA,Yes,1,0.5245,Medium Risk,Month-to-month,13,DSL,23.9,310.7,0,Electronic check
9093-FPDLG,No,1,0.5245,Medium Risk,Month-to-month,11,Fiber optic,94.2,1036.2,0,Electronic check
2933-FILNV,Yes,1,0.5244,Medium Risk,Month-to-month,2,DSL,24.4,48.8,0,Mailed check
7470-MCQTK,Yes,1,0.5243,Medium Risk,Month-to-month,13,DSL,48.75,633.75,0,Bank transfer
1965-DDBWU,Yes,1,0.5242,Medium Risk,Month-to-month,16,Fiber optic,89.05,1424.8,0,Credit card
4855-SNKMY,Yes,1,0.524,Medium Risk,Month-to-month,1,DSL,44.1,44.1,0,Electronic check
7279-BUYWN,Yes,1,0.524,Medium Risk,Month-to-month,41,Fiber optic,113.2,4641.2,1,Electronic check
9747-DDZOS,Yes,1,0.524,Medium Risk,Month-to-month,1,Fiber optic,73.5,73.5,0,Bank transfer
1902-XBTFB,Yes,1,0.5238,Medium Risk,Month-to-month,22,Fiber optic,89.4,1966.8,0,Electronic check
9779-DPNEJ,No,1,0.5236,Medium Risk,Month-to-month,22,Fiber optic,80.15,1763.3,0,Electronic check
2309-OSFEU,Yes,1,0.5236,Medium Risk,Month-to-month,10,DSL,33.9,339.0,0,Mailed check
0428-IKYCP,No,1,0.5236,Medium Risk,Month-to-month,22,Fiber optic,87.0,1914.0,0,Bank transfer
5981-ITEMU,Yes,1,0.5234,Medium Risk,Month-to-month,40,Fiber optic,97.1,3884.0,0,Bank transfer
9588-OZDMQ,No,1,0.523,Medium Risk,Month-to-month,2,DSL,45.0,90.0,0,Electronic check
4236-XPXAV,Yes,1,0.523,Medium Risk,Month-to-month,5,Fiber optic,99.15,495.75,0,Mailed check
2018-PZKMU,No,1,0.5229,Medium Risk,Month-to-month,9,Fiber optic,103.1,927.9,0,Electronic check
4729-XKASR,Yes,1,0.5226,Medium Risk,Month-to-month,1,DSL,24.75,24.75,0,Electronic check
1264-BYWMS,Yes,1,0.5222,Medium Risk,Month-to-month,55,Fiber optic,96.8,5324.0,0,Electronic check
2962-XPMCQ,Yes,1,0.522,Medium Risk,Month-to-month,2,DSL,45.15,90.3,0,Electronic check
4581-LNWUM,No,1,0.5216,Medium Risk,Month-to-month,13,DSL,49.15,638.95,0,Electronic check
4536-PLEQY,No,1,0.5215,Medium Risk,Month-to-month,12,Fiber optic,85.05,1020.6,0,Credit card
6034-YMTOB,No,1,0.5213,Medium Risk,Month-to-month,5,Fiber optic,75.65,378.25,0,Mailed check
3312-ZWLGF,No,1,0.5209,Medium Risk,Month-to-month,29,Fiber optic,79.3,2299.7,1,Electronic check
6906-ANDWJ,Yes,1,0.5208,Medium Risk,Month-to-month,15,Fiber optic,74.9,1123.5,0,Bank transfer
7978-DKUQH,No,1,0.5206,Medium Risk,Month-to-month,25,Fiber optic,74.6,1865.0,0,Electronic check
5950-AAAGJ,No,1,0.5202,Medium Risk,Month-to-month,18,Fiber optic,84.3,1517.4,0,Bank transfer
9851-KIELU,Yes,1,0.5197,Medium Risk,Month-to-month,10,Fiber optic,110.1,1101.0,0,Electronic check
7892-QVYKW,No,1,0.5189,Medium Risk,Month-to-month,23,Fiber optic,85.6,1968.8,0,Electronic check
4501-EQDRN,Yes,1,0.5184,Medium Risk,Month-to-month,1,Fiber optic,69.7,69.7,0,Bank transfer
6519-CFDBX,No,1,0.5181,Medium Risk,Month-to-month,2,DSL,45.4,90.8,0,Electronic check
4749-VFKVB,Yes,1,0.5178,Medium Risk,Month-to-month,1,DSL,50.1,50.1,0,Mailed check
8059-UDZFY,No,1,0.5177,Medium Risk,Month-to-month,33,Fiber optic,105.35,3476.55,1,Bank transfer
3671-SHRSP,Yes,1,0.5177,Medium Risk,Month-to-month,4,Fiber optic,80.6,322.4,0,Mailed check
0963-ZBDRN,Yes,1,0.5175,Medium Risk,Month-to-month,32,Fiber optic,96.2,3078.4,0,Electronic check
2082-CEFLT,Yes,1,0.517,Medium Risk,Month-to-month,1,DSL,45.6,45.6,0,Electronic check
5108-ADXWO,Yes,1,0.5168,Medium Risk,Month-to-month,11,Fiber optic,73.5,808.5,0,Electronic check
8519-QJGJD,Yes,1,0.5167,Medium Risk,Month-to-month,14,Fiber optic,75.35,1054.9,0,Electronic check
4238-JSSWH,No,1,0.5163,Medium Risk,Month-to-month,35,Fiber optic,102.05,3571.75,1,Bank transfer
6235-VDHOM,Yes,1,0.5157,Medium Risk,Month-to-month,5,DSL,28.45,142.25,1,Electronic check
2344-JMOGN,Yes,1,0.5152,Medium Risk,Month-to-month,9,Fiber optic,94.85,853.65,0,Mailed check
1608-GMEWB,No,1,0.515,Medium Risk,Month-to-month,45,Fiber optic,93.9,4225.5,1,Bank transfer
4257-GAESD,No,1,0.5148,Medium Risk,Month-to-month,6,DSL,45.0,270.0,0,Credit card
8837-VVWLQ,Yes,1,0.5145,Medium Risk,Month-to-month,8,Fiber optic,84.95,679.6,0,Electronic check
7786-WBJYI,Yes,1,0.5145,Medium Risk,Month-to-month,4,Fiber optic,77.95,311.8,0,Bank transfer
8903-WMRNW,No,1,0.5144,Medium Risk,Month-to-month,15,Fiber optic,101.75,1526.25,0,Electronic check
3518-PZXZQ,No,1,0.5143,Medium Risk,Month-to-month,1,DSL,55.3,55.3,0,Mailed check
8705-WZCYL,No,1,0.5143,Medium Risk,Month-to-month,1,DSL,44.8,44.8,0,Electronic check
2823-LKABH,No,1,0.5143,Medium Risk,Month-to-month,18,Fiber optic,95.05,1710.9,0,Bank transfer
4484-GLZOU,Yes,1,0.5142,Medium Risk,Month-to-month,52,Fiber optic,105.05,5462.6,0,Electronic check
9053-EJUNL,No,1,0.5141,Medium Risk,Month-to-month,41,Fiber optic,89.2,3657.2,0,Electronic check
7853-OETYL,No,1,0.5141,Medium Risk,Month-to-month,4,DSL,29.05,116.2,0,Electronic check
4373-VVHQL,No,1,0.5141,Medium Risk,Month-to-month,1,DSL,44.75,44.75,0,Electronic check
6652-YFFJO,No,1,0.5138,Medium Risk,Month-to-month,11,DSL,64.9,713.9,0,Electronic check
6778-YSNIH,No,1,0.5136,Medium Risk,Month-to-month,2,DSL,59.0,118.0,0,Electronic check
2692-BUCFV,No,1,0.5135,Medium Risk,Month-to-month,29,Fiber optic,101.45,2942.05,1,Bank transfer
9907-SWKKF,Yes,1,0.5134,Medium Risk,Month-to-month,1,DSL,25.05,25.05,1,Mailed check
5606-AMZBO,No,1,0.5134,Medium Risk,Month-to-month,10,Fiber optic,78.15,781.5,0,Credit card
6551-GNYDG,No,1,0.5128,Medium Risk,Month-to-month,14,Fiber optic,80.9,1132.6,0,Bank transfer
6599-SFQVE,No,1,0.5127,Medium Risk,Month-to-month,6,DSL,55.0,330.0,0,Electronic check
9274-UARKJ,No,1,0.5126,Medium Risk,Month-to-month,15,Fiber optic,83.2,1248.0,0,Bank transfer
7718-RXDGG,No,1,0.5126,Medium Risk,Month-to-month,15,Fiber optic,68.6,1029.0,0,Bank transfer
3853-LYGAM,No,1,0.512,Medium Risk,Month-to-month,17,Fiber optic,95.65,1626.05,0,Bank transfer
0817-HSUSE,No,1,0.5119,Medium Risk,Month-to-month,1,DSL,75.5,75.5,0,Electronic check
9661-ACXBS,Yes,1,0.5118,Medium Risk,Month-to-month,42,Fiber optic,105.2,4418.4,0,Electronic check
6661-HBGWL,Yes,1,0.5117,Medium Risk,Month-to-month,42,Fiber optic,104.75,4399.5,1,Bank transfer
3751-KTZEL,Yes,1,0.5115,Medium Risk,Month-to-month,1,DSL,35.05,35.05,0,Mailed check
3323-CPBWR,No,1,0.5114,Medium Risk,Month-to-month,23,Fiber optic,96.9,2228.7,0,Credit card
9971-ZWPBF,No,1,0.5113,Medium Risk,Month-to-month,34,Fiber optic,108.9,3702.6,1,Electronic check
5449-FIBXJ,Yes,1,0.5113,Medium Risk,Month-to-month,19,Fiber optic,103.3,1962.7,0,Electronic check
5077-DXTCG,Yes,1,0.5111,Medium Risk,Month-to-month,1,DSL,45.3,45.3,0,Electronic check
5759-RCVCB,Yes,1,0.5111,Medium Risk,Month-to-month,3,DSL,35.2,105.6,0,Credit card
1624-WOIWJ,Yes,1,0.511,Medium Risk,Month-to-month,10,Fiber optic,84.7,847.0,0,Mailed check
7018-WBJNK,No,1,0.5108,Medium Risk,Month-to-month,13,Fiber optic,78.3,1017.9,0,Credit card
4512-ZUIYL,Yes,1,0.5106,Medium Risk,Month-to-month,2,Fiber optic,70.0,140.0,0,Bank transfer
0869-PAPRP,No,1,0.5104,Medium Risk,Month-to-month,26,Fiber optic,85.7,2228.2,1,Credit card
0212-ISBBF,No,1,0.5101,Medium Risk,Month-to-month,22,DSL,50.35,1107.7,0,Electronic check
6651-AZVTJ,Yes,1,0.5099,Medium Risk,Month-to-month,49,Fiber optic,99.8,4890.2,0,Electronic check
3866-MDTUB,Yes,1,0.5092,Medium Risk,Month-to-month,2,DSL,70.75,141.5,0,Electronic check
5143-EGQFK,Yes,1,0.5091,Medium Risk,Month-to-month,10,DSL,29.65,296.5,1,Electronic check
5998-VVEJY,Yes,1,0.5089,Medium Risk,Month-to-month,26,Fiber optic,80.5,2093.0,0,Electronic check
0952-KMEEH,Yes,1,0.5089,Medium Risk,Month-to-month,13,Fiber optic,98.15,1275.95,0,Mailed check
2800-QQUSO,No,1,0.5084,Medium Risk,Month-to-month,42,Fiber optic,100.3,4212.6,0,Electronic check
5153-RTHKF,No,1,0.5083,Medium Risk,Month-to-month,34,Fiber optic,85.35,2901.9,0,Electronic check
8155-IBNHG,Yes,1,0.5082,Medium Risk,Month-to-month,24,Fiber optic,75.4,1809.6,0,Credit card
6331-LWDTQ,Yes,1,0.5077,Medium Risk,Month-to-month,10,DSL,72.15,721.5,0,Credit card
7562-GSUHK,Yes,1,0.5074,Medium Risk,Month-to-month,16,Fiber optic,93.2,1491.2,0,Credit card
8417-FMLZI,Yes,1,0.5065,Medium Risk,Month-to-month,6,Fiber optic,83.55,501.3,0,Credit card
9643-AVVWI,No,1,0.5062,Medium Risk,Month-to-month,3,Fiber optic,80.0,240.0,0,Electronic check
2983-ZANRP,Yes,1,0.5056,Medium Risk,Month-to-month,2,Fiber optic,73.55,147.1,0,Bank transfer
6413-XKKPU,Yes,1,0.5055,Medium Risk,Month-to-month,17,Fiber optic,89.4,1519.8,0,Electronic check
9821-POOTN,Yes,1,0.5055,Medium Risk,Month-to-month,35,Fiber optic,75.2,2632.0,0,Electronic check
5222-IMUKT,No,1,0.5054,Medium Risk,Month-to-month,32,Fiber optic,91.05,2913.6,0,Electronic check
8849-AYPTR,No,1,0.5054,Medium Risk,Month-to-month,33,Fiber optic,91.25,3011.25,0,Electronic check
7587-RZNME,Yes,1,0.5051,Medium Risk,Month-to-month,3,DSL,43.3,129.9,0,Electronic check
2955-BJZHG,Yes,1,0.5047,Medium Risk,Month-to-month,17,Fiber optic,80.85,1374.45,0,Electronic check
8543-MSDMF,No,1,0.5047,Medium Risk,Month-to-month,3,DSL,77.4,232.2,0,Electronic check
5647-FXOTP,No,1,0.5043,Medium Risk,Month-to-month,60,Fiber optic,105.9,6354.0,1,Electronic check
5650-YLIBA,No,1,0.5032,Medium Risk,Month-to-month,31,Fiber optic,81.15,2515.65,0,Electronic check
3757-NJYBX,Yes,1,0.5031,Medium Risk,Month-to-month,32,Fiber optic,106.35,3403.2,1,Bank transfer
3211-ILJTT,Yes,1,0.5029,Medium Risk,Month-to-month,17,Fiber optic,70.4,1196.8,0,Bank transfer
5922-ABDVO,Yes,1,0.5027,Medium Risk,Month-to-month,19,Fiber optic,89.65,1703.35,0,Mailed check
5022-JNQEQ,No,1,0.5025,Medium Risk,Month-to-month,9,Fiber optic,75.85,682.65,0,Electronic check
8212-CRQXP,No,1,0.5024,Medium Risk,Month-to-month,22,Fiber optic,80.0,1760.0,0,Credit card
6486-LHTMA,No,1,0.5023,Medium Risk,One year,31,Fiber optic,90.7,2811.7,1,Electronic check
3334-CTHOL,Yes,1,0.5022,Medium Risk,Month-to-month,1,DSL,49.95,49.95,0,Bank transfer
8610-WFCJF,Yes,1,0.5021,Medium Risk,Month-to-month,49,Fiber optic,95.6,4684.4,0,Electronic check
8714-EUHJO,Yes,1,0.5019,Medium Risk,Month-to-month,31,Fiber optic,91.15,2825.65,0,Electronic check
7783-YKGDV,Yes,1,0.501,Medium Risk,Month-to-month,12,Fiber optic,99.7,1196.4,0,Bank transfer
0570-BFQHT,No,1,0.5009,Medium Risk,Month-to-month,9,Fiber optic,80.55,724.95,0,Electronic check
0895-DQHEW,Yes,1,0.5009,Medium Risk,Month-to-month,54,Fiber optic,104.3,5632.2,0,Electronic check
7351-KYHQH,No,1,0.5008,Medium Risk,Month-to-month,7,DSL,64.95,454.65,1,Electronic check
5175-WLYXL,No,1,0.5008,Medium Risk,Month-to-month,22,Fiber optic,78.85,1734.7,0,Mailed check
6017-PPLPX,Yes,0,0.4997,Medium Risk,Month-to-month,20,Fiber optic,70.45,1409.0,0,Electronic check
4128-ETESU,No,0,0.4996,Medium Risk,Month-to-month,47,Fiber optic,99.7,4685.9,1,Electronic check
8640-SDGKB,Yes,0,0.4996,Medium Risk,Month-to-month,4,DSL,74.4,297.6,0,Electronic check
8819-IMISP,No,0,0.4995,Medium Risk,Month-to-month,31,Fiber optic,80.45,2493.95,0,Electronic check
7442-YGZFK,No,0,0.4993,Medium Risk,Month-to-month,1,DSL,49.8,49.8,0,Credit card
1194-HVAIF,No,0,0.4982,Medium Risk,Month-to-month,27,Fiber optic,95.0,2565.0,0,Credit card
9518-XXBXE,No,0,0.4981,Medium Risk,Month-to-month,10,Fiber optic,75.3,753.0,1,Electronic check
8020-BWHYL,Yes,0,0.4979,Medium Risk,Month-to-month,15,Fiber optic,75.3,1129.5,1,Credit card
1482-OXZSY,No,0,0.4979,Medium Risk,Month-to-month,30,Fiber optic,100.4,3012.0,0,Bank transfer
9048-JVYVF,Yes,0,0.4975,Medium Risk,Month-to-month,3,DSL,69.35,208.05,0,Electronic check
5600-KTXFM,No,0,0.4974,Medium Risk,Month-to-month,2,Fiber optic,69.95,139.9,0,Mailed check
4881-JVQOD,No,0,0.4974,Medium Risk,Month-to-month,10,DSL,34.55,345.5,1,Bank transfer
3677-TNKIO,Yes,0,0.4963,Medium Risk,Month-to-month,14,Fiber optic,71.0,994.0,0,Credit card
7503-QQRVF,Yes,0,0.4962,Medium Risk,Month-to-month,16,Fiber optic,74.3,1188.8,1,Credit card
6692-YQHXC,No,0,0.4961,Medium Risk,Month-to-month,16,Fiber optic,69.95,1119.2,0,Credit card
1589-AGTLK,Yes,0,0.4954,Medium Risk,Month-to-month,3,DSL,45.35,136.05,0,Electronic check
3737-GCSPV,Yes,0,0.4952,Medium Risk,Month-to-month,11,Fiber optic,96.2,1058.2,0,Credit card
3370-GQEAL,No,0,0.495,Medium Risk,Month-to-month,30,Fiber optic,85.45,2563.5,0,Electronic check
5480-TBGPH,Yes,0,0.4948,Medium Risk,Month-to-month,24,Fiber optic,99.3,2383.2,0,Credit card
2037-SGXHH,Yes,0,0.4941,Medium Risk,Month-to-month,38,Fiber optic,94.65,3596.7,0,Electronic check
2694-CIUMO,No,0,0.4934,Medium Risk,Month-to-month,12,Fiber optic,79.55,954.6,0,Credit card
7734-DBOAI,Yes,0,0.4934,Medium Risk,Month-to-month,1,DSL,40.1,40.1,0,Electronic check
9898-KZQDZ,Yes,0,0.4931,Medium Risk,Month-to-month,40,Fiber optic,94.55,3782.0,1,Credit card
9450-TRJUU,No,0,0.493,Medium Risk,Month-to-month,35,Fiber optic,83.15,2910.25,0,Electronic check
8718-PTMEZ,Yes,0,0.4929,Medium Risk,Month-to-month,13,DSL,31.05,403.65,0,Electronic check
3088-LHEFH,No,0,0.4925,Medium Risk,Month-to-month,11,Fiber optic,79.0,869.0,0,Bank transfer
7020-OZKXZ,No,0,0.4924,Medium Risk,Month-to-month,9,Fiber optic,75.5,679.5,1,Credit card
1845-CSBRZ,No,0,0.4922,Medium Risk,Month-to-month,22,Fiber optic,85.35,1877.7,1,Bank transfer
8212-DJRCH,No,0,0.4921,Medium Risk,Month-to-month,5,Fiber optic,90.35,451.75,0,Mailed check
2322-VCZHZ,No,0,0.492,Medium Risk,Month-to-month,23,Fiber optic,90.0,2070.0,1,Electronic check
5626-MGTUK,No,0,0.492,Medium Risk,Month-to-month,20,Fiber optic,89.1,1782.0,0,Bank transfer
9895-VFOXH,No,0,0.4919,Medium Risk,Month-to-month,1,DSL,24.4,24.4,0,Mailed check
3174-RKMOW,No,0,0.4916,Medium Risk,Month-to-month,35,Fiber optic,109.95,3848.25,0,Electronic check
1319-YLZJG,No,0,0.4916,Medium Risk,Month-to-month,12,Fiber optic,84.6,1015.2,0,Electronic check
2507-QZPQS,No,0,0.4913,Medium Risk,Month-to-month,15,Fiber optic,95.7,1435.5,0,Electronic check
2786-GCDPI,No,0,0.4913,Medium Risk,Month-to-month,50,Fiber optic,104.95,5247.5,1,Electronic check
4503-BDXBD,Yes,0,0.4911,Medium Risk,Month-to-month,11,Fiber optic,74.95,824.45,0,Electronic check
0634-SZPQA,Yes,0,0.4909,Medium Risk,Month-to-month,23,Fiber optic,90.05,2071.15,0,Bank transfer
0141-YEAYS,No,0,0.4904,Medium Risk,Month-to-month,27,Fiber optic,86.45,2334.15,1,Bank transfer
6127-IYJOZ,No,0,0.4901,Medium Risk,Month-to-month,1,DSL,45.85,45.85,1,Mailed check
8378-LKJAF,No,0,0.49,Medium Risk,Month-to-month,38,Fiber optic,101.15,3843.7,0,Credit card
1346-UFHAX,No,0,0.49,Medium Risk,Month-to-month,13,Fiber optic,80.0,1040.0,0,Credit card
6464-KEXXH,No,0,0.4899,Medium Risk,Month-to-month,8,DSL,25.25,202.0,0,Credit card
7895-VONWT,No,0,0.4899,Medium Risk,Month-to-month,25,DSL,48.25,1206.25,0,Electronic check
4248-QPAVC,Yes,0,0.4898,Medium Risk,Month-to-month,17,Fiber optic,85.35,1450.95,1,Bank transfer
2386-LAHRK,Yes,0,0.4897,Medium Risk,Month-to-month,1,DSL,53.5,53.5,0,Mailed check
3932-CMDTD,Yes,0,0.4896,Medium Risk,One year,4,Fiber optic,105.65,422.6,0,Electronic check
4625-EWPTF,Yes,0,0.4894,Medium Risk,Month-to-month,8,DSL,30.45,243.6,0,Electronic check
6481-ESCNL,No,0,0.4893,Medium Risk,Month-to-month,29,Fiber optic,100.55,2915.95,0,Bank transfer
7048-GXDAY,No,0,0.4891,Medium Risk,Month-to-month,39,Fiber optic,106.4,4149.6,0,Electronic check
7851-FLGGQ,Yes,0,0.4889,Medium Risk,Month-to-month,1,DSL,44.65,44.65,0,Mailed check
2495-KZNFB,No,0,0.4887,Medium Risk,Month-to-month,33,Fiber optic,90.65,2991.45,0,Electronic check
2719-BDAQO,Yes,0,0.4885,Medium Risk,Month-to-month,17,Fiber optic,93.85,1595.45,0,Electronic check
7658-UYUQS,No,0,0.4883,Medium Risk,Month-to-month,21,Fiber optic,86.55,1817.55,1,Bank transfer
1100-DDVRV,No,0,0.4881,Medium Risk,Month-to-month,17,DSL,49.8,846.6,0,Mailed check
8800-ZKRFW,No,0,0.488,Medium Risk,Month-to-month,30,Fiber optic,107.5,3225.0,0,Electronic check
6629-CZTTH,Yes,0,0.4877,Medium Risk,Month-to-month,1,DSL,55.7,55.7,0,Mailed check
6458-CYIDZ,No,0,0.4874,Medium Risk,Month-to-month,5,Fiber optic,80.7,403.5,1,Electronic check
7825-ECJRF,Yes,0,0.4874,Medium Risk,Month-to-month,19,Fiber optic,106.6,2025.4,0,Electronic check
9620-ENEJV,No,0,0.4872,Medium Risk,Month-to-month,6,Fiber optic,70.55,423.3,0,Credit card
5385-SUIRI,Yes,0,0.4872,Medium Risk,Month-to-month,52,Fiber optic,104.2,5418.4,1,Electronic check
2831-EBWRN,No,0,0.4871,Medium Risk,Month-to-month,4,DSL,45.9,183.6,0,Electronic check
5373-SFODM,Yes,0,0.4869,Medium Risk,Month-to-month,36,Fiber optic,85.25,3069.0,1,Credit card
4658-HCOHW,Yes,0,0.4861,Medium Risk,Month-to-month,21,Fiber optic,102.8,2158.8,0,Electronic check
1833-TCXKK,No,0,0.4857,Medium Risk,Month-to-month,45,Fiber optic,107.75,4848.75,0,Bank transfer
8914-RBTSB,Yes,0,0.4853,Medium Risk,Month-to-month,31,Fiber optic,93.8,2907.8,0,Electronic check
8993-IZEUX,No,0,0.4852,Medium Risk,Month-to-month,7,Fiber optic,69.15,484.05,0,Bank transfer
4929-BSTRX,Yes,0,0.485,Medium Risk,Month-to-month,1,DSL,53.55,53.55,0,Mailed check
2974-GGUXS,No,0,0.485,Medium Risk,Month-to-month,36,Fiber optic,91.95,3310.2,1,Credit card
9944-AEXBM,No,0,0.485,Medium Risk,Month-to-month,32,Fiber optic,85.65,2740.8,0,Bank transfer
0093-XWZFY,Yes,0,0.4847,Medium Risk,Month-to-month,40,Fiber optic,104.5,4180.0,0,Credit card
8878-HMWBV,Yes,0,0.4846,Medium Risk,Month-to-month,3,DSL,49.15,147.45,0,Electronic check
8903-XEBGX,No,0,0.4843,Medium Risk,Month-to-month,2,DSL,55.3,110.6,0,Electronic check
1084-UQCHV,Yes,0,0.484,Medium Risk,Month-to-month,1,Fiber optic,69.75,69.75,0,Bank transfer
6467-CHFZW,Yes,0,0.4835,Medium Risk,Month-to-month,47,Fiber optic,99.35,4669.45,0,Electronic check
4553-DVPZG,No,0,0.4832,Medium Risk,Month-to-month,62,Fiber optic,101.35,6283.7,0,Electronic check
2979-SXESE,Yes,0,0.483,Medium Risk,Month-to-month,17,Fiber optic,94.4,1604.8,0,Electronic check
2911-WDXMV,No,0,0.483,Medium Risk,Month-to-month,18,Fiber optic,80.55,1449.9,0,Credit card
6366-ZGQGL,Yes,0,0.483,Medium Risk,Month-to-month,1,DSL,24.8,24.8,0,Bank transfer
6158-HDPXZ,No,0,0.483,Medium Risk,Month-to-month,1,DSL,25.35,25.35,0,Mailed check
4349-GFQHK,Yes,0,0.4828,Medium Risk,Month-to-month,1,DSL,54.35,54.35,0,Electronic check
8364-TRMMK,Yes,0,0.4827,Medium Risk,Month-to-month,3,DSL,50.65,151.95,0,Mailed check
2474-BRUCM,Yes,0,0.4827,Medium Risk,Month-to-month,40,Fiber optic,101.85,4074.0,1,Electronic check
7268-IGMFD,No,0,0.4826,Medium Risk,Month-to-month,18,Fiber optic,93.9,1690.2,1,Bank transfer
6048-QBXKL,No,0,0.4826,Medium Risk,Month-to-month,2,DSL,56.55,113.1,1,Credit card
4062-HBMOS,No,0,0.4824,Medium Risk,Month-to-month,52,Fiber optic,103.05,5358.6,0,Electronic check
9026-LHEVG,No,0,0.4822,Medium Risk,Month-to-month,9,DSL,40.75,366.75,0,Electronic check
3540-RZJYU,Yes,0,0.482,Medium Risk,Month-to-month,15,Fiber optic,86.2,1293.0,0,Electronic check
6522-YRBXD,No,0,0.4816,Medium Risk,Month-to-month,35,Fiber optic,94.55,3309.25,1,Electronic check
3167-SNQPL,No,0,0.4813,Medium Risk,Month-to-month,38,Fiber optic,101.15,3843.7,1,Electronic check
3055-MJDSB,No,0,0.4811,Medium Risk,Month-to-month,9,DSL,24.6,221.4,0,Mailed check
5889-JTMUL,Yes,0,0.481,Medium Risk,Month-to-month,50,Fiber optic,95.05,4752.5,1,Electronic check
2587-EKXTS,No,0,0.4809,Medium Risk,Month-to-month,44,Fiber optic,111.5,4906.0,0,Electronic check
1452-KIOVK,No,0,0.4807,Medium Risk,Month-to-month,22,Fiber optic,89.1,1960.2,0,Credit card
0786-VSSUD,Yes,0,0.4807,Medium Risk,Month-to-month,16,DSL,39.0,624.0,1,Mailed check
6078-VESFR,No,0,0.4803,Medium Risk,Month-to-month,13,Fiber optic,70.45,915.85,1,Bank transfer
0927-LCSMG,Yes,0,0.4801,Medium Risk,Month-to-month,7,Fiber optic,74.65,522.55,0,Mailed check
2675-DHUTR,No,0,0.48,Medium Risk,Month-to-month,58,Fiber optic,98.9,5736.2,1,Electronic check
3094-JOJAI,No,0,0.4799,Medium Risk,Month-to-month,18,Fiber optic,74.15,1334.7,0,Mailed check
5868-CZJDR,Yes,0,0.4799,Medium Risk,Month-to-month,1,DSL,31.35,31.35,0,Mailed check
7813-ZGGAW,No,0,0.4798,Medium Risk,Month-to-month,31,Fiber optic,96.6,2994.6,1,Bank transfer
3806-DXQOM,Yes,0,0.4798,Medium Risk,Month-to-month,4,DSL,33.65,134.6,0,Electronic check
3439-GVUSX,No,0,0.4798,Medium Risk,Month-to-month,1,DSL,24.4,24.4,0,Mailed check
2209-XADXF,No,0,0.4797,Medium Risk,Month-to-month,1,DSL,25.25,25.25,0,Bank transfer
4074-SJFFA,Yes,0,0.4796,Medium Risk,Month-to-month,1,DSL,54.75,54.75,0,Mailed check
0256-LTHVJ,Yes,0,0.4795,Medium Risk,Month-to-month,28,Fiber optic,81.05,2269.4,0,Electronic check
9828-AOQLM,Yes,0,0.4795,Medium Risk,Month-to-month,1,DSL,45.7,45.7,0,Electronic check
8601-QACRS,Yes,0,0.4794,Medium Risk,Month-to-month,5,DSL,50.6,253.0,0,Mailed check
0354-WYROK,Yes,0,0.4792,Medium Risk,Month-to-month,31,Fiber optic,98.9,3065.9,1,Electronic check
0133-BMFZO,Yes,0,0.4791,Medium Risk,Month-to-month,2,Fiber optic,86.25,172.5,0,Electronic check
3352-ALMCK,No,0,0.4791,Medium Risk,Month-to-month,40,Fiber optic,102.65,4106.0,0,Mailed check
9979-RGMZT,No,0,0.4791,Medium Risk,One year,7,Fiber optic,94.05,658.35,0,Mailed check
8272-ONJLV,No,0,0.4786,Medium Risk,One year,12,Fiber optic,95.7,1148.4,0,Electronic check
6339-DKLMK,No,0,0.4785,Medium Risk,Month-to-month,13,DSL,31.65,411.45,0,Electronic check
2038-LLMLM,No,0,0.478,Medium Risk,Month-to-month,48,Fiber optic,103.85,4984.8,0,Electronic check
8563-OYMQY,No,0,0.478,Medium Risk,Month-to-month,17,Fiber optic,90.95,1546.15,0,Credit card
4828-FAZPK,No,0,0.4779,Medium Risk,Month-to-month,16,Fiber optic,79.95,1279.2,0,Credit card
9752-ZNQUT,No,0,0.4779,Medium Risk,Month-to-month,1,DSL,48.6,48.6,0,Electronic check
8260-NGFNY,Yes,0,0.4777,Medium Risk,Month-to-month,1,DSL,25.2,25.2,0,Mailed check
7395-IGJOS,Yes,0,0.4776,Medium Risk,Month-to-month,17,Fiber optic,81.5,1385.5,1,Bank transfer
2122-YWVYA,No,0,0.4776,Medium Risk,Month-to-month,18,Fiber optic,75.4,1357.2,0,Electronic check
1320-REHCS,No,0,0.4772,Medium Risk,Month-to-month,52,Fiber optic,110.75,5759.0,1,Electronic check
0537-QYZZN,No,0,0.4772,Medium Risk,Month-to-month,24,Fiber optic,79.85,1916.4,1,Electronic check
7339-POGZN,No,0,0.4767,Medium Risk,Month-to-month,4,DSL,50.7,202.8,0,Electronic check
8313-KTIHG,No,0,0.4764,Medium Risk,Month-to-month,4,DSL,61.3,245.2,0,Electronic check
9576-SYUHJ,No,0,0.4762,Medium Risk,Month-to-month,37,Fiber optic,91.15,3372.55,0,Electronic check
2027-CWDNU,No,0,0.4757,Medium Risk,Month-to-month,18,Fiber optic,85.6,1540.8,0,Electronic check
0402-CQAJN,Yes,0,0.475,Medium Risk,Month-to-month,37,Fiber optic,101.9,3770.3,0,Bank transfer
9921-QFQUL,No,0,0.475,Medium Risk,Month-to-month,23,Fiber optic,90.15,2073.45,0,Mailed check
2187-LZGPL,Yes,0,0.4749,Medium Risk,Month-to-month,7,DSL,40.1,280.7,0,Credit card
4706-DGAHW,No,0,0.4748,Medium Risk,Month-to-month,1,DSL,45.2,45.2,1,Electronic check
7483-IQWIB,No,0,0.4747,Medium Risk,Month-to-month,37,Fiber optic,92.95,3439.15,0,Electronic check
8080-DDEMJ,Yes,0,0.4744,Medium Risk,Month-to-month,1,DSL,45.1,45.1,1,Electronic check
3737-XBQDD,No,0,0.4744,Medium Risk,Month-to-month,24,Fiber optic,84.85,2036.4,0,Bank transfer
7567-ECMCM,No,0,0.4743,Medium Risk,Month-to-month,24,Fiber optic,79.85,1916.4,0,Credit card
9552-TGUZV,No,0,0.4738,Medium Risk,Month-to-month,8,Fiber optic,75.0,600.0,0,Mailed check
4361-JEIVL,Yes,0,0.4736,Medium Risk,Month-to-month,1,DSL,44.4,44.4,0,Electronic check
4317-VTEOA,Yes,0,0.4732,Medium Risk,Month-to-month,1,DSL,50.75,50.75,0,Electronic check
3096-IZETN,Yes,0,0.4732,Medium Risk,Month-to-month,12,Fiber optic,78.1,937.2,0,Bank transfer
3943-KDREE,Yes,0,0.473,Medium Risk,Month-to-month,26,Fiber optic,74.95,1948.7,0,Bank transfer
1565-RHDJD,Yes,0,0.4729,Medium Risk,Month-to-month,4,Fiber optic,84.05,336.2,0,Bank transfer
9512-UIBFX,Yes,0,0.4729,Medium Risk,Month-to-month,18,Fiber optic,95.15,1712.7,0,Mailed check
5982-FPVQN,No,0,0.4729,Medium Risk,Month-to-month,37,Fiber optic,95.15,3520.55,0,Electronic check
6704-UTUKK,No,0,0.4725,Medium Risk,Month-to-month,29,DSL,45.9,1331.1,0,Electronic check
0277-BKSQP,No,0,0.4723,Medium Risk,Month-to-month,8,DSL,54.4,435.2,0,Electronic check
4184-TJFAN,Yes,0,0.4721,Medium Risk,Month-to-month,3,Fiber optic,88.3,264.9,1,Mailed check
6543-CPZMK,Yes,0,0.4717,Medium Risk,Month-to-month,9,DSL,29.95,269.55,0,Electronic check
7774-OJSXI,Yes,0,0.4712,Medium Risk,One year,31,Fiber optic,103.45,3206.95,0,Electronic check
5016-IBERQ,No,0,0.4707,Medium Risk,Month-to-month,23,Fiber optic,84.25,1937.75,0,Electronic check
9398-MMQTO,No,0,0.4707,Medium Risk,Month-to-month,3,Fiber optic,74.45,223.35,0,Credit card
8720-RQSBJ,No,0,0.4706,Medium Risk,Month-to-month,1,DSL,44.0,44.0,1,Electronic check
2672-TGEFF,No,0,0.4704,Medium Risk,Month-to-month,37,Fiber optic,88.8,3285.6,0,Electronic check
7729-JTEEC,No,0,0.4699,Medium Risk,Month-to-month,2,DSL,44.5,89.0,0,Electronic check
6377-WHAOX,No,0,0.4698,Medium Risk,Month-to-month,60,Fiber optic,106.15,6369.0,0,Electronic check
5895-QSXOD,No,0,0.4693,Medium Risk,Month-to-month,9,Fiber optic,70.05,630.45,0,Mailed check
7296-PIXQY,No,0,0.4692,Medium Risk,Month-to-month,14,Fiber optic,70.2,982.8,0,Electronic check
8665-UTDHZ,Yes,0,0.4692,Medium Risk,Month-to-month,1,DSL,30.2,30.2,0,Electronic check
2657-ALMWY,Yes,0,0.4691,Medium Risk,Month-to-month,26,Fiber optic,84.95,2208.7,1,Electronic check
0599-XNYDO,No,0,0.469,Medium Risk,Month-to-month,20,Fiber optic,69.8,1396.0,0,Bank transfer
1101-SSWAG,No,0,0.4687,Medium Risk,Month-to-month,15,DSL,51.1,766.5,0,Electronic check
5609-IMCGG,No,0,0.4682,Medium Risk,Month-to-month,15,Fiber optic,84.35,1265.25,0,Credit card
7126-RBHSD,No,0,0.4681,Medium Risk,Month-to-month,17,Fiber optic,78.9,1341.3,0,Electronic check
1777-JYQPJ,No,0,0.4678,Medium Risk,Month-to-month,2,DSL,24.3,48.6,0,Mailed check
7011-CVEUC,No,0,0.4678,Medium Risk,Month-to-month,25,Fiber optic,95.7,2392.5,0,Credit card
2311-QYMUQ,Yes,0,0.4676,Medium Risk,Month-to-month,16,Fiber optic,89.45,1431.2,0,Credit card
4351-QLCSU,Yes,0,0.4676,Medium Risk,Month-to-month,1,DSL,55.0,55.0,0,Credit card
0666-UXTJO,No,0,0.4672,Medium Risk,Month-to-month,34,Fiber optic,85.2,2896.8,1,Credit card
9420-LOJKX,Yes,0,0.4671,Medium Risk,Month-to-month,15,Fiber optic,99.1,1486.5,0,Credit card
6693-FRIRW,No,0,0.4667,Medium Risk,Month-to-month,18,Fiber optic,101.3,1823.4,0,Credit card
7389-KBFIT,No,0,0.4664,Medium Risk,Month-to-month,2,DSL,30.25,60.5,0,Mailed check
3096-JRDSO,Yes,0,0.4662,Medium Risk,Month-to-month,27,Fiber optic,104.3,2816.1,1,Bank transfer
1251-KRREG,Yes,0,0.4661,Medium Risk,Month-to-month,2,DSL,54.4,108.8,0,Mailed check
8167-GJLRN,No,0,0.4658,Medium Risk,Month-to-month,3,DSL,30.4,91.2,0,Electronic check
7517-SAWMO,Yes,0,0.4655,Medium Risk,Month-to-month,19,Fiber optic,73.2,1390.8,0,Electronic check
7967-HYCDE,No,0,0.4655,Medium Risk,Month-to-month,8,Fiber optic,70.7,565.6,0,Bank transfer
3987-KQDDU,No,0,0.4651,Medium Risk,Month-to-month,9,Fiber optic,75.6,680.4,0,Electronic check
6259-WJQLC,No,0,0.4651,Medium Risk,Month-to-month,32,Fiber optic,81.1,2595.2,1,Credit card
2378-VTKDH,No,0,0.4651,Medium Risk,Month-to-month,65,Fiber optic,104.35,6782.75,1,Electronic check
6729-GDNGC,No,0,0.465,Medium Risk,Month-to-month,20,Fiber optic,80.7,1614.0,1,Bank transfer
3665-JATSN,No,0,0.465,Medium Risk,Month-to-month,19,DSL,39.7,754.3,0,Electronic check
8642-GVWRF,Yes,0,0.465,Medium Risk,Month-to-month,2,Fiber optic,79.7,159.4,0,Bank transfer
6542-LWGXJ,No,0,0.4649,Medium Risk,Month-to-month,3,DSL,25.0,75.0,0,Mailed check
2178-PMGCJ,No,0,0.4646,Medium Risk,Month-to-month,22,Fiber optic,69.7,1533.4,0,Mailed check
3071-VBYPO,No,0,0.4645,Medium Risk,Month-to-month,3,Fiber optic,89.85,269.55,0,Electronic check
4154-AQUGT,Yes,0,0.4641,Medium Risk,Month-to-month,13,Fiber optic,89.05,1157.65,1,Bank transfer
2856-NNASM,Yes,0,0.4639,Medium Risk,Month-to-month,43,Fiber optic,89.55,3850.65,1,Mailed check
4446-BZKHU,Yes,0,0.4639,Medium Risk,Month-to-month,61,Fiber optic,105.55,6438.55,0,Electronic check
2519-FAKOD,Yes,0,0.463,Medium Risk,Month-to-month,38,Fiber optic,99.25,3771.5,0,Bank transfer
2476-YGEFM,No,0,0.4628,Medium Risk,Month-to-month,29,Fiber optic,76.0,2204.0,0,Credit card
7410-OIEDU,No,0,0.4626,Medium Risk,Month-to-month,10,Fiber optic,79.85,798.5,0,Mailed check
1976-CFOCS,Yes,0,0.4621,Medium Risk,Month-to-month,1,DSL,46.0,46.0,1,Electronic check
2874-YXVVA,No,0,0.4619,Medium Risk,Month-to-month,34,Fiber optic,105.1,3573.4,0,Electronic check
1818-ESQMW,No,0,0.4618,Medium Risk,Month-to-month,27,Fiber optic,89.2,2408.4,0,Electronic check
0096-BXERS,No,0,0.4617,Medium Risk,Month-to-month,6,DSL,50.35,302.1,0,Electronic check
9058-CBREO,Yes,0,0.4616,Medium Risk,Month-to-month,1,DSL,50.55,50.55,1,Mailed check
6185-TASNN,No,0,0.4616,Medium Risk,Month-to-month,1,DSL,46.3,46.3,1,Electronic check
2722-JMONI,Yes,0,0.4614,Medium Risk,Month-to-month,1,DSL,49.55,49.55,1,Electronic check
7421-ZLUPA,No,0,0.4614,Medium Risk,Month-to-month,8,DSL,29.25,234.0,0,Mailed check
9800-ONTFE,No,0,0.4611,Medium Risk,Month-to-month,22,Fiber optic,75.8,1667.6,0,Bank transfer
9272-LSVYH,No,0,0.461,Medium Risk,Month-to-month,10,Fiber optic,70.15,701.5,0,Mailed check
6390-DSAZX,Yes,0,0.4608,Medium Risk,Month-to-month,1,Fiber optic,73.6,73.6,0,Mailed check
7993-PYKOF,Yes,0,0.4607,Medium Risk,Month-to-month,8,Fiber optic,75.0,600.0,0,Electronic check
2675-OTVVJ,No,0,0.4602,Medium Risk,Month-to-month,31,Fiber optic,89.45,2772.95,1,Electronic check
4619-EVPHY,No,0,0.4599,Medium Risk,One year,20,Fiber optic,91.0,1820.0,1,Bank transfer
0867-MKZVY,Yes,0,0.4598,Medium Risk,Month-to-month,20,Fiber optic,82.4,1648.0,0,Electronic check
2971-SGAFL,No,0,0.4597,Medium Risk,Month-to-month,13,DSL,78.75,1023.75,0,Electronic check
6583-QGCSI,Yes,0,0.4595,Medium Risk,Month-to-month,50,Fiber optic,88.05,4402.5,1,Electronic check
7634-WSWDB,No,0,0.4595,Medium Risk,Month-to-month,8,DSL,38.5,308.0,0,Electronic check
0111-KLBQG,No,0,0.4591,Medium Risk,Month-to-month,32,Fiber optic,93.95,3006.4,1,Mailed check
3587-PMCOY,No,0,0.459,Medium Risk,One year,10,Fiber optic,98.9,989.0,0,Electronic check
3768-NLUBH,Yes,0,0.459,Medium Risk,Month-to-month,57,Fiber optic,100.6,5734.2,1,Electronic check
7460-ITWWP,No,0,0.4589,Medium Risk,Month-to-month,45,Fiber optic,86.1,3874.5,1,Electronic check
2189-WWOEW,Yes,0,0.4585,Medium Risk,Month-to-month,15,Fiber optic,85.9,1288.5,0,Bank transfer
1304-BCCFO,No,0,0.4584,Medium Risk,Month-to-month,9,DSL,70.05,630.45,0,Mailed check
3545-CNWRG,No,0,0.4584,Medium Risk,Month-to-month,49,Fiber optic,98.35,4819.15,0,Electronic check
9526-JAWYF,Yes,0,0.4579,Medium Risk,Month-to-month,26,Fiber optic,89.8,2334.8,0,Electronic check
6537-QLGEX,No,0,0.4577,Medium Risk,Month-to-month,16,DSL,38.9,622.4,0,Electronic check
2523-EWWZL,No,0,0.4572,Medium Risk,Month-to-month,27,Fiber optic,76.1,2054.7,0,Electronic check
9206-GVPEQ,Yes,0,0.4566,Medium Risk,Month-to-month,13,DSL,54.45,707.85,0,Electronic check
9710-ZUSHQ,Yes,0,0.4564,Medium Risk,Month-to-month,37,Fiber optic,106.75,3949.75,1,Bank transfer
1230-QAJDW,No,0,0.4562,Medium Risk,Month-to-month,3,DSL,65.25,195.75,0,Mailed check
4911-BANWH,Yes,0,0.4558,Medium Risk,Month-to-month,31,Fiber optic,86.55,2683.05,0,Credit card
1472-TNCWL,No,0,0.4557,Medium Risk,Month-to-month,36,Fiber optic,94.7,3409.2,0,Electronic check
7181-OQCUT,No,0,0.4556,Medium Risk,Month-to-month,21,Fiber optic,103.85,2180.85,0,Mailed check
3798-EPWRR,No,0,0.4553,Medium Risk,Month-to-month,2,DSL,43.95,87.9,1,Electronic check
8676-OOQEJ,No,0,0.4549,Medium Risk,Month-to-month,4,DSL,30.5,122.0,0,Electronic check
9168-INPSZ,No,0,0.4549,Medium Risk,Month-to-month,44,Fiber optic,104.15,4582.6,1,Electronic check
2606-RMDHZ,Yes,0,0.4545,Medium Risk,Month-to-month,6,DSL,30.5,183.0,0,Credit card
0623-IIHUG,Yes,0,0.4543,Medium Risk,Month-to-month,21,DSL,41.9,879.9,1,Electronic check
2931-FSOHN,No,0,0.4543,Medium Risk,Month-to-month,13,DSL,59.9,778.7,1,Electronic check
4237-RLAQD,Yes,0,0.454,Medium Risk,Month-to-month,1,DSL,45.85,45.85,0,Mailed check
3995-WFCSM,No,0,0.4538,Medium Risk,Month-to-month,2,DSL,60.85,121.7,0,Electronic check
5133-POWUA,No,0,0.4538,Medium Risk,Month-to-month,1,DSL,45.8,45.8,0,Mailed check
8614-VGMMV,Yes,0,0.4538,Medium Risk,Month-to-month,15,DSL,49.1,736.5,0,Electronic check
6599-RCLCJ,Yes,0,0.4537,Medium Risk,Month-to-month,47,Fiber optic,109.55,5148.85,0,Electronic check
9278-VZKCD,No,0,0.4537,Medium Risk,Month-to-month,52,Fiber optic,109.1,5673.2,1,Electronic check
7129-CAKJW,No,0,0.4536,Medium Risk,Month-to-month,17,Fiber optic,80.05,1360.85,0,Bank transfer
3714-NTNFO,No,0,0.4535,Medium Risk,Month-to-month,49,Fiber optic,84.5,4140.5,0,Electronic check
7881-INRLC,Yes,0,0.4534,Medium Risk,Month-to-month,45,Fiber optic,100.85,4538.25,0,Credit card
6394-MFYNG,Yes,0,0.4532,Medium Risk,Month-to-month,48,Fiber optic,107.4,5155.2,0,Bank transfer
3566-HJGPK,No,0,0.453,Medium Risk,Month-to-month,1,DSL,45.55,45.55,0,Mailed check
5356-CSVSQ,No,0,0.4529,Medium Risk,Month-to-month,3,DSL,64.6,193.8,0,Electronic check
6022-UGGSO,Yes,0,0.4529,Medium Risk,Month-to-month,32,Fiber optic,74.4,2380.8,1,Electronic check
4879-GZLFH,No,0,0.4528,Medium Risk,Month-to-month,42,Fiber optic,92.15,3870.3,0,Electronic check
9090-SGQXL,Yes,0,0.4527,Medium Risk,Month-to-month,68,Fiber optic,105.3,7160.4,1,Electronic check
5122-CYFXA,No,0,0.4524,Medium Risk,Month-to-month,3,DSL,75.3,225.9,0,Electronic check
0564-MUUQK,No,0,0.4522,Medium Risk,Month-to-month,20,Fiber optic,95.5,1910.0,0,Bank transfer
4201-JMNGR,Yes,0,0.4522,Medium Risk,Month-to-month,1,DSL,55.8,55.8,1,Electronic check
2085-BOJKI,No,0,0.4517,Medium Risk,One year,17,Fiber optic,96.65,1643.05,0,Bank transfer
4947-DSMXK,No,0,0.4513,Medium Risk,Month-to-month,34,Fiber optic,97.7,3321.8,0,Bank transfer
8064-RAVOH,No,0,0.4511,Medium Risk,Month-to-month,1,DSL,49.85,49.85,0,Electronic check
1013-QCWAM,No,0,0.4511,Medium Risk,Month-to-month,66,Fiber optic,100.8,6652.8,1,Electronic check
5572-ZDXHY,Yes,0,0.451,Medium Risk,Month-to-month,22,Fiber optic,84.3,1854.6,0,Mailed check
8950-MTZNV,No,0,0.4509,Medium Risk,Month-to-month,1,DSL,44.95,44.95,0,Mailed check
9574-RKJIF,Yes,0,0.4509,Medium Risk,Month-to-month,30,Fiber optic,94.4,2832.0,0,Electronic check
2141-RRYGO,Yes,0,0.4506,Medium Risk,Month-to-month,4,DSL,68.65,274.6,0,Bank transfer
9793-WECQC,No,0,0.4505,Medium Risk,Month-to-month,23,Fiber optic,95.3,2191.9,0,Mailed check
1035-IPQPU,No,0,0.4503,Medium Risk,Month-to-month,63,Fiber optic,103.5,6520.5,1,Electronic check
3374-LXDEV,Yes,0,0.4501,Medium Risk,Month-to-month,13,Fiber optic,89.4,1162.2,0,Electronic check
0376-OIWME,No,0,0.4498,Medium Risk,Month-to-month,36,Fiber optic,93.6,3369.6,0,Electronic check
9927-DSWDF,No,0,0.4496,Medium Risk,Month-to-month,22,Fiber optic,104.6,2301.2,0,Electronic check
0067-DKWBL,Yes,0,0.4488,Medium Risk,Month-to-month,2,DSL,49.25,98.5,1,Electronic check
0082-LDZUE,No,0,0.4487,Medium Risk,Month-to-month,1,DSL,44.3,44.3,0,Mailed check
5828-AVIPD,Yes,0,0.4487,Medium Risk,One year,19,Fiber optic,100.95,1918.05,0,Electronic check
8785-CJSHH,No,0,0.4486,Medium Risk,Month-to-month,60,Fiber optic,99.8,5988.0,0,Electronic check
7675-OZCZG,Yes,0,0.4486,Medium Risk,Month-to-month,3,DSL,45.0,135.0,1,Electronic check
7129-ACFOG,No,0,0.4484,Medium Risk,Month-to-month,5,DSL,53.8,269.0,0,Electronic check
5129-JLPIS,No,0,0.4483,Medium Risk,Month-to-month,25,Fiber optic,105.5,2637.5,0,Electronic check
1550-EENBN,No,0,0.4479,Medium Risk,Month-to-month,31,Fiber optic,104.35,3234.85,0,Electronic check
2275-RBYQS,No,0,0.4476,Medium Risk,Month-to-month,1,DSL,45.4,45.4,0,Mailed check
5692-FPTAH,Yes,0,0.4476,Medium Risk,Month-to-month,1,DSL,45.4,45.4,0,Mailed check
7065-YUNRY,Yes,0,0.4473,Medium Risk,Month-to-month,1,DSL,45.3,45.3,0,Mailed check
3524-WQDSG,No,0,0.4473,Medium Risk,Month-to-month,43,Fiber optic,99.3,4269.9,0,Bank transfer
1173-NOEYG,No,0,0.447,Medium Risk,Month-to-month,27,Fiber optic,90.15,2434.05,0,Bank transfer
5294-DMSFH,No,0,0.4469,Medium Risk,Month-to-month,29,Fiber optic,87.8,2546.2,0,Credit card
3969-GYXEL,No,0,0.4468,Medium Risk,Month-to-month,11,Fiber optic,76.4,840.4,0,Electronic check
5461-QKNTN,No,0,0.4462,Medium Risk,Month-to-month,43,Fiber optic,94.3,4054.9,1,Electronic check
4116-TZAQJ,Yes,0,0.4459,Medium Risk,Month-to-month,9,Fiber optic,74.25,668.25,0,Credit card
3627-FHKBK,Yes,0,0.4458,Medium Risk,Month-to-month,1,Fiber optic,75.3,75.3,0,Mailed check
6907-FLBER,No,0,0.4456,Medium Risk,Month-to-month,1,DSL,54.3,54.3,0,Electronic check
4662-EKDPQ,Yes,0,0.4453,Medium Risk,Month-to-month,2,DSL,62.05,124.1,0,Bank transfer
7752-XUSCI,Yes,0,0.4449,Medium Risk,Month-to-month,60,Fiber optic,105.9,6354.0,0,Electronic check
6961-VCPMC,Yes,0,0.4445,Medium Risk,Month-to-month,46,Fiber optic,80.4,3698.4,1,Electronic check
6595-COKXZ,Yes,0,0.4444,Medium Risk,Month-to-month,1,DSL,44.45,44.45,0,Mailed check
9626-WEQRM,No,0,0.4443,Medium Risk,Month-to-month,4,DSL,29.15,116.6,0,Mailed check
9389-ACWBI,No,0,0.4441,Medium Risk,Month-to-month,5,Fiber optic,69.95,349.75,0,Credit card
3452-ABWRL,No,0,0.4434,Medium Risk,Month-to-month,47,Fiber optic,86.05,4044.35,1,Credit card
0504-HHAPI,Yes,0,0.4433,Medium Risk,Month-to-month,27,Fiber optic,88.3,2384.1,1,Credit card
1228-ZLNBX,No,0,0.4431,Medium Risk,Month-to-month,21,Fiber optic,75.3,1581.3,0,Mailed check
6240-EURKS,Yes,0,0.443,Medium Risk,Month-to-month,18,DSL,35.0,630.0,0,Electronic check
9214-EKVXR,No,0,0.4429,Medium Risk,Month-to-month,1,DSL,44.0,44.0,0,Mailed check
0641-EVBOJ,No,0,0.4429,Medium Risk,Month-to-month,3,Fiber optic,82.3,246.9,0,Mailed check
5331-RGMTT,No,0,0.4429,Medium Risk,Month-to-month,54,Fiber optic,99.05,5348.7,1,Credit card
9369-XFEHK,Yes,0,0.4429,Medium Risk,Month-to-month,33,Fiber optic,80.6,2659.8,1,Bank transfer
1660-HSOOQ,Yes,0,0.4428,Medium Risk,Month-to-month,1,DSL,49.65,49.65,0,Mailed check
3791-LGQCY,Yes,0,0.4425,Medium Risk,Month-to-month,56,Fiber optic,100.65,5636.4,1,Bank transfer
0577-WHMEV,No,0,0.4425,Medium Risk,Month-to-month,16,Fiber optic,90.7,1451.2,0,Electronic check
7682-AZNDK,No,0,0.4424,Medium Risk,Month-to-month,34,Fiber optic,89.85,3054.9,0,Electronic check
7404-JLKQG,No,0,0.4423,Medium Risk,Month-to-month,3,DSL,57.55,172.65,0,Electronic check
4678-DVQEO,Yes,0,0.4421,Medium Risk,Month-to-month,1,DSL,52.2,52.2,0,Electronic check
0224-HJAPT,Yes,0,0.4417,Medium Risk,Month-to-month,5,DSL,47.15,235.75,0,Electronic check
4818-DRBQT,Yes,0,0.4416,Medium Risk,Month-to-month,29,Fiber optic,80.15,2324.35,0,Bank transfer
0430-IHCDJ,No,0,0.4414,Medium Risk,Month-to-month,15,DSL,49.0,735.0,0,Electronic check
7159-FVYPK,No,0,0.4413,Medium Risk,Month-to-month,3,DSL,69.15,207.45,0,Bank transfer
0621-TWIEM,Yes,0,0.4409,Medium Risk,Month-to-month,10,DSL,45.55,455.5,0,Electronic check
4671-LXRDQ,Yes,0,0.4408,Medium Risk,Month-to-month,2,DSL,45.0,90.0,0,Mailed check
8280-MQRQN,Yes,0,0.4407,Medium Risk,Month-to-month,1,DSL,50.45,50.45,0,Mailed check
3481-JHUZH,No,0,0.4407,Medium Risk,Month-to-month,41,Fiber optic,80.25,3290.25,0,Electronic check
1260-TTRXI,Yes,0,0.4406,Medium Risk,Month-to-month,4,DSL,54.3,217.2,0,Electronic check
6402-EJMWF,No,0,0.4404,Medium Risk,Month-to-month,4,DSL,55.3,221.2,0,Mailed check
5351-QESIO,No,0,0.44,Medium Risk,Month-to-month,1,DSL,24.2,24.2,0,Mailed check
7852-LECYP,No,0,0.44,Medium Risk,Month-to-month,13,Fiber optic,93.8,1219.4,1,Credit card
4905-JEFDW,Yes,0,0.4399,Medium Risk,One year,11,DSL,41.6,457.6,0,Electronic check
9722-UJOJR,Yes,0,0.4397,Medium Risk,Month-to-month,29,Fiber optic,70.75,2051.75,0,Electronic check
5651-YLPRD,No,0,0.4397,Medium Risk,Month-to-month,32,Fiber optic,86.1,2755.2,0,Electronic check
3137-LUPIX,No,0,0.4394,Medium Risk,Month-to-month,4,DSL,64.4,257.6,0,Mailed check
4570-QHXHL,No,0,0.4394,Medium Risk,Month-to-month,9,DSL,43.75,393.75,0,Electronic check
1963-SVUCV,Yes,0,0.4391,Medium Risk,Month-to-month,1,DSL,45.3,45.3,0,Electronic check
5552-ZNFSJ,Yes,0,0.4391,Medium Risk,Month-to-month,1,DSL,45.3,45.3,0,Electronic check
3058-WQDRE,No,0,0.4388,Medium Risk,Month-to-month,13,DSL,25.15,326.95,0,Bank transfer
5896-NPFWW,Yes,0,0.4386,Medium Risk,Month-to-month,3,DSL,50.15,150.45,0,Electronic check
6416-YJTTB,No,0,0.4381,Medium Risk,Month-to-month,11,Fiber optic,79.5,874.5,0,Bank transfer
5389-FFVKB,Yes,0,0.4375,Medium Risk,Month-to-month,32,Fiber optic,80.3,2569.6,1,Credit card
9637-EIHEQ,Yes,0,0.4373,Medium Risk,Month-to-month,1,DSL,50.8,50.8,0,Electronic check
5515-AKOAJ,Yes,0,0.4373,Medium Risk,Month-to-month,54,Fiber optic,100.1,5405.4,0,Electronic check
7077-XJMET,No,0,0.4372,Medium Risk,Month-to-month,12,DSL,74.15,889.8,0,Electronic check
3716-UVSPD,No,0,0.4371,Medium Risk,Month-to-month,1,DSL,49.3,49.3,0,Electronic check
9281-OFDMF,No,0,0.4371,Medium Risk,Month-to-month,39,Fiber optic,90.7,3537.3,1,Electronic check
9117-SHLZX,Yes,0,0.4367,Medium Risk,Month-to-month,1,DSL,45.7,45.7,0,Mailed check
2782-LFZVW,No,0,0.4367,Medium Risk,Month-to-month,11,DSL,58.95,648.45,0,Mailed check
0887-HJGAR,Yes,0,0.4367,Medium Risk,Month-to-month,1,DSL,45.7,45.7,0,Mailed check
1216-JWVUX,No,0,0.4367,Medium Risk,Month-to-month,25,Fiber optic,75.5,1887.5,0,Electronic check
2432-TFSMK,No,0,0.4366,Medium Risk,One year,18,Fiber optic,89.6,1612.8,0,Credit card
2884-GBPFB,Yes,0,0.4362,Medium Risk,Month-to-month,35,Fiber optic,70.3,2460.5,0,Electronic check
2683-BPJSO,Yes,0,0.4362,Medium Risk,Month-to-month,29,Fiber optic,84.45,2449.05,0,Electronic check
2277-DJJDL,No,0,0.4357,Medium Risk,Month-to-month,60,Fiber optic,99.0,5940.0,1,Electronic check
5404-GGUKR,No,0,0.4356,Medium Risk,Month-to-month,5,DSL,51.35,256.75,0,Electronic check
6635-CPNUN,No,0,0.4355,Medium Risk,Month-to-month,28,Fiber optic,96.6,2704.8,0,Credit card
7739-LAXOG,Yes,0,0.4354,Medium Risk,Month-to-month,32,Fiber optic,91.05,2913.6,0,Bank transfer
6080-TCMYC,No,0,0.4354,Medium Risk,Month-to-month,40,Fiber optic,81.2,3248.0,0,Electronic check
2951-QOQTK,Yes,0,0.4351,Medium Risk,Month-to-month,4,Fiber optic,80.8,323.2,0,Credit card
5590-YRFJT,Yes,0,0.4347,Medium Risk,Month-to-month,20,DSL,24.45,489.0,0,Electronic check
8802-UNOJF,Yes,0,0.4347,Medium Risk,Month-to-month,12,Fiber optic,83.8,1005.6,1,Mailed check
1942-OQFRW,No,0,0.4347,Medium Risk,Month-to-month,1,DSL,44.0,44.0,0,Electronic check
9522-BNTHX,No,0,0.4346,Medium Risk,Month-to-month,34,DSL,56.25,1912.5,1,Electronic check
6317-YPKDH,Yes,0,0.4346,Medium Risk,Month-to-month,1,DSL,29.95,29.95,0,Bank transfer
9763-PDTKK,Yes,0,0.4346,Medium Risk,Month-to-month,4,Fiber optic,94.4,377.6,0,Bank transfer
5696-QURRL,Yes,0,0.4345,Medium Risk,Month-to-month,1,DSL,45.05,45.05,0,Mailed check
1536-HBSWP,No,0,0.4343,Medium Risk,Month-to-month,1,DSL,49.9,49.9,0,Electronic check
8710-YGLWG,No,0,0.434,Medium Risk,Month-to-month,1,DSL,44.9,44.9,0,Mailed check
1612-EOHDH,Yes,0,0.4338,Medium Risk,Month-to-month,1,DSL,45.15,45.15,0,Electronic check
1855-AGAWH,No,0,0.4336,Medium Risk,One year,31,Fiber optic,93.8,2907.8,0,Electronic check
9667-EQRXU,Yes,0,0.4336,Medium Risk,Month-to-month,30,DSL,40.3,1209.0,1,Electronic check
9777-WJJPR,No,0,0.4333,Medium Risk,Month-to-month,31,Fiber optic,88.65,2748.15,0,Credit card
6180-YBIQI,No,0,0.433,Medium Risk,Month-to-month,5,DSL,24.3,121.5,0,Mailed check
3961-SXAXY,No,0,0.4329,Medium Risk,Month-to-month,1,DSL,44.05,44.05,0,Bank transfer
3234-VKACU,No,0,0.4328,Medium Risk,Month-to-month,2,DSL,70.3,140.6,0,Electronic check
4465-VDKIQ,No,0,0.4328,Medium Risk,Month-to-month,18,Fiber optic,77.8,1400.4,0,Electronic check
0829-XXPLX,No,0,0.4323,Medium Risk,Month-to-month,20,Fiber optic,89.4,1788.0,0,Bank transfer
8058-DMYRU,No,0,0.4318,Medium Risk,Month-to-month,54,Fiber optic,90.05,4862.7,1,Electronic check
8982-NHAVY,No,0,0.4317,Medium Risk,One year,27,Fiber optic,100.5,2713.5,0,Bank transfer
3005-NFMTA,Yes,0,0.4317,Medium Risk,Month-to-month,55,Fiber optic,98.8,5434.0,1,Electronic check
6741-EGCBI,No,0,0.4316,Medium Risk,Month-to-month,30,Fiber optic,90.5,2715.0,1,Credit card
7663-RGWBC,Yes,0,0.4315,Medium Risk,Month-to-month,1,DSL,44.15,44.15,0,Mailed check
3130-ICDUP,No,0,0.4315,Medium Risk,Month-to-month,2,Fiber optic,80.55,161.1,0,Credit card
9286-DOJGF,Yes,0,0.4314,Medium Risk,Month-to-month,38,Fiber optic,74.95,2848.1,1,Bank transfer
5968-VXZLG,No,0,0.4314,Medium Risk,Month-to-month,2,DSL,46.6,93.2,0,Bank transfer
2103-ZRXFN,No,0,0.4312,Medium Risk,Month-to-month,1,DSL,50.75,50.75,0,Mailed check
5712-AHQNN,No,0,0.431,Medium Risk,Month-to-month,43,Fiber optic,91.65,3940.95,0,Electronic check
2227-JRSJX,No,0,0.4306,Medium Risk,Month-to-month,21,Fiber optic,99.15,2082.15,0,Bank transfer
9842-EFSYY,No,0,0.4305,Medium Risk,Month-to-month,4,DSL,57.2,228.8,0,Mailed check
3331-HQDTW,Yes,0,0.4305,Medium Risk,Month-to-month,34,Fiber optic,109.8,3733.2,0,Mailed check
7599-FKVXZ,Yes,0,0.4302,Medium Risk,Month-to-month,42,Fiber optic,106.15,4458.3,0,Bank transfer
0207-MDKNV,Yes,0,0.43,Medium Risk,Month-to-month,15,Fiber optic,105.1,1576.5,0,Electronic check
3161-GETRM,No,0,0.4297,Medium Risk,Month-to-month,34,Fiber optic,90.05,3061.7,0,Credit card
5716-LIBJC,No,0,0.4297,Medium Risk,One year,13,Fiber optic,104.15,1353.95,0,Credit card
7547-EKNFS,Yes,0,0.4296,Medium Risk,Month-to-month,42,Fiber optic,95.25,4000.5,0,Bank transfer
4315-MURBD,Yes,0,0.4294,Medium Risk,Month-to-month,12,Fiber optic,98.9,1186.8,0,Bank transfer
5498-TXHLF,Yes,0,0.4292,Medium Risk,Month-to-month,34,Fiber optic,87.45,2973.3,0,Electronic check
9699-UBQFS,No,0,0.4287,Medium Risk,Month-to-month,43,Fiber optic,94.5,4063.5,1,Electronic check
6135-OZQVA,No,0,0.4284,Medium Risk,Month-to-month,7,DSL,53.65,375.55,0,Electronic check
9026-RNUJS,Yes,0,0.4284,Medium Risk,Month-to-month,5,DSL,50.35,251.75,1,Electronic check
5302-BDJNT,No,0,0.4284,Medium Risk,Month-to-month,35,Fiber optic,95.5,3342.5,0,Electronic check
1095-JUDTC,Yes,0,0.428,Medium Risk,Month-to-month,47,Fiber optic,95.05,4467.35,1,Electronic check
5813-UECBU,Yes,0,0.4279,Medium Risk,Month-to-month,33,Fiber optic,83.85,2767.05,1,Credit card
2811-POVEX,No,0,0.4274,Medium Risk,Month-to-month,23,Fiber optic,88.45,2034.35,1,Bank transfer
3237-AJGEH,Yes,0,0.4267,Medium Risk,Month-to-month,3,DSL,31.0,93.0,0,Mailed check
8496-EJAUI,Yes,0,0.4265,Medium Risk,Month-to-month,19,Fiber optic,73.85,1403.15,0,Credit card
6217-TOWGS,No,0,0.4263,Medium Risk,Month-to-month,17,DSL,75.4,1281.8,0,Bank transfer
0320-JDNQG,Yes,0,0.4257,Medium Risk,Month-to-month,23,Fiber optic,99.85,2296.55,0,Electronic check
0468-YRPXN,No,0,0.4253,Medium Risk,Month-to-month,29,Fiber optic,98.8,2865.2,0,Credit card
1597-FZREH,Yes,0,0.4251,Medium Risk,Month-to-month,2,DSL,76.4,152.8,0,Electronic check
4537-DKTAL,No,0,0.425,Medium Risk,Month-to-month,2,DSL,45.55,91.1,0,Electronic check
4948-WBBKL,No,0,0.4248,Medium Risk,Month-to-month,36,Fiber optic,74.9,2696.4,1,Bank transfer
5047-LHVLY,Yes,0,0.4248,Medium Risk,Month-to-month,1,DSL,50.15,50.15,1,Mailed check
0975-VOOVL,No,0,0.4246,Medium Risk,Month-to-month,3,DSL,29.2,87.6,0,Mailed check
1469-LBJQJ,No,0,0.4243,Medium Risk,Month-to-month,66,Fiber optic,105.2,6943.2,0,Electronic check
0064-YIJGF,No,0,0.4241,Medium Risk,Month-to-month,27,Fiber optic,75.75,2045.25,0,Bank transfer
7359-PTSXY,Yes,0,0.424,Medium Risk,Month-to-month,1,DSL,45.75,45.75,0,Electronic check
4430-UZIPO,Yes,0,0.4239,Medium Risk,Month-to-month,3,DSL,36.85,110.55,0,Mailed check
5419-JKZNQ,No,0,0.4238,Medium Risk,Month-to-month,30,Fiber optic,77.9,2337.0,1,Mailed check
5697-GOMBF,No,0,0.4238,Medium Risk,Month-to-month,28,DSL,35.9,1005.2,1,Electronic check
2573-GYRUU,No,0,0.4237,Medium Risk,Month-to-month,48,Fiber optic,91.05,4370.4,1,Credit card
9445-SZLCH,Yes,0,0.4235,Medium Risk,Month-to-month,36,Fiber optic,97.35,3504.6,0,Bank transfer
4811-JBUVU,No,0,0.4234,Medium Risk,Month-to-month,30,Fiber optic,89.9,2697.0,0,Credit card
4993-JCRGJ,No,0,0.4233,Medium Risk,Month-to-month,26,Fiber optic,84.3,2191.8,0,Mailed check
8818-XYFCQ,Yes,0,0.4231,Medium Risk,Month-to-month,32,Fiber optic,99.55,3185.6,0,Credit card
2640-PMGFL,Yes,0,0.423,Medium Risk,Month-to-month,27,Fiber optic,79.5,2146.5,0,Electronic check
4840-ORQXB,No,0,0.4224,Medium Risk,Month-to-month,56,Fiber optic,104.75,5866.0,1,Electronic check
0118-JPNOY,No,0,0.4224,Medium Risk,Month-to-month,26,Fiber optic,85.8,2230.8,1,Credit card
5365-LLFYV,No,0,0.4224,Medium Risk,Month-to-month,2,DSL,45.85,91.7,0,Mailed check
1866-OBPNR,No,0,0.4219,Medium Risk,Month-to-month,1,Fiber optic,74.6,74.6,0,Credit card
6988-CJEYV,No,0,0.4219,Medium Risk,Month-to-month,49,Fiber optic,98.7,4836.3,0,Electronic check
7758-XKCBS,Yes,0,0.4217,Medium Risk,Month-to-month,15,DSL,29.7,445.5,0,Electronic check
4550-VBOFE,Yes,0,0.4217,Medium Risk,Month-to-month,70,Fiber optic,102.95,7206.5,1,Electronic check
0177-PXBAT,No,0,0.4215,Medium Risk,Month-to-month,33,Fiber optic,109.9,3626.7,1,Bank transfer
2070-FNEXE,Yes,0,0.4211,Medium Risk,Month-to-month,7,Fiber optic,76.45,535.15,1,Bank transfer
2604-IJPDU,No,0,0.421,Medium Risk,Month-to-month,20,Fiber optic,96.55,1931.0,0,Electronic check
9474-PHLYD,Yes,0,0.4206,Medium Risk,Month-to-month,15,DSL,59.45,891.75,0,Electronic check
2538-OIMXF,No,0,0.4203,Medium Risk,Month-to-month,1,DSL,24.7,24.7,0,Mailed check
3278-FSIXX,No,0,0.4203,Medium Risk,Month-to-month,2,DSL,45.25,90.5,0,Mailed check
3926-CUQZX,Yes,0,0.4199,Medium Risk,Month-to-month,1,DSL,45.1,45.1,0,Bank transfer
6591-QGOYB,No,0,0.4196,Medium Risk,Month-to-month,17,Fiber optic,106.65,1813.05,0,Bank transfer
9889-TMAHG,Yes,0,0.4195,Medium Risk,Month-to-month,8,Fiber optic,100.3,802.4,1,Credit card
9714-EDSUC,No,0,0.4195,Medium Risk,Month-to-month,4,Fiber optic,94.9,379.6,0,Mailed check
2637-FKFSY,No,0,0.4194,Medium Risk,Month-to-month,3,DSL,46.1,138.3,0,Mailed check
7825-GKXMW,Yes,0,0.4194,Medium Risk,Month-to-month,1,DSL,45.8,45.8,0,Electronic check
7636-OWBPG,No,0,0.4187,Medium Risk,Month-to-month,12,DSL,29.35,352.2,1,Credit card
1343-EHPYB,Yes,0,0.4187,Medium Risk,Month-to-month,63,Fiber optic,103.4,6514.2,0,Electronic check
8725-JEDFD,No,0,0.4179,Medium Risk,Month-to-month,27,Fiber optic,69.05,1864.35,0,Mailed check
6075-SLNIL,No,0,0.4176,Medium Risk,Month-to-month,38,Fiber optic,95.1,3613.8,0,Credit card
5673-TIYIB,Yes,0,0.4176,Medium Risk,Month-to-month,2,DSL,40.4,80.8,0,Credit card
9708-HPXWZ,No,0,0.4173,Medium Risk,Month-to-month,5,DSL,45.4,227.0,1,Credit card
7000-WCEVQ,Yes,0,0.4172,Medium Risk,Month-to-month,20,DSL,61.6,1232.0,1,Mailed check
4220-TINQT,No,0,0.4172,Medium Risk,Month-to-month,61,Fiber optic,106.35,6487.35,0,Electronic check
6710-HSJRD,No,0,0.4168,Medium Risk,Month-to-month,61,Fiber optic,114.1,6960.1,0,Electronic check
4680-KUTAJ,No,0,0.4167,Medium Risk,Month-to-month,11,DSL,55.6,611.6,1,Electronic check
9470-XCCEM,No,0,0.4167,Medium Risk,Month-to-month,35,Fiber optic,89.65,3137.75,0,Bank transfer
0324-BRPCJ,Yes,0,0.4165,Medium Risk,Month-to-month,68,Fiber optic,100.2,6813.6,1,Electronic check
3348-CFRNX,Yes,0,0.4164,Medium Risk,Month-to-month,28,Fiber optic,92.35,2585.8,0,Mailed check
1785-BPHTP,No,0,0.4159,Medium Risk,Month-to-month,28,Fiber optic,85.45,2392.6,0,Electronic check
3197-ARFOY,No,0,0.4159,Medium Risk,Month-to-month,19,Fiber optic,105.0,1995.0,1,Mailed check
1849-RJYIG,No,0,0.4159,Medium Risk,Month-to-month,8,DSL,60.0,480.0,0,Electronic check
3082-VQXNH,No,0,0.4158,Medium Risk,Month-to-month,3,DSL,29.8,89.4,0,Credit card
8108-UXRQN,No,0,0.4157,Medium Risk,Month-to-month,11,DSL,50.55,556.05,0,Electronic check
6650-VJONK,No,0,0.4157,Medium Risk,Month-to-month,1,DSL,43.85,43.85,0,Bank transfer
0708-LGSMF,No,0,0.4153,Medium Risk,Month-to-month,13,DSL,65.85,856.05,0,Electronic check
2347-WKKAE,No,0,0.415,Medium Risk,Month-to-month,42,Fiber optic,94.4,3964.8,0,Electronic check
1406-PUQVY,No,0,0.4147,Medium Risk,Month-to-month,1,DSL,49.9,49.9,0,Electronic check
4847-QNOKA,Yes,0,0.4145,Medium Risk,Month-to-month,1,DSL,44.9,44.9,0,Bank transfer
2014-MKGMH,No,0,0.4142,Medium Risk,One year,46,Fiber optic,101.1,4650.6,0,Electronic check
1436-ZMJAN,No,0,0.4141,Medium Risk,Month-to-month,10,DSL,67.8,678.0,0,Credit card
6204-IEUXJ,Yes,0,0.4141,Medium Risk,Month-to-month,3,Fiber optic,80.1,240.3,0,Credit card
5392-AKEMH,No,0,0.4139,Medium Risk,Month-to-month,12,DSL,45.05,540.6,0,Electronic check
2037-XJFUP,Yes,0,0.4136,Medium Risk,One year,33,Fiber optic,95.8,3161.4,0,Electronic check
9667-TKTVZ,No,0,0.4135,Medium Risk,Month-to-month,2,DSL,54.35,108.7,0,Mailed check
9269-CQOOL,Yes,0,0.4134,Medium Risk,Month-to-month,3,DSL,54.7,164.1,0,Credit card
8158-WPEZG,No,0,0.4131,Medium Risk,Month-to-month,11,DSL,35.65,392.15,0,Electronic check
1478-VPOAD,No,0,0.4128,Medium Risk,Month-to-month,1,DSL,43.8,43.8,0,Electronic check
1310-QRITU,No,0,0.4127,Medium Risk,Month-to-month,18,DSL,50.3,905.4,0,Electronic check
0322-CHQRU,Yes,0,0.4126,Medium Risk,Month-to-month,2,DSL,45.35,90.7,0,Electronic check
8782-LKFPK,No,0,0.4126,Medium Risk,Month-to-month,44,Fiber optic,90.4,3977.6,0,Mailed check
5916-QEWPT,No,0,0.4126,Medium Risk,Month-to-month,2,DSL,69.0,138.0,0,Credit card
2960-NKRSO,No,0,0.4126,Medium Risk,Month-to-month,24,Fiber optic,85.95,2062.8,0,Electronic check
5301-GAUUY,Yes,0,0.4125,Medium Risk,Month-to-month,32,Fiber optic,80.35,2571.2,0,Bank transfer
3976-BWUCK,Yes,0,0.4123,Medium Risk,Month-to-month,30,Fiber optic,94.1,2823.0,0,Credit card
4607-CHPCA,Yes,0,0.4119,Medium Risk,One year,25,Fiber optic,90.4,2260.0,0,Electronic check
5536-RTPWK,Yes,0,0.4119,Medium Risk,Month-to-month,49,Fiber optic,99.05,4853.45,0,Bank transfer
3703-VAVCL,Yes,0,0.4118,Medium Risk,Month-to-month,2,Fiber optic,90.0,180.0,0,Credit card
0280-XJGEX,Yes,0,0.4115,Medium Risk,Month-to-month,49,Fiber optic,103.7,5081.3,0,Bank transfer
7233-DRTRF,No,0,0.4115,Medium Risk,Month-to-month,63,Fiber optic,102.4,6451.2,0,Electronic check
6745-JEFZB,No,0,0.411,Medium Risk,Month-to-month,35,Fiber optic,91.5,3202.5,0,Credit card
2988-PLAHS,No,0,0.4108,Medium Risk,One year,3,DSL,69.95,209.85,0,Electronic check
6862-CQUMB,No,0,0.4104,Medium Risk,Month-to-month,37,Fiber optic,96.1,3555.7,0,Credit card
6927-WTFIV,Yes,0,0.4103,Medium Risk,Month-to-month,20,Fiber optic,71.3,1426.0,1,Credit card
1329-VHWNP,No,0,0.41,Medium Risk,Month-to-month,7,DSL,25.05,175.35,0,Bank transfer
4459-BBGHE,No,0,0.41,Medium Risk,Month-to-month,30,DSL,44.5,1335.0,0,Electronic check
4566-QVRRW,Yes,0,0.4098,Medium Risk,Month-to-month,11,DSL,44.05,484.55,0,Electronic check
3688-FTHLT,No,0,0.4097,Medium Risk,Month-to-month,16,DSL,63.05,1008.8,0,Bank transfer
2372-HWUHI,Yes,0,0.4092,Medium Risk,Month-to-month,2,DSL,44.35,88.7,0,Electronic check
7504-UWHNB,No,0,0.4092,Medium Risk,Month-to-month,25,Fiber optic,69.75,1743.75,0,Electronic check
5649-RXQTV,No,0,0.409,Medium Risk,Month-to-month,51,Fiber optic,99.0,5049.0,0,Electronic check
2277-VWCNI,No,0,0.4089,Medium Risk,Month-to-month,4,DSL,48.75,195.0,1,Mailed check
6825-UYPFK,Yes,0,0.4084,Medium Risk,Month-to-month,23,Fiber optic,75.6,1738.8,0,Bank transfer
1845-ZLLIG,No,0,0.4081,Medium Risk,Month-to-month,1,DSL,50.15,50.15,0,Mailed check
5839-SUYVZ,No,0,0.4074,Medium Risk,Month-to-month,16,Fiber optic,74.55,1192.8,0,Credit card
1767-TGTKO,No,0,0.4073,Medium Risk,Month-to-month,8,DSL,45.45,363.6,0,Electronic check
8327-LZKAS,Yes,0,0.4069,Medium Risk,One year,43,Fiber optic,107.55,4624.65,1,Electronic check
8069-YQQAJ,No,0,0.4068,Medium Risk,Month-to-month,14,DSL,31.1,435.4,0,Mailed check
8468-EHYJA,No,0,0.4066,Medium Risk,Month-to-month,57,Fiber optic,99.65,5680.05,0,Electronic check
8180-AKMJV,No,0,0.4063,Medium Risk,Month-to-month,1,DSL,44.55,44.55,0,Credit card
6218-KNUBD,No,0,0.4061,Medium Risk,Month-to-month,6,DSL,59.45,356.7,0,Electronic check
7841-TZDMQ,Yes,0,0.4059,Medium Risk,Month-to-month,2,DSL,46.0,92.0,0,Credit card
0701-RFGFI,No,0,0.4058,Medium Risk,Month-to-month,49,Fiber optic,95.4,4674.6,0,Bank transfer
7272-QDCKA,No,0,0.4057,Medium Risk,One year,28,Fiber optic,100.2,2805.6,0,Electronic check
1373-ORVIZ,Yes,0,0.4056,Medium Risk,Month-to-month,11,DSL,66.35,729.85,0,Electronic check
7982-VCELR,No,0,0.4055,Medium Risk,Month-to-month,36,Fiber optic,94.8,3412.8,0,Credit card
1685-BQULA,No,0,0.4055,Medium Risk,Month-to-month,40,Fiber optic,93.4,3736.0,0,Bank transfer
2108-XWMPY,Yes,0,0.4054,Medium Risk,Month-to-month,3,DSL,35.45,106.35,0,Mailed check
1261-FWTTE,No,0,0.4053,Medium Risk,Month-to-month,23,DSL,34.65,796.95,1,Bank transfer
3165-HDOEW,Yes,0,0.4051,Medium Risk,Month-to-month,1,DSL,45.85,45.85,0,Mailed check
9469-WEJBT,No,0,0.4051,Medium Risk,Month-to-month,37,Fiber optic,90.35,3342.95,0,Electronic check
1728-BQDMA,No,0,0.4048,Medium Risk,Month-to-month,2,DSL,44.45,88.9,0,Electronic check
8631-WUXGY,No,0,0.4047,Medium Risk,Month-to-month,46,Fiber optic,99.8,4590.8,0,Electronic check
4248-HCETZ,Yes,0,0.4046,Medium Risk,Month-to-month,30,Fiber optic,79.65,2389.5,1,Mailed check
7481-ATQQS,Yes,0,0.4044,Medium Risk,Month-to-month,49,Fiber optic,90.85,4451.65,1,Credit card
1816-FLZDK,No,0,0.4043,Medium Risk,Month-to-month,1,DSL,29.15,29.15,0,Mailed check
6656-JWRQX,No,0,0.4042,Medium Risk,Month-to-month,1,DSL,30.55,30.55,0,Mailed check
2232-DMLXU,Yes,0,0.4041,Medium Risk,Month-to-month,1,DSL,55.2,55.2,0,Mailed check
0804-XBFBV,No,0,0.404,Medium Risk,Month-to-month,11,DSL,25.2,277.2,0,Electronic check
3583-KRKMD,No,0,0.4039,Medium Risk,Month-to-month,18,Fiber optic,75.9,1366.2,0,Bank transfer
9940-HPQPG,Yes,0,0.4037,Medium Risk,Month-to-month,9,Fiber optic,91.75,825.75,0,Bank transfer
0397-GZBBC,Yes,0,0.4036,Medium Risk,Month-to-month,59,Fiber optic,93.85,5537.15,1,Bank transfer
4690-LLKUA,Yes,0,0.4035,Medium Risk,Month-to-month,17,DSL,45.05,765.85,1,Electronic check
9029-FEGVJ,No,0,0.4032,Medium Risk,Month-to-month,32,Fiber optic,79.3,2537.6,1,Mailed check
6168-YBYNP,No,0,0.4032,Medium Risk,Month-to-month,59,Fiber optic,111.35,6569.65,0,Electronic check
2195-ZRVAX,Yes,0,0.4032,Medium Risk,Month-to-month,47,Fiber optic,85.3,4009.1,0,Electronic check
7929-DMBCV,No,0,0.4031,Medium Risk,Month-to-month,20,Fiber optic,81.0,1620.0,0,Mailed check
5175-AOBHI,Yes,0,0.4029,Medium Risk,Month-to-month,4,DSL,46.0,184.0,0,Mailed check
8384-FZBJK,No,0,0.4026,Medium Risk,Month-to-month,57,Fiber optic,100.6,5734.2,0,Electronic check
4959-JOSRX,Yes,0,0.4026,Medium Risk,Month-to-month,2,DSL,44.6,89.2,0,Credit card
4931-TRZWN,No,0,0.4024,Medium Risk,Month-to-month,13,DSL,71.95,935.35,0,Electronic check
3891-PUQOD,Yes,0,0.4023,Medium Risk,Month-to-month,1,DSL,59.2,59.2,0,Electronic check
6946-LMSQS,Yes,0,0.4019,Medium Risk,One year,25,Fiber optic,89.05,2226.25,1,Electronic check
0637-UBJRP,Yes,0,0.4013,Medium Risk,Month-to-month,13,Fiber optic,84.05,1092.65,0,Electronic check
0578-SKVMF,Yes,0,0.4012,Medium Risk,Month-to-month,22,Fiber optic,83.3,1832.6,0,Electronic check
9462-MJUAW,Yes,0,0.4008,Medium Risk,Month-to-month,4,DSL,50.4,201.6,0,Mailed check
3466-RITXD,No,0,0.4006,Medium Risk,Month-to-month,26,Fiber optic,92.4,2402.4,0,Credit card
7277-OZCGZ,No,0,0.4004,Medium Risk,Month-to-month,22,Fiber optic,89.05,1959.1,0,Electronic check
8229-TNIQA,Yes,0,0.4004,Medium Risk,Month-to-month,4,DSL,45.3,181.2,0,Mailed check
1025-FALIX,No,0,0.4001,Medium Risk,Month-to-month,26,Fiber optic,69.05,1795.3,0,Credit card
8806-EAGWC,Yes,0,0.4,Medium Risk,Month-to-month,3,DSL,55.15,165.45,0,Mailed check
4226-KKDON,No,0,0.3996,Medium Risk,Month-to-month,8,DSL,66.65,533.2,0,Electronic check
3569-EDBPQ,No,0,0.3995,Medium Risk,Month-to-month,24,Fiber optic,84.35,2024.4,0,Electronic check
9643-YBLUR,No,0,0.3995,Medium Risk,Month-to-month,9,DSL,69.05,621.45,0,Credit card
2921-XWDJH,No,0,0.3995,Medium Risk,Month-to-month,38,Fiber optic,83.45,3171.1,1,Electronic check
9584-EXCDZ,No,0,0.3994,Medium Risk,Month-to-month,17,Fiber optic,70.5,1198.5,0,Bank transfer
5349-AZPEW,No,0,0.3989,Medium Risk,Month-to-month,5,DSL,25.05,125.25,0,Mailed check
3761-FLYZI,No,0,0.3989,Medium Risk,Month-to-month,65,Fiber optic,108.8,7072.0,1,Bank transfer
4860-IJUDE,No,0,0.3988,Medium Risk,Month-to-month,13,Fiber optic,73.75,958.75,0,Credit card
3500-RMZLT,Yes,0,0.3988,Medium Risk,Month-to-month,15,Fiber optic,96.3,1444.5,1,Mailed check
8019-ENHXU,Yes,0,0.3987,Medium Risk,Month-to-month,42,Fiber optic,99.45,4176.9,0,Electronic check
2049-BAFNW,No,0,0.3985,Medium Risk,Month-to-month,1,DSL,35.9,35.9,0,Mailed check
7529-ZDFXI,No,0,0.3984,Medium Risk,Month-to-month,57,Fiber optic,89.85,5121.45,1,Electronic check
7798-JVXYM,No,0,0.3982,Medium Risk,Month-to-month,14,DSL,69.65,975.1,0,Electronic check
9505-SQFSW,No,0,0.3981,Medium Risk,Month-to-month,3,DSL,40.3,120.9,0,Mailed check
9348-YVOMK,No,0,0.3981,Medium Risk,Month-to-month,4,DSL,44.8,179.2,0,Credit card
0380-NEAVX,No,0,0.3978,Medium Risk,One year,34,Fiber optic,99.85,3394.9,1,Electronic check
7030-NJVDP,No,0,0.3976,Medium Risk,Month-to-month,24,Fiber optic,89.25,2142.0,0,Electronic check
2792-LSHWX,No,0,0.3975,Medium Risk,Month-to-month,1,Fiber optic,83.4,83.4,0,Mailed check
6633-MPWBS,Yes,0,0.3974,Medium Risk,Month-to-month,5,DSL,49.2,246.0,0,Electronic check
3787-TRIAL,No,0,0.3971,Medium Risk,Month-to-month,21,DSL,26.05,547.05,0,Electronic check
3780-YVMFA,No,0,0.3969,Medium Risk,Month-to-month,8,DSL,68.55,548.4,0,Electronic check
1907-YLNYW,No,0,0.3966,Medium Risk,Month-to-month,8,DSL,66.7,533.6,0,Electronic check
9332-GYWLO,No,0,0.3961,Medium Risk,Month-to-month,6,DSL,54.85,329.1,0,Electronic check
9631-XEYKE,No,0,0.3959,Medium Risk,Month-to-month,3,DSL,50.4,151.2,0,Bank transfer
0374-IOEGQ,No,0,0.3953,Medium Risk,Month-to-month,3,DSL,44.6,133.8,0,Electronic check
8123-QBNAZ,No,0,0.3953,Medium Risk,Month-to-month,36,Fiber optic,104.5,3762.0,0,Credit card
5515-RUGKN,No,0,0.3953,Medium Risk,Month-to-month,8,DSL,54.75,438.0,0,Credit card
4660-IRIBM,No,0,0.3948,Medium Risk,Month-to-month,18,Fiber optic,87.9,1582.2,0,Mailed check
9381-NDKME,Yes,0,0.3941,Medium Risk,Month-to-month,24,DSL,40.65,975.6,1,Credit card
5312-UXESG,No,0,0.394,Medium Risk,Month-to-month,41,Fiber optic,98.05,4020.05,0,Bank transfer
6029-CSMJE,No,0,0.3939,Medium Risk,Month-to-month,17,DSL,25.65,436.05,0,Mailed check
2718-GAXQD,Yes,0,0.3934,Medium Risk,Month-to-month,4,DSL,46.0,184.0,1,Electronic check
7743-EXURX,Yes,0,0.3931,Medium Risk,Month-to-month,8,DSL,51.05,408.4,0,Electronic check
8096-LOIST,No,0,0.3931,Medium Risk,Month-to-month,19,DSL,56.2,1067.8,0,Electronic check
2519-ERQOJ,No,0,0.393,Medium Risk,Month-to-month,33,DSL,54.6,1801.8,1,Electronic check
9526-BIHHD,Yes,0,0.3926,Medium Risk,Month-to-month,1,DSL,29.7,29.7,0,Mailed check
2720-FVBQP,No,0,0.3926,Medium Risk,Month-to-month,6,DSL,48.95,293.7,0,Credit card
1442-BQPVU,No,0,0.3925,Medium Risk,Month-to-month,13,DSL,29.15,378.95,0,Electronic check
3192-LNKRK,No,0,0.3923,Medium Risk,Month-to-month,34,Fiber optic,84.05,2857.7,0,Mailed check
3415-TAILE,Yes,0,0.3922,Medium Risk,Month-to-month,2,DSL,65.7,131.4,0,Mailed check
7377-DMMRI,Yes,0,0.3921,Medium Risk,Month-to-month,2,DSL,47.8,95.6,0,Electronic check
6689-KXGBO,Yes,0,0.3921,Medium Risk,Month-to-month,1,DSL,50.55,50.55,0,Electronic check
0836-SEYLU,Yes,0,0.3919,Medium Risk,Month-to-month,9,DSL,40.65,365.85,0,Mailed check
1226-UDFZR,Yes,0,0.3919,Medium Risk,Month-to-month,2,DSL,49.6,99.2,0,Mailed check
9169-BSVIN,No,0,0.3917,Medium Risk,Month-to-month,12,DSL,74.75,897.0,0,Bank transfer
6646-JPPHA,No,0,0.3914,Medium Risk,Month-to-month,14,Fiber optic,78.85,1103.9,1,Electronic check
6859-RKMZJ,No,0,0.3906,Medium Risk,Month-to-month,11,DSL,55.05,605.55,0,Bank transfer
5568-DMXZS,No,0,0.3905,Medium Risk,Month-to-month,8,DSL,65.45,523.6,0,Electronic check
4193-ORFCL,Yes,0,0.3904,Medium Risk,Month-to-month,1,DSL,45.1,45.1,1,Mailed check
2105-PHWON,No,0,0.3902,Medium Risk,Month-to-month,33,Fiber optic,95.0,3135.0,0,Credit card
5419-KLXBN,Yes,0,0.3902,Medium Risk,Month-to-month,25,Fiber optic,89.15,2228.75,0,Bank transfer
1471-GIQKQ,No,0,0.3902,Medium Risk,Month-to-month,1,DSL,49.95,49.95,0,Electronic check
3932-IJWDZ,No,0,0.3902,Medium Risk,Month-to-month,45,Fiber optic,103.65,4664.25,0,Bank transfer
3208-YPIOE,Yes,0,0.3902,Medium Risk,Month-to-month,39,Fiber optic,75.25,2934.75,0,Electronic check
8988-ECPJR,Yes,0,0.3897,Medium Risk,Month-to-month,34,Fiber optic,79.6,2706.4,1,Mailed check
9408-HRXRK,No,0,0.3896,Medium Risk,Month-to-month,45,Fiber optic,105.15,4731.75,0,Electronic check
5016-ETTFF,Yes,0,0.3894,Medium Risk,Month-to-month,10,DSL,29.5,295.0,0,Mailed check
2040-VZIKE,No,0,0.3893,Medium Risk,Month-to-month,49,Fiber optic,100.85,4941.65,0,Mailed check
8887-IPQNC,No,0,0.3891,Medium Risk,Month-to-month,7,DSL,44.25,309.75,0,Mailed check
1853-ARAAQ,No,0,0.3888,Medium Risk,Month-to-month,26,DSL,50.35,1309.1,0,Credit card
7641-EUYET,Yes,0,0.3887,Medium Risk,Month-to-month,46,Fiber optic,100.7,4632.2,1,Electronic check
0003-MKNFE,No,0,0.3886,Medium Risk,Month-to-month,9,DSL,59.9,539.1,0,Mailed check
2903-YYTBW,No,0,0.3882,Medium Risk,Month-to-month,1,DSL,44.55,44.55,0,Electronic check
0475-RIJEP,Yes,0,0.388,Medium Risk,Month-to-month,43,Fiber optic,77.85,3347.55,0,Electronic check
6304-IJFSQ,Yes,0,0.388,Medium Risk,Month-to-month,3,DSL,49.9,149.7,0,Mailed check
9659-QEQSY,No,0,0.3878,Medium Risk,Month-to-month,45,Fiber optic,115.65,5204.25,0,Electronic check
0089-IIQKO,No,0,0.3877,Medium Risk,Month-to-month,39,Fiber optic,99.95,3898.05,0,Credit card
0410-IPFTY,No,0,0.3877,Medium Risk,Month-to-month,31,Fiber optic,83.85,2599.35,0,Bank transfer
1518-VOWAV,Yes,0,0.3869,Medium Risk,Month-to-month,9,DSL,74.65,671.85,0,Electronic check
8535-SFUTN,No,0,0.3866,Medium Risk,Month-to-month,61,Fiber optic,106.45,6493.45,0,Electronic check
1323-OOEPC,Yes,0,0.3858,Medium Risk,Month-to-month,53,Fiber optic,98.4,5215.2,0,Credit card
6625-UTXEW,No,0,0.3855,Medium Risk,Month-to-month,12,DSL,51.25,615.0,0,Electronic check
0407-BDJKB,Yes,0,0.3849,Medium Risk,Month-to-month,60,Fiber optic,95.75,5745.0,0,Electronic check
9530-EHPOH,Yes,0,0.3846,Medium Risk,Month-to-month,11,DSL,53.75,591.25,0,Electronic check
5816-SCGFC,No,0,0.3846,Medium Risk,Month-to-month,7,DSL,51.3,359.1,1,Mailed check
4208-UFFGW,Yes,0,0.3846,Medium Risk,Month-to-month,2,DSL,44.95,89.9,1,Mailed check
6923-EFPNL,Yes,0,0.3841,Medium Risk,Month-to-month,4,DSL,51.75,207.0,0,Credit card
2139-FQHLM,No,0,0.384,Medium Risk,Month-to-month,19,Fiber optic,89.95,1709.05,0,Mailed check
5886-VLQVU,No,0,0.3837,Medium Risk,Month-to-month,35,Fiber optic,89.85,3144.75,0,Bank transfer
3733-LSYCE,No,0,0.3835,Medium Risk,Month-to-month,15,Fiber optic,75.35,1130.25,0,Bank transfer
6038-GCYEC,Yes,0,0.3832,Medium Risk,Month-to-month,24,DSL,54.15,1299.6,0,Credit card
0727-BMPLR,Yes,0,0.383,Medium Risk,One year,55,Fiber optic,100.0,5500.0,1,Electronic check
9992-UJOEL,No,0,0.3828,Medium Risk,Month-to-month,2,DSL,50.3,100.6,0,Mailed check
4468-KAZHE,No,0,0.3828,Medium Risk,Month-to-month,20,DSL,60.0,1200.0,1,Electronic check
0310-MVLET,Yes,0,0.3827,Medium Risk,Month-to-month,61,Fiber optic,99.15,6048.15,0,Electronic check
2359-KLTEK,No,0,0.3826,Medium Risk,Month-to-month,41,Fiber optic,94.9,3890.9,0,Bank transfer
4801-JZAZL,No,0,0.3825,Medium Risk,Month-to-month,11,DSL,29.6,325.6,0,Electronic check
0365-GXEZS,No,0,0.3824,Medium Risk,Month-to-month,18,Fiber optic,78.2,1407.6,0,Electronic check
5981-ZVXOT,No,0,0.3817,Medium Risk,One year,35,Fiber optic,108.35,3792.25,1,Electronic check
4343-EJVQB,No,0,0.3815,Medium Risk,Month-to-month,7,Fiber optic,74.35,520.45,0,Mailed check
2207-NHRJK,Yes,0,0.3815,Medium Risk,Month-to-month,1,DSL,50.8,50.8,0,Electronic check
4471-KXAUH,Yes,0,0.3815,Medium Risk,Month-to-month,42,Fiber optic,84.3,3540.6,0,Electronic check
1142-WACZW,Yes,0,0.3813,Medium Risk,Month-to-month,2,DSL,29.85,59.7,0,Bank transfer
3413-BMNZE,No,0,0.3811,Medium Risk,Month-to-month,1,DSL,45.25,45.25,1,Bank transfer
2219-MVUSO,Yes,0,0.3811,Medium Risk,Month-to-month,8,DSL,45.15,361.2,0,Mailed check
1635-FJFCC,No,0,0.381,Medium Risk,Month-to-month,5,DSL,44.05,220.25,0,Credit card
2712-SYWAY,No,0,0.3804,Medium Risk,Month-to-month,1,No,25.7,25.7,0,Electronic check
7627-JKIAZ,Yes,0,0.3799,Medium Risk,Month-to-month,37,Fiber optic,78.95,2921.15,0,Credit card
8450-UYIBU,No,0,0.3797,Medium Risk,Month-to-month,35,DSL,39.85,1394.75,1,Electronic check
4522-AKYLR,No,0,0.3794,Medium Risk,Month-to-month,13,DSL,54.8,712.4,1,Electronic check
9210-IAHGH,Yes,0,0.3787,Medium Risk,Month-to-month,7,DSL,70.75,495.25,0,Credit card
4727-MCYZG,No,0,0.3785,Medium Risk,Month-to-month,1,DSL,55.55,55.55,0,Mailed check
3956-CJUST,No,0,0.378,Medium Risk,Month-to-month,23,Fiber optic,75.4,1734.2,1,Bank transfer
5649-VUKMC,Yes,0,0.3776,Medium Risk,One year,12,Fiber optic,95.5,1146.0,0,Mailed check
3014-WJKSM,No,0,0.3774,Medium Risk,Month-to-month,29,Fiber optic,75.3,2183.7,0,Credit card
7927-AUXBZ,Yes,0,0.3769,Medium Risk,Month-to-month,30,Fiber optic,85.15,2554.5,0,Electronic check
6771-XWBDM,Yes,0,0.3769,Medium Risk,Month-to-month,57,Fiber optic,104.5,5956.5,0,Credit card
8016-NCFVO,No,0,0.3768,Medium Risk,Month-to-month,55,Fiber optic,116.5,6407.5,1,Electronic check
4391-LNRXK,No,0,0.3767,Medium Risk,Month-to-month,22,Fiber optic,94.95,2088.9,0,Bank transfer
5213-TWWJU,No,0,0.3767,Medium Risk,Month-to-month,28,Fiber optic,91.0,2548.0,0,Electronic check
4526-ZJJTM,No,0,0.3762,Medium Risk,Month-to-month,25,Fiber optic,88.4,2210.0,1,Bank transfer
1910-FMXJM,No,0,0.376,Medium Risk,Month-to-month,36,Fiber optic,80.4,2894.4,0,Electronic check
7064-FRRSW,No,0,0.3758,Medium Risk,One year,48,Fiber optic,99.0,4752.0,1,Electronic check
9112-WSNPU,No,0,0.3757,Medium Risk,Month-to-month,35,Fiber optic,70.55,2469.25,1,Electronic check
4821-SJHJV,No,0,0.3756,Medium Risk,Month-to-month,32,Fiber optic,89.6,2867.2,0,Electronic check
3692-JHONH,No,0,0.3755,Medium Risk,One year,52,Fiber optic,106.5,5538.0,1,Electronic check
1421-HCERK,No,0,0.3754,Medium Risk,Month-to-month,30,Fiber optic,105.7,3171.0,1,Bank transfer
0463-ZSDNT,No,0,0.3752,Medium Risk,Month-to-month,10,DSL,56.75,567.5,0,Bank transfer
1355-KUSBG,No,0,0.3751,Medium Risk,Month-to-month,7,DSL,48.8,341.6,0,Electronic check
0015-UOCOJ,No,0,0.375,Medium Risk,Month-to-month,7,DSL,48.2,337.4,1,Electronic check
2506-CLAKW,Yes,0,0.375,Medium Risk,Month-to-month,6,Fiber optic,98.15,588.9,0,Bank transfer
8242-JSVBO,No,0,0.3749,Medium Risk,Month-to-month,7,DSL,44.65,312.55,0,Bank transfer
2208-UGTGR,No,0,0.3746,Medium Risk,Month-to-month,56,Fiber optic,98.6,5521.6,0,Electronic check
3804-RVTGV,Yes,0,0.3746,Medium Risk,Month-to-month,50,Fiber optic,103.85,5192.5,0,Bank transfer
2067-QYTCF,No,0,0.374,Medium Risk,Month-to-month,64,Fiber optic,111.15,7113.6,0,Electronic check
0422-UXFAP,No,0,0.3736,Medium Risk,One year,51,Fiber optic,98.85,5041.35,0,Electronic check
6876-ADESB,Yes,0,0.3735,Medium Risk,Month-to-month,1,DSL,48.95,48.95,0,Electronic check
2894-QOJRX,Yes,0,0.3734,Medium Risk,Month-to-month,25,DSL,34.0,850.0,0,Bank transfer
9261-WDCAF,No,0,0.3732,Medium Risk,Month-to-month,3,DSL,54.65,163.95,0,Mailed check
4523-WXCEF,Yes,0,0.3732,Medium Risk,Month-to-month,59,Fiber optic,101.1,5964.9,0,Electronic check
0730-KOAVE,No,0,0.3732,Medium Risk,Month-to-month,30,Fiber optic,94.3,2829.0,0,Credit card
7401-RUBNK,No,0,0.373,Medium Risk,Month-to-month,18,Fiber optic,74.8,1346.4,0,Electronic check
3144-AUDBS,Yes,0,0.373,Medium Risk,Month-to-month,6,DSL,49.15,294.9,0,Electronic check
6233-HXJMX,No,0,0.3729,Medium Risk,Month-to-month,45,Fiber optic,89.3,4018.5,0,Credit card
3845-JHAMY,No,0,0.3728,Medium Risk,Month-to-month,16,DSL,35.5,568.0,0,Credit card
4636-JGAAI,No,0,0.3727,Medium Risk,Month-to-month,34,Fiber optic,88.85,3020.9,0,Mailed check
4065-JJAVA,No,0,0.3727,Medium Risk,Month-to-month,1,DSL,49.5,49.5,0,Electronic check
5099-BAILX,Yes,0,0.3727,Medium Risk,Month-to-month,43,Fiber optic,110.75,4762.25,1,Bank transfer
5999-LCXAO,No,0,0.3726,Medium Risk,Month-to-month,1,DSL,29.9,29.9,0,Mailed check
1728-CXQBE,No,0,0.3726,Medium Risk,Month-to-month,64,Fiber optic,94.25,6032.0,1,Electronic check
9578-VRMNM,Yes,0,0.3725,Medium Risk,Month-to-month,16,DSL,65.2,1043.2,0,Credit card
0533-BNWKF,Yes,0,0.3723,Medium Risk,Month-to-month,55,Fiber optic,85.45,4699.75,1,Electronic check
4829-AUOAX,Yes,0,0.372,Medium Risk,Month-to-month,46,Fiber optic,96.05,4418.3,0,Bank transfer
2074-GUHPQ,No,0,0.3718,Medium Risk,Month-to-month,17,Fiber optic,92.7,1575.9,0,Credit card
1481-ZUWZA,Yes,0,0.3718,Medium Risk,Month-to-month,28,Fiber optic,94.5,2646.0,0,Credit card
1548-FEHVL,No,0,0.3718,Medium Risk,Month-to-month,61,Fiber optic,106.2,6478.2,0,Electronic check
6362-QHAFM,No,0,0.3714,Medium Risk,One year,42,Fiber optic,108.3,4548.6,0,Electronic check
0585-EGDDA,No,0,0.3714,Medium Risk,Month-to-month,40,Fiber optic,80.0,3200.0,0,Electronic check
5027-XWQHA,Yes,0,0.3709,Medium Risk,Month-to-month,6,DSL,44.75,268.5,0,Electronic check
6711-VTNRE,Yes,0,0.3704,Medium Risk,Month-to-month,36,Fiber optic,87.55,3151.8,0,Electronic check
7964-VEXDG,No,0,0.3703,Medium Risk,Month-to-month,21,Fiber optic,80.35,1687.35,0,Electronic check
0481-SUMCB,No,0,0.3699,Medium Risk,One year,45,Fiber optic,102.15,4596.75,1,Bank transfer
8149-AIQCG,No,0,0.3699,Medium Risk,Month-to-month,39,Fiber optic,73.15,2852.85,0,Credit card
9003-CPATH,No,0,0.3699,Medium Risk,Month-to-month,42,Fiber optic,79.9,3355.8,0,Electronic check
0856-NAOES,No,0,0.3698,Medium Risk,Month-to-month,6,DSL,60.9,365.4,0,Mailed check
5055-MGMGF,No,0,0.3697,Medium Risk,Month-to-month,65,Fiber optic,105.05,6828.25,0,Electronic check
7130-YXBRO,No,0,0.3694,Medium Risk,Month-to-month,48,Fiber optic,111.45,5349.6,0,Bank transfer
8654-DHAOW,No,0,0.3693,Medium Risk,Month-to-month,2,DSL,54.15,108.3,0,Mailed check
6845-RGTYS,Yes,0,0.369,Medium Risk,Month-to-month,47,Fiber optic,98.75,4641.25,0,Electronic check
3097-NNSPB,Yes,0,0.369,Medium Risk,Month-to-month,2,DSL,49.05,98.1,0,Credit card
1750-CSKKM,Yes,0,0.3688,Medium Risk,Month-to-month,9,DSL,55.35,498.15,0,Electronic check
6133-OZILE,No,0,0.3688,Medium Risk,Month-to-month,18,DSL,35.2,633.6,0,Electronic check
2360-RDGRO,No,0,0.3687,Medium Risk,Month-to-month,65,Fiber optic,104.25,6776.25,0,Electronic check
3162-KKZXO,No,0,0.3681,Medium Risk,One year,55,Fiber optic,100.15,5508.25,1,Electronic check
3005-TYFRD,No,0,0.3679,Medium Risk,Month-to-month,55,Fiber optic,103.65,5700.75,0,Credit card
4657-FWVFY,No,0,0.3678,Medium Risk,Month-to-month,40,Fiber optic,96.35,3854.0,0,Credit card
5934-TSSAU,No,0,0.3676,Medium Risk,Month-to-month,23,Fiber optic,75.3,1731.9,0,Credit card
0531-ZZJWQ,No,0,0.3676,Medium Risk,Month-to-month,55,Fiber optic,74.0,4070.0,1,Electronic check
0106-GHRQR,No,0,0.3675,Medium Risk,Month-to-month,16,DSL,71.4,1142.4,0,Bank transfer
2452-KDRRH,No,0,0.3674,Medium Risk,Month-to-month,67,Fiber optic,101.4,6793.8,1,Credit card
5424-RLQLC,No,0,0.3674,Medium Risk,Month-to-month,10,DSL,59.65,596.5,0,Mailed check
5433-KYGHE,No,0,0.3668,Medium Risk,Month-to-month,14,Fiber optic,86.0,1204.0,0,Mailed check
8544-GOQSH,No,0,0.3667,Medium Risk,Month-to-month,14,Fiber optic,80.05,1120.7,0,Credit card
6429-SHBCB,No,0,0.3666,Medium Risk,Month-to-month,19,DSL,69.6,1322.4,0,Mailed check
4760-THGOT,No,0,0.3663,Medium Risk,Month-to-month,43,Fiber optic,94.1,4046.3,0,Electronic check
2257-BOVXD,No,0,0.3661,Medium Risk,Month-to-month,14,DSL,66.6,932.4,0,Credit card
0420-BWTPW,Yes,0,0.3661,Medium Risk,Month-to-month,8,DSL,25.5,204.0,0,Mailed check
5977-CKHON,No,0,0.3658,Medium Risk,Month-to-month,43,Fiber optic,92.55,3979.65,0,Bank transfer
6726-WEXXK,No,0,0.3654,Medium Risk,One year,27,Fiber optic,85.9,2319.3,1,Electronic check
5057-LCOUI,Yes,0,0.3654,Medium Risk,Month-to-month,39,DSL,50.75,1979.25,0,Electronic check
1928-BXYIV,No,0,0.3652,Medium Risk,Month-to-month,1,DSL,61.15,61.15,0,Electronic check
6142-VSJQO,Yes,0,0.3652,Medium Risk,Month-to-month,1,DSL,44.35,44.35,0,Bank transfer
7593-XFKDI,Yes,0,0.3647,Medium Risk,Month-to-month,1,DSL,46.3,46.3,0,Mailed check
5522-JBWMO,No,0,0.3645,Medium Risk,Month-to-month,1,DSL,44.0,44.0,0,Electronic check
0541-FITGH,No,0,0.3645,Medium Risk,Month-to-month,2,DSL,62.15,124.3,0,Mailed check
3351-NGXYI,No,0,0.3643,Medium Risk,Month-to-month,16,DSL,54.1,865.6,1,Electronic check
6173-GOLSU,No,0,0.3637,Medium Risk,Month-to-month,67,Fiber optic,94.65,6341.55,1,Credit card
4976-LNFVV,No,0,0.3635,Medium Risk,Month-to-month,19,DSL,34.3,651.7,1,Credit card
7669-LCRSD,No,0,0.3635,Medium Risk,Month-to-month,12,DSL,56.3,675.6,0,Mailed check
2027-WKXMW,No,0,0.3632,Medium Risk,Month-to-month,63,Fiber optic,108.75,6851.25,0,Electronic check
6537-OTKMY,No,0,0.3632,Medium Risk,One year,15,DSL,50.75,761.25,0,Electronic check
2325-WINES,No,0,0.3631,Medium Risk,One year,32,Fiber optic,104.05,3329.6,0,Credit card
2869-ADAWR,Yes,0,0.363,Medium Risk,Month-to-month,45,Fiber optic,89.3,4018.5,0,Credit card
7207-RMRDB,Yes,0,0.3629,Medium Risk,Month-to-month,65,Fiber optic,105.5,6857.5,0,Electronic check
5924-IFQTT,No,0,0.3626,Medium Risk,Month-to-month,13,DSL,72.8,946.4,0,Electronic check
9244-ZVAPM,No,0,0.3625,Medium Risk,Month-to-month,1,DSL,45.6,45.6,0,Mailed check
4223-WOZCM,No,0,0.3623,Medium Risk,Month-to-month,2,DSL,49.95,99.9,1,Mailed check
4320-QMLLA,No,0,0.3622,Medium Risk,Month-to-month,7,DSL,54.85,383.95,0,Mailed check
3658-KIBGF,Yes,0,0.3621,Medium Risk,Month-to-month,1,DSL,54.9,54.9,0,Electronic check
8329-UTMVM,No,0,0.362,Medium Risk,One year,27,Fiber optic,104.65,2825.55,1,Bank transfer
6847-KJLTS,No,0,0.3619,Medium Risk,Month-to-month,58,Fiber optic,100.4,5823.2,1,Bank transfer
3426-NIYYL,Yes,0,0.3617,Medium Risk,Month-to-month,15,DSL,51.55,773.25,0,Electronic check
9819-FBNSV,No,0,0.3613,Medium Risk,Month-to-month,37,Fiber optic,72.25,2673.25,1,Bank transfer
5816-QVHRX,No,0,0.361,Medium Risk,Month-to-month,37,Fiber optic,100.3,3711.1,0,Credit card
2833-SLKDQ,Yes,0,0.3607,Medium Risk,Month-to-month,1,DSL,45.05,45.05,0,Mailed check
3814-MLAXC,Yes,0,0.3604,Medium Risk,Month-to-month,31,Fiber optic,79.85,2475.35,0,Credit card
4323-SADQS,Yes,0,0.3601,Medium Risk,Month-to-month,7,DSL,34.5,241.5,0,Electronic check
9909-IDLEK,No,0,0.3601,Medium Risk,Month-to-month,20,Fiber optic,96.8,1936.0,0,Mailed check
7576-JMYWV,No,0,0.3601,Medium Risk,Month-to-month,46,Fiber optic,110.2,5069.2,1,Electronic check
2480-SQIOB,No,0,0.3598,Medium Risk,Month-to-month,4,DSL,44.8,179.2,0,Electronic check
9174-FKWZE,Yes,0,0.3595,Medium Risk,Month-to-month,1,No,19.45,19.45,1,Electronic check
4109-CYRBD,No,0,0.3594,Medium Risk,Month-to-month,29,DSL,51.6,1496.4,1,Electronic check
4146-SVFUD,No,0,0.3593,Medium Risk,Month-to-month,1,DSL,44.6,44.6,0,Mailed check
7054-LGEQW,Yes,0,0.3591,Medium Risk,Month-to-month,1,DSL,45.95,45.95,0,Mailed check
5522-NYKPB,No,0,0.359,Medium Risk,Month-to-month,25,Fiber optic,85.9,2147.5,0,Electronic check
3945-GFWQL,Yes,0,0.3586,Medium Risk,Month-to-month,12,DSL,44.55,534.6,0,Electronic check
6987-XQSJT,Yes,0,0.3586,Medium Risk,Month-to-month,54,Fiber optic,79.5,4293.0,1,Electronic check
0999-QXNSA,No,0,0.3585,Medium Risk,Month-to-month,7,DSL,45.75,320.25,1,Mailed check
7876-BEUTG,No,0,0.3584,Medium Risk,Month-to-month,15,DSL,48.8,732.0,0,Mailed check
1670-SVOWZ,Yes,0,0.3584,Medium Risk,Month-to-month,14,Fiber optic,89.65,1255.1,0,Credit card
9233-PSYHO,No,0,0.3583,Medium Risk,One year,45,Fiber optic,100.15,4506.75,1,Bank transfer
7754-IXRMC,No,0,0.3572,Medium Risk,Month-to-month,1,DSL,45.35,45.35,0,Mailed check
4918-QLLIW,Yes,0,0.3572,Medium Risk,Month-to-month,3,DSL,53.4,160.2,0,Credit card
6582-OIVSP,No,0,0.3571,Medium Risk,Month-to-month,1,DSL,45.3,45.3,0,Mailed check
1689-MRZQR,Yes,0,0.357,Medium Risk,Month-to-month,34,Fiber optic,78.3,2662.2,0,Electronic check
9137-UIYPG,No,0,0.357,Medium Risk,Month-to-month,35,Fiber optic,106.9,3741.5,0,Electronic check
9626-VFRGG,No,0,0.3568,Medium Risk,Month-to-month,41,Fiber optic,88.5,3628.5,0,Bank transfer
3946-MHCZW,Yes,0,0.3568,Medium Risk,Month-to-month,1,DSL,50.9,50.9,0,Mailed check
1047-NNCBF,No,0,0.3567,Medium Risk,Month-to-month,20,Fiber optic,70.55,1411.0,0,Credit card
6789-HJBWG,No,0,0.3566,Medium Risk,Month-to-month,12,DSL,49.4,592.8,0,Electronic check
7252-NTGSS,No,0,0.3566,Medium Risk,Month-to-month,1,DSL,45.15,45.15,0,Mailed check
5156-UMKOW,No,0,0.3565,Medium Risk,Month-to-month,3,DSL,29.65,88.95,0,Mailed check
5118-MUEYH,No,0,0.356,Medium Risk,Month-to-month,48,Fiber optic,105.1,5044.8,0,Credit card
1559-DTODC,No,0,0.3558,Medium Risk,Month-to-month,19,DSL,25.15,477.85,0,Bank transfer
0943-ZQPXH,No,0,0.3558,Medium Risk,Month-to-month,44,Fiber optic,92.95,4089.8,0,Bank transfer
4067-HLYQI,No,0,0.3557,Medium Risk,Month-to-month,33,Fiber optic,70.4,2323.2,0,Bank transfer
9412-GHEEC,Yes,0,0.3554,Medium Risk,Month-to-month,40,Fiber optic,104.8,4192.0,0,Bank transfer
3509-GWQGF,No,0,0.3554,Medium Risk,Month-to-month,24,Fiber optic,70.0,1680.0,1,Credit card
8344-WFMFH,No,0,0.3553,Medium Risk,Month-to-month,9,DSL,50.1,450.9,0,Electronic check
2672-OJQZP,No,0,0.3553,Medium Risk,Month-to-month,1,DSL,44.75,44.75,0,Mailed check
1891-FZYSA,Yes,0,0.3552,Medium Risk,Month-to-month,69,Fiber optic,89.95,6206.55,1,Electronic check
0311-QYWSS,No,0,0.3551,Medium Risk,Month-to-month,6,DSL,49.45,296.7,0,Electronic check
6439-GTPCA,Yes,0,0.355,Medium Risk,Month-to-month,45,Fiber optic,87.25,3926.25,0,Electronic check
2826-DXLQO,No,0,0.3549,Medium Risk,Month-to-month,7,DSL,29.8,208.6,1,Bank transfer
0265-PSUAE,No,0,0.3549,Medium Risk,Month-to-month,16,Fiber optic,100.7,1611.2,0,Bank transfer
2115-BFTIW,Yes,0,0.3545,Medium Risk,Month-to-month,25,Fiber optic,70.95,1773.75,0,Mailed check
8124-NZVGJ,No,0,0.3542,Medium Risk,One year,6,DSL,49.25,295.5,0,Mailed check
0319-QZTCO,No,0,0.3541,Medium Risk,Month-to-month,3,DSL,58.7,176.1,0,Credit card
7905-TVXTA,No,0,0.3538,Medium Risk,Month-to-month,5,DSL,64.35,321.75,0,Electronic check
1501-SGHBW,Yes,0,0.3538,Medium Risk,Month-to-month,2,DSL,45.85,91.7,0,Mailed check
0587-DMGBH,Yes,0,0.3536,Medium Risk,Month-to-month,8,DSL,49.85,398.8,0,Electronic check
9732-EQMWY,No,0,0.3532,Medium Risk,Month-to-month,49,Fiber optic,99.4,4870.6,0,Electronic check
4566-GOLUK,Yes,0,0.3532,Medium Risk,Month-to-month,47,Fiber optic,107.35,5045.45,0,Bank transfer
2207-QPJED,No,0,0.3532,Medium Risk,Month-to-month,37,Fiber optic,90.0,3330.0,1,Electronic check
3589-PPVKW,No,0,0.353,Medium Risk,Month-to-month,9,DSL,44.4,399.6,0,Mailed check
5146-CBVOE,No,0,0.3529,Medium Risk,Month-to-month,16,Fiber optic,75.1,1201.6,0,Bank transfer
0257-ZESQC,Yes,0,0.3517,Medium Risk,Month-to-month,27,Fiber optic,75.2,2030.4,1,Bank transfer
4989-LIXVT,No,0,0.3517,Medium Risk,Month-to-month,68,Fiber optic,95.9,6521.2,1,Electronic check
6128-AQBMT,No,0,0.3517,Medium Risk,Month-to-month,41,DSL,53.95,2211.95,1,Electronic check
1049-FYSYG,No,0,0.3516,Medium Risk,Month-to-month,17,DSL,35.65,606.05,0,Credit card
7075-BNDVQ,No,0,0.3514,Medium Risk,Month-to-month,4,DSL,35.0,140.0,0,Mailed check
7112-OPOTK,Yes,0,0.3512,Medium Risk,Month-to-month,33,Fiber optic,68.25,2252.25,0,Electronic check
6888-SBYAI,No,0,0.3511,Medium Risk,Month-to-month,1,DSL,50.7,50.7,0,Mailed check
3707-LRWZD,Yes,0,0.351,Medium Risk,One year,32,Fiber optic,84.05,2689.6,0,Electronic check
2235-ZGKPT,Yes,0,0.3509,Medium Risk,Month-to-month,4,DSL,50.85,203.4,0,Mailed check
7486-KSRVI,Yes,0,0.3509,Medium Risk,One year,43,Fiber optic,100.0,4300.0,0,Electronic check
3446-QDSZF,No,0,0.3507,Medium Risk,Month-to-month,4,DSL,55.5,222.0,0,Credit card
2842-BCQGE,No,0,0.3507,Medium Risk,Month-to-month,43,Fiber optic,75.35,3240.05,0,Credit card
2157-MXBJS,Yes,0,0.3505,Medium Risk,One year,13,DSL,75.3,978.9,0,Mailed check
7975-TZMLR,No,0,0.3503,Medium Risk,One year,47,Fiber optic,103.1,4845.7,0,Electronic check
6985-HAYWX,No,0,0.3503,Medium Risk,Month-to-month,26,Fiber optic,79.3,2061.8,0,Bank transfer
3923-CSIHK,Yes,0,0.3503,Medium Risk,Month-to-month,50,Fiber optic,71.05,3552.5,1,Electronic check
1396-QWFBJ,Yes,0,0.3501,Medium Risk,Month-to-month,21,Fiber optic,74.05,1555.05,0,Bank transfer
4432-ADRLB,Yes,0,0.3499,Medium Risk,Month-to-month,2,DSL,44.65,89.3,0,Mailed check
1258-YMZNM,No,0,0.3497,Medium Risk,One year,27,Fiber optic,110.5,2983.5,1,Bank transfer
9415-TPKRV,No,0,0.3495,Medium Risk,Month-to-month,8,DSL,55.75,446.0,0,Electronic check
3018-TFTSU,Yes,0,0.3494,Medium Risk,Month-to-month,12,Fiber optic,81.7,980.4,0,Bank transfer
4480-MBMLB,No,0,0.3494,Medium Risk,One year,36,Fiber optic,104.8,3772.8,0,Bank transfer
5172-MIGPM,No,0,0.3492,Medium Risk,Month-to-month,4,DSL,65.55,262.2,0,Mailed check
8404-FYDIB,No,0,0.3487,Medium Risk,Month-to-month,26,Fiber optic,86.65,2252.9,0,Credit card
5394-SVGJV,Yes,0,0.3487,Medium Risk,Month-to-month,37,Fiber optic,98.8,3655.6,0,Bank transfer
1307-TVUFB,No,0,0.3485,Medium Risk,Month-to-month,42,Fiber optic,79.35,3332.7,1,Bank transfer
4439-YRNVD,No,0,0.3484,Medium Risk,Month-to-month,10,DSL,36.25,362.5,0,Electronic check
6921-OZMFH,No,0,0.3481,Medium Risk,Month-to-month,5,DSL,55.7,278.5,0,Mailed check
3694-DELSO,No,0,0.348,Medium Risk,Month-to-month,4,DSL,38.55,154.2,0,Credit card
8257-RZAHR,Yes,0,0.348,Medium Risk,Month-to-month,14,DSL,64.7,905.8,0,Bank transfer
5018-GWURO,No,0,0.3477,Medium Risk,Month-to-month,56,Fiber optic,85.6,4793.6,0,Bank transfer
0486-HECZI,Yes,0,0.3476,Medium Risk,Month-to-month,55,Fiber optic,96.75,5321.25,0,Electronic check
0356-ERHVT,No,0,0.347,Medium Risk,Month-to-month,11,DSL,45.9,504.9,0,Bank transfer
2873-ZLIWT,Yes,0,0.347,Medium Risk,Month-to-month,40,Fiber optic,84.85,3394.0,0,Electronic check
5707-ORNDZ,Yes,0,0.3469,Medium Risk,Month-to-month,9,DSL,54.55,490.95,1,Electronic check
4183-WCSEP,Yes,0,0.3466,Medium Risk,Month-to-month,31,Fiber optic,78.45,2431.95,0,Electronic check
1357-BIJKI,No,0,0.3465,Medium Risk,One year,50,Fiber optic,98.25,4912.5,0,Electronic check
1427-VERSM,No,0,0.3465,Medium Risk,Month-to-month,56,Fiber optic,98.7,5527.2,0,Electronic check
5046-NUHWD,No,0,0.3464,Medium Risk,Month-to-month,29,DSL,45.0,1305.0,1,Electronic check
5882-CMAZQ,No,0,0.3461,Medium Risk,Month-to-month,5,DSL,34.25,171.25,0,Electronic check
9873-MNDKV,No,0,0.346,Medium Risk,Month-to-month,11,DSL,44.65,491.15,0,Mailed check
8623-TMRBY,Yes,0,0.346,Medium Risk,Month-to-month,51,Fiber optic,84.2,4294.2,1,Electronic check
6172-FECYY,Yes,0,0.3458,Medium Risk,Month-to-month,49,Fiber optic,84.5,4140.5,0,Electronic check
1644-IRKSF,Yes,0,0.3458,Medium Risk,One year,33,Fiber optic,93.8,3095.4,0,Electronic check
0322-YINQP,Yes,0,0.3444,Medium Risk,Month-to-month,1,DSL,48.55,48.55,0,Mailed check
4026-SKKHW,No,0,0.3442,Medium Risk,Month-to-month,3,DSL,50.25,150.75,0,Mailed check
1205-WNWPJ,Yes,0,0.3441,Medium Risk,Month-to-month,7,DSL,59.5,416.5,0,Mailed check
0811-GSDTP,No,0,0.3441,Medium Risk,Month-to-month,13,DSL,30.15,391.95,0,Electronic check
6143-JQKEA,No,0,0.3437,Medium Risk,Month-to-month,10,DSL,45.8,458.0,0,Credit card
5502-RLUYV,Yes,0,0.3435,Medium Risk,Month-to-month,69,Fiber optic,103.95,7172.55,0,Electronic check
5858-EAFCZ,No,0,0.3434,Medium Risk,Month-to-month,1,DSL,44.45,44.45,0,Mailed check
6982-SSHFK,Yes,0,0.3432,Medium Risk,Month-to-month,1,DSL,44.4,44.4,0,Mailed check
9822-WMWVG,No,0,0.3431,Medium Risk,Month-to-month,41,Fiber optic,106.5,4366.5,0,Electronic check
4061-UKJWL,No,0,0.3431,Medium Risk,Month-to-month,3,DSL,45.45,136.35,0,Mailed check
4824-GUCBY,No,0,0.343,Medium Risk,Month-to-month,22,Fiber optic,81.7,1797.4,1,Electronic check
8399-YNDCH,Yes,0,0.3429,Medium Risk,Month-to-month,21,DSL,60.05,1261.05,1,Bank transfer
7850-VWJUU,No,0,0.3428,Medium Risk,Month-to-month,23,Fiber optic,75.0,1725.0,0,Bank transfer
8178-EYZUO,Yes,0,0.3427,Medium Risk,Month-to-month,46,Fiber optic,93.7,4310.2,0,Electronic check
0282-NVSJS,No,0,0.3425,Medium Risk,Month-to-month,12,DSL,29.3,351.6,1,Mailed check
8623-ULFNQ,No,0,0.3425,Medium Risk,Month-to-month,26,DSL,66.05,1717.3,1,Electronic check
4280-DLSHD,No,0,0.3421,Medium Risk,Month-to-month,8,DSL,54.75,438.0,0,Mailed check
6227-HWPWX,Yes,0,0.3414,Medium Risk,Month-to-month,15,Fiber optic,69.0,1035.0,0,Bank transfer
4329-YPDDQ,No,0,0.3412,Medium Risk,Month-to-month,20,Fiber optic,108.2,2164.0,0,Bank transfer
2842-JTCCU,Yes,0,0.3407,Medium Risk,Month-to-month,2,DSL,46.05,92.1,0,Bank transfer
4007-NHVHI,No,0,0.3405,Medium Risk,Month-to-month,56,Fiber optic,96.85,5423.6,1,Electronic check
2853-CWQFQ,No,0,0.3404,Medium Risk,Month-to-month,1,DSL,59.55,59.55,0,Mailed check
3580-REOAC,Yes,0,0.3403,Medium Risk,Month-to-month,10,DSL,44.85,448.5,0,Credit card
6202-DYYFX,No,0,0.34,Medium Risk,One year,22,Fiber optic,76.0,1672.0,0,Credit card
8824-RWFXJ,Yes,0,0.3398,Medium Risk,Month-to-month,3,DSL,56.15,168.45,0,Mailed check
9170-CCKOU,Yes,0,0.3398,Medium Risk,Month-to-month,17,Fiber optic,90.2,1533.4,0,Credit card
6145-NNPNO,No,0,0.3397,Medium Risk,Month-to-month,1,DSL,44.15,44.15,0,Bank transfer
6549-NNDYT,No,0,0.3394,Medium Risk,Month-to-month,13,DSL,30.85,401.05,0,Bank transfer
2883-ILGWO,No,0,0.3394,Medium Risk,Month-to-month,57,Fiber optic,104.9,5979.3,1,Bank transfer
6410-LEFEN,Yes,0,0.3394,Medium Risk,Month-to-month,9,DSL,45.15,406.35,0,Electronic check
6641-XRPSU,Yes,0,0.3392,Medium Risk,Month-to-month,34,Fiber optic,70.0,2380.0,0,Credit card
3164-AALRN,Yes,0,0.3392,Medium Risk,One year,5,DSL,70.0,350.0,0,Mailed check
1703-MGIAB,No,0,0.3392,Medium Risk,Month-to-month,17,DSL,69.0,1173.0,0,Mailed check
0415-MOSGF,Yes,0,0.3389,Medium Risk,Month-to-month,1,DSL,44.4,44.4,0,Mailed check
3349-ANQNH,No,0,0.3388,Medium Risk,One year,59,Fiber optic,99.5,5870.5,1,Electronic check
2100-BDNSN,Yes,0,0.3387,Medium Risk,Month-to-month,5,DSL,67.95,339.75,0,Bank transfer
0295-QVKPB,No,0,0.3382,Medium Risk,Month-to-month,5,DSL,63.95,319.75,0,Credit card
2403-BCASL,Yes,0,0.338,Medium Risk,One year,41,Fiber optic,111.95,4589.95,1,Electronic check
9079-YEXQJ,Yes,0,0.338,Medium Risk,Month-to-month,54,Fiber optic,111.1,5999.4,0,Electronic check
4558-FANTW,Yes,0,0.3379,Medium Risk,Month-to-month,17,Fiber optic,91.85,1561.45,0,Electronic check
3571-RFHAR,Yes,0,0.3377,Medium Risk,Month-to-month,65,Fiber optic,109.15,7094.75,0,Electronic check
3085-QUOZK,Yes,0,0.3375,Medium Risk,Month-to-month,1,DSL,43.95,43.95,0,Mailed check
6817-WTYHE,No,0,0.3371,Medium Risk,Month-to-month,2,DSL,44.9,89.8,0,Bank transfer
0363-QJVFX,Yes,0,0.3367,Medium Risk,Month-to-month,32,Fiber optic,108.15,3460.8,0,Credit card
3898-GUYTS,No,0,0.3366,Medium Risk,Month-to-month,45,Fiber optic,97.05,4367.25,1,Electronic check
8660-BUETV,No,0,0.3365,Medium Risk,Month-to-month,3,DSL,44.75,134.25,0,Mailed check
7312-XSBAT,No,0,0.3363,Medium Risk,Month-to-month,1,DSL,49.75,49.75,0,Electronic check
7794-JASDG,No,0,0.336,Medium Risk,Month-to-month,1,DSL,50.75,50.75,0,Mailed check
4307-KWMXE,No,0,0.3357,Medium Risk,Month-to-month,10,DSL,35.75,357.5,0,Electronic check
3173-NVMPX,No,0,0.3357,Medium Risk,Month-to-month,9,DSL,55.3,497.7,0,Mailed check
2302-ANTDP,Yes,0,0.3348,Medium Risk,Month-to-month,48,Fiber optic,117.45,5637.6,1,Electronic check
8775-CEBBJ,Yes,0,0.3343,Medium Risk,Month-to-month,9,DSL,44.2,397.8,0,Bank transfer
7248-VZQLC,Yes,0,0.3343,Medium Risk,Month-to-month,47,Fiber optic,85.2,4004.4,1,Bank transfer
4238-HFHSN,No,0,0.3343,Medium Risk,Month-to-month,61,Fiber optic,82.15,5011.15,1,Electronic check
6599-GZWCM,No,0,0.3341,Medium Risk,One year,13,Fiber optic,74.65,970.45,0,Mailed check
9795-VOWON,No,0,0.3341,Medium Risk,One year,7,DSL,24.35,170.45,0,Credit card
1564-HJUVY,No,0,0.3341,Medium Risk,Month-to-month,4,DSL,63.75,255.0,0,Bank transfer
2455-USLMV,No,0,0.334,Medium Risk,Month-to-month,31,Fiber optic,84.75,2627.25,0,Credit card
7909-FIOIY,No,0,0.334,Medium Risk,Month-to-month,19,DSL,24.85,472.15,0,Mailed check
2519-LBNQL,No,0,0.334,Medium Risk,One year,60,Fiber optic,104.35,6261.0,1,Electronic check
1357-MVDOZ,No,0,0.3335,Medium Risk,Month-to-month,11,DSL,59.65,656.15,0,Bank transfer
3808-HFKDE,No,0,0.3333,Medium Risk,Month-to-month,20,DSL,44.35,887.0,0,Electronic check
2615-YVMYX,No,0,0.333,Medium Risk,Month-to-month,71,Fiber optic,107.5,7632.5,1,Electronic check
3069-SSVSN,No,0,0.333,Medium Risk,One year,1,DSL,25.85,25.85,0,Mailed check
6234-PFPXL,No,0,0.3329,Medium Risk,Month-to-month,22,Fiber optic,95.9,2109.8,0,Credit card
5173-WXOQV,No,0,0.3323,Medium Risk,Month-to-month,2,DSL,64.2,128.4,0,Mailed check
2189-UXTKY,Yes,0,0.3322,Medium Risk,Month-to-month,22,DSL,79.2,1742.4,0,Electronic check
9921-EZKBY,No,0,0.3321,Medium Risk,Month-to-month,33,Fiber optic,95.3,3144.9,0,Bank transfer
3194-ORPIK,Yes,0,0.332,Medium Risk,Month-to-month,50,Fiber optic,84.4,4220.0,0,Bank transfer
4080-IIARD,No,0,0.3318,Medium Risk,Month-to-month,13,DSL,76.2,990.6,0,Electronic check
5536-SLHPM,Yes,0,0.3316,Medium Risk,Month-to-month,55,Fiber optic,77.75,4276.25,0,Electronic check
0274-JKUJR,No,0,0.3315,Medium Risk,Month-to-month,7,DSL,58.85,411.95,0,Mailed check
4143-HHPMK,Yes,0,0.3313,Medium Risk,Month-to-month,52,Fiber optic,85.35,4438.2,0,Electronic check
0929-HYQEW,No,0,0.3313,Medium Risk,Month-to-month,3,DSL,50.15,150.45,0,Mailed check
0032-PGELS,Yes,0,0.3307,Medium Risk,Month-to-month,1,DSL,30.5,30.5,0,Bank transfer
7055-HNEOJ,No,0,0.3307,Medium Risk,Month-to-month,3,DSL,55.8,167.4,0,Mailed check
3023-GFLBR,Yes,0,0.3307,Medium Risk,Month-to-month,33,Fiber optic,86.15,2842.95,0,Credit card
3838-OZURD,Yes,0,0.3307,Medium Risk,Month-to-month,66,Fiber optic,105.0,6930.0,0,Credit card
6908-VVYHM,No,0,0.3305,Medium Risk,Month-to-month,65,Fiber optic,90.65,5892.25,0,Electronic check
2272-UOINI,No,0,0.3305,Medium Risk,Month-to-month,7,DSL,78.5,549.5,0,Electronic check
5035-PGZXH,No,0,0.3303,Medium Risk,One year,56,Fiber optic,106.8,5980.8,0,Electronic check
3859-CVCET,Yes,0,0.3302,Medium Risk,Month-to-month,4,DSL,45.65,182.6,0,Mailed check
2957-LOLHO,Yes,0,0.3302,Medium Risk,Month-to-month,12,DSL,45.4,544.8,0,Bank transfer
5671-UUNXD,No,0,0.3302,Medium Risk,One year,50,Fiber optic,100.65,5032.5,1,Electronic check
5939-XAIXZ,No,0,0.33,Medium Risk,Month-to-month,19,DSL,56.1,1065.9,0,Mailed check
9448-REEVD,Yes,0,0.3299,Medium Risk,Month-to-month,1,DSL,44.7,44.7,0,Credit card
1763-WQFUK,No,0,0.3299,Medium Risk,Month-to-month,3,DSL,50.5,151.5,0,Mailed check
1465-LNTLJ,No,0,0.3296,Medium Risk,Month-to-month,8,DSL,64.4,515.2,1,Credit card
2927-QRRQV,No,0,0.3294,Medium Risk,One year,46,Fiber optic,94.65,4353.9,0,Electronic check
3669-OYSJI,Yes,0,0.3288,Medium Risk,Month-to-month,1,DSL,46.2,46.2,0,Credit card
9644-UMGQA,No,0,0.3288,Medium Risk,Month-to-month,6,DSL,49.15,294.9,0,Electronic check
5778-BVOFB,No,0,0.3288,Medium Risk,Month-to-month,9,DSL,59.5,535.5,0,Bank transfer
2386-OWURY,No,0,0.3286,Medium Risk,Month-to-month,58,Fiber optic,95.3,5527.4,0,Electronic check
8757-TFHHJ,No,0,0.3283,Medium Risk,Month-to-month,1,DSL,49.8,49.8,0,Credit card
4950-BDEUX,No,0,0.3283,Medium Risk,Month-to-month,35,DSL,49.2,1722.0,0,Electronic check
8773-HHUOZ,Yes,0,0.3282,Medium Risk,Month-to-month,17,DSL,64.7,1099.9,0,Mailed check
0774-IFUVM,No,0,0.328,Medium Risk,Month-to-month,11,DSL,65.15,716.65,0,Bank transfer
5485-WUYWF,Yes,0,0.3278,Medium Risk,Month-to-month,2,DSL,66.4,132.8,1,Bank transfer
0691-IFBQW,Yes,0,0.3275,Medium Risk,One year,46,Fiber optic,110.0,5060.0,1,Electronic check
5402-HTOTQ,No,0,0.3273,Medium Risk,Month-to-month,16,DSL,55.3,884.8,0,Electronic check
8564-LDKFL,No,0,0.3271,Medium Risk,One year,40,Fiber optic,106.0,4240.0,0,Bank transfer
9661-MHUMO,Yes,0,0.327,Medium Risk,Month-to-month,1,DSL,49.25,49.25,1,Credit card
5295-PCJOO,Yes,0,0.3269,Medium Risk,Month-to-month,4,DSL,49.4,197.6,0,Electronic check
2378-HTWFW,No,0,0.3268,Medium Risk,Month-to-month,35,Fiber optic,91.0,3185.0,1,Credit card
7147-AYBAA,No,0,0.3267,Medium Risk,Month-to-month,37,Fiber optic,70.35,2602.95,0,Mailed check
0623-GDISB,No,0,0.3263,Medium Risk,Month-to-month,1,DSL,48.45,48.45,0,Bank transfer
7950-XWOVN,No,0,0.3263,Medium Risk,Month-to-month,11,DSL,34.7,381.7,0,Mailed check
1174-FGIFN,No,0,0.3262,Medium Risk,One year,28,Fiber optic,90.45,2532.6,0,Electronic check
4176-FXYBO,No,0,0.3261,Medium Risk,Month-to-month,54,Fiber optic,109.55,5915.7,0,Electronic check
7271-AJDTL,No,0,0.3259,Medium Risk,Month-to-month,55,Fiber optic,94.45,5194.75,0,Credit card
1541-ETJZO,Yes,0,0.3259,Medium Risk,Month-to-month,1,DSL,62.05,62.05,0,Mailed check
7579-OOPEC,Yes,0,0.3259,Medium Risk,Month-to-month,2,DSL,50.15,100.3,1,Credit card
3258-SANFR,No,0,0.3253,Medium Risk,Month-to-month,6,DSL,44.7,268.2,1,Credit card
9089-UOWJG,No,0,0.3247,Medium Risk,Month-to-month,12,DSL,58.35,700.2,0,Credit card
1600-DILPE,No,0,0.3245,Medium Risk,Month-to-month,12,DSL,45.0,540.0,0,Bank transfer
8896-BQTTI,No,0,0.3243,Medium Risk,Month-to-month,1,No,25.0,25.0,0,Mailed check
6807-SIWJI,No,0,0.3239,Medium Risk,One year,38,Fiber optic,104.85,3984.3,0,Electronic check
7593-JNWRU,Yes,0,0.3234,Medium Risk,Month-to-month,6,DSL,44.6,267.6,0,Bank transfer
9681-KYGYB,No,0,0.3229,Medium Risk,Month-to-month,49,Fiber optic,88.2,4321.8,1,Electronic check
6905-NIQIN,Yes,0,0.3227,Medium Risk,Month-to-month,1,DSL,50.65,50.65,0,Mailed check
2479-BRAMR,Yes,0,0.3227,Medium Risk,Month-to-month,41,Fiber optic,83.75,3433.75,1,Bank transfer
3207-OYBWH,Yes,0,0.3224,Medium Risk,Month-to-month,57,Fiber optic,95.25,5429.25,1,Bank transfer
2692-PFYTJ,No,0,0.3223,Medium Risk,Month-to-month,1,No,25.75,25.75,0,Mailed check
3873-NFTGI,No,0,0.3221,Medium Risk,Month-to-month,14,DSL,55.5,777.0,0,Credit card
6257-RJOHI,No,0,0.322,Medium Risk,Month-to-month,4,DSL,50.8,203.2,0,Mailed check
2770-NSVDG,No,0,0.3218,Medium Risk,Month-to-month,24,DSL,29.1,698.4,0,Electronic check
8840-DQLGN,Yes,0,0.3217,Medium Risk,Month-to-month,35,Fiber optic,100.5,3517.5,1,Bank transfer
2240-HSJQD,No,0,0.3216,Medium Risk,Month-to-month,38,Fiber optic,81.85,3110.3,0,Mailed check
2565-JSLRY,Yes,0,0.3215,Medium Risk,Month-to-month,1,No,24.05,24.05,0,Mailed check
6624-JDRDS,No,0,0.3214,Medium Risk,Month-to-month,6,DSL,29.45,176.7,0,Bank transfer
9812-GHVRI,No,0,0.3213,Medium Risk,Month-to-month,40,Fiber optic,83.85,3354.0,0,Bank transfer
3845-FXCYS,No,0,0.3212,Medium Risk,Month-to-month,2,No,19.65,39.3,0,Electronic check
9780-FKVVF,No,0,0.3212,Medium Risk,Month-to-month,6,DSL,59.15,354.9,0,Bank transfer
2436-QBZFP,No,0,0.3211,Medium Risk,Month-to-month,22,DSL,39.2,862.4,0,Electronic check
8152-UOBNY,No,0,0.3209,Medium Risk,One year,50,Fiber optic,106.8,5340.0,1,Electronic check
1956-YIFGE,No,0,0.3209,Medium Risk,One year,22,Fiber optic,100.05,2201.1,0,Mailed check
4720-VSTSI,Yes,0,0.3208,Medium Risk,Month-to-month,44,Fiber optic,84.8,3731.2,0,Bank transfer
9495-SKLKD,No,0,0.3206,Medium Risk,Month-to-month,45,Fiber optic,95.95,4317.75,0,Bank transfer
8749-JMNKX,Yes,0,0.3202,Medium Risk,Month-to-month,51,Fiber optic,93.8,4783.8,1,Bank transfer
4883-QICIH,Yes,0,0.3201,Medium Risk,Month-to-month,32,Fiber optic,69.75,2232.0,0,Bank transfer
9732-KPKBW,Yes,0,0.3201,Medium Risk,Month-to-month,1,DSL,53.95,53.95,0,Electronic check
2101-RANCD,No,0,0.3193,Medium Risk,Month-to-month,55,Fiber optic,73.1,4020.5,0,Electronic check
5493-SDRDQ,Yes,0,0.3191,Medium Risk,Month-to-month,2,DSL,55.1,110.2,0,Mailed check
6538-POCHL,No,0,0.3189,Medium Risk,Month-to-month,33,Fiber optic,79.0,2607.0,0,Credit card
6986-IJDHX,Yes,0,0.3188,Medium Risk,Month-to-month,39,Fiber optic,86.3,3365.7,0,Mailed check
5575-TPIZQ,No,0,0.3188,Medium Risk,Month-to-month,46,Fiber optic,89.15,4100.9,0,Credit card
1432-FPAXX,Yes,0,0.3188,Medium Risk,Month-to-month,29,DSL,30.6,887.4,0,Electronic check
7826-VVKWT,No,0,0.3187,Medium Risk,Two year,24,Fiber optic,96.55,2317.2,1,Electronic check
9776-CLUJA,Yes,0,0.3185,Medium Risk,Month-to-month,51,Fiber optic,77.5,3952.5,1,Electronic check
6646-QVXLR,Yes,0,0.3185,Medium Risk,One year,62,Fiber optic,103.75,6432.5,1,Electronic check
9445-ZUEQE,No,0,0.3185,Medium Risk,Month-to-month,27,Fiber optic,85.2,2300.4,0,Credit card
0374-AACSZ,No,0,0.3183,Medium Risk,Month-to-month,1,DSL,50.15,50.15,0,Electronic check
6844-DZKRF,No,0,0.3182,Medium Risk,Month-to-month,2,DSL,50.2,100.4,0,Credit card
2817-NTQDO,Yes,0,0.3181,Medium Risk,Month-to-month,13,DSL,45.55,592.15,0,Credit card
3503-TYDAY,No,0,0.3181,Medium Risk,Month-to-month,43,Fiber optic,80.45,3459.35,0,Electronic check
1895-QTKDO,No,0,0.3178,Medium Risk,Month-to-month,1,DSL,43.95,43.95,0,Credit card
0260-ZDLGK,Yes,0,0.3177,Medium Risk,Month-to-month,9,DSL,72.9,656.1,0,Mailed check
7554-AKDQF,No,0,0.3176,Medium Risk,Month-to-month,6,DSL,45.65,273.9,0,Mailed check
0107-WESLM,Yes,0,0.3175,Medium Risk,Month-to-month,1,No,19.85,19.85,0,Electronic check
3345-PBBFH,No,0,0.3174,Medium Risk,Month-to-month,8,DSL,49.55,396.4,0,Bank transfer
2011-TRQYE,Yes,0,0.3168,Medium Risk,Month-to-month,18,DSL,33.5,603.0,0,Credit card
6288-LBEAR,No,0,0.3168,Medium Risk,Month-to-month,23,Fiber optic,79.1,1819.3,0,Mailed check
1919-RTPQD,No,0,0.3166,Medium Risk,Month-to-month,7,DSL,44.75,313.25,0,Electronic check
9158-VCTQB,Yes,0,0.3164,Medium Risk,Month-to-month,41,Fiber optic,113.6,4657.6,0,Bank transfer
1930-WNXSB,No,0,0.3163,Medium Risk,Month-to-month,58,Fiber optic,92.85,5385.3,0,Electronic check
7916-VCCPB,No,0,0.3163,Medium Risk,Month-to-month,16,Fiber optic,73.25,1172.0,0,Bank transfer
7878-JGDKK,No,0,0.3161,Medium Risk,Month-to-month,4,DSL,44.55,178.2,0,Mailed check
8286-AFUYI,No,0,0.316,Medium Risk,Month-to-month,1,DSL,47.95,47.95,0,Electronic check
1587-FKLZB,Yes,0,0.3157,Medium Risk,Month-to-month,66,Fiber optic,99.5,6567.0,1,Credit card
4361-BKAXE,Yes,0,0.3155,Medium Risk,Month-to-month,41,Fiber optic,114.5,4694.5,0,Bank transfer
9862-KJTYK,No,0,0.3151,Medium Risk,Month-to-month,19,DSL,25.35,481.65,0,Credit card
9919-YLNNG,No,0,0.3147,Medium Risk,Month-to-month,42,Fiber optic,103.8,4359.6,0,Bank transfer
3717-LNXKW,No,0,0.3143,Medium Risk,Month-to-month,38,Fiber optic,91.7,3484.6,0,Bank transfer
4640-UHDOS,Yes,0,0.3138,Medium Risk,Month-to-month,13,DSL,55.95,727.35,0,Electronic check
6022-KOUQO,No,0,0.3138,Medium Risk,Month-to-month,2,DSL,29.05,58.1,0,Bank transfer
7596-LDUXP,No,0,0.3137,Medium Risk,One year,12,Fiber optic,85.15,1021.8,0,Credit card
1169-WCVAK,No,0,0.3136,Medium Risk,Month-to-month,19,Fiber optic,88.8,1687.2,0,Credit card
1216-BGTSP,No,0,0.3135,Medium Risk,Month-to-month,45,Fiber optic,108.45,4880.25,0,Credit card
7067-KSAZT,Yes,0,0.3134,Medium Risk,One year,65,Fiber optic,106.25,6906.25,1,Electronic check
5686-CMAWK,No,0,0.3133,Medium Risk,One year,17,Fiber optic,86.75,1474.75,0,Electronic check
1552-AAGRX,No,0,0.3132,Medium Risk,Month-to-month,30,Fiber optic,106.4,3192.0,0,Bank transfer
8761-NSOBC,Yes,0,0.3128,Medium Risk,Month-to-month,44,Fiber optic,100.55,4424.2,0,Electronic check
0431-APWVY,Yes,0,0.3126,Medium Risk,One year,28,Fiber optic,90.1,2522.8,0,Bank transfer
8677-HDZEE,No,0,0.3124,Medium Risk,Month-to-month,56,Fiber optic,105.45,5905.2,0,Bank transfer
8229-MYEJZ,No,0,0.3124,Medium Risk,Month-to-month,10,DSL,51.2,512.0,0,Electronic check
1596-BBVTG,Yes,0,0.3121,Medium Risk,Month-to-month,35,Fiber optic,75.35,2637.25,0,Credit card
2669-OIDSD,No,0,0.312,Medium Risk,Month-to-month,48,Fiber optic,100.05,4802.4,0,Credit card
7623-TRNQN,Yes,0,0.3113,Medium Risk,Month-to-month,1,DSL,49.9,49.9,0,Mailed check
3058-HJCUY,Yes,0,0.3111,Medium Risk,One year,41,Fiber optic,102.6,4206.6,0,Electronic check
4819-HJPIW,No,0,0.311,Medium Risk,Month-to-month,18,DSL,25.15,452.7,0,Mailed check
3113-IWHLC,No,0,0.3108,Medium Risk,Month-to-month,5,DSL,55.8,279.0,0,Mailed check
5154-VEKBL,Yes,0,0.3108,Medium Risk,Month-to-month,9,DSL,58.5,526.5,0,Mailed check
5339-TJFEK,No,0,0.3108,Medium Risk,Month-to-month,62,Fiber optic,105.5,6541.0,0,Electronic check
8388-FYNPZ,No,0,0.3107,Medium Risk,Month-to-month,4,DSL,56.75,227.0,0,Electronic check
6874-SGLHU,No,0,0.3107,Medium Risk,One year,30,Fiber optic,97.0,2910.0,0,Bank transfer
7587-AOVVU,No,0,0.3106,Medium Risk,Month-to-month,27,Fiber optic,100.75,2720.25,0,Electronic check
9356-AXGMP,No,0,0.3105,Medium Risk,One year,38,Fiber optic,110.7,4206.6,0,Electronic check
7449-HVPIV,No,0,0.3104,Medium Risk,Month-to-month,55,Fiber optic,90.4,4972.0,0,Credit card
9767-FFLEM,No,0,0.3101,Medium Risk,Month-to-month,38,Fiber optic,69.5,2641.0,0,Credit card
5103-MHMHY,Yes,0,0.3091,Medium Risk,Month-to-month,1,DSL,45.95,45.95,0,Mailed check
9761-XUJWD,No,0,0.3089,Medium Risk,Month-to-month,5,DSL,65.6,328.0,0,Bank transfer
4958-GZWIY,Yes,0,0.3086,Medium Risk,Month-to-month,7,DSL,48.7,340.9,0,Electronic check
0327-WFZSY,No,0,0.3085,Medium Risk,One year,39,Fiber optic,100.0,3900.0,0,Electronic check
9688-YGXVR,No,0,0.3085,Medium Risk,Month-to-month,44,Fiber optic,88.15,3878.6,0,Credit card
8751-EDEKA,No,0,0.3083,Medium Risk,Month-to-month,28,Fiber optic,89.9,2517.2,0,Credit card
9481-SFCQY,No,0,0.308,Medium Risk,Month-to-month,14,DSL,59.8,837.2,0,Credit card
3452-SRFEG,No,0,0.308,Medium Risk,Month-to-month,49,Fiber optic,74.6,3655.4,0,Bank transfer
7693-QPEFS,No,0,0.3078,Medium Risk,Month-to-month,52,Fiber optic,72.95,3793.4,1,Bank transfer
4097-YODCF,No,0,0.3076,Medium Risk,One year,34,Fiber optic,103.8,3529.2,0,Electronic check
0013-MHZWF,No,0,0.3076,Medium Risk,Month-to-month,9,DSL,69.4,624.6,0,Credit card
1353-LJWEM,No,0,0.3074,Medium Risk,Month-to-month,11,DSL,60.9,669.9,0,Electronic check
0929-PECLO,No,0,0.3073,Medium Risk,Month-to-month,63,Fiber optic,89.6,5644.8,1,Bank transfer
2133-TSRRM,No,0,0.3072,Medium Risk,Month-to-month,34,Fiber optic,105.35,3581.9,0,Bank transfer
0080-OROZO,No,0,0.3071,Medium Risk,One year,35,Fiber optic,99.25,3473.75,0,Electronic check
1548-ARAGG,No,0,0.3071,Medium Risk,Month-to-month,4,DSL,58.5,234.0,0,Mailed check
6253-WRFHY,No,0,0.3069,Medium Risk,One year,13,DSL,64.75,841.75,0,Electronic check
7250-EQKIY,Yes,0,0.3069,Medium Risk,Month-to-month,1,DSL,50.45,50.45,0,Mailed check
9108-EJFJP,No,0,0.3068,Medium Risk,Month-to-month,1,DSL,53.55,53.55,0,Mailed check
3865-QBWSJ,No,0,0.3067,Medium Risk,Month-to-month,38,Fiber optic,80.45,3057.1,1,Mailed check
0129-KPTWJ,No,0,0.3063,Medium Risk,Month-to-month,72,Fiber optic,94.65,6814.8,0,Electronic check
8728-SKJLR,No,0,0.3062,Medium Risk,Month-to-month,41,Fiber optic,74.25,3044.25,0,Electronic check
0060-FUALY,No,0,0.3059,Medium Risk,Month-to-month,59,Fiber optic,94.75,5590.25,0,Electronic check
8910-LEDAG,No,0,0.3059,Medium Risk,Month-to-month,34,Fiber optic,71.55,2432.7,1,Credit card
6896-SRVYQ,No,0,0.3059,Medium Risk,Month-to-month,44,Fiber optic,73.85,3249.4,1,Electronic check
1794-HBQTJ,Yes,0,0.3058,Medium Risk,Month-to-month,1,DSL,48.6,48.6,0,Credit card
0178-SZBHO,No,0,0.3057,Medium Risk,Month-to-month,47,Fiber optic,87.2,4098.4,0,Electronic check
8805-JNRAZ,No,0,0.3055,Medium Risk,Month-to-month,2,DSL,49.2,98.4,0,Mailed check
2474-LCNUE,No,0,0.305,Medium Risk,Month-to-month,23,DSL,73.65,1693.95,0,Credit card
9373-WSLOY,No,0,0.3049,Medium Risk,Month-to-month,33,DSL,50.0,1650.0,1,Electronic check
2858-EIMXH,No,0,0.3048,Medium Risk,One year,53,Fiber optic,95.85,5080.05,1,Credit card
8740-XLHDR,Yes,0,0.3046,Medium Risk,Month-to-month,5,DSL,43.25,216.25,0,Mailed check
8679-JOEVF,Yes,0,0.3042,Medium Risk,Month-to-month,16,DSL,59.4,950.4,1,Electronic check
4628-WQCQQ,Yes,0,0.3041,Medium Risk,One year,35,Fiber optic,85.15,2980.25,0,Electronic check
5133-VRSAB,No,0,0.3041,Medium Risk,Month-to-month,8,DSL,29.35,234.8,0,Mailed check
3521-SYVOR,Yes,0,0.304,Medium Risk,Month-to-month,37,DSL,64.75,2395.75,0,Electronic check
5149-TGWDZ,No,0,0.3039,Medium Risk,One year,21,Fiber optic,104.55,2195.55,0,Mailed check
7251-LJBQN,No,0,0.3039,Medium Risk,One year,40,Fiber optic,103.75,4150.0,1,Credit card
4983-CLMLV,No,0,0.3037,Medium Risk,Month-to-month,52,Fiber optic,102.7,5340.4,0,Credit card
1596-OQSPS,No,0,0.3035,Medium Risk,Month-to-month,11,DSL,51.1,562.1,0,Electronic check
8033-VCZGH,No,0,0.3032,Medium Risk,One year,50,Fiber optic,103.95,5197.5,0,Electronic check
2181-UAESM,No,0,0.3029,Medium Risk,Month-to-month,2,DSL,53.45,106.9,0,Electronic check
2985-JUUBZ,No,0,0.3028,Medium Risk,Month-to-month,40,DSL,74.55,2982.0,0,Electronic check
1582-RAFML,Yes,0,0.3026,Medium Risk,Month-to-month,1,DSL,60.1,60.1,0,Mailed check
4592-IWTJI,Yes,0,0.3024,Medium Risk,Month-to-month,3,DSL,29.7,89.1,0,Credit card
3345-JHUEO,No,0,0.3023,Medium Risk,Month-to-month,4,No,20.2,80.8,0,Electronic check
6360-SVNWV,No,0,0.3023,Medium Risk,Month-to-month,31,Fiber optic,73.55,2280.05,1,Credit card
4452-QIIEB,No,0,0.3018,Medium Risk,Month-to-month,7,DSL,43.9,307.3,0,Mailed check
4987-GQWPO,No,0,0.3017,Medium Risk,Month-to-month,17,DSL,25.1,426.7,0,Credit card
5207-PLSTK,No,0,0.3014,Medium Risk,Month-to-month,1,DSL,48.75,48.75,0,Mailed check
2886-KEFUM,Yes,0,0.3014,Medium Risk,One year,63,Fiber optic,107.5,6772.5,0,Electronic check
3606-SBKRY,No,0,0.3013,Medium Risk,One year,31,DSL,50.05,1551.55,0,Electronic check
7766-CLTIC,No,0,0.3012,Medium Risk,Month-to-month,10,DSL,60.95,609.5,0,Mailed check
1862-SKORY,Yes,0,0.3012,Medium Risk,Month-to-month,40,DSL,39.3,1572.0,1,Electronic check
1791-PQHBB,No,0,0.3012,Medium Risk,Month-to-month,2,DSL,61.2,122.4,0,Credit card
0924-BJCRC,No,0,0.3011,Medium Risk,Month-to-month,60,Fiber optic,89.45,5367.0,1,Electronic check
4010-YLMVT,No,0,0.301,Medium Risk,Month-to-month,56,Fiber optic,106.6,5969.6,0,Credit card
1422-DGUBX,No,0,0.3009,Medium Risk,One year,32,Fiber optic,79.25,2536.0,0,Electronic check
2806-MLNTI,No,0,0.3008,Medium Risk,One year,52,Fiber optic,105.1,5465.2,1,Bank transfer
5628-RKIFK,No,0,0.3002,Medium Risk,Month-to-month,49,Fiber optic,101.55,4975.95,1,Credit card
0822-QGCXA,No,0,0.3002,Medium Risk,Month-to-month,27,DSL,83.85,2263.95,1,Electronic check
7789-HKSBS,No,0,0.2997,Low Risk,One year,42,Fiber optic,105.2,4418.4,1,Bank transfer
5311-IHLEI,No,0,0.2997,Low Risk,Month-to-month,12,DSL,50.95,611.4,0,Bank transfer
8387-MOJJT,Yes,0,0.2996,Low Risk,Month-to-month,42,Fiber optic,77.95,3273.9,0,Credit card
2207-OBZNX,Yes,0,0.2994,Low Risk,Month-to-month,7,DSL,51.0,357.0,0,Mailed check
3511-APPBJ,No,0,0.2993,Low Risk,One year,23,Fiber optic,99.95,2298.85,0,Credit card
1024-KPRBB,No,0,0.2992,Low Risk,One year,38,Fiber optic,89.1,3385.8,0,Mailed check
1842-EZJMK,Yes,0,0.2992,Low Risk,Month-to-month,50,Fiber optic,103.7,5185.0,0,Electronic check
3567-PQTSO,No,0,0.2991,Low Risk,One year,53,Fiber optic,105.25,5578.25,0,Electronic check
2792-VPPET,No,0,0.299,Low Risk,Month-to-month,3,No,20.5,61.5,0,Electronic check
1480-IVEVR,No,0,0.2988,Low Risk,One year,35,Fiber optic,81.6,2856.0,1,Bank transfer
0867-LDTTC,No,0,0.2987,Low Risk,Month-to-month,5,DSL,75.15,375.75,0,Bank transfer
1213-NGCUN,Yes,0,0.2986,Low Risk,Month-to-month,6,DSL,49.65,297.9,0,Bank transfer
7966-YOTQW,No,0,0.2985,Low Risk,Month-to-month,10,DSL,54.5,545.0,0,Credit card
4482-FTFFX,No,0,0.2983,Low Risk,Month-to-month,5,DSL,56.15,280.75,0,Electronic check
3195-TQDZX,No,0,0.2982,Low Risk,Month-to-month,3,No,20.25,60.75,0,Electronic check
3668-QPYBK,Yes,0,0.2981,Low Risk,Month-to-month,2,DSL,53.85,107.7,0,Mailed check
4081-DYXAV,Yes,0,0.298,Low Risk,One year,19,DSL,44.85,852.15,0,Credit card
0603-OLQDC,No,0,0.2979,Low Risk,Month-to-month,12,DSL,69.85,838.2,0,Mailed check
0348-SDKOL,Yes,0,0.2977,Low Risk,Month-to-month,58,Fiber optic,102.1,5921.8,0,Credit card
7047-FWEYA,No,0,0.2977,Low Risk,One year,46,Fiber optic,103.15,4744.9,0,Electronic check
0596-BQCEQ,Yes,0,0.2976,Low Risk,Month-to-month,62,Fiber optic,100.15,6209.3,0,Electronic check
4724-WXVWF,No,0,0.2975,Low Risk,Month-to-month,48,Fiber optic,95.4,4579.2,0,Electronic check
7551-DACSP,Yes,0,0.2972,Low Risk,Month-to-month,6,DSL,55.3,331.8,0,Mailed check
1215-VFYVK,No,0,0.2972,Low Risk,Month-to-month,4,DSL,48.25,193.0,0,Mailed check
1976-AZZPJ,No,0,0.2971,Low Risk,Month-to-month,7,DSL,34.2,239.4,0,Mailed check
3946-JEWRQ,No,0,0.2966,Low Risk,One year,47,Fiber optic,95.2,4474.4,0,Credit card
6713-OKOMC,No,0,0.2965,Low Risk,Month-to-month,10,DSL,29.75,297.5,0,Mailed check
7459-RRWQZ,Yes,0,0.2964,Low Risk,Month-to-month,15,DSL,64.65,969.75,0,Bank transfer
3594-KADLU,No,0,0.2963,Low Risk,Month-to-month,3,DSL,35.1,105.3,0,Mailed check
3143-ILDAL,Yes,0,0.2963,Low Risk,Month-to-month,56,Fiber optic,94.45,5289.2,0,Electronic check
6917-IAYHD,No,0,0.2961,Low Risk,Month-to-month,1,DSL,33.6,33.6,0,Mailed check
5600-PDUJF,No,0,0.2961,Low Risk,Month-to-month,6,DSL,49.5,297.0,0,Credit card
6614-VBEGU,No,0,0.2959,Low Risk,Month-to-month,24,DSL,69.45,1666.8,0,Bank transfer
7133-VBDCG,Yes,0,0.2956,Low Risk,Month-to-month,25,Fiber optic,79.85,1996.25,0,Bank transfer
5948-UJZLF,No,0,0.2954,Low Risk,Month-to-month,2,DSL,49.25,98.5,0,Mailed check
0980-PVMRC,No,0,0.2951,Low Risk,Month-to-month,40,DSL,50.85,2034.0,0,Electronic check
2632-UCGVD,Yes,0,0.2944,Low Risk,Month-to-month,66,Fiber optic,100.05,6603.3,1,Credit card
7993-NQLJE,No,0,0.2943,Low Risk,Month-to-month,15,Fiber optic,75.1,1126.5,0,Mailed check
2674-MLXMN,No,0,0.2941,Low Risk,Month-to-month,71,Fiber optic,99.65,7075.15,1,Credit card
7346-MEDWM,No,0,0.2931,Low Risk,Month-to-month,59,Fiber optic,83.25,4911.75,0,Electronic check
4462-CYWMH,No,0,0.293,Low Risk,Month-to-month,62,Fiber optic,89.8,5567.6,1,Bank transfer
9281-PKKZE,No,0,0.2929,Low Risk,Month-to-month,46,DSL,43.95,2021.7,0,Electronic check
1456-TWCGB,No,0,0.2927,Low Risk,Month-to-month,4,DSL,49.25,197.0,0,Mailed check
7869-ZYDST,No,0,0.2926,Low Risk,Month-to-month,31,DSL,59.05,1830.55,0,Credit card
9774-NRNAU,No,0,0.2925,Low Risk,Month-to-month,27,DSL,84.8,2289.6,1,Bank transfer
7009-LGECI,No,0,0.2923,Low Risk,Month-to-month,4,DSL,50.55,202.2,0,Bank transfer
7963-GQRMY,Yes,0,0.2921,Low Risk,Month-to-month,3,DSL,44.3,132.9,0,Mailed check
8201-AAXCB,No,0,0.292,Low Risk,Month-to-month,25,DSL,60.35,1508.75,0,Electronic check
2929-QNSRW,Yes,0,0.2913,Low Risk,One year,56,Fiber optic,98.25,5502.0,0,Electronic check
7343-EOBEU,No,0,0.2912,Low Risk,Month-to-month,3,No,23.6,70.8,0,Mailed check
3009-JWMPU,Yes,0,0.2911,Low Risk,One year,62,Fiber optic,96.75,5998.5,0,Electronic check
9700-ISPUP,No,0,0.291,Low Risk,Month-to-month,10,DSL,65.5,655.0,0,Electronic check
3842-QTGDL,No,0,0.291,Low Risk,Month-to-month,16,Fiber optic,80.75,1292.0,0,Bank transfer
3466-WAESX,No,0,0.291,Low Risk,Month-to-month,16,DSL,69.1,1105.6,0,Electronic check
8455-HIRAQ,No,0,0.2908,Low Risk,Month-to-month,8,DSL,44.45,355.6,0,Mailed check
7410-KTVFV,Yes,0,0.2907,Low Risk,Month-to-month,18,DSL,49.55,891.9,0,Mailed check
7245-JMTTQ,No,0,0.2905,Low Risk,One year,51,Fiber optic,111.5,5686.5,0,Electronic check
8791-GFXLZ,No,0,0.2905,Low Risk,Month-to-month,12,DSL,49.05,588.6,0,Bank transfer
7396-VJUZB,No,0,0.2904,Low Risk,Month-to-month,4,DSL,45.25,181.0,0,Mailed check
6599-CEBNN,Yes,0,0.2904,Low Risk,Month-to-month,34,Fiber optic,73.95,2514.3,0,Credit card
8049-WJCLQ,No,0,0.2903,Low Risk,Month-to-month,10,DSL,60.2,602.0,0,Mailed check
9489-UTFKA,No,0,0.2897,Low Risk,Month-to-month,8,DSL,60.9,487.2,1,Bank transfer
7594-LZNWR,No,0,0.2895,Low Risk,Month-to-month,34,Fiber optic,69.15,2351.1,1,Credit card
6770-XUAGN,Yes,0,0.2888,Low Risk,Month-to-month,1,No,21.0,21.0,0,Electronic check
4088-YLDSU,Yes,0,0.2885,Low Risk,One year,55,Fiber optic,104.15,5728.25,0,Electronic check
6173-ITPWD,Yes,0,0.2882,Low Risk,Month-to-month,47,Fiber optic,83.35,3917.45,0,Bank transfer
2460-FPSYH,Yes,0,0.2881,Low Risk,Month-to-month,40,DSL,55.8,2232.0,1,Electronic check
3683-QKIUE,Yes,0,0.2881,Low Risk,Month-to-month,6,DSL,50.8,304.8,0,Bank transfer
9776-OJUZI,No,0,0.288,Low Risk,Month-to-month,65,Fiber optic,95.45,6204.25,1,Bank transfer
3030-YZADT,Yes,0,0.2878,Low Risk,Month-to-month,9,DSL,44.95,404.55,0,Mailed check
8799-OXZMD,No,0,0.2877,Low Risk,Month-to-month,28,DSL,29.75,833.0,0,Mailed check
8552-OBVRU,No,0,0.2876,Low Risk,Month-to-month,48,Fiber optic,104.5,5016.0,1,Electronic check
4396-KLSEH,No,0,0.2871,Low Risk,Month-to-month,4,No,19.85,79.4,0,Electronic check
6578-KRMAW,No,0,0.287,Low Risk,Month-to-month,32,Fiber optic,93.4,2988.8,0,Credit card
2433-KMEAS,Yes,0,0.2867,Low Risk,Month-to-month,22,DSL,54.45,1197.9,0,Electronic check
7537-CBQUZ,No,0,0.2866,Low Risk,Month-to-month,63,Fiber optic,109.4,6892.2,1,Bank transfer
5371-VYLSX,No,0,0.2865,Low Risk,Month-to-month,50,Fiber optic,83.4,4170.0,1,Electronic check
1899-VXWXM,Yes,0,0.2864,Low Risk,One year,48,Fiber optic,106.1,5092.8,0,Credit card
9314-QDMDW,No,0,0.2864,Low Risk,One year,11,DSL,61.25,673.75,0,Electronic check
5438-QMDDL,No,0,0.2864,Low Risk,Month-to-month,19,DSL,59.8,1136.2,0,Mailed check
2740-JFBOK,No,0,0.2862,Low Risk,Month-to-month,10,No,24.0,240.0,0,Electronic check
0520-FDVVT,Yes,0,0.2858,Low Risk,One year,35,Fiber optic,102.35,3582.25,0,Bank transfer
2320-JRSDE,Yes,0,0.2857,Low Risk,Month-to-month,1,No,19.9,19.9,0,Electronic check
0734-OXWBT,No,0,0.2856,Low Risk,Month-to-month,3,DSL,70.7,212.1,0,Mailed check
7661-CPURM,No,0,0.2854,Low Risk,One year,19,Fiber optic,87.7,1666.3,0,Credit card
4488-KQFDT,No,0,0.2853,Low Risk,One year,61,Fiber optic,103.95,6340.95,0,Electronic check
7730-IUTDZ,Yes,0,0.2851,Low Risk,Month-to-month,43,Fiber optic,75.2,3233.6,0,Electronic check
5949-HGVJL,No,0,0.2849,Low Risk,Month-to-month,26,DSL,73.05,1899.3,0,Electronic check
2810-FTLEM,Yes,0,0.2848,Low Risk,Month-to-month,16,DSL,50.15,802.4,0,Electronic check
6507-DTJZV,No,0,0.2848,Low Risk,Month-to-month,13,DSL,66.4,863.2,0,Credit card
3815-SLMEF,Yes,0,0.2846,Low Risk,Month-to-month,3,DSL,34.25,102.75,0,Mailed check
2684-EIWEO,Yes,0,0.2846,Low Risk,Month-to-month,30,Fiber optic,91.7,2751.0,1,Credit card
0691-NIKRI,No,0,0.2846,Low Risk,One year,40,Fiber optic,105.95,4238.0,0,Credit card
0843-WTBXE,Yes,0,0.2845,Low Risk,Month-to-month,53,Fiber optic,85.45,4528.85,0,Bank transfer
4831-EOBFE,Yes,0,0.2843,Low Risk,Month-to-month,29,Fiber optic,94.65,2744.85,0,Credit card
5136-RGMZO,No,0,0.2841,Low Risk,Month-to-month,31,DSL,71.05,2202.55,0,Electronic check
4001-TSBTV,No,0,0.2841,Low Risk,Month-to-month,58,Fiber optic,91.55,5309.9,0,Electronic check
8065-BVEPF,No,0,0.284,Low Risk,Month-to-month,65,Fiber optic,99.1,6441.5,1,Bank transfer
5201-USSQZ,No,0,0.284,Low Risk,Month-to-month,26,Fiber optic,85.9,2233.4,0,Credit card
6982-UQZLY,Yes,0,0.284,Low Risk,Month-to-month,1,No,20.85,20.85,1,Mailed check
7621-VPNET,No,0,0.2838,Low Risk,Month-to-month,42,Fiber optic,85.9,3607.8,0,Credit card
5527-ACHSO,No,0,0.2837,Low Risk,Month-to-month,11,DSL,70.5,775.5,0,Mailed check
6664-FPDAC,Yes,0,0.2837,Low Risk,One year,56,Fiber optic,111.95,6269.2,1,Electronic check
1550-LOAHA,Yes,0,0.2837,Low Risk,Month-to-month,32,Fiber optic,84.15,2692.8,0,Bank transfer
4672-FOTSD,No,0,0.2836,Low Risk,Month-to-month,12,DSL,67.25,807.0,0,Electronic check
9564-KCLHR,Yes,0,0.2836,Low Risk,Month-to-month,1,DSL,51.25,51.25,0,Mailed check
4685-ERGHK,No,0,0.2834,Low Risk,One year,57,Fiber optic,86.9,4953.3,0,Electronic check
5060-TQUQN,No,0,0.2833,Low Risk,Month-to-month,30,Fiber optic,83.55,2506.5,0,Bank transfer
5843-TTHGI,No,0,0.2832,Low Risk,Month-to-month,18,DSL,50.0,900.0,0,Mailed check
6897-UUBNU,No,0,0.2832,Low Risk,Month-to-month,29,Fiber optic,89.65,2599.85,0,Mailed check
6668-CNMFP,No,0,0.2832,Low Risk,One year,19,Fiber optic,89.35,1697.65,0,Bank transfer
8450-JOVAH,Yes,0,0.283,Low Risk,Month-to-month,2,DSL,56.7,113.4,0,Mailed check
5780-INQIK,No,0,0.2828,Low Risk,Month-to-month,8,DSL,49.4,395.2,0,Electronic check
4282-ACRXS,No,0,0.2827,Low Risk,Month-to-month,38,DSL,24.85,944.3,1,Electronic check
8868-GAGIO,No,0,0.2825,Low Risk,Month-to-month,45,Fiber optic,84.55,3804.75,0,Mailed check
2190-BCXEC,No,0,0.2823,Low Risk,Month-to-month,40,Fiber optic,78.85,3154.0,0,Credit card
0979-PHULV,Yes,0,0.2818,Low Risk,Month-to-month,69,Fiber optic,99.45,6862.05,0,Credit card
5973-EJGDP,No,0,0.2813,Low Risk,Month-to-month,51,Fiber optic,87.35,4454.85,0,Electronic check
6891-JPYFF,No,0,0.2812,Low Risk,Month-to-month,48,Fiber optic,105.25,5052.0,0,Credit card
0191-ZHSKZ,No,0,0.2811,Low Risk,Month-to-month,30,DSL,74.75,2242.5,1,Electronic check
6854-EXGSF,No,0,0.281,Low Risk,Month-to-month,8,DSL,65.5,524.0,0,Bank transfer
0100-DUVFC,No,0,0.2809,Low Risk,One year,70,Fiber optic,104.8,7336.0,1,Electronic check
4080-OGPJL,Yes,0,0.2809,Low Risk,Month-to-month,8,DSL,71.15,569.2,0,Electronic check
9948-YPTDG,Yes,0,0.2808,Low Risk,Month-to-month,38,Fiber optic,79.45,3019.1,0,Electronic check
3043-TYBNO,No,0,0.2808,Low Risk,Month-to-month,3,DSL,60.65,181.95,0,Mailed check
5649-TJHOV,Yes,0,0.2807,Low Risk,Month-to-month,27,DSL,36.5,985.5,1,Bank transfer
1208-NBVFH,No,0,0.2807,Low Risk,Month-to-month,20,DSL,49.6,992.0,0,Electronic check
1370-GGAWX,No,0,0.2804,Low Risk,One year,46,Fiber optic,94.15,4330.9,0,Electronic check
1996-DBMUS,No,0,0.2804,Low Risk,Month-to-month,48,Fiber optic,70.65,3391.2,1,Bank transfer
6821-JPCDC,No,0,0.2803,Low Risk,One year,48,Fiber optic,97.05,4658.4,0,Electronic check
2320-SLKMB,No,0,0.2802,Low Risk,Month-to-month,26,DSL,44.45,1155.7,0,Credit card
1658-XUHBX,No,0,0.2799,Low Risk,Month-to-month,59,Fiber optic,88.75,5236.25,1,Credit card
0406-BPDVR,Yes,0,0.2798,Low Risk,One year,54,Fiber optic,101.5,5481.0,1,Credit card
3062-ICYZQ,No,0,0.2798,Low Risk,Month-to-month,51,Fiber optic,93.8,4783.8,0,Electronic check
4191-XOVOM,No,0,0.2797,Low Risk,Month-to-month,63,Fiber optic,105.4,6640.2,0,Electronic check
3656-TKRVZ,Yes,0,0.2796,Low Risk,Month-to-month,3,DSL,55.35,166.05,0,Electronic check
7426-GSWPO,No,0,0.2793,Low Risk,Month-to-month,64,Fiber optic,103.5,6624.0,1,Bank transfer
2533-TIBIX,No,0,0.2793,Low Risk,Month-to-month,15,DSL,30.2,453.0,0,Bank transfer
8651-ENBZX,Yes,0,0.2791,Low Risk,One year,60,Fiber optic,106.0,6360.0,1,Electronic check
1803-BGNBD,No,0,0.2791,Low Risk,Month-to-month,12,DSL,54.3,651.6,0,Electronic check
1215-FIGMP,No,0,0.2789,Low Risk,Month-to-month,60,Fiber optic,89.9,5394.0,0,Bank transfer
0909-SDHNU,No,0,0.2784,Low Risk,Month-to-month,7,DSL,29.8,208.6,0,Mailed check
8417-GSODA,No,0,0.2783,Low Risk,One year,28,Fiber optic,92.2,2581.6,0,Bank transfer
1871-MOWRM,Yes,0,0.2783,Low Risk,Month-to-month,12,Fiber optic,80.85,970.2,0,Bank transfer
2623-DRYAM,No,0,0.2782,Low Risk,One year,70,Fiber optic,101.75,7122.5,0,Electronic check
9327-QSDED,No,0,0.2781,Low Risk,Month-to-month,8,DSL,43.55,348.4,0,Mailed check
8205-MQUGY,No,0,0.2777,Low Risk,Month-to-month,12,DSL,49.2,590.4,0,Electronic check
5136-KCKGI,Yes,0,0.2776,Low Risk,One year,33,Fiber optic,103.7,3422.1,0,Mailed check
4554-YGZIH,Yes,0,0.2776,Low Risk,Month-to-month,49,Fiber optic,90.05,4412.45,1,Credit card
2273-QCKXA,No,0,0.2775,Low Risk,Month-to-month,1,DSL,49.05,49.05,0,Mailed check
9396-ZSFLL,No,0,0.2773,Low Risk,Month-to-month,15,DSL,48.85,732.75,0,Mailed check
4256-ZWTZI,No,0,0.2772,Low Risk,Month-to-month,5,DSL,51.0,255.0,0,Mailed check
9103-TCIHJ,Yes,0,0.2771,Low Risk,Month-to-month,15,DSL,55.7,835.5,0,Mailed check
0419-YAAPX,No,0,0.277,Low Risk,Month-to-month,49,Fiber optic,85.3,4179.7,0,Credit card
0461-CVKMU,Yes,0,0.277,Low Risk,Month-to-month,23,Fiber optic,83.8,1927.4,0,Electronic check
5208-HFSBT,Yes,0,0.2769,Low Risk,Month-to-month,2,DSL,55.05,110.1,0,Credit card
2709-UQGNP,No,0,0.2769,Low Risk,Month-to-month,10,DSL,51.65,516.5,0,Mailed check
3301-LSLWQ,No,0,0.2767,Low Risk,Month-to-month,29,DSL,66.1,1916.9,0,Electronic check
4123-FCVCB,No,0,0.2766,Low Risk,One year,12,DSL,75.85,910.2,0,Mailed check
4851-BQDNX,No,0,0.2766,Low Risk,One year,40,Fiber optic,85.05,3402.0,0,Electronic check
8095-WANWK,No,0,0.2765,Low Risk,Month-to-month,10,DSL,45.25,452.5,0,Mailed check
1089-HDMKP,No,0,0.2756,Low Risk,Month-to-month,11,DSL,54.55,600.05,1,Electronic check
6351-SCJKT,No,0,0.2756,Low Risk,Month-to-month,3,DSL,41.35,124.05,0,Mailed check
2931-SVLTV,No,0,0.2755,Low Risk,Month-to-month,40,Fiber optic,110.1,4404.0,0,Credit card
7683-CBDKJ,Yes,0,0.2754,Low Risk,Month-to-month,14,DSL,65.45,916.3,0,Electronic check
4450-YOOHP,No,0,0.2754,Low Risk,Month-to-month,39,DSL,50.65,1975.35,0,Credit card
1656-DRSMG,No,0,0.2753,Low Risk,Month-to-month,63,Fiber optic,109.85,6920.55,0,Credit card
1809-DMJHQ,Yes,0,0.2751,Low Risk,Month-to-month,5,DSL,46.0,230.0,0,Mailed check
2108-YKQTY,Yes,0,0.2749,Low Risk,Month-to-month,4,DSL,50.7,202.8,0,Credit card
8647-SDTWQ,No,0,0.2744,Low Risk,Month-to-month,57,Fiber optic,74.3,4235.1,0,Electronic check
5336-UFNZP,No,0,0.2742,Low Risk,One year,65,Fiber optic,107.45,6984.25,1,Electronic check
2144-BFDSO,No,0,0.2742,Low Risk,Month-to-month,50,Fiber optic,108.75,5437.5,1,Bank transfer
2172-EJXVF,No,0,0.2737,Low Risk,One year,71,Fiber optic,105.9,7518.9,1,Electronic check
0058-EVZWM,No,0,0.2732,Low Risk,Month-to-month,55,Fiber optic,89.8,4939.0,0,Bank transfer
6179-GJPSO,Yes,0,0.2727,Low Risk,Month-to-month,43,Fiber optic,108.15,4650.45,1,Credit card
8901-HJXTF,Yes,0,0.2725,Low Risk,Month-to-month,12,DSL,29.2,350.4,0,Mailed check
1848-LBZHY,No,0,0.2723,Low Risk,Month-to-month,7,DSL,50.3,352.1,0,Bank transfer
7750-EYXWZ,No,0,0.2723,Low Risk,One year,12,DSL,60.65,727.8,0,Electronic check
4307-KTUMW,Yes,0,0.2722,Low Risk,Month-to-month,53,Fiber optic,93.9,4976.7,0,Electronic check
4070-OKWVH,No,0,0.2721,Low Risk,Month-to-month,52,Fiber optic,94.6,4919.2,0,Bank transfer
6199-IWKGC,No,0,0.272,Low Risk,One year,46,Fiber optic,100.25,4611.5,1,Electronic check
9052-VKDUW,No,0,0.2719,Low Risk,Month-to-month,65,Fiber optic,109.4,7111.0,1,Credit card
1784-EZDKJ,No,0,0.2718,Low Risk,One year,51,Fiber optic,106.8,5446.8,0,Bank transfer
9137-NOQKA,No,0,0.2717,Low Risk,Month-to-month,2,No,19.2,38.4,1,Electronic check
3522-CDKHF,No,0,0.2715,Low Risk,Month-to-month,32,Fiber optic,75.5,2416.0,0,Bank transfer
5002-GCQFH,No,0,0.2714,Low Risk,Month-to-month,49,Fiber optic,93.85,4598.65,0,Bank transfer
5804-HYIEZ,No,0,0.2714,Low Risk,Month-to-month,70,Fiber optic,106.05,7423.5,0,Electronic check
0512-FLFDW,No,0,0.2714,Low Risk,One year,60,Fiber optic,100.5,6030.0,1,Credit card
6576-FBXOJ,No,0,0.2714,Low Risk,One year,17,DSL,54.6,928.2,0,Electronic check
3404-JNXAX,No,0,0.2712,Low Risk,Month-to-month,51,Fiber optic,80.75,4118.25,0,Electronic check
5274-XHAKY,No,0,0.2711,Low Risk,Month-to-month,41,Fiber optic,94.3,3866.3,0,Bank transfer
2669-QVCRG,No,0,0.2711,Low Risk,Month-to-month,41,Fiber optic,81.3,3333.3,0,Credit card
4957-TREIR,No,0,0.2708,Low Risk,Month-to-month,3,DSL,64.4,193.2,0,Credit card
4012-ZTHBR,No,0,0.2707,Low Risk,Month-to-month,21,DSL,44.95,943.95,0,Electronic check
6815-ABQFQ,No,0,0.2706,Low Risk,One year,56,Fiber optic,107.25,6006.0,0,Electronic check
4647-XXZAM,No,0,0.2705,Low Risk,Month-to-month,6,DSL,45.5,273.0,0,Mailed check
0237-YFUTL,No,0,0.2703,Low Risk,Month-to-month,50,Fiber optic,109.65,5482.5,0,Bank transfer
7854-EKTJL,Yes,0,0.2702,Low Risk,Month-to-month,2,No,19.6,39.2,0,Electronic check
2043-WVTQJ,No,0,0.2701,Low Risk,Month-to-month,1,DSL,55.7,55.7,0,Mailed check
9572-MTILT,Yes,0,0.27,Low Risk,Month-to-month,59,Fiber optic,106.75,6298.25,0,Electronic check
3016-KSVCP,No,0,0.2696,Low Risk,Month-to-month,29,DSL,33.75,978.75,0,Mailed check
0471-ARVMX,No,0,0.2694,Low Risk,One year,62,Fiber optic,104.85,6500.7,1,Electronic check
5651-CPDND,No,0,0.2692,Low Risk,Month-to-month,10,DSL,46.0,460.0,0,Mailed check
0643-OKLRP,Yes,0,0.269,Low Risk,Month-to-month,47,Fiber optic,80.35,3776.45,1,Electronic check
7905-NJMXS,No,0,0.269,Low Risk,Month-to-month,7,DSL,64.2,449.4,1,Electronic check
4612-THJBS,Yes,0,0.2684,Low Risk,One year,56,Fiber optic,104.75,5866.0,1,Bank transfer
8722-NGNBH,Yes,0,0.2683,Low Risk,Month-to-month,5,DSL,40.0,200.0,0,Mailed check
1217-VASWC,No,0,0.2681,Low Risk,One year,43,Fiber optic,100.55,4323.65,1,Bank transfer
2480-JZOSN,No,0,0.268,Low Risk,Month-to-month,1,No,20.65,20.65,0,Mailed check
2828-SLQPF,No,0,0.268,Low Risk,Month-to-month,19,DSL,45.0,855.0,0,Bank transfer
7742-MYPGI,No,0,0.2678,Low Risk,Month-to-month,6,DSL,48.8,292.8,0,Mailed check
3424-NMNBO,Yes,0,0.2677,Low Risk,One year,58,Fiber optic,108.85,6313.3,1,Electronic check
5370-IIVVL,No,0,0.2676,Low Risk,One year,37,Fiber optic,104.5,3866.5,0,Credit card
8705-DWKTI,No,0,0.2674,Low Risk,Month-to-month,52,Fiber optic,83.8,4357.6,0,Credit card
3689-MOZGR,No,0,0.2673,Low Risk,Month-to-month,29,DSL,31.2,904.8,0,Electronic check
8679-LZBMD,No,0,0.267,Low Risk,One year,44,Fiber optic,90.65,3988.6,0,Bank transfer
5423-BHIXO,No,0,0.267,Low Risk,Month-to-month,32,DSL,54.2,1734.4,0,Electronic check
2075-RMJIK,No,0,0.2664,Low Risk,Month-to-month,5,DSL,49.4,247.0,0,Mailed check
5996-DAOQL,No,0,0.2663,Low Risk,Month-to-month,1,No,20.45,20.45,0,Mailed check
8597-CWYHH,No,0,0.2662,Low Risk,One year,43,Fiber optic,94.35,4057.05,0,Mailed check
7501-VTYLJ,No,0,0.2662,Low Risk,Month-to-month,2,DSL,51.55,103.1,0,Mailed check
9614-RMGHA,Yes,0,0.2658,Low Risk,Month-to-month,65,Fiber optic,91.85,5970.25,0,Bank transfer
6620-JDYNW,No,0,0.2657,Low Risk,Month-to-month,18,DSL,60.6,1090.8,0,Mailed check
6954-OOYZZ,No,0,0.2656,Low Risk,Month-to-month,18,DSL,44.35,798.3,0,Bank transfer
1000-AJSLD,Yes,0,0.2654,Low Risk,Month-to-month,1,No,20.1,20.1,0,Mailed check
8980-WQFWL,No,0,0.2654,Low Risk,Month-to-month,35,DSL,62.1,2173.5,0,Electronic check
4661-NJEUX,No,0,0.2652,Low Risk,Month-to-month,1,No,20.05,20.05,0,Mailed check
5076-YVXCM,No,0,0.2649,Low Risk,Month-to-month,51,Fiber optic,83.4,4253.4,0,Bank transfer
2369-FEVNO,No,0,0.2648,Low Risk,Month-to-month,1,No,19.9,19.9,0,Mailed check
3325-FUYCG,Yes,0,0.2643,Low Risk,One year,28,Fiber optic,106.1,2970.8,0,Electronic check
7989-CHGTL,Yes,0,0.264,Low Risk,Month-to-month,1,No,19.6,19.6,0,Mailed check
5906-BFOZT,No,0,0.2638,Low Risk,Month-to-month,1,No,19.5,19.5,0,Mailed check
6313-GIDIT,Yes,0,0.2637,Low Risk,Month-to-month,53,DSL,54.45,2885.85,1,Electronic check
4695-VADHF,Yes,0,0.2636,Low Risk,Month-to-month,18,DSL,57.45,1034.1,0,Electronic check
3657-COGMW,No,0,0.2635,Low Risk,Month-to-month,52,Fiber optic,108.1,5621.2,1,Credit card
7521-AFHAB,No,0,0.2633,Low Risk,Month-to-month,5,DSL,44.8,224.0,0,Mailed check
1935-IMVBB,No,0,0.2633,Low Risk,Month-to-month,56,Fiber optic,89.7,5023.2,0,Mailed check
8967-SZQAS,No,0,0.2632,Low Risk,Month-to-month,14,DSL,50.45,706.3,0,Electronic check
4667-OHGKG,Yes,0,0.2632,Low Risk,Month-to-month,1,No,19.3,19.3,0,Mailed check
0899-WZRSD,No,0,0.2632,Low Risk,Month-to-month,56,Fiber optic,105.35,5899.6,0,Mailed check
3604-WLABM,No,0,0.2629,Low Risk,Month-to-month,10,DSL,54.25,542.5,0,Electronic check
4324-BZCKL,No,0,0.2628,Low Risk,Month-to-month,10,DSL,55.55,555.5,0,Mailed check
2391-SOORI,Yes,0,0.2627,Low Risk,Month-to-month,4,DSL,49.35,197.4,0,Electronic check
0823-HSCDJ,Yes,0,0.2626,Low Risk,Month-to-month,52,DSL,49.15,2555.8,1,Electronic check
6559-RAKOZ,No,0,0.2625,Low Risk,One year,49,Fiber optic,97.95,4799.55,0,Electronic check
4634-JLRJT,No,0,0.2623,Low Risk,Month-to-month,1,No,20.35,20.35,0,Mailed check
5337-IIWKZ,No,0,0.2622,Low Risk,Month-to-month,34,DSL,44.85,1524.9,0,Electronic check
8073-IJDCM,Yes,0,0.2621,Low Risk,Month-to-month,1,No,20.3,20.3,0,Mailed check
2382-BCKQJ,Yes,0,0.2621,Low Risk,One year,62,Fiber optic,100.15,6209.3,0,Electronic check
2045-BMBTJ,No,0,0.2621,Low Risk,Month-to-month,33,DSL,59.45,1961.85,1,Bank transfer
9318-NKNFC,Yes,0,0.262,Low Risk,Month-to-month,1,No,18.85,18.85,0,Mailed check
2876-VBBBL,Yes,0,0.262,Low Risk,Month-to-month,1,No,20.25,20.25,0,Mailed check
7839-QRKXN,Yes,0,0.2619,Low Risk,Month-to-month,1,No,20.2,20.2,0,Mailed check
2279-AXJJK,No,0,0.2617,Low Risk,Month-to-month,52,Fiber optic,95.65,4973.8,0,Credit card
4897-QSUYC,Yes,0,0.2617,Low Risk,Month-to-month,1,No,20.15,20.15,0,Mailed check
4937-QPZPO,No,0,0.2616,Low Risk,One year,61,Fiber optic,99.9,6093.9,0,Electronic check
0742-MOABM,Yes,0,0.2614,Low Risk,Month-to-month,4,DSL,50.05,200.2,0,Mailed check
3577-AMVUX,No,0,0.2612,Low Risk,Month-to-month,1,DSL,55.05,55.05,0,Mailed check
7610-TVOPG,No,0,0.2612,Low Risk,Month-to-month,15,No,26.35,395.25,0,Electronic check
5701-ZIKJE,No,0,0.2609,Low Risk,Month-to-month,13,DSL,50.55,657.15,0,Mailed check
2988-GBIVW,No,0,0.2609,Low Risk,Month-to-month,70,Fiber optic,90.85,6359.5,1,Electronic check
3620-MWJNE,No,0,0.2608,Low Risk,Month-to-month,2,DSL,54.45,108.9,0,Mailed check
5325-UWTWJ,No,0,0.2607,Low Risk,Month-to-month,31,Fiber optic,90.55,2807.05,0,Credit card
2293-IJWPS,No,0,0.2604,Low Risk,One year,57,Fiber optic,100.75,5742.75,0,Credit card
4588-YBNIB,Yes,0,0.2603,Low Risk,Month-to-month,1,No,19.6,19.6,0,Mailed check
1622-HSHSF,No,0,0.2602,Low Risk,Month-to-month,1,No,19.55,19.55,0,Mailed check
6917-YACBP,No,0,0.26,Low Risk,Month-to-month,59,Fiber optic,89.75,5295.25,1,Electronic check
2676-OXPPQ,No,0,0.2599,Low Risk,Month-to-month,6,DSL,55.7,334.2,0,Bank transfer
6629-LADHQ,No,0,0.2598,Low Risk,Month-to-month,2,DSL,50.95,101.9,0,Mailed check
1470-PSXNM,No,0,0.2595,Low Risk,One year,49,Fiber optic,93.65,4588.85,0,Electronic check
2208-NQBCT,No,0,0.2591,Low Risk,Month-to-month,26,Fiber optic,81.95,2130.7,0,Electronic check
8695-WDYEA,No,0,0.259,Low Risk,Month-to-month,1,DSL,51.25,51.25,0,Mailed check
4130-MZLCC,No,0,0.259,Low Risk,Month-to-month,5,DSL,50.55,252.75,0,Bank transfer
7398-LXGYX,No,0,0.2588,Low Risk,Month-to-month,44,Fiber optic,84.8,3731.2,0,Credit card
7054-ENNGU,No,0,0.2586,Low Risk,Month-to-month,9,DSL,50.85,457.65,0,Mailed check
4177-JPDFU,No,0,0.2582,Low Risk,Month-to-month,12,DSL,34.0,408.0,0,Mailed check
1575-KRZZE,No,0,0.2582,Low Risk,Month-to-month,4,DSL,55.2,220.8,0,Electronic check
2924-KHUVI,No,0,0.2581,Low Risk,One year,56,Fiber optic,100.55,5630.8,0,Electronic check
4250-WAROZ,No,0,0.2576,Low Risk,Month-to-month,60,Fiber optic,93.25,5595.0,1,Electronic check
3097-PYWXL,No,0,0.2574,Low Risk,Month-to-month,4,No,19.95,79.8,0,Electronic check
3685-YLCMQ,Yes,0,0.2571,Low Risk,One year,58,Fiber optic,104.65,6069.7,0,Electronic check
8267-ZNYVZ,Yes,0,0.2568,Low Risk,One year,33,Fiber optic,103.75,3423.75,0,Electronic check
4003-FUSHP,No,0,0.2566,Low Risk,Month-to-month,19,DSL,61.55,1169.45,0,Credit card
2305-MRGLV,No,0,0.2566,Low Risk,Month-to-month,28,Fiber optic,76.55,2143.4,0,Bank transfer
8294-UIMBA,No,0,0.2564,Low Risk,One year,30,Fiber optic,94.4,2832.0,0,Bank transfer
6572-ADKRS,No,0,0.2564,Low Risk,Month-to-month,46,Fiber optic,74.8,3440.8,0,Credit card
8652-YHIYU,No,0,0.2563,Low Risk,One year,16,Fiber optic,79.5,1272.0,0,Credit card
9544-PYPSJ,No,0,0.256,Low Risk,Month-to-month,62,Fiber optic,96.1,5958.2,1,Credit card
3566-VVORZ,No,0,0.2555,Low Risk,Month-to-month,12,DSL,45.9,550.8,0,Bank transfer
5186-EJEGL,No,0,0.2555,Low Risk,Month-to-month,9,DSL,69.5,625.5,0,Mailed check
6344-SFJVH,No,0,0.2554,Low Risk,Month-to-month,20,DSL,24.9,498.0,0,Credit card
9912-OMZDS,No,0,0.2554,Low Risk,One year,59,Fiber optic,106.15,6262.85,0,Electronic check
6769-DYBQN,Yes,0,0.2549,Low Risk,Month-to-month,46,Fiber optic,85.0,3910.0,1,Electronic check
9027-YFHQJ,No,0,0.2547,Low Risk,Month-to-month,7,No,25.05,175.35,0,Bank transfer
7880-XSOJX,No,0,0.2545,Low Risk,Month-to-month,4,DSL,42.4,169.6,0,Mailed check
1685-VAYJF,No,0,0.2545,Low Risk,Month-to-month,11,DSL,45.2,497.2,0,Credit card
0880-FVFWF,No,0,0.2541,Low Risk,Month-to-month,56,Fiber optic,86.4,4838.4,0,Electronic check
2003-CKLOR,Yes,0,0.254,Low Risk,Month-to-month,66,Fiber optic,99.5,6567.0,0,Electronic check
1493-AMTIE,Yes,0,0.254,Low Risk,Month-to-month,1,No,20.2,20.2,0,Bank transfer
6791-YBNAK,No,0,0.254,Low Risk,Month-to-month,18,DSL,25.55,459.9,0,Credit card
6284-KMNUF,No,0,0.2538,Low Risk,One year,56,Fiber optic,98.0,5488.0,0,Electronic check
9419-IPPBE,No,0,0.2537,Low Risk,One year,51,Fiber optic,90.15,4597.65,0,Electronic check
7617-EYGLW,No,0,0.2535,Low Risk,Month-to-month,1,No,19.45,19.45,0,Electronic check
5071-FBJFS,No,0,0.2535,Low Risk,Month-to-month,4,DSL,50.3,201.2,0,Electronic check
3594-IVHJZ,No,0,0.2534,Low Risk,Month-to-month,2,No,20.45,40.9,0,Mailed check
8262-COGGB,No,0,0.2533,Low Risk,Month-to-month,1,No,20.45,20.45,0,Mailed check
5131-PONJI,No,0,0.2532,Low Risk,Month-to-month,49,Fiber optic,90.4,4429.6,0,Credit card
5243-SAOTC,No,0,0.2531,Low Risk,Month-to-month,54,Fiber optic,79.85,4311.9,0,Bank transfer
8620-RJPZN,No,0,0.2531,Low Risk,Month-to-month,1,No,20.7,20.7,0,Electronic check
0326-VDYXE,No,0,0.2531,Low Risk,One year,70,Fiber optic,97.65,6835.5,0,Electronic check
3756-VNWDH,No,0,0.253,Low Risk,One year,65,Fiber optic,100.75,6548.75,1,Electronic check
4232-JGKIY,No,0,0.2529,Low Risk,Month-to-month,1,No,19.2,19.2,0,Electronic check
2081-KJSQF,No,0,0.2528,Low Risk,Month-to-month,1,No,20.25,20.25,0,Mailed check
8755-IWJHN,No,0,0.2528,Low Risk,Month-to-month,69,Fiber optic,95.35,6579.15,1,Bank transfer
3132-TVFDZ,Yes,0,0.2528,Low Risk,Month-to-month,57,DSL,44.85,2556.45,1,Electronic check
8305-VHZBZ,Yes,0,0.2526,Low Risk,Month-to-month,1,No,20.2,20.2,0,Mailed check
7291-CDTMJ,No,0,0.2526,Low Risk,Month-to-month,1,No,19.65,19.65,0,Bank transfer
6968-GMKPR,No,0,0.2526,Low Risk,Month-to-month,55,Fiber optic,81.55,4485.25,0,Electronic check
5356-RHIPP,Yes,0,0.2526,Low Risk,Month-to-month,1,No,20.2,20.2,0,Mailed check
7356-IWLFW,No,0,0.2526,Low Risk,Month-to-month,46,Fiber optic,80.0,3680.0,0,Bank transfer
4791-QRGMF,Yes,0,0.2524,Low Risk,One year,59,Fiber optic,99.5,5870.5,0,Bank transfer
1240-KNSEZ,Yes,0,0.2524,Low Risk,Month-to-month,1,No,20.1,20.1,0,Mailed check
6818-WOBHJ,Yes,0,0.2522,Low Risk,Month-to-month,68,Fiber optic,89.6,6092.8,1,Bank transfer
7319-VENRZ,No,0,0.2522,Low Risk,Month-to-month,7,DSL,64.3,450.1,0,Bank transfer
6689-VRRTK,No,0,0.252,Low Risk,One year,44,Fiber optic,109.8,4831.2,1,Credit card
5201-FRKKS,No,0,0.2517,Low Risk,Month-to-month,25,Fiber optic,74.3,1857.5,0,Bank transfer
2465-BLLEU,No,0,0.2515,Low Risk,Month-to-month,1,No,19.75,19.75,0,Mailed check
9835-ZIITK,Yes,0,0.2514,Low Risk,One year,66,Fiber optic,110.85,7316.1,1,Electronic check
5651-WYIPH,No,0,0.2511,Low Risk,Month-to-month,18,DSL,49.85,897.3,1,Credit card
8111-BKVDS,No,0,0.2511,Low Risk,Month-to-month,10,DSL,40.7,407.0,0,Bank transfer
7580-UGXNC,Yes,0,0.251,Low Risk,Month-to-month,2,DSL,54.85,109.7,1,Mailed check
4797-AXPXK,Yes,0,0.251,Low Risk,Month-to-month,1,DSL,60.0,60.0,0,Electronic check
1156-ZFYDO,No,0,0.2507,Low Risk,Month-to-month,1,No,19.75,19.75,0,Electronic check
0799-DDIHE,No,0,0.2507,Low Risk,Month-to-month,15,DSL,46.3,694.5,0,Electronic check
0618-XWMSS,Yes,0,0.2505,Low Risk,Month-to-month,28,Fiber optic,74.9,2097.2,0,Bank transfer
3584-WKTTW,No,0,0.2503,Low Risk,One year,51,Fiber optic,111.55,5689.05,0,Electronic check
9163-GHAYE,No,0,0.2502,Low Risk,Month-to-month,15,DSL,48.85,732.75,0,Electronic check
6353-BRMMA,No,0,0.2502,Low Risk,Month-to-month,54,Fiber optic,104.1,5621.4,0,Bank transfer
6300-BWMJX,No,0,0.25,Low Risk,Month-to-month,59,Fiber optic,93.35,5507.65,0,Electronic check
5141-ZUVBH,No,0,0.2499,Low Risk,Month-to-month,9,Fiber optic,93.0,837.0,0,Bank transfer
7821-DPRQE,No,0,0.2498,Low Risk,Month-to-month,68,Fiber optic,107.7,7323.6,0,Electronic check
1699-HPSBG,Yes,0,0.2497,Low Risk,One year,12,DSL,59.8,717.6,0,Electronic check
0761-AETCS,Yes,0,0.2495,Low Risk,Month-to-month,1,No,19.3,19.3,0,Electronic check
4468-YDOVK,No,0,0.2494,Low Risk,Month-to-month,5,DSL,48.65,243.25,0,Bank transfer
0670-KDOMA,No,0,0.2491,Low Risk,Month-to-month,1,No,20.25,20.25,0,Mailed check
7629-WIXZF,No,0,0.249,Low Risk,One year,7,DSL,59.1,413.7,0,Electronic check
1360-JYXKQ,No,0,0.2488,Low Risk,One year,54,Fiber optic,99.1,5351.4,1,Electronic check
1794-SWWKL,No,0,0.2488,Low Risk,Month-to-month,15,DSL,59.65,894.75,0,Bank transfer
4827-USJHP,No,0,0.2487,Low Risk,Month-to-month,20,DSL,51.8,1036.0,0,Mailed check
6067-NGCEU,No,0,0.2487,Low Risk,Month-to-month,65,Fiber optic,111.05,7218.25,0,Credit card
0668-OGMHD,No,0,0.2486,Low Risk,Month-to-month,21,DSL,28.5,598.5,0,Electronic check
6890-PFRQX,No,0,0.2485,Low Risk,Month-to-month,18,DSL,69.5,1251.0,0,Mailed check
5624-RYAMH,No,0,0.2485,Low Risk,Month-to-month,9,No,19.5,175.5,0,Electronic check
9825-YCXWZ,No,0,0.2484,Low Risk,One year,41,Fiber optic,101.1,4145.1,1,Bank transfer
0567-GGCAC,No,0,0.2484,Low Risk,Month-to-month,7,DSL,61.4,429.8,0,Electronic check
7921-LMDFQ,No,0,0.2483,Low Risk,One year,51,Fiber optic,94.0,4794.0,1,Bank transfer
4310-KEDTB,No,0,0.2483,Low Risk,Month-to-month,26,DSL,29.8,774.8,0,Mailed check
5898-IGSLP,No,0,0.2482,Low Risk,Month-to-month,31,Fiber optic,89.3,2768.3,0,Electronic check
4800-VHZKI,Yes,0,0.2482,Low Risk,Month-to-month,1,No,19.9,19.9,0,Mailed check
2782-JEEBU,No,0,0.2482,Low Risk,Month-to-month,21,DSL,36.0,756.0,0,Mailed check
2475-MROZF,No,0,0.2481,Low Risk,Month-to-month,30,Fiber optic,95.0,2850.0,0,Credit card
7673-LPRNY,No,0,0.2481,Low Risk,One year,23,DSL,78.55,1806.65,0,Electronic check
6158-DWPZT,Yes,0,0.248,Low Risk,One year,9,DSL,24.1,216.9,0,Bank transfer
7016-BPGEU,Yes,0,0.248,Low Risk,Month-to-month,29,DSL,25.1,727.9,0,Credit card
8706-HRADD,No,0,0.248,Low Risk,Month-to-month,21,DSL,43.55,914.55,0,Mailed check
4393-RYCRE,No,0,0.2479,Low Risk,One year,44,Fiber optic,106.05,4666.2,0,Electronic check
5828-DWPIL,No,0,0.2478,Low Risk,Month-to-month,62,Fiber optic,89.1,5524.2,1,Electronic check
2898-LSJGD,Yes,0,0.2478,Low Risk,One year,21,DSL,55.95,1174.95,0,Electronic check
5066-GFJMM,No,0,0.2477,Low Risk,Month-to-month,3,No,19.9,59.7,0,Mailed check
0215-BQKGS,No,0,0.2475,Low Risk,Month-to-month,30,Fiber optic,84.3,2529.0,0,Credit card
1228-FZFRV,Yes,0,0.2474,Low Risk,Month-to-month,50,Fiber optic,105.95,5297.5,0,Credit card
4431-EDMIQ,No,0,0.2472,Low Risk,Month-to-month,7,DSL,75.7,529.9,0,Electronic check
8566-YPRGL,No,0,0.2472,Low Risk,Month-to-month,1,No,19.5,19.5,0,Mailed check
4188-FRABG,No,0,0.247,Low Risk,Month-to-month,57,Fiber optic,103.05,5873.85,0,Electronic check
2607-FBDFF,No,0,0.2469,Low Risk,Month-to-month,1,DSL,49.0,49.0,0,Credit card
7298-IZWLY,No,0,0.2469,Low Risk,Month-to-month,1,No,19.4,19.4,0,Mailed check
2625-TRCZQ,No,0,0.2465,Low Risk,Month-to-month,51,DSL,49.65,2532.15,0,Electronic check
4250-FDVOU,Yes,0,0.2465,Low Risk,Month-to-month,6,DSL,56.25,337.5,0,Electronic check
0228-MAUWC,No,0,0.2464,Low Risk,Month-to-month,19,DSL,59.55,1131.45,0,Electronic check
0959-WHOKV,No,0,0.2464,Low Risk,One year,42,Fiber optic,99.0,4158.0,0,Electronic check
1449-XQEMT,Yes,0,0.2463,Low Risk,Month-to-month,3,No,19.8,59.4,0,Mailed check
6121-VZNQB,Yes,0,0.2462,Low Risk,Month-to-month,1,No,19.1,19.1,0,Mailed check
8263-OKETD,No,0,0.2461,Low Risk,Month-to-month,20,DSL,68.9,1378.0,0,Credit card
7526-IVLYU,No,0,0.2459,Low Risk,Month-to-month,3,No,19.65,58.95,0,Mailed check
3629-WEAAM,No,0,0.2453,Low Risk,Month-to-month,8,DSL,64.1,512.8,0,Mailed check
8547-NSBBO,No,0,0.2453,Low Risk,Month-to-month,35,Fiber optic,96.75,3386.25,0,Mailed check
2259-OUUSZ,No,0,0.2452,Low Risk,One year,7,DSL,35.5,248.5,0,Credit card
3701-SFMUH,No,0,0.2452,Low Risk,Month-to-month,7,DSL,69.7,487.9,0,Credit card
9039-ZVJDC,No,0,0.2445,Low Risk,Month-to-month,3,No,19.1,57.3,0,Mailed check
4608-LCIMN,No,0,0.2443,Low Risk,Month-to-month,8,DSL,44.65,357.2,0,Bank transfer
7128-GGCNO,No,0,0.2443,Low Risk,Month-to-month,46,Fiber optic,72.8,3348.8,0,Bank transfer
2480-EJWYP,No,0,0.2443,Low Risk,One year,58,Fiber optic,97.8,5672.4,1,Bank transfer
2604-XVDAM,No,0,0.2442,Low Risk,Month-to-month,12,DSL,43.8,525.6,0,Bank transfer
2195-VVRJF,No,0,0.2441,Low Risk,Month-to-month,18,DSL,59.1,1063.8,1,Credit card
0898-XCGTF,No,0,0.244,Low Risk,One year,61,Fiber optic,96.5,5886.5,0,Bank transfer
5088-QZLRL,No,0,0.244,Low Risk,Month-to-month,1,No,20.65,20.65,0,Electronic check
7893-IXHRQ,Yes,0,0.2437,Low Risk,Month-to-month,1,No,20.55,20.55,0,Electronic check
0423-UDIJQ,No,0,0.2435,Low Risk,Month-to-month,9,DSL,49.2,442.8,1,Mailed check
2393-DIVAI,No,0,0.2433,Low Risk,Month-to-month,3,No,20.0,60.0,0,Mailed check
8807-ARQET,No,0,0.243,Low Risk,Month-to-month,41,DSL,40.35,1654.35,0,Electronic check
2267-FPIMA,No,0,0.2429,Low Risk,Month-to-month,50,Fiber optic,94.4,4720.0,0,Credit card
3007-FDPEA,No,0,0.2427,Low Risk,Month-to-month,2,No,20.7,41.4,0,Bank transfer
7814-LEEVE,No,0,0.2427,Low Risk,Month-to-month,1,No,20.3,20.3,0,Bank transfer
2027-OAQQC,Yes,0,0.2426,Low Risk,Month-to-month,43,DSL,49.05,2109.15,0,Bank transfer
7351-MHQVU,No,0,0.2424,Low Risk,Month-to-month,6,DSL,50.95,305.7,0,Credit card
2408-TZMJL,Yes,0,0.2424,Low Risk,One year,59,Fiber optic,110.15,6498.85,0,Electronic check
8217-QYOHV,No,0,0.2423,Low Risk,Month-to-month,5,DSL,55.75,278.75,0,Mailed check
2640-LYMOV,No,0,0.2423,Low Risk,Month-to-month,2,No,19.65,39.3,0,Mailed check
3162-ZJZFU,No,0,0.2423,Low Risk,Month-to-month,53,Fiber optic,92.55,4905.15,0,Electronic check
5143-WMWOG,Yes,0,0.2422,Low Risk,Month-to-month,1,No,19.95,19.95,0,Electronic check
4767-HZZHQ,No,0,0.2417,Low Risk,Month-to-month,30,Fiber optic,82.05,2461.5,0,Bank transfer
2379-GYFLQ,No,0,0.2417,Low Risk,One year,46,Fiber optic,94.9,4365.4,0,Credit card
5553-AOINX,No,0,0.2416,Low Risk,One year,66,Fiber optic,104.9,6923.4,1,Electronic check
6680-NENYN,Yes,0,0.2416,Low Risk,Two year,43,Fiber optic,104.6,4497.8,0,Electronic check
9500-LTVBP,No,0,0.2416,Low Risk,Month-to-month,35,Fiber optic,80.05,2801.75,0,Credit card
9375-MHRRS,No,0,0.2415,Low Risk,Month-to-month,6,DSL,50.05,300.3,0,Mailed check
5136-GFPMB,No,0,0.2412,Low Risk,Month-to-month,54,Fiber optic,89.4,4827.6,0,Credit card
6942-LBFDP,No,0,0.241,Low Risk,Month-to-month,2,No,20.55,41.1,0,Mailed check
2522-AHJXR,No,0,0.2408,Low Risk,Month-to-month,60,Fiber optic,109.45,6567.0,0,Bank transfer
1074-AMIOH,No,0,0.2406,Low Risk,Month-to-month,53,Fiber optic,108.25,5737.25,0,Bank transfer
2233-FAGXV,No,0,0.2405,Low Risk,Month-to-month,5,No,24.3,121.5,0,Mailed check
7074-STDCN,No,0,0.2403,Low Risk,Month-to-month,39,DSL,40.6,1583.4,0,Electronic check
4338-EYCER,No,0,0.2402,Low Risk,Month-to-month,21,DSL,54.6,1146.6,0,Bank transfer
3307-TLCUD,No,0,0.2402,Low Risk,Month-to-month,17,DSL,34.4,584.8,0,Mailed check
7799-DSEWS,No,0,0.2402,Low Risk,Month-to-month,18,DSL,68.35,1230.3,0,Electronic check
7549-MYGPK,Yes,0,0.2399,Low Risk,Month-to-month,63,Fiber optic,100.55,6334.65,0,Electronic check
0871-OPBXW,No,0,0.2398,Low Risk,Month-to-month,2,No,20.05,40.1,0,Mailed check
8885-QSQBX,No,0,0.2397,Low Risk,Month-to-month,1,DSL,49.55,49.55,0,Bank transfer
4986-MXSFP,No,0,0.2396,Low Risk,Month-to-month,2,No,20.0,40.0,0,Mailed check
9881-VCZEP,No,0,0.2394,Low Risk,Month-to-month,25,DSL,54.1,1352.5,0,Electronic check
4945-RVMTE,No,0,0.2393,Low Risk,Month-to-month,28,DSL,59.55,1667.4,0,Bank transfer
3521-MNKLV,No,0,0.2392,Low Risk,Month-to-month,24,DSL,49.7,1192.8,0,Mailed check
7636-XUHWW,No,0,0.239,Low Risk,Month-to-month,2,No,19.9,39.8,0,Credit card
7203-OYKCT,No,0,0.239,Low Risk,One year,72,Fiber optic,104.95,7556.4,0,Electronic check
0575-CUQOV,No,0,0.2388,Low Risk,One year,60,Fiber optic,97.95,5877.0,1,Electronic check
2446-ZKVAF,No,0,0.2388,Low Risk,Month-to-month,18,DSL,56.8,1022.4,0,Credit card
7285-KLOTR,No,0,0.2386,Low Risk,One year,12,DSL,78.85,946.2,0,Electronic check
8495-LJDFO,No,0,0.2381,Low Risk,Month-to-month,64,Fiber optic,108.95,6972.8,1,Bank transfer
2955-PSXOE,Yes,0,0.2378,Low Risk,Month-to-month,1,No,20.2,20.2,0,Bank transfer
1450-SKCVI,Yes,0,0.2376,Low Risk,Month-to-month,56,Fiber optic,73.85,4135.6,0,Electronic check
7426-WEIJX,No,0,0.2375,Low Risk,Month-to-month,60,Fiber optic,80.95,4857.0,1,Electronic check
5309-TAIKL,No,0,0.2373,Low Risk,Month-to-month,7,DSL,62.8,439.6,0,Bank transfer
1324-NLTJE,Yes,0,0.2372,Low Risk,Month-to-month,15,DSL,55.0,825.0,1,Credit card
2826-UWHIS,No,0,0.2371,Low Risk,Month-to-month,45,Fiber optic,81.4,3663.0,0,Bank transfer
0690-SRQID,No,0,0.2371,Low Risk,Month-to-month,4,No,19.65,78.6,0,Mailed check
4925-LMHOK,Yes,0,0.237,Low Risk,Month-to-month,15,DSL,58.6,879.0,0,Credit card
5174-RNGBH,Yes,0,0.237,Low Risk,Month-to-month,9,DSL,66.25,596.25,0,Mailed check
6967-QIQRV,No,0,0.2368,Low Risk,One year,15,Fiber optic,101.9,1528.5,0,Electronic check
2731-GJRDG,No,0,0.2366,Low Risk,One year,32,Fiber optic,109.55,3505.6,0,Bank transfer
4390-KYULV,Yes,0,0.2366,Low Risk,Month-to-month,3,No,20.55,61.65,0,Credit card
3920-HIHMQ,No,0,0.2365,Low Risk,Month-to-month,26,DSL,49.5,1287.0,0,Mailed check
8992-VONJD,No,0,0.2363,Low Risk,Month-to-month,13,DSL,56.0,728.0,0,Electronic check
3714-JTVOV,Yes,0,0.2363,Low Risk,Month-to-month,42,Fiber optic,74.15,3114.3,1,Credit card
7611-YKYTC,No,0,0.2362,Low Risk,Month-to-month,22,Fiber optic,75.0,1650.0,0,Bank transfer
7103-IPXPJ,No,0,0.2361,Low Risk,One year,50,Fiber optic,99.4,4970.0,0,Electronic check
0550-DCXLH,No,0,0.2359,Low Risk,Month-to-month,13,DSL,73.35,953.55,0,Mailed check
1958-RNRKS,No,0,0.2359,Low Risk,Month-to-month,30,DSL,49.9,1497.0,0,Electronic check
8992-CEUEN,No,0,0.2359,Low Risk,Month-to-month,1,No,18.85,18.85,0,Electronic check
1098-TDVUQ,No,0,0.2355,Low Risk,Month-to-month,1,No,19.25,19.25,0,Bank transfer
4430-YHXGG,No,0,0.2351,Low Risk,Month-to-month,4,No,25.45,101.8,0,Mailed check
7853-WNZSY,No,0,0.235,Low Risk,Month-to-month,1,No,19.75,19.75,0,Credit card
3709-OIJEA,No,0,0.235,Low Risk,One year,26,Fiber optic,85.2,2215.2,0,Electronic check
8198-RKSZG,No,0,0.235,Low Risk,Month-to-month,14,DSL,80.45,1126.3,0,Credit card
3890-RTCMS,No,0,0.2349,Low Risk,Month-to-month,16,DSL,49.45,791.2,0,Mailed check
7446-YPODE,No,0,0.2349,Low Risk,Month-to-month,11,DSL,60.25,662.75,1,Bank transfer
5018-HEKFO,No,0,0.2348,Low Risk,Month-to-month,10,No,24.5,245.0,0,Mailed check
9943-VSZUV,No,0,0.2348,Low Risk,Month-to-month,67,Fiber optic,75.7,5071.9,1,Mailed check
6184-DYUOB,No,0,0.2345,Low Risk,Month-to-month,3,No,19.6,58.8,0,Mailed check
3744-ZBHON,No,0,0.2342,Low Risk,Month-to-month,3,No,20.2,60.6,0,Electronic check
8735-IJJEG,No,0,0.2341,Low Risk,Month-to-month,14,DSL,50.2,702.8,0,Credit card
2778-OCLGR,Yes,0,0.2337,Low Risk,Month-to-month,24,DSL,39.1,938.4,1,Bank transfer
5949-EBSQK,Yes,0,0.2336,Low Risk,Month-to-month,4,DSL,61.45,245.8,0,Credit card
8812-ZRHFP,No,0,0.2335,Low Risk,One year,30,Fiber optic,86.45,2593.5,0,Electronic check
2937-FTHUR,No,0,0.2335,Low Risk,Month-to-month,18,DSL,64.8,1166.4,0,Electronic check
7550-WIQVA,No,0,0.2331,Low Risk,One year,50,Fiber optic,108.25,5412.5,0,Electronic check
3413-DHLPB,No,0,0.2331,Low Risk,Month-to-month,60,Fiber optic,103.75,6225.0,0,Bank transfer
0268-QKIWO,Yes,0,0.2331,Low Risk,Month-to-month,3,No,19.75,59.25,0,Electronic check
6207-WIOLX,Yes,0,0.2331,Low Risk,Month-to-month,25,DSL,58.6,1465.0,0,Credit card
5443-SCMKX,No,0,0.2328,Low Risk,One year,58,Fiber optic,94.3,5469.4,0,Electronic check
4692-NNQRU,No,0,0.2326,Low Risk,One year,21,Fiber optic,79.2,1663.2,0,Electronic check
8930-XOTDP,No,0,0.2325,Low Risk,Month-to-month,18,DSL,55.95,1007.1,0,Mailed check
8003-EWNDZ,No,0,0.2324,Low Risk,Month-to-month,10,No,21.2,212.0,0,Electronic check
6773-LQTVT,No,0,0.2319,Low Risk,Month-to-month,29,DSL,35.65,1033.85,1,Mailed check
1986-PHGZF,No,0,0.2318,Low Risk,Month-to-month,18,DSL,58.4,1051.2,1,Credit card
6439-LAJXL,No,0,0.2312,Low Risk,Month-to-month,9,DSL,68.95,620.55,0,Mailed check
5188-HGMLP,No,0,0.2312,Low Risk,Month-to-month,54,Fiber optic,74.0,3996.0,1,Bank transfer
2267-WTPYD,No,0,0.231,Low Risk,Month-to-month,57,Fiber optic,94.0,5358.0,1,Credit card
3842-IYKUE,Yes,0,0.2306,Low Risk,Month-to-month,35,Fiber optic,85.3,2985.5,0,Credit card
1087-UDSIH,Yes,0,0.23,Low Risk,Month-to-month,3,No,19.6,58.8,0,Mailed check
2832-SCUCO,No,0,0.2299,Low Risk,Month-to-month,2,No,19.9,39.8,0,Electronic check
2911-UREFD,Yes,0,0.2296,Low Risk,Month-to-month,39,DSL,55.9,2180.1,0,Electronic check
3419-SNJJD,Yes,0,0.2295,Low Risk,Month-to-month,65,Fiber optic,105.25,6841.25,1,Bank transfer
5198-EFNBM,No,0,0.2293,Low Risk,One year,57,Fiber optic,90.65,5167.05,1,Electronic check
5174-ITUMV,No,0,0.2292,Low Risk,One year,67,Fiber optic,105.4,7061.8,0,Electronic check
0719-SYFRB,Yes,0,0.2291,Low Risk,Month-to-month,12,DSL,61.65,739.8,0,Mailed check
9360-AHGNL,Yes,0,0.2287,Low Risk,One year,43,Fiber optic,109.55,4710.65,1,Mailed check
7124-UGSUR,Yes,0,0.2287,Low Risk,One year,61,Fiber optic,104.4,6368.4,1,Credit card
8050-WYBND,No,0,0.2286,Low Risk,One year,22,DSL,49.45,1087.9,0,Credit card
8627-ZYGSZ,No,0,0.2283,Low Risk,One year,47,Fiber optic,78.9,3708.3,0,Electronic check
9254-RBFON,Yes,0,0.2279,Low Risk,One year,17,Fiber optic,98.6,1676.2,0,Bank transfer
7395-XWZOY,No,0,0.2279,Low Risk,Month-to-month,20,DSL,55.0,1100.0,0,Credit card
9154-QDGTH,No,0,0.2278,Low Risk,One year,43,Fiber optic,104.3,4484.9,0,Credit card
2087-QAREY,No,0,0.2278,Low Risk,Month-to-month,22,DSL,54.7,1203.4,0,Mailed check
7722-CVFXN,No,0,0.2276,Low Risk,One year,54,Fiber optic,105.2,5680.8,0,Electronic check
7746-AWNQW,No,0,0.2275,Low Risk,Month-to-month,28,DSL,35.75,1001.0,0,Mailed check
3780-DDGSE,No,0,0.2274,Low Risk,Month-to-month,35,DSL,76.05,2661.75,1,Electronic check
6633-SYEUS,No,0,0.2273,Low Risk,Month-to-month,23,Fiber optic,83.2,1913.6,0,Bank transfer
2239-JALAW,Yes,0,0.2273,Low Risk,One year,58,Fiber optic,103.25,5988.5,0,Bank transfer
2732-ISEZX,No,0,0.2273,Low Risk,Month-to-month,5,No,20.5,102.5,0,Mailed check
7089-XXAYG,No,0,0.2271,Low Risk,One year,25,DSL,38.1,952.5,0,Credit card
4098-NAUKP,No,0,0.2268,Low Risk,Month-to-month,68,Fiber optic,84.65,5756.2,1,Electronic check
8713-IGZSO,No,0,0.2267,Low Risk,Month-to-month,2,No,24.85,49.7,0,Mailed check
3472-OAOOR,No,0,0.2265,Low Risk,Month-to-month,19,DSL,34.95,664.05,0,Mailed check
1061-PNTHC,No,0,0.2265,Low Risk,Month-to-month,56,Fiber optic,109.6,6137.6,0,Mailed check
9537-VHDTA,No,0,0.2264,Low Risk,Month-to-month,1,DSL,51.2,51.2,0,Mailed check
9277-JOOMO,No,0,0.2263,Low Risk,Month-to-month,3,No,24.6,73.8,0,Mailed check
2153-MREFK,Yes,0,0.2262,Low Risk,One year,37,Fiber optic,99.2,3670.4,0,Electronic check
0953-LGOVU,No,0,0.2261,Low Risk,Month-to-month,12,DSL,35.5,426.0,0,Mailed check
8267-KFGYD,No,0,0.2261,Low Risk,Month-to-month,1,No,21.05,21.05,0,Mailed check
2834-SPCJV,Yes,0,0.2261,Low Risk,Month-to-month,52,Fiber optic,84.1,4373.2,0,Electronic check
6473-ULUHT,No,0,0.2261,Low Risk,Month-to-month,16,DSL,84.9,1358.4,0,Electronic check
5802-ADBRC,No,0,0.2259,Low Risk,One year,50,Fiber optic,104.4,5220.0,0,Mailed check
5144-PQCDZ,No,0,0.2258,Low Risk,Month-to-month,4,No,19.95,79.8,0,Mailed check
7041-TXQJH,No,0,0.2256,Low Risk,Month-to-month,37,DSL,40.2,1487.4,0,Credit card
5827-MWCZK,No,0,0.2254,Low Risk,Month-to-month,56,Fiber optic,96.95,5429.2,0,Credit card
0516-WJVXC,Yes,0,0.2253,Low Risk,Month-to-month,5,DSL,54.2,271.0,0,Electronic check
0568-ONFPC,Yes,0,0.2252,Low Risk,Month-to-month,5,No,25.9,129.5,0,Bank transfer
5445-GLVOT,No,0,0.2251,Low Risk,Month-to-month,22,DSL,49.8,1095.6,0,Electronic check
4501-VCPFK,No,0,0.2251,Low Risk,Month-to-month,26,DSL,35.75,929.5,0,Electronic check
1591-NFNLQ,Yes,0,0.225,Low Risk,Month-to-month,51,Fiber optic,80.0,4080.0,0,Credit card
5366-OBVMR,No,0,0.2244,Low Risk,Month-to-month,18,DSL,50.3,905.4,0,Mailed check
0820-FNRNX,No,0,0.2243,Low Risk,Month-to-month,17,DSL,66.7,1133.9,0,Mailed check
5868-YTYKS,No,0,0.2242,Low Risk,Month-to-month,1,No,20.25,20.25,0,Mailed check
8663-UPDGF,No,0,0.2242,Low Risk,Month-to-month,26,DSL,69.5,1807.0,0,Bank transfer
1394-SUIUH,No,0,0.2241,Low Risk,Month-to-month,44,Fiber optic,85.15,3746.6,1,Electronic check
4832-VRBMR,No,0,0.224,Low Risk,One year,65,Fiber optic,103.15,6704.75,1,Bank transfer
7976-CICYS,No,0,0.224,Low Risk,Month-to-month,4,No,20.7,82.8,0,Credit card
6483-OATDN,No,0,0.224,Low Risk,Month-to-month,8,DSL,51.3,410.4,0,Credit card
5630-AHZIL,No,0,0.2239,Low Risk,Month-to-month,3,DSL,64.5,193.5,0,Bank transfer
7595-EHCDL,No,0,0.2236,Low Risk,Month-to-month,32,DSL,50.6,1619.2,0,Credit card
1453-RZFON,No,0,0.2233,Low Risk,Month-to-month,1,DSL,49.9,49.9,0,Mailed check
9629-NHXFW,No,0,0.2232,Low Risk,Month-to-month,1,No,19.4,19.4,0,Mailed check
5180-UCIIQ,Yes,0,0.223,Low Risk,Month-to-month,22,DSL,40.05,881.1,1,Mailed check
4673-KKSLS,No,0,0.2229,Low Risk,Month-to-month,31,Fiber optic,87.6,2715.6,0,Electronic check
5028-HTLJB,Yes,0,0.2226,Low Risk,Month-to-month,1,No,20.05,20.05,1,Mailed check
4646-QZXTF,No,0,0.2226,Low Risk,Month-to-month,7,DSL,81.25,568.75,0,Bank transfer
4118-CEVPF,No,0,0.2224,Low Risk,One year,35,Fiber optic,110.8,3878.0,1,Bank transfer
1423-BMPBQ,No,0,0.2223,Low Risk,Month-to-month,1,No,19.0,19.0,0,Mailed check
8919-FYFQZ,Yes,0,0.222,Low Risk,Month-to-month,44,DSL,30.35,1335.4,1,Electronic check
1041-RXHRA,Yes,0,0.2219,Low Risk,Month-to-month,41,Fiber optic,70.25,2880.25,0,Bank transfer
5897-ZYEKH,No,0,0.2219,Low Risk,One year,67,Fiber optic,105.6,7075.2,1,Electronic check
8992-OBVDG,No,0,0.2218,Low Risk,Month-to-month,21,DSL,61.65,1294.65,0,Mailed check
7733-UDMTP,No,0,0.2218,Low Risk,Month-to-month,57,DSL,55.0,3135.0,1,Electronic check
0701-TJSEF,No,0,0.2217,Low Risk,Month-to-month,9,DSL,68.25,614.25,0,Bank transfer
0365-TRTPY,No,0,0.2216,Low Risk,Month-to-month,37,Fiber optic,91.2,3374.4,0,Bank transfer
9323-HGFWY,No,0,0.2214,Low Risk,One year,27,Fiber optic,101.9,2751.3,0,Credit card
6647-ZEDXT,No,0,0.2213,Low Risk,One year,30,Fiber optic,110.45,3313.5,0,Credit card
7856-GANIL,No,0,0.2209,Low Risk,One year,45,Fiber optic,98.7,4441.5,1,Bank transfer
4693-VWVBO,No,0,0.2207,Low Risk,Month-to-month,3,No,19.55,58.65,0,Electronic check
6898-MDLZW,No,0,0.2206,Low Risk,Month-to-month,12,DSL,53.75,645.0,0,Mailed check
0463-WZZKO,No,0,0.2206,Low Risk,Month-to-month,3,No,20.75,62.25,0,Credit card
3537-HPKQT,No,0,0.2204,Low Risk,Month-to-month,55,Fiber optic,77.75,4276.25,0,Credit card
5955-EPOAZ,No,0,0.2202,Low Risk,Month-to-month,6,No,20.95,125.7,0,Mailed check
1840-BIUOG,No,0,0.2199,Low Risk,One year,20,DSL,68.7,1374.0,0,Electronic check
1335-HQMKX,No,0,0.2198,Low Risk,One year,72,Fiber optic,101.35,7297.2,0,Electronic check
1104-FEJAM,No,0,0.2197,Low Risk,Month-to-month,28,DSL,64.4,1803.2,0,Electronic check
1091-SOZGA,No,0,0.2196,Low Risk,One year,56,Fiber optic,99.8,5588.8,0,Credit card
0096-FCPUF,No,0,0.2196,Low Risk,Month-to-month,30,DSL,64.5,1935.0,0,Mailed check
4918-FYJNT,No,0,0.2195,Low Risk,Month-to-month,55,Fiber optic,90.45,4974.75,1,Electronic check
0853-NWIFK,No,0,0.2194,Low Risk,One year,45,Fiber optic,100.3,4513.5,0,Electronic check
4524-QCSSM,No,0,0.2193,Low Risk,Month-to-month,26,DSL,44.65,1160.9,0,Bank transfer
6366-XIVKZ,No,0,0.2192,Low Risk,Month-to-month,13,DSL,63.15,820.95,0,Mailed check
3090-LETTY,No,0,0.2192,Low Risk,Month-to-month,2,DSL,60.95,121.9,0,Bank transfer
9828-QHFBK,No,0,0.2191,Low Risk,Month-to-month,24,DSL,51.15,1227.6,0,Electronic check
6778-JFCMK,No,0,0.219,Low Risk,One year,24,DSL,50.6,1214.4,0,Mailed check
8023-QHAIO,No,0,0.2187,Low Risk,Month-to-month,56,Fiber optic,76.85,4303.6,1,Bank transfer
3255-GRXMG,No,0,0.2187,Low Risk,Month-to-month,18,DSL,45.65,821.7,0,Credit card
2229-VWQJH,No,0,0.2186,Low Risk,Month-to-month,24,DSL,49.3,1183.2,0,Credit card
7025-IWFHT,No,0,0.2186,Low Risk,One year,41,Fiber optic,89.55,3671.55,0,Electronic check
0872-JCPIB,No,0,0.2184,Low Risk,Month-to-month,17,DSL,65.75,1117.75,0,Bank transfer
6469-QJKZW,No,0,0.2183,Low Risk,Month-to-month,4,No,20.15,80.6,0,Electronic check
8945-MUQUF,Yes,0,0.2183,Low Risk,One year,51,Fiber optic,94.8,4834.8,0,Electronic check
9103-CXVOK,No,0,0.2183,Low Risk,Month-to-month,1,No,19.75,19.75,0,Electronic check
9391-YZEJW,No,0,0.218,Low Risk,One year,62,Fiber optic,94.0,5828.0,0,Bank transfer
2995-UPRYS,Yes,0,0.218,Low Risk,One year,40,Fiber optic,99.2,3968.0,1,Credit card
4781-ZXYGU,No,0,0.2179,Low Risk,Month-to-month,1,No,20.15,20.15,0,Bank transfer
7109-MFBYV,No,0,0.2178,Low Risk,Month-to-month,26,DSL,45.45,1181.7,0,Electronic check
7188-CBBBA,No,0,0.2178,Low Risk,One year,65,Fiber optic,95.5,6207.5,0,Electronic check
8190-ZTQFB,No,0,0.2175,Low Risk,One year,41,DSL,51.35,2105.35,0,Electronic check
6549-YMFAW,No,0,0.2175,Low Risk,Month-to-month,9,No,21.25,191.25,1,Mailed check
0733-VUNUW,Yes,0,0.2171,Low Risk,Month-to-month,24,DSL,55.65,1335.6,0,Bank transfer
7130-CTCUS,No,0,0.2169,Low Risk,Month-to-month,16,DSL,54.55,872.8,1,Bank transfer
2065-MMKGR,No,0,0.2168,Low Risk,One year,29,DSL,71.0,2059.0,0,Credit card
2947-DOMLJ,Yes,0,0.2167,Low Risk,Month-to-month,1,DSL,50.6,50.6,0,Mailed check
3230-WYKIR,Yes,0,0.2163,Low Risk,One year,18,DSL,82.0,1476.0,0,Credit card
4160-AMJTL,Yes,0,0.2163,Low Risk,Month-to-month,8,No,19.65,157.2,1,Electronic check
0913-XWSCN,No,0,0.216,Low Risk,Month-to-month,55,Fiber optic,85.5,4702.5,0,Bank transfer
4415-WNGVR,No,0,0.216,Low Risk,One year,12,DSL,79.2,950.4,1,Electronic check
4567-AKPIA,No,0,0.2159,Low Risk,One year,41,Fiber optic,109.1,4473.1,0,Bank transfer
0303-WMMRN,No,0,0.2158,Low Risk,Month-to-month,5,No,19.25,96.25,0,Mailed check
9833-TGFHX,No,0,0.2157,Low Risk,One year,42,Fiber optic,97.1,4078.2,0,Electronic check
3807-XHCJH,No,0,0.2156,Low Risk,Month-to-month,1,No,20.0,20.0,0,Electronic check
9578-FOMUK,No,0,0.2155,Low Risk,Month-to-month,15,No,24.8,372.0,0,Electronic check
1356-MKYSK,No,0,0.2155,Low Risk,Month-to-month,6,DSL,78.65,471.9,0,Credit card
8259-NFJTV,No,0,0.2154,Low Risk,Month-to-month,7,DSL,34.65,242.55,0,Mailed check
3982-XWFZQ,Yes,0,0.2153,Low Risk,Month-to-month,42,DSL,50.25,2110.5,0,Electronic check
7409-JURKQ,No,0,0.2153,Low Risk,One year,53,Fiber optic,111.8,5925.4,0,Bank transfer
7251-XFOIL,No,0,0.2153,Low Risk,Month-to-month,61,Fiber optic,89.2,5441.2,0,Mailed check
6345-HOVES,No,0,0.215,Low Risk,Month-to-month,34,DSL,25.05,851.7,0,Bank transfer
2000-MPKCA,No,0,0.215,Low Risk,One year,58,Fiber optic,107.75,6249.5,0,Electronic check
6839-ITVZJ,Yes,0,0.2148,Low Risk,Month-to-month,26,DSL,60.05,1561.3,0,Electronic check
7402-PWYJJ,No,0,0.2147,Low Risk,One year,53,Fiber optic,91.15,4830.95,0,Electronic check
1707-HABPF,No,0,0.2147,Low Risk,One year,46,Fiber optic,91.3,4199.8,1,Bank transfer
1485-YDHMM,No,0,0.2145,Low Risk,Month-to-month,52,Fiber optic,93.25,4849.0,0,Bank transfer
6627-CFOSN,No,0,0.2144,Low Risk,Month-to-month,59,Fiber optic,99.45,5867.55,0,Bank transfer
5482-NUPNA,Yes,0,0.2143,Low Risk,Month-to-month,4,DSL,60.4,241.6,0,Mailed check
3736-BLEPA,No,0,0.2143,Low Risk,One year,28,Fiber optic,91.25,2555.0,0,Bank transfer
3679-XASPY,No,0,0.2143,Low Risk,Month-to-month,1,No,19.45,19.45,0,Electronic check
3572-UOLYZ,No,0,0.2142,Low Risk,Month-to-month,46,Fiber optic,84.8,3900.8,0,Bank transfer
4255-DDUOU,Yes,0,0.2142,Low Risk,Month-to-month,1,No,20.5,20.5,0,Mailed check
3541-ZNUHK,No,0,0.214,Low Risk,Month-to-month,55,Fiber optic,85.1,4680.5,0,Electronic check
6952-OMNWB,No,0,0.214,Low Risk,Month-to-month,68,Fiber optic,80.35,5463.8,1,Credit card
7129-AZJDE,No,0,0.2138,Low Risk,One year,34,Fiber optic,78.95,2684.3,0,Bank transfer
4712-AUQZO,No,0,0.2135,Low Risk,Month-to-month,18,DSL,33.6,604.8,0,Mailed check
4456-RHSNB,No,0,0.2134,Low Risk,Month-to-month,19,DSL,49.6,942.4,0,Bank transfer
1697-NVVGY,No,0,0.2132,Low Risk,Month-to-month,19,DSL,66.4,1261.6,1,Bank transfer
2843-CQMEG,No,0,0.2132,Low Risk,Month-to-month,24,DSL,49.7,1192.8,0,Mailed check
2346-DJQTB,No,0,0.2132,Low Risk,Month-to-month,35,DSL,24.15,845.25,0,Electronic check
1169-SAOCL,No,0,0.2132,Low Risk,One year,49,Fiber optic,106.65,5225.85,0,Bank transfer
9763-GRSKD,No,0,0.2129,Low Risk,Month-to-month,13,DSL,49.95,649.35,0,Mailed check
9788-YTFGE,No,0,0.2128,Low Risk,Month-to-month,7,No,19.95,139.65,0,Mailed check
6270-OMFIW,Yes,0,0.2126,Low Risk,One year,60,Fiber optic,94.4,5664.0,0,Electronic check
6994-ORCWG,No,0,0.2126,Low Risk,One year,14,DSL,54.25,759.5,0,Mailed check
3723-BFBGR,No,0,0.2125,Low Risk,Month-to-month,24,DSL,54.8,1315.2,1,Credit card
1814-DKOLC,No,0,0.2125,Low Risk,Month-to-month,5,No,25.45,127.25,0,Mailed check
1153-GNOLC,No,0,0.2124,Low Risk,One year,33,DSL,39.1,1290.3,0,Electronic check
3347-YJZZE,No,0,0.212,Low Risk,Month-to-month,29,DSL,80.1,2322.9,0,Credit card
2585-KTFRE,No,0,0.2117,Low Risk,Month-to-month,1,DSL,70.45,70.45,0,Bank transfer
8746-OQQRW,No,0,0.2117,Low Risk,Month-to-month,4,No,25.25,101.0,0,Mailed check
0807-ZABDG,Yes,0,0.2114,Low Risk,Month-to-month,3,DSL,55.1,165.3,0,Mailed check
7883-ROJOC,No,0,0.2114,Low Risk,Month-to-month,19,DSL,44.9,853.1,0,Mailed check
8295-FHIVV,No,0,0.2114,Low Risk,Month-to-month,7,No,19.4,135.8,0,Mailed check
1360-RCYRT,No,0,0.211,Low Risk,Month-to-month,23,DSL,30.35,698.05,0,Bank transfer
0621-HJWXJ,No,0,0.2109,Low Risk,Month-to-month,63,Fiber optic,81.55,5137.65,0,Bank transfer
8963-JLGJT,No,0,0.2109,Low Risk,Month-to-month,3,DSL,55.9,167.7,0,Mailed check
1725-MIMXW,Yes,0,0.2108,Low Risk,Month-to-month,1,No,19.45,19.45,0,Mailed check
1724-IQWNM,No,0,0.2104,Low Risk,Month-to-month,1,No,19.3,19.3,0,Mailed check
1386-ZIKUV,No,0,0.2103,Low Risk,Month-to-month,7,No,18.95,132.65,0,Mailed check
3308-MHOOC,No,0,0.2102,Low Risk,Month-to-month,1,No,19.2,19.2,0,Mailed check
1193-RTSLK,Yes,0,0.21,Low Risk,Month-to-month,38,Fiber optic,83.9,3188.2,0,Credit card
7957-RYHQD,Yes,0,0.21,Low Risk,Month-to-month,40,Fiber optic,79.2,3168.0,1,Credit card
6575-SUVOI,No,0,0.2099,Low Risk,Month-to-month,25,DSL,69.5,1737.5,1,Credit card
3694-GLTJM,No,0,0.2099,Low Risk,Month-to-month,5,No,19.65,98.25,0,Credit card
7853-GVUDZ,Yes,0,0.2098,Low Risk,Month-to-month,1,No,20.15,20.15,0,Credit card
9693-XMUOB,No,0,0.2097,Low Risk,Month-to-month,59,DSL,50.25,2964.75,1,Electronic check
2478-EEWWM,No,0,0.2096,Low Risk,Month-to-month,59,DSL,44.3,2613.7,0,Electronic check
7530-HDYDS,Yes,0,0.2094,Low Risk,Month-to-month,38,Fiber optic,84.25,3201.5,0,Credit card
7241-AJHFS,No,0,0.2092,Low Risk,Month-to-month,32,Fiber optic,87.65,2804.8,0,Bank transfer
8070-AAWZP,No,0,0.209,Low Risk,Month-to-month,24,DSL,34.25,822.0,1,Mailed check
4486-EFAEB,No,0,0.2088,Low Risk,Month-to-month,13,No,20.4,265.2,0,Electronic check
3055-OYMSE,No,0,0.2086,Low Risk,Month-to-month,53,Fiber optic,73.8,3911.4,1,Credit card
6131-FOYAS,No,0,0.2085,Low Risk,Month-to-month,35,DSL,59.6,2086.0,0,Electronic check
3640-JQGJG,No,0,0.2083,Low Risk,Month-to-month,13,DSL,44.8,582.4,0,Bank transfer
0639-TSIQW,Yes,0,0.2083,Low Risk,Month-to-month,67,Fiber optic,102.95,6897.65,0,Credit card
3733-ZEECP,No,0,0.2082,Low Risk,Month-to-month,22,DSL,51.1,1124.2,0,Electronic check
8205-OTCHB,Yes,0,0.2082,Low Risk,One year,22,DSL,43.75,962.5,0,Bank transfer
3466-BYAVD,No,0,0.208,Low Risk,Month-to-month,15,DSL,69.5,1042.5,0,Mailed check
4377-VDHYI,No,0,0.2079,Low Risk,One year,32,Fiber optic,90.8,2905.6,0,Electronic check
5712-VBOXD,No,0,0.2079,Low Risk,Month-to-month,4,No,20.15,80.6,0,Credit card
3407-QGWLG,No,0,0.2075,Low Risk,Month-to-month,3,No,20.05,60.15,0,Mailed check
4291-HYEBC,No,0,0.207,Low Risk,One year,28,DSL,39.1,1094.8,1,Electronic check
6050-IJRHS,No,0,0.2069,Low Risk,One year,70,Fiber optic,106.5,7455.0,0,Electronic check
0516-OOHAR,No,0,0.2067,Low Risk,One year,28,Fiber optic,100.35,2809.8,0,Bank transfer
3763-GCZHZ,Yes,0,0.2067,Low Risk,One year,66,Fiber optic,104.05,6867.3,0,Electronic check
0887-WBJVH,No,0,0.2066,Low Risk,One year,53,Fiber optic,93.45,4952.85,0,Electronic check
8404-VLQFB,No,0,0.2065,Low Risk,Month-to-month,15,No,25.25,378.75,0,Electronic check
6686-YPGHK,Yes,0,0.2063,Low Risk,Month-to-month,47,Fiber optic,85.5,4018.5,1,Mailed check
9099-FTUHS,No,0,0.2063,Low Risk,Month-to-month,23,DSL,54.4,1251.2,0,Electronic check
7776-QGYJC,No,0,0.2061,Low Risk,Month-to-month,39,Fiber optic,81.5,3178.5,0,Bank transfer
9518-RWHZL,Yes,0,0.2061,Low Risk,One year,64,Fiber optic,100.05,6403.2,0,Credit card
3870-MQAMG,Yes,0,0.206,Low Risk,One year,54,Fiber optic,110.35,5958.9,0,Electronic check
0691-JVSYA,Yes,0,0.2059,Low Risk,One year,53,Fiber optic,94.85,5027.05,0,Bank transfer
4324-AHJKS,No,0,0.2059,Low Risk,Month-to-month,5,DSL,55.8,279.0,0,Credit card
2080-SRCDE,No,0,0.2059,Low Risk,Month-to-month,1,No,25.4,25.4,0,Mailed check
3179-GBRWV,No,0,0.2056,Low Risk,Month-to-month,21,DSL,64.95,1363.95,1,Bank transfer
2458-EOMRE,No,0,0.2056,Low Risk,Month-to-month,11,DSL,64.05,704.55,0,Bank transfer
1698-XFZCI,No,0,0.2055,Low Risk,One year,61,Fiber optic,107.75,6572.75,0,Electronic check
3144-KMTWZ,No,0,0.2054,Low Risk,Month-to-month,71,Fiber optic,93.25,6620.75,0,Bank transfer
4939-KYYPY,No,0,0.2051,Low Risk,Month-to-month,27,DSL,59.45,1605.15,0,Electronic check
1666-JZPZT,No,0,0.2051,Low Risk,Month-to-month,27,DSL,49.0,1323.0,0,Mailed check
6231-WFGFH,No,0,0.2049,Low Risk,Month-to-month,4,No,20.5,82.0,0,Mailed check
3807-BPOMJ,No,0,0.2048,Low Risk,One year,55,Fiber optic,94.75,5211.25,0,Electronic check
6777-TGHTM,Yes,0,0.2048,Low Risk,One year,53,Fiber optic,106.95,5668.35,0,Credit card
5198-HQAEN,No,0,0.2047,Low Risk,One year,35,Fiber optic,89.7,3139.5,0,Electronic check
8189-HBVRW,No,0,0.2045,Low Risk,Month-to-month,53,Fiber optic,90.8,4812.4,0,Electronic check
8444-WRIDW,Yes,0,0.2044,Low Risk,Month-to-month,66,Fiber optic,80.45,5309.7,1,Credit card
4360-QRAVE,No,0,0.2043,Low Risk,Month-to-month,37,DSL,36.65,1356.05,1,Electronic check
5542-DHSXL,No,0,0.2041,Low Risk,Month-to-month,4,DSL,54.7,218.8,0,Mailed check
0895-LMRSF,No,0,0.204,Low Risk,One year,23,DSL,64.9,1492.7,0,Bank transfer
0471-LVHGK,Yes,0,0.2039,Low Risk,One year,41,DSL,73.0,2993.0,0,Electronic check
5268-DSMNQ,No,0,0.2037,Low Risk,One year,62,Fiber optic,97.95,6072.9,1,Credit card
1614-JBEBI,No,0,0.2036,Low Risk,Month-to-month,8,No,20.7,165.6,0,Mailed check
3097-IDVPU,No,0,0.2031,Low Risk,Month-to-month,19,DSL,50.1,951.9,0,Credit card
5846-QFDFI,No,0,0.2031,Low Risk,Month-to-month,33,Fiber optic,88.6,2923.8,0,Credit card
0877-SDMBN,Yes,0,0.2031,Low Risk,One year,54,Fiber optic,103.95,5613.3,0,Bank transfer
3794-NFNCH,No,0,0.2031,Low Risk,Month-to-month,30,DSL,50.0,1500.0,0,Mailed check
7246-ZGQDF,No,0,0.2031,Low Risk,Month-to-month,1,DSL,54.5,54.5,0,Electronic check
9033-EOXWV,Yes,0,0.203,Low Risk,One year,12,DSL,74.05,888.6,0,Mailed check
7266-GSSJX,No,0,0.203,Low Risk,Month-to-month,11,No,20.45,224.95,0,Electronic check
9817-APLHW,No,0,0.203,Low Risk,Month-to-month,12,No,25.0,300.0,0,Electronic check
6728-VOIFY,No,0,0.2029,Low Risk,One year,63,Fiber optic,96.0,6048.0,0,Electronic check
0369-ZGOVK,No,0,0.2029,Low Risk,One year,28,Fiber optic,70.4,1971.2,0,Bank transfer
1120-BMWUB,Yes,0,0.2028,Low Risk,Month-to-month,16,DSL,53.9,862.4,0,Mailed check
9374-YOLBJ,No,0,0.2027,Low Risk,Month-to-month,1,No,19.25,19.25,0,Electronic check
6345-ULYRW,Yes,0,0.2023,Low Risk,One year,44,Fiber optic,88.4,3889.6,1,Mailed check
8970-ANWXO,No,0,0.2023,Low Risk,One year,23,DSL,73.75,1696.25,0,Mailed check
2108-GLPQB,No,0,0.2022,Low Risk,Month-to-month,25,DSL,55.55,1388.75,0,Credit card
3858-XHYJO,No,0,0.2021,Low Risk,One year,40,Fiber optic,105.75,4230.0,0,Bank transfer
3190-XFANI,Yes,0,0.2019,Low Risk,One year,49,Fiber optic,100.6,4929.4,0,Bank transfer
1684-FLBGS,No,0,0.2017,Low Risk,Month-to-month,23,DSL,69.5,1598.5,0,Credit card
8166-ORCHU,No,0,0.2015,Low Risk,One year,33,Fiber optic,93.55,3087.15,1,Electronic check
9705-IOVQQ,No,0,0.2015,Low Risk,One year,61,Fiber optic,99.0,6039.0,1,Electronic check
7854-EDSSA,Yes,0,0.2011,Low Risk,Month-to-month,22,DSL,59.0,1298.0,0,Electronic check
7622-NXQZR,No,0,0.201,Low Risk,Month-to-month,28,DSL,30.1,842.8,0,Credit card
6849-OYAMU,Yes,0,0.201,Low Risk,One year,19,Fiber optic,100.0,1900.0,0,Bank transfer
5287-QWLKY,Yes,0,0.201,Low Risk,Month-to-month,71,Fiber optic,105.1,7462.1,1,Credit card
8082-GHXOP,No,0,0.2008,Low Risk,Month-to-month,13,DSL,44.0,572.0,0,Mailed check
0187-WZNAB,No,0,0.2007,Low Risk,Month-to-month,27,Fiber optic,74.4,2008.8,0,Mailed check
8961-QDZZJ,No,0,0.2006,Low Risk,One year,57,Fiber optic,95.0,5415.0,0,Electronic check
4753-PADAS,No,0,0.2006,Low Risk,One year,67,Fiber optic,105.7,7081.9,0,Bank transfer
2272-JKMSI,No,0,0.2005,Low Risk,One year,62,Fiber optic,110.8,6869.6,0,Electronic check
8148-BPLZQ,No,0,0.2005,Low Risk,Month-to-month,34,DSL,49.8,1693.2,0,Electronic check
4013-GUXND,No,0,0.2002,Low Risk,Month-to-month,1,No,20.8,20.8,0,Mailed check
8317-BVKSO,No,0,0.2001,Low Risk,Month-to-month,14,No,20.05,280.7,0,Electronic check
5334-JLAXU,No,0,0.2,Low Risk,Month-to-month,60,Fiber optic,94.1,5646.0,0,Credit card
3410-MHHUM,No,0,0.1999,Low Risk,One year,44,Fiber optic,94.4,4153.6,0,Electronic check
8292-TYSPY,Yes,0,0.1998,Low Risk,Month-to-month,19,DSL,55.0,1045.0,0,Credit card
3976-NLDEZ,No,0,0.1997,Low Risk,Month-to-month,1,No,20.6,20.6,0,Mailed check
4745-LSPLO,Yes,0,0.1995,Low Risk,Month-to-month,1,No,20.5,20.5,0,Mailed check
0314-TKOSI,No,0,0.1994,Low Risk,Month-to-month,6,DSL,55.15,330.9,0,Mailed check
0673-IGUQO,No,0,0.1994,Low Risk,Month-to-month,1,No,20.45,20.45,0,Mailed check
7989-VCQOH,No,0,0.1993,Low Risk,Month-to-month,18,DSL,83.25,1498.5,0,Electronic check
2676-ISHSF,No,0,0.1991,Low Risk,Month-to-month,1,No,20.3,20.3,0,Mailed check
9122-UMROB,No,0,0.1991,Low Risk,Month-to-month,1,No,20.3,20.3,0,Mailed check
8203-XJZRC,No,0,0.199,Low Risk,Month-to-month,1,No,20.25,20.25,0,Mailed check
6397-JNZZG,Yes,0,0.199,Low Risk,Month-to-month,43,DSL,55.55,2388.65,1,Credit card
4544-RXFMG,No,0,0.1989,Low Risk,One year,8,DSL,43.45,347.6,0,Mailed check
4786-UKSNZ,Yes,0,0.1989,Low Risk,Month-to-month,1,No,20.2,20.2,0,Mailed check
8048-DSDFQ,No,0,0.1989,Low Risk,Month-to-month,1,No,20.2,20.2,0,Mailed check
1934-SJVJK,Yes,0,0.1987,Low Risk,Month-to-month,1,No,20.15,20.15,0,Mailed check
1066-JKSGK,Yes,0,0.1987,Low Risk,Month-to-month,1,No,20.15,20.15,0,Mailed check
8999-XXGNS,No,0,0.1986,Low Risk,One year,72,Fiber optic,105.75,7614.0,1,Credit card
7096-UCLNH,No,0,0.1985,Low Risk,Month-to-month,1,No,20.05,20.05,0,Mailed check
8749-CLJXC,No,0,0.1985,Low Risk,Month-to-month,1,No,20.05,20.05,0,Mailed check
3030-ZKIWL,No,0,0.1985,Low Risk,Month-to-month,1,No,20.05,20.05,0,Mailed check
4877-EVATK,Yes,0,0.1984,Low Risk,Month-to-month,1,No,20.0,20.0,0,Mailed check
7698-YFGEZ,No,0,0.1984,Low Risk,Month-to-month,1,No,20.0,20.0,0,Mailed check
1984-FCOWB,Yes,0,0.1983,Low Risk,One year,70,Fiber optic,109.5,7665.0,0,Electronic check
6286-SUUWT,No,0,0.1983,Low Risk,Month-to-month,1,No,19.95,19.95,0,Mailed check
4138-NAXED,No,0,0.1981,Low Risk,Month-to-month,51,Fiber optic,81.0,4131.0,0,Bank transfer
3930-ZGWVE,No,0,0.1979,Low Risk,Month-to-month,1,No,19.75,19.75,0,Mailed check
7239-HZZCX,Yes,0,0.1979,Low Risk,Month-to-month,1,No,19.75,19.75,0,Mailed check
2673-CXQEU,No,0,0.1979,Low Risk,One year,56,Fiber optic,110.5,6188.0,1,Electronic check
6615-ZGEDR,Yes,0,0.1978,Low Risk,Month-to-month,1,No,19.7,19.7,0,Mailed check
3785-NRHYR,No,0,0.1977,Low Risk,Month-to-month,1,No,19.65,19.65,0,Mailed check
6141-OOXUQ,Yes,0,0.1977,Low Risk,Month-to-month,1,No,19.65,19.65,0,Mailed check
4016-BJKTZ,No,0,0.1976,Low Risk,Two year,25,Fiber optic,108.9,2722.5,0,Electronic check
9481-IEBZY,No,0,0.1976,Low Risk,Month-to-month,72,Fiber optic,112.9,8128.8,1,Credit card
5624-BQSSA,Yes,0,0.1974,Low Risk,Month-to-month,1,No,20.95,20.95,0,Mailed check
0426-TIRNE,Yes,0,0.1973,Low Risk,Month-to-month,1,No,20.9,20.9,0,Mailed check
7243-LCGGZ,No,0,0.1973,Low Risk,Month-to-month,1,No,20.9,20.9,0,Mailed check
7434-SHXLS,Yes,0,0.1973,Low Risk,Month-to-month,1,No,20.9,20.9,0,Mailed check
9142-KZXOP,No,0,0.1972,Low Risk,Month-to-month,44,Fiber optic,68.85,3029.4,0,Credit card
7694-VLBWQ,Yes,0,0.1972,Low Risk,One year,67,Fiber optic,104.1,6974.7,0,Electronic check
9342-VNIMQ,No,0,0.1972,Low Risk,Month-to-month,33,DSL,54.65,1803.45,0,Bank transfer
0440-MOGPM,No,0,0.1971,Low Risk,One year,41,DSL,80.55,3302.55,0,Electronic check
2957-JIRMN,No,0,0.1971,Low Risk,One year,62,Fiber optic,84.45,5235.9,1,Electronic check
8920-NAVAY,No,0,0.197,Low Risk,One year,62,Fiber optic,110.75,6866.5,1,Bank transfer
8329-GWVPJ,No,0,0.1968,Low Risk,Month-to-month,50,Fiber optic,69.75,3487.5,0,Bank transfer
1663-MHLHE,No,0,0.1967,Low Risk,Month-to-month,1,No,19.2,19.2,0,Mailed check
9753-OYLBX,No,0,0.1964,Low Risk,Month-to-month,1,No,20.5,20.5,0,Mailed check
9350-VLHMB,No,0,0.1963,Low Risk,Month-to-month,67,Fiber optic,89.55,5999.85,0,Bank transfer
1963-VAUKV,Yes,0,0.1962,Low Risk,Month-to-month,1,No,20.4,20.4,0,Mailed check
2592-YKDIF,No,0,0.1961,Low Risk,Month-to-month,1,No,20.35,20.35,0,Mailed check
9975-SKRNR,No,0,0.196,Low Risk,Month-to-month,1,No,18.9,18.9,0,Mailed check
8974-OVACP,No,0,0.1957,Low Risk,Month-to-month,1,No,20.15,20.15,0,Mailed check
6258-NGCNG,No,0,0.1957,Low Risk,Month-to-month,7,No,23.5,164.5,0,Mailed check
5447-WZAFP,No,0,0.1956,Low Risk,One year,53,Fiber optic,100.3,5315.9,0,Mailed check
6959-GQEGV,No,0,0.1955,Low Risk,Month-to-month,45,DSL,75.95,3417.75,0,Electronic check
9138-EFSMO,No,0,0.1953,Low Risk,One year,26,Fiber optic,78.95,2052.7,0,Bank transfer
7878-RTCZG,No,0,0.1951,Low Risk,Month-to-month,1,No,19.9,19.9,0,Mailed check
6654-QGBZZ,No,0,0.1951,Low Risk,Month-to-month,1,No,19.9,19.9,0,Mailed check
1135-LMECX,No,0,0.195,Low Risk,Month-to-month,1,No,19.85,19.85,0,Mailed check
3154-CFSZG,No,0,0.195,Low Risk,Month-to-month,47,Fiber optic,90.05,4232.35,0,Electronic check
7607-QKKTJ,No,0,0.1949,Low Risk,One year,45,Fiber optic,95.0,4275.0,0,Credit card
3639-XJHKQ,No,0,0.1949,Low Risk,Month-to-month,19,DSL,60.6,1151.4,0,Electronic check
6124-ACRHJ,No,0,0.1948,Low Risk,Month-to-month,1,No,19.75,19.75,0,Mailed check
9069-LGEUL,No,0,0.1947,Low Risk,Month-to-month,23,DSL,59.95,1378.85,0,Bank transfer
8329-IBCTI,Yes,0,0.1946,Low Risk,Month-to-month,1,No,19.65,19.65,0,Mailed check
3981-QSVQI,No,0,0.1946,Low Risk,Month-to-month,8,No,19.7,157.6,0,Bank transfer
8409-WQJUX,No,0,0.1945,Low Risk,One year,25,DSL,54.2,1355.0,0,Electronic check
8605-ITULD,No,0,0.1944,Low Risk,Month-to-month,1,No,19.55,19.55,0,Mailed check
1905-OEILC,No,0,0.1943,Low Risk,Month-to-month,1,No,19.5,19.5,0,Mailed check
4929-ROART,No,0,0.1942,Low Risk,Month-to-month,18,DSL,56.25,1012.5,0,Mailed check
7776-QWNFX,Yes,0,0.1942,Low Risk,Month-to-month,30,DSL,50.4,1512.0,1,Bank transfer
4194-WHFCB,No,0,0.1939,Low Risk,Month-to-month,59,Fiber optic,96.65,5702.35,0,Bank transfer
5298-GSTLM,No,0,0.1939,Low Risk,One year,60,Fiber optic,101.4,6084.0,1,Bank transfer
3059-NGMXB,No,0,0.1938,Low Risk,Month-to-month,14,DSL,69.2,968.8,0,Mailed check
8563-IIOXK,Yes,0,0.1936,Low Risk,One year,7,DSL,49.75,348.25,0,Electronic check
5734-EJKXG,No,0,0.1934,Low Risk,One year,61,Fiber optic,118.6,7234.6,0,Electronic check
6569-KTMDU,No,0,0.1934,Low Risk,Month-to-month,1,No,19.1,19.1,0,Mailed check
3927-NLNRY,Yes,0,0.1934,Low Risk,One year,53,Fiber optic,94.25,4995.25,0,Bank transfer
4869-EPIUS,No,0,0.1933,Low Risk,One year,56,Fiber optic,80.9,4530.4,0,Electronic check
9565-JSNFM,Yes,0,0.193,Low Risk,One year,38,Fiber optic,70.45,2677.1,0,Bank transfer
3682-YEUWS,No,0,0.1929,Low Risk,Month-to-month,10,No,24.4,244.0,0,Mailed check
9821-BESNZ,No,0,0.1927,Low Risk,One year,66,Fiber optic,104.25,6880.5,0,Electronic check
8739-QOTTN,No,0,0.1926,Low Risk,Month-to-month,2,No,20.35,40.7,0,Mailed check
0816-TSPHQ,No,0,0.1925,Low Risk,Month-to-month,2,No,20.75,41.5,0,Mailed check
1410-RSCMR,No,0,0.1925,Low Risk,Month-to-month,7,DSL,71.35,499.45,0,Credit card
1134-YWTYF,No,0,0.1925,Low Risk,Month-to-month,27,DSL,53.8,1452.6,0,Electronic check
9837-FWLCH,No,0,0.1922,Low Risk,Month-to-month,12,No,19.2,230.4,0,Electronic check
1732-FEKLD,No,0,0.1921,Low Risk,One year,54,Fiber optic,94.75,5116.5,0,Bank transfer
4701-MLJPN,Yes,0,0.1921,Low Risk,Month-to-month,31,DSL,55.25,1712.75,0,Electronic check
5701-SVCWR,No,0,0.192,Low Risk,Month-to-month,1,No,24.0,24.0,0,Mailed check
5469-CTCWN,Yes,0,0.1919,Low Risk,One year,61,Fiber optic,106.0,6466.0,0,Electronic check
4350-ZTLPI,No,0,0.1919,Low Risk,One year,53,Fiber optic,108.95,5774.35,0,Bank transfer
6733-LRIZX,No,0,0.1918,Low Risk,Two year,35,Fiber optic,108.95,3813.25,0,Electronic check
1113-IUJYX,Yes,0,0.1918,Low Risk,One year,14,Fiber optic,105.95,1483.3,0,Mailed check
4195-SMMNX,Yes,0,0.1917,Low Risk,Month-to-month,2,No,20.35,40.7,0,Mailed check
4913-EHYUI,Yes,0,0.1917,Low Risk,One year,56,Fiber optic,104.55,5854.8,1,Bank transfer
4541-RMRLG,Yes,0,0.1917,Low Risk,Month-to-month,7,No,19.25,134.75,0,Electronic check
4676-MQUEA,No,0,0.1916,Low Risk,One year,50,Fiber optic,101.9,5095.0,1,Bank transfer
0991-BRRFB,Yes,0,0.1916,Low Risk,Month-to-month,18,DSL,49.4,889.2,0,Electronic check
2237-ZFSMY,Yes,0,0.1916,Low Risk,One year,39,Fiber optic,95.55,3726.45,0,Electronic check
8091-TTVAX,No,0,0.1916,Low Risk,One year,58,Fiber optic,100.35,5820.3,0,Credit card
1020-JPQOW,No,0,0.1914,Low Risk,Month-to-month,56,Fiber optic,90.55,5070.8,0,Electronic check
0188-GWFLE,No,0,0.191,Low Risk,Month-to-month,2,No,20.05,40.1,0,Mailed check
8182-PNAGI,Yes,0,0.191,Low Risk,Month-to-month,12,DSL,50.25,603.0,0,Bank transfer
3638-DIMPH,No,0,0.191,Low Risk,One year,13,DSL,43.8,569.4,0,Electronic check
5919-VCZYM,No,0,0.191,Low Risk,Month-to-month,2,No,20.05,40.1,0,Mailed check
2155-AMQRX,No,0,0.1907,Low Risk,Month-to-month,28,DSL,54.9,1537.2,0,Credit card
2091-MJTFX,Yes,0,0.1906,Low Risk,Month-to-month,30,DSL,51.2,1536.0,0,Credit card
3936-QQFLL,No,0,0.1904,Low Risk,Month-to-month,2,No,19.75,39.5,0,Mailed check
2111-DWYHN,No,0,0.1902,Low Risk,Month-to-month,1,No,21.1,21.1,0,Mailed check
8952-WCVCD,No,0,0.1902,Low Risk,One year,41,Fiber optic,104.45,4282.45,0,Bank transfer
6497-TILVL,No,0,0.1899,Low Risk,Month-to-month,7,DSL,50.7,354.9,0,Mailed check
5951-AOFIH,No,0,0.1898,Low Risk,Month-to-month,33,DSL,66.4,2191.2,0,Credit card
7123-WQUHX,No,0,0.1897,Low Risk,One year,38,Fiber optic,95.0,3610.0,0,Bank transfer
2716-GFZOR,No,0,0.1897,Low Risk,Month-to-month,43,Fiber optic,86.1,3702.3,0,Credit card
9101-NTIXF,No,0,0.1896,Low Risk,Month-to-month,2,No,19.4,38.8,0,Mailed check
2599-CZABP,No,0,0.1896,Low Risk,One year,14,DSL,44.6,624.4,0,Electronic check
0956-ACVZC,No,0,0.1895,Low Risk,One year,54,Fiber optic,94.1,5081.4,0,Credit card
7310-EGVHZ,No,0,0.1894,Low Risk,Month-to-month,1,No,20.2,20.2,0,Bank transfer
5639-NTUPK,No,0,0.1894,Low Risk,Month-to-month,13,DSL,52.1,677.3,0,Credit card
4826-TZEVA,No,0,0.1893,Low Risk,Month-to-month,40,Fiber optic,74.8,2992.0,0,Credit card
2839-RFSQE,Yes,0,0.1893,Low Risk,Month-to-month,2,No,20.65,41.3,0,Mailed check
3886-CERTZ,Yes,0,0.1893,Low Risk,One year,72,Fiber optic,109.25,7866.0,0,Electronic check
5945-AZYHT,No,0,0.1892,Low Risk,One year,71,Fiber optic,109.6,7781.6,0,Electronic check
3847-BAERP,No,0,0.1891,Low Risk,Month-to-month,10,No,20.9,209.0,0,Mailed check
5049-GLYVG,Yes,0,0.1891,Low Risk,Month-to-month,1,No,20.6,20.6,0,Mailed check
5067-XJQFU,No,0,0.1889,Low Risk,One year,66,Fiber optic,108.45,7157.7,1,Electronic check
2668-TZSPS,No,0,0.1888,Low Risk,Month-to-month,1,No,20.45,20.45,0,Mailed check
5315-CKEQK,No,0,0.1888,Low Risk,One year,28,DSL,51.0,1428.0,1,Electronic check
0103-CSITQ,No,0,0.1887,Low Risk,One year,57,Fiber optic,109.4,6235.8,0,Bank transfer
6579-JPICP,No,0,0.1887,Low Risk,Month-to-month,1,No,20.4,20.4,0,Mailed check
3590-TCXTB,No,0,0.1886,Low Risk,Month-to-month,1,No,20.35,20.35,0,Mailed check
2342-CKIAO,No,0,0.1886,Low Risk,Month-to-month,2,No,20.3,40.6,0,Mailed check
1710-RCXUS,No,0,0.1886,Low Risk,One year,51,Fiber optic,90.35,4607.85,0,Credit card
3717-OFRTN,No,0,0.1884,Low Risk,Month-to-month,1,No,19.75,19.75,0,Bank transfer
0595-ITUDF,No,0,0.1884,Low Risk,Month-to-month,64,Fiber optic,91.8,5875.2,0,Electronic check
4211-MMAZN,Yes,0,0.1884,Low Risk,Month-to-month,1,No,20.25,20.25,0,Mailed check
3247-MHJKM,No,0,0.1883,Low Risk,Month-to-month,1,No,20.2,20.2,0,Mailed check
6380-ARCEH,No,0,0.1883,Low Risk,Month-to-month,1,No,20.2,20.2,0,Mailed check
1194-SPVSP,No,0,0.1882,Low Risk,Month-to-month,1,No,19.65,19.65,0,Bank transfer
7740-BTPUX,No,0,0.1882,Low Risk,Two year,55,Fiber optic,113.6,6248.0,1,Electronic check
3148-BLQJT,Yes,0,0.1881,Low Risk,Month-to-month,1,No,20.1,20.1,0,Mailed check
8985-OOPOS,No,0,0.188,Low Risk,One year,1,DSL,74.1,74.1,0,Credit card
1796-JANOW,No,0,0.1878,Low Risk,Month-to-month,2,No,19.95,39.9,0,Mailed check
4365-MSDYN,No,0,0.1877,Low Risk,Month-to-month,8,No,19.55,156.4,0,Bank transfer
5811-IWXYM,No,0,0.1874,Low Risk,One year,52,Fiber optic,101.25,5265.0,0,Bank transfer
5569-IDSEY,No,0,0.1874,Low Risk,One year,71,Fiber optic,105.7,7504.7,0,Bank transfer
4892-VLANZ,Yes,0,0.1874,Low Risk,Month-to-month,1,No,19.8,19.8,0,Mailed check
7874-ECPQJ,No,0,0.1873,Low Risk,Month-to-month,4,No,20.05,80.2,0,Bank transfer
2616-UUTFK,No,0,0.187,Low Risk,Month-to-month,33,DSL,72.75,2400.75,0,Bank transfer
1029-QFBEN,Yes,0,0.1869,Low Risk,Month-to-month,1,No,19.55,19.55,0,Mailed check
7601-WFVZV,No,0,0.1869,Low Risk,Month-to-month,1,No,19.55,19.55,0,Mailed check
1397-XKKWR,No,0,0.1868,Low Risk,One year,7,DSL,35.3,247.1,0,Mailed check
2308-STERM,No,0,0.1867,Low Risk,Month-to-month,2,No,19.4,38.8,0,Mailed check
8393-JMVMB,No,0,0.1867,Low Risk,Month-to-month,1,No,19.45,19.45,0,Mailed check
8044-BGWPI,No,0,0.1867,Low Risk,Month-to-month,12,No,21.15,253.8,0,Electronic check
5766-ZJYBB,Yes,0,0.1866,Low Risk,Month-to-month,1,No,19.4,19.4,0,Mailed check
4936-YPJNK,No,0,0.1866,Low Risk,Month-to-month,10,No,19.9,199.0,0,Mailed check
9571-EDEBV,No,0,0.1865,Low Risk,One year,71,Fiber optic,98.65,7004.15,0,Credit card
5073-WXOYN,Yes,0,0.1865,Low Risk,Month-to-month,60,DSL,50.8,3048.0,0,Electronic check
2621-UDNLU,No,0,0.1864,Low Risk,Month-to-month,3,No,20.85,62.55,0,Mailed check
2858-MOFSQ,Yes,0,0.1862,Low Risk,One year,17,DSL,55.85,949.45,0,Mailed check
2002-MZHWP,Yes,0,0.186,Low Risk,Month-to-month,1,No,20.5,20.5,0,Mailed check
6281-FKEWS,No,0,0.186,Low Risk,One year,44,DSL,49.05,2158.2,0,Electronic check
9441-QHEVC,No,0,0.186,Low Risk,Month-to-month,1,No,19.1,19.1,0,Mailed check
1591-MQJTP,No,0,0.1859,Low Risk,One year,51,Fiber optic,93.65,4776.15,1,Bank transfer
1015-OWJKI,No,0,0.1859,Low Risk,Month-to-month,1,No,19.05,19.05,0,Mailed check
3727-JEZTU,No,0,0.1857,Low Risk,Month-to-month,1,No,20.4,20.4,0,Mailed check
8735-DCXNF,No,0,0.1857,Low Risk,Month-to-month,10,DSL,54.95,549.5,0,Credit card
9708-KFDBY,No,0,0.1857,Low Risk,Month-to-month,1,No,20.55,20.55,0,Credit card
6907-CQGPN,No,0,0.1856,Low Risk,Month-to-month,29,DSL,34.3,994.7,0,Electronic check
0156-FVPTA,Yes,0,0.1855,Low Risk,Month-to-month,22,DSL,54.2,1192.4,0,Electronic check
7919-ZODZZ,No,0,0.1854,Low Risk,One year,10,DSL,65.9,659.0,0,Mailed check
1502-XFCVR,Yes,0,0.1853,Low Risk,One year,58,Fiber optic,106.45,6174.1,0,Electronic check
1135-HIORI,No,0,0.1852,Low Risk,One year,64,Fiber optic,111.45,7132.8,0,Electronic check
1855-CFULU,No,0,0.1852,Low Risk,Month-to-month,4,No,20.05,80.2,1,Mailed check
5593-SUAOO,No,0,0.1852,Low Risk,One year,24,Fiber optic,83.15,1995.6,0,Bank transfer
5448-VWNAM,No,0,0.1852,Low Risk,Month-to-month,19,DSL,75.9,1442.1,0,Mailed check
1867-TJHTS,No,0,0.1849,Low Risk,Month-to-month,58,Fiber optic,79.8,4628.4,0,Bank transfer
1448-CYWKC,No,0,0.1848,Low Risk,One year,58,Fiber optic,105.2,6101.6,0,Credit card
3313-QKNKB,Yes,0,0.1847,Low Risk,One year,59,Fiber optic,85.55,5047.45,0,Electronic check
3900-AQPHZ,Yes,0,0.1847,Low Risk,Month-to-month,1,No,19.9,19.9,0,Mailed check
0308-IVGOK,No,0,0.1845,Low Risk,One year,11,DSL,40.4,444.4,0,Credit card
4237-CLSMM,No,0,0.1845,Low Risk,Month-to-month,2,No,20.0,40.0,0,Mailed check
0048-LUMLS,No,0,0.1844,Low Risk,One year,37,Fiber optic,91.2,3374.4,0,Credit card
9831-BPFRI,Yes,0,0.1844,Low Risk,One year,39,Fiber optic,89.55,3492.45,0,Electronic check
9025-ZRPVR,Yes,0,0.1843,Low Risk,Month-to-month,9,No,18.95,170.55,0,Mailed check
1352-VHKAJ,No,0,0.1842,Low Risk,Month-to-month,27,DSL,71.6,1933.2,0,Bank transfer
7721-DVEKZ,No,0,0.1842,Low Risk,Month-to-month,1,No,19.65,19.65,0,Mailed check
4316-XCSLJ,No,0,0.1842,Low Risk,Month-to-month,17,DSL,50.3,855.1,0,Mailed check
0970-QXPXW,No,0,0.1842,Low Risk,Month-to-month,1,No,19.65,19.65,0,Mailed check
2866-IKBTM,No,0,0.184,Low Risk,Month-to-month,1,No,19.55,19.55,0,Mailed check
7551-JOHTI,Yes,0,0.1839,Low Risk,Month-to-month,1,No,19.5,19.5,0,Mailed check
6261-LHRTG,No,0,0.1838,Low Risk,Month-to-month,26,DSL,54.75,1423.5,0,Credit card
0617-FHSGK,Yes,0,0.1836,Low Risk,Month-to-month,49,Fiber optic,75.2,3684.8,0,Credit card
7716-YTYHG,Yes,0,0.1836,Low Risk,One year,48,Fiber optic,82.05,3938.4,0,Mailed check
7078-NVFAM,No,0,0.1836,Low Risk,Month-to-month,32,DSL,35.15,1124.8,0,Electronic check
6776-TLWOI,Yes,0,0.1833,Low Risk,Month-to-month,3,No,19.85,59.55,0,Mailed check
0479-HMSWA,No,0,0.1833,Low Risk,Two year,26,Fiber optic,105.45,2741.7,0,Electronic check
6425-YQLLO,Yes,0,0.1833,Low Risk,One year,66,Fiber optic,105.95,6992.7,1,Credit card
9139-WQQDY,Yes,0,0.1832,Low Risk,One year,49,Fiber optic,100.45,4922.05,0,Mailed check
7302-ZHMHP,No,0,0.1832,Low Risk,Month-to-month,1,No,19.15,19.15,0,Mailed check
7926-IJOOU,No,0,0.1831,Low Risk,Month-to-month,1,No,19.3,19.3,0,Credit card
7017-VFULY,No,0,0.1828,Low Risk,Month-to-month,2,No,20.1,40.2,0,Bank transfer
4789-KWMXN,Yes,0,0.1828,Low Risk,One year,47,Fiber optic,110.85,5209.95,0,Credit card
8421-WZOOW,No,0,0.1828,Low Risk,Month-to-month,57,Fiber optic,95.3,5432.1,1,Credit card
3982-DQLUS,No,0,0.1828,Low Risk,Month-to-month,65,Fiber optic,85.75,5573.75,1,Electronic check
3090-QFUVD,No,0,0.1823,Low Risk,Month-to-month,1,No,20.3,20.3,0,Credit card
2270-CHBFN,No,0,0.182,Low Risk,Month-to-month,44,Fiber optic,95.1,4184.4,0,Credit card
4785-NKHCX,No,0,0.182,Low Risk,Month-to-month,5,No,20.05,100.25,1,Bank transfer
5760-WRAHC,No,0,0.1819,Low Risk,Month-to-month,22,DSL,69.75,1534.5,1,Mailed check
4860-YZGZM,No,0,0.1819,Low Risk,Month-to-month,10,No,20.0,200.0,0,Electronic check
7016-NVRIC,No,0,0.1818,Low Risk,One year,29,Fiber optic,90.1,2612.9,1,Bank transfer
9512-PHSMG,No,0,0.1818,Low Risk,Month-to-month,10,No,20.55,205.5,0,Mailed check
8976-OQHGT,Yes,0,0.1818,Low Risk,Month-to-month,4,DSL,56.5,226.0,0,Mailed check
1385-TQOZW,No,0,0.1817,Low Risk,Month-to-month,9,No,20.45,184.05,0,Credit card
9770-LXDBK,No,0,0.1816,Low Risk,Month-to-month,3,No,20.4,61.2,0,Mailed check
7140-ADSMJ,No,0,0.1816,Low Risk,Month-to-month,8,No,20.45,163.6,0,Credit card
2542-HYGIQ,No,0,0.1816,Low Risk,Month-to-month,1,No,19.95,19.95,0,Credit card
4187-CINZD,Yes,0,0.1816,Low Risk,One year,46,Fiber optic,95.25,4381.5,1,Credit card
0114-RSRRW,No,0,0.1815,Low Risk,Month-to-month,10,No,19.95,199.5,0,Bank transfer
8562-GHPPI,No,0,0.1813,Low Risk,Month-to-month,1,No,19.8,19.8,0,Credit card
5067-DGXLL,No,0,0.1812,Low Risk,Month-to-month,2,No,20.25,40.5,0,Mailed check
5150-LJNSR,No,0,0.181,Low Risk,One year,31,Fiber optic,98.05,3039.55,0,Bank transfer
2576-HXMPA,No,0,0.1808,Low Risk,Month-to-month,1,No,19.55,19.55,0,Credit card
9700-ZCLOT,No,0,0.1807,Low Risk,Month-to-month,2,No,20.0,40.0,0,Mailed check
6734-CKRSM,No,0,0.1807,Low Risk,Month-to-month,3,No,20.0,60.0,0,Mailed check
6728-WYQBC,No,0,0.1807,Low Risk,Month-to-month,1,No,20.95,20.95,0,Bank transfer
1732-VHUBQ,Yes,0,0.1806,Low Risk,Month-to-month,47,Fiber optic,70.55,3315.85,1,Bank transfer
0178-CIIKR,No,0,0.1806,Low Risk,Month-to-month,3,No,19.95,59.85,0,Mailed check
7175-NTIXE,No,0,0.1805,Low Risk,Month-to-month,25,DSL,76.15,1903.75,0,Credit card
0137-UDEUO,Yes,0,0.1804,Low Risk,Month-to-month,3,No,19.85,59.55,0,Mailed check
2220-IAHLS,No,0,0.1804,Low Risk,Month-to-month,1,No,19.4,19.4,0,Credit card
0030-FNXPP,No,0,0.1804,Low Risk,Month-to-month,3,No,19.85,59.55,0,Mailed check
8150-QUDFX,No,0,0.1803,Low Risk,Month-to-month,2,No,19.85,39.7,0,Mailed check
1116-DXXDF,No,0,0.1801,Low Risk,Two year,39,Fiber optic,100.45,3917.55,0,Electronic check
1110-KYLGQ,No,0,0.1801,Low Risk,Month-to-month,63,Fiber optic,108.25,6819.75,0,Credit card
8495-PRWFH,No,0,0.1799,Low Risk,Month-to-month,42,DSL,55.65,2337.3,1,Electronic check
0366-NQSHS,No,0,0.1793,Low Risk,Month-to-month,2,No,19.35,38.7,0,Mailed check
3675-YDUPJ,No,0,0.1793,Low Risk,Month-to-month,10,No,19.85,198.5,0,Mailed check
7163-OCEQI,No,0,0.1792,Low Risk,One year,22,DSL,78.65,1730.3,0,Mailed check
9097-ZUBYC,No,0,0.179,Low Risk,Month-to-month,14,DSL,48.8,683.2,0,Bank transfer
1409-PHXTF,No,0,0.1789,Low Risk,Two year,54,Fiber optic,110.45,5964.3,1,Electronic check
1349-WXNGG,Yes,0,0.1789,Low Risk,Month-to-month,1,No,20.05,20.05,0,Bank transfer
2252-JHJGE,No,0,0.1789,Low Risk,One year,61,Fiber optic,104.0,6344.0,0,Electronic check
2758-RNWXS,No,0,0.1788,Low Risk,One year,35,Fiber optic,89.2,3122.0,0,Electronic check
9818-XQCUV,No,0,0.1785,Low Risk,Month-to-month,2,No,20.35,40.7,0,Mailed check
4283-IVYCI,No,0,0.1785,Low Risk,Month-to-month,9,DSL,64.95,584.55,0,Mailed check
8979-CAMGB,No,0,0.1785,Low Risk,One year,64,Fiber optic,102.1,6534.4,1,Electronic check
0549-CYCQN,No,0,0.1783,Low Risk,One year,51,Fiber optic,79.6,4059.6,1,Bank transfer
3806-YAZOV,No,0,0.1782,Low Risk,Month-to-month,3,No,18.8,56.4,0,Mailed check
2750-BJLSB,No,0,0.1782,Low Risk,One year,47,Fiber optic,103.7,4873.9,0,Electronic check
3402-XRIUO,No,0,0.1782,Low Risk,Month-to-month,22,DSL,63.55,1398.1,1,Mailed check
1784-BXEFA,No,0,0.1781,Low Risk,Month-to-month,10,No,20.55,205.5,0,Mailed check
9972-VAFJJ,No,0,0.1781,Low Risk,One year,53,Fiber optic,94.0,4982.0,1,Electronic check
8006-PYCSW,No,0,0.178,Low Risk,Month-to-month,2,No,20.1,40.2,0,Mailed check
2402-TAIRZ,No,0,0.1779,Low Risk,One year,37,Fiber optic,80.05,2961.85,0,Electronic check
9040-KZVWO,No,0,0.1778,Low Risk,One year,26,Fiber optic,75.5,1963.0,0,Bank transfer
4184-VODJZ,No,0,0.1776,Low Risk,One year,63,Fiber optic,91.35,5755.05,0,Electronic check
9079-LWTFD,No,0,0.1773,Low Risk,Month-to-month,47,Fiber optic,100.75,4735.25,0,Mailed check
2186-QZEYA,No,0,0.177,Low Risk,Month-to-month,29,DSL,58.55,1697.95,1,Bank transfer
3468-DRVQJ,No,0,0.1768,Low Risk,One year,10,DSL,70.3,703.0,0,Electronic check
1051-GEJLJ,No,0,0.1768,Low Risk,Month-to-month,2,No,19.5,39.0,0,Mailed check
0883-EIBTI,Yes,0,0.1768,Low Risk,Month-to-month,2,No,19.5,39.0,0,Mailed check
2978-XXSOG,No,0,0.1767,Low Risk,Month-to-month,22,DSL,59.05,1299.1,0,Mailed check
3170-GWYKC,No,0,0.1766,Low Risk,Month-to-month,60,Fiber optic,104.95,6297.0,0,Bank transfer
5702-SKUOB,No,0,0.1766,Low Risk,Month-to-month,4,No,19.6,78.4,0,Mailed check
8439-LTUGF,No,0,0.1765,Low Risk,Month-to-month,10,No,20.0,200.0,0,Credit card
0786-IVLAW,No,0,0.1765,Low Risk,One year,66,Fiber optic,108.1,7134.6,1,Bank transfer
0396-HUJBP,No,0,0.1764,Low Risk,Month-to-month,2,No,19.3,38.6,0,Mailed check
9426-SXNHE,No,0,0.1763,Low Risk,Month-to-month,2,No,18.75,37.5,0,Bank transfer
0239-OXEXL,No,0,0.1763,Low Risk,Month-to-month,46,Fiber optic,84.25,3875.5,0,Mailed check
5481-NTDOH,No,0,0.1762,Low Risk,One year,67,Fiber optic,107.05,7172.35,1,Credit card
2700-LUEVA,No,0,0.1761,Low Risk,Month-to-month,1,No,20.75,20.75,0,Credit card
4558-CGYCZ,No,0,0.176,Low Risk,Month-to-month,4,No,19.75,79.0,0,Mailed check
2654-VBVPB,No,0,0.1758,Low Risk,Month-to-month,1,No,19.9,19.9,0,Bank transfer
4923-ADWXJ,No,0,0.1757,Low Risk,Month-to-month,25,DSL,65.8,1645.0,0,Bank transfer
7134-MJPDY,No,0,0.1757,Low Risk,One year,66,Fiber optic,102.85,6788.1,1,Credit card
9644-KVCNC,No,0,0.1755,Low Risk,One year,66,Fiber optic,92.15,6081.9,0,Bank transfer
5562-YJQGT,No,0,0.1754,Low Risk,Month-to-month,2,No,20.35,40.7,0,Credit card
9701-CDXHR,No,0,0.1753,Low Risk,Month-to-month,51,Fiber optic,69.15,3526.65,0,Mailed check
3339-EAQNV,No,0,0.1752,Low Risk,One year,72,Fiber optic,97.25,7002.0,1,Credit card
1222-LRYKO,No,0,0.1752,Low Risk,Month-to-month,6,No,26.35,158.1,0,Mailed check
1641-BYBTK,No,0,0.1752,Low Risk,Month-to-month,6,No,20.2,121.2,0,Mailed check
6394-HHHZM,No,0,0.1751,Low Risk,Month-to-month,3,No,20.7,62.1,0,Mailed check
6583-SZVGP,No,0,0.175,Low Risk,Two year,48,Fiber optic,108.1,5188.8,0,Bank transfer
6303-KFWSL,No,0,0.1748,Low Risk,One year,29,DSL,55.25,1602.25,0,Electronic check
9909-DFRJA,No,0,0.1748,Low Risk,One year,26,Fiber optic,95.85,2492.1,0,Bank transfer
7797-EJMDP,No,0,0.1747,Low Risk,Month-to-month,8,DSL,66.05,528.4,0,Bank transfer
0523-VNGTF,No,0,0.1747,Low Risk,Month-to-month,52,DSL,50.5,2626.0,1,Electronic check
5687-DKDTV,Yes,0,0.1745,Low Risk,Month-to-month,4,No,20.35,81.4,0,Mailed check
7234-KMNRQ,No,0,0.1744,Low Risk,Month-to-month,4,No,19.0,76.0,0,Mailed check
7083-YNSKY,Yes,0,0.1741,Low Risk,Month-to-month,15,No,25.4,381.0,0,Credit card
8715-KKTFG,No,0,0.174,Low Risk,One year,61,Fiber optic,103.3,6301.3,0,Bank transfer
4397-FRLTA,No,0,0.174,Low Risk,Month-to-month,4,No,20.15,80.6,0,Mailed check
1170-SASML,No,0,0.1739,Low Risk,Month-to-month,69,Fiber optic,85.4,5892.6,0,Bank transfer
7619-ODSGN,Yes,0,0.1736,Low Risk,Month-to-month,24,DSL,54.75,1314.0,0,Electronic check
7143-BQIBA,No,0,0.1735,Low Risk,Month-to-month,10,DSL,62.25,622.5,0,Bank transfer
3221-CJMSG,No,0,0.1734,Low Risk,Month-to-month,24,DSL,51.1,1226.4,0,Credit card
6322-PJJDJ,No,0,0.1731,Low Risk,Two year,49,Fiber optic,94.8,4645.2,0,Electronic check
4797-MIWUM,No,0,0.1731,Low Risk,Month-to-month,7,No,20.25,141.75,0,Bank transfer
0442-ZXKVS,No,0,0.1729,Low Risk,One year,54,Fiber optic,115.6,6242.4,1,Bank transfer
1735-XMJVH,No,0,0.1729,Low Risk,Month-to-month,8,No,19.35,154.8,0,Mailed check
2896-TBNBE,No,0,0.1728,Low Risk,One year,40,Fiber optic,80.8,3232.0,0,Electronic check
5688-KZTSN,Yes,0,0.1727,Low Risk,Month-to-month,15,No,20.0,300.0,0,Electronic check
6476-YHMGA,No,0,0.1727,Low Risk,Month-to-month,15,DSL,76.5,1147.5,0,Bank transfer
7088-FBAWU,No,0,0.1727,Low Risk,Month-to-month,17,DSL,74.55,1267.35,0,Mailed check
3703-TTEPD,No,0,0.1725,Low Risk,Month-to-month,21,DSL,65.35,1372.35,0,Bank transfer
6574-MCOEH,No,0,0.1724,Low Risk,One year,33,DSL,79.15,2611.95,0,Electronic check
2303-PJYHN,No,0,0.1724,Low Risk,Month-to-month,2,No,19.85,39.7,0,Bank transfer
2284-VFLKH,No,0,0.1723,Low Risk,One year,49,Fiber optic,99.25,4863.25,0,Credit card
9978-HYCIN,No,0,0.172,Low Risk,One year,47,Fiber optic,84.95,3992.65,1,Bank transfer
0278-YXOOG,Yes,0,0.1719,Low Risk,Month-to-month,5,No,21.05,105.25,0,Mailed check
5206-HPJKM,No,0,0.1717,Low Risk,Month-to-month,17,DSL,55.5,943.5,0,Credit card
6469-MRVET,No,0,0.1715,Low Risk,One year,1,No,20.2,20.2,0,Electronic check
6806-YDEUL,No,0,0.1711,Low Risk,Month-to-month,6,No,19.5,117.0,1,Bank transfer
1229-RCALF,No,0,0.171,Low Risk,One year,64,Fiber optic,115.0,7360.0,0,Electronic check
0961-ZWLVI,No,0,0.1709,Low Risk,One year,49,Fiber optic,109.2,5350.8,0,Credit card
2486-WYVVE,No,0,0.1709,Low Risk,One year,31,DSL,79.3,2458.3,0,Mailed check
2946-KIQSP,No,0,0.1706,Low Risk,Month-to-month,35,DSL,33.45,1170.75,0,Mailed check
9659-ZTWSM,No,0,0.1706,Low Risk,One year,66,Fiber optic,107.35,7085.1,1,Bank transfer
9501-UKKNL,No,0,0.1706,Low Risk,Month-to-month,59,DSL,51.7,3050.3,0,Electronic check
5473-KHBPS,No,0,0.1705,Low Risk,One year,52,Fiber optic,95.7,4976.4,0,Credit card
6621-YOBKI,No,0,0.1704,Low Risk,Month-to-month,5,No,20.35,101.75,0,Mailed check
6475-VHUIZ,No,0,0.1704,Low Risk,Month-to-month,23,DSL,54.25,1247.75,0,Electronic check
9057-MSWCO,Yes,0,0.1703,Low Risk,Month-to-month,27,DSL,30.75,830.25,1,Credit card
2439-QKJUL,No,0,0.1702,Low Risk,Month-to-month,5,No,20.25,101.25,0,Mailed check
7036-ZZKBD,No,0,0.17,Low Risk,Month-to-month,31,DSL,66.4,2058.4,0,Credit card
3199-NPKCN,No,0,0.17,Low Risk,One year,67,Fiber optic,111.25,7453.75,0,Electronic check
6402-SSEJG,No,0,0.1698,Low Risk,One year,25,DSL,61.05,1526.25,0,Electronic check
6617-WLBQC,No,0,0.1696,Low Risk,One year,23,Fiber optic,81.85,1882.55,0,Credit card
6377-KSLXC,No,0,0.1696,Low Risk,Month-to-month,5,No,19.95,99.75,0,Mailed check
0130-SXOUN,No,0,0.1695,Low Risk,Month-to-month,66,Fiber optic,89.4,5900.4,0,Credit card
4747-LCAQL,No,0,0.1688,Low Risk,Month-to-month,25,DSL,79.0,1975.0,0,Mailed check
9402-CXWPL,No,0,0.1688,Low Risk,One year,70,Fiber optic,98.9,6923.0,0,Electronic check
9844-FELAJ,No,0,0.1687,Low Risk,One year,70,Fiber optic,107.9,7553.0,1,Electronic check
7808-DVWEP,No,0,0.1687,Low Risk,Month-to-month,3,No,20.0,60.0,0,Bank transfer
5155-AZQPB,No,0,0.1686,Low Risk,Month-to-month,28,DSL,49.9,1397.2,0,Mailed check
6296-DDOOR,No,0,0.1685,Low Risk,One year,19,DSL,58.2,1105.8,0,Electronic check
2659-VXMWZ,Yes,0,0.1685,Low Risk,One year,67,Fiber optic,111.3,7457.1,0,Electronic check
4908-XAXAY,No,0,0.1684,Low Risk,One year,49,Fiber optic,89.85,4402.65,1,Bank transfer
5515-IDEJJ,Yes,0,0.1684,Low Risk,Month-to-month,1,No,19.9,19.9,0,Mailed check
9367-OIUXP,No,0,0.1683,Low Risk,Month-to-month,4,No,20.7,82.8,0,Mailed check
3164-YAXFY,No,0,0.1683,Low Risk,Month-to-month,57,DSL,53.75,3063.75,0,Electronic check
8644-XYTSV,No,0,0.1681,Low Risk,Month-to-month,42,DSL,40.15,1686.3,0,Bank transfer
1518-OMDIK,No,0,0.1681,Low Risk,Month-to-month,33,DSL,44.55,1470.15,0,Credit card
0409-WTMPL,No,0,0.1678,Low Risk,One year,58,Fiber optic,110.65,6417.7,0,Credit card
7639-SUPCW,Yes,0,0.1678,Low Risk,Month-to-month,22,DSL,48.8,1073.6,0,Credit card
7811-JIVPF,No,0,0.1677,Low Risk,Month-to-month,23,DSL,49.7,1143.1,0,Credit card
6743-HHQPF,No,0,0.1676,Low Risk,Month-to-month,42,DSL,25.1,1054.2,0,Credit card
4710-FDUIZ,Yes,0,0.1676,Low Risk,One year,56,Fiber optic,100.3,5616.8,0,Credit card
9820-RMCQV,Yes,0,0.1675,Low Risk,Month-to-month,11,DSL,48.55,534.05,0,Credit card
4800-CZMPC,Yes,0,0.1674,Low Risk,One year,48,Fiber optic,103.25,4956.0,0,Credit card
3977-QCRSL,No,0,0.1673,Low Risk,Month-to-month,5,No,20.15,100.75,0,Mailed check
1625-JAIIY,Yes,0,0.1671,Low Risk,One year,68,Fiber optic,83.0,5644.0,0,Electronic check
9986-BONCE,Yes,0,0.1671,Low Risk,Month-to-month,4,No,20.95,83.8,0,Bank transfer
6723-WSNTY,No,0,0.167,Low Risk,One year,66,Fiber optic,108.1,7134.6,1,Credit card
3373-YZZYM,No,0,0.167,Low Risk,Month-to-month,1,No,19.2,19.2,0,Mailed check
6421-SZVEM,No,0,0.1669,Low Risk,One year,28,Fiber optic,82.85,2319.8,0,Bank transfer
3803-KMQFW,Yes,0,0.1669,Low Risk,Month-to-month,1,No,20.55,20.55,0,Mailed check
3363-EWLGO,No,0,0.1669,Low Risk,Month-to-month,5,No,19.95,99.75,0,Mailed check
6131-JLWZM,No,0,0.1667,Low Risk,Month-to-month,13,No,20.3,263.9,0,Mailed check
3413-CSSTH,No,0,0.1665,Low Risk,Month-to-month,41,DSL,55.7,2283.7,0,Bank transfer
5708-EVONK,Yes,0,0.1663,Low Risk,Month-to-month,58,Fiber optic,93.4,5417.2,0,Bank transfer
8734-FNWVH,No,0,0.1658,Low Risk,Month-to-month,31,DSL,59.7,1850.7,0,Bank transfer
3470-BTGQO,No,0,0.1657,Low Risk,Month-to-month,21,DSL,45.65,958.65,0,Mailed check
8410-BGQXN,No,0,0.1657,Low Risk,Month-to-month,4,No,19.4,77.6,0,Mailed check
3948-XHGNA,Yes,0,0.1653,Low Risk,Month-to-month,24,DSL,49.55,1189.2,0,Bank transfer
2812-SFXMJ,No,0,0.1651,Low Risk,Month-to-month,1,No,20.05,20.05,0,Mailed check
4644-PIZRT,No,0,0.1649,Low Risk,One year,17,DSL,70.35,1195.95,0,Bank transfer
5222-JCXZT,No,0,0.1649,Low Risk,Month-to-month,4,No,19.0,76.0,0,Mailed check
4760-XOHVN,Yes,0,0.1648,Low Risk,Month-to-month,1,No,19.45,19.45,0,Mailed check
6728-CZFEI,No,0,0.1646,Low Risk,One year,15,DSL,56.15,842.25,0,Mailed check
6490-FGZAT,No,0,0.1644,Low Risk,Month-to-month,6,No,20.65,123.9,0,Mailed check
5206-XZZQI,No,0,0.1644,Low Risk,Month-to-month,53,Fiber optic,80.6,4271.8,0,Mailed check
6112-KTHFQ,No,0,0.1644,Low Risk,Month-to-month,13,No,19.3,250.9,0,Mailed check
1336-EZFZY,No,0,0.1643,Low Risk,Month-to-month,4,No,20.05,80.2,0,Mailed check
4700-UBQMV,No,0,0.1641,Low Risk,One year,21,DSL,75.9,1593.9,0,Bank transfer
3445-HXXGF,Yes,0,0.1639,Low Risk,Month-to-month,58,DSL,45.3,2627.4,1,Electronic check
1585-MQSSU,Yes,0,0.1639,Low Risk,Month-to-month,17,DSL,51.5,875.5,0,Mailed check
0292-WEGCH,No,0,0.1639,Low Risk,Month-to-month,54,DSL,86.2,4654.8,0,Electronic check
0580-PIQHM,No,0,0.1636,Low Risk,One year,41,Fiber optic,101.6,4165.6,0,Bank transfer
5510-BOIUJ,Yes,0,0.1636,Low Risk,Month-to-month,1,No,19.25,19.25,0,Mailed check
5074-FBGHB,No,0,0.1635,Low Risk,One year,64,Fiber optic,104.65,6697.6,0,Credit card
7544-ZVIKX,No,0,0.1633,Low Risk,One year,58,Fiber optic,105.05,6092.9,0,Bank transfer
0584-BJQGZ,No,0,0.1631,Low Risk,Month-to-month,25,DSL,78.35,1958.75,0,Bank transfer
3948-FVVRP,No,0,0.1629,Low Risk,Month-to-month,9,DSL,54.8,493.2,0,Mailed check
9974-JFBHQ,No,0,0.1628,Low Risk,Month-to-month,64,Fiber optic,99.15,6345.6,0,Credit card
4903-UYAVB,Yes,0,0.1625,Low Risk,Month-to-month,5,No,19.35,96.75,0,Mailed check
4083-BFNYK,No,0,0.1623,Low Risk,One year,38,Fiber optic,95.0,3610.0,1,Credit card
2040-OBMLJ,No,0,0.1623,Low Risk,One year,31,Fiber optic,81.7,2532.7,0,Credit card
4495-LHSSK,No,0,0.1622,Low Risk,Month-to-month,18,DSL,57.65,1037.7,0,Mailed check
0851-DFJKB,No,0,0.1622,Low Risk,Month-to-month,15,DSL,58.95,884.25,0,Electronic check
8268-YDIXR,No,0,0.162,Low Risk,One year,56,Fiber optic,93.15,5216.4,0,Electronic check
6137-MFAJN,No,0,0.162,Low Risk,Month-to-month,48,DSL,44.8,2150.4,0,Electronic check
7356-AYNJP,No,0,0.1619,Low Risk,One year,4,No,23.9,95.6,0,Electronic check
6128-DAFVY,No,0,0.1617,Low Risk,Month-to-month,56,DSL,44.85,2511.6,0,Credit card
1297-VQDRP,No,0,0.1615,Low Risk,One year,68,Fiber optic,107.15,7286.2,1,Credit card
4868-AADLV,No,0,0.1613,Low Risk,One year,66,Fiber optic,116.25,7672.5,1,Electronic check
5343-SGUBI,No,0,0.1613,Low Risk,One year,52,Fiber optic,80.2,4170.4,0,Mailed check
7706-DZNKK,No,0,0.1613,Low Risk,Month-to-month,11,No,20.45,224.95,0,Credit card
6797-UCJHZ,No,0,0.1611,Low Risk,One year,66,Fiber optic,104.6,6903.6,1,Credit card
7968-QUXNS,No,0,0.1609,Low Risk,Month-to-month,6,No,18.95,113.7,0,Mailed check
5850-BDWCY,No,0,0.1608,Low Risk,Month-to-month,6,No,20.2,121.2,0,Mailed check
4402-FTBXC,No,0,0.1608,Low Risk,Month-to-month,54,Fiber optic,89.8,4849.2,0,Mailed check
0870-VEMYL,Yes,0,0.1607,Low Risk,Month-to-month,5,DSL,53.85,269.25,0,Credit card
9863-JZAIC,Yes,0,0.1604,Low Risk,Month-to-month,35,DSL,55.0,1925.0,0,Mailed check
4628-CTTLA,Yes,0,0.1603,Low Risk,Month-to-month,57,DSL,39.3,2240.1,0,Electronic check
4189-NAKJS,No,0,0.1601,Low Risk,One year,26,DSL,51.55,1340.3,0,Credit card
0440-QEXBZ,No,0,0.1601,Low Risk,Month-to-month,44,DSL,50.15,2206.6,0,Mailed check
8433-WPJTV,No,0,0.16,Low Risk,One year,65,Fiber optic,103.9,6753.5,1,Bank transfer
6383-ZTSIW,No,0,0.1593,Low Risk,One year,39,Fiber optic,99.1,3864.9,1,Mailed check
9938-EKRGF,No,0,0.1592,Low Risk,Month-to-month,15,DSL,84.45,1266.75,0,Mailed check
9496-IVVRP,No,0,0.1589,Low Risk,Month-to-month,11,DSL,51.0,561.0,0,Bank transfer
1768-HNVGJ,No,0,0.1587,Low Risk,Month-to-month,45,DSL,70.05,3152.25,1,Electronic check
0247-SLUJI,No,0,0.1587,Low Risk,Month-to-month,1,No,19.7,19.7,0,Mailed check
5140-FOMCQ,No,0,0.1586,Low Risk,One year,59,Fiber optic,109.15,6439.85,0,Credit card
8731-WBBMB,No,0,0.1586,Low Risk,Month-to-month,26,DSL,81.9,2129.4,0,Bank transfer
8319-QBEHW,No,0,0.1585,Low Risk,One year,26,DSL,39.95,1038.7,0,Bank transfer
1629-DQQVB,No,0,0.1584,Low Risk,Month-to-month,14,DSL,50.1,701.4,0,Bank transfer
0373-AIVNJ,No,0,0.1584,Low Risk,One year,9,DSL,39.55,355.95,0,Mailed check
7299-GNVPL,No,0,0.1583,Low Risk,Month-to-month,23,Fiber optic,84.4,1941.2,0,Mailed check
9475-NNDGC,No,0,0.1582,Low Risk,One year,71,Fiber optic,113.15,8033.65,0,Bank transfer
6769-DCQLI,Yes,0,0.1579,Low Risk,One year,52,Fiber optic,105.0,5460.0,0,Bank transfer
9470-RTWDV,No,0,0.1577,Low Risk,One year,26,DSL,82.0,2132.0,0,Credit card
2159-TURXX,No,0,0.1575,Low Risk,Month-to-month,5,No,20.05,100.25,0,Credit card
1447-PJGGA,Yes,0,0.1574,Low Risk,Two year,57,Fiber optic,95.25,5429.25,0,Electronic check
3645-DEYGF,No,0,0.1572,Low Risk,Month-to-month,1,No,20.75,20.75,0,Mailed check
2359-QWQUL,Yes,0,0.157,Low Risk,One year,39,Fiber optic,104.7,4083.3,0,Credit card
7502-BNYGS,No,0,0.157,Low Risk,Month-to-month,46,DSL,69.1,3178.6,0,Credit card
9962-BFPDU,No,0,0.1568,Low Risk,Month-to-month,1,No,20.05,20.05,0,Mailed check
7868-BGSZA,No,0,0.1567,Low Risk,One year,43,DSL,80.2,3448.6,0,Electronic check
7663-ZTEGJ,No,0,0.1566,Low Risk,One year,29,Fiber optic,100.55,2915.95,0,Credit card
0384-RVBPI,No,0,0.1565,Low Risk,Month-to-month,20,DSL,64.4,1288.0,0,Credit card
0002-ORFBO,No,0,0.1564,Low Risk,One year,9,DSL,65.6,590.4,0,Mailed check
6804-GDMOI,Yes,0,0.1564,Low Risk,Two year,61,Fiber optic,106.6,6502.6,0,Electronic check
1852-XEMDW,No,0,0.1564,Low Risk,Month-to-month,22,DSL,65.05,1431.1,0,Mailed check
4075-JFPGR,No,0,0.1563,Low Risk,One year,51,Fiber optic,93.5,4768.5,0,Electronic check
7108-DGVUU,No,0,0.1562,Low Risk,One year,21,DSL,71.7,1505.7,1,Bank transfer
8314-DPQHL,No,0,0.1562,Low Risk,One year,9,DSL,50.8,457.2,0,Mailed check
3417-TSCIC,No,0,0.1561,Low Risk,One year,29,DSL,24.85,720.65,0,Mailed check
1337-BOZWO,No,0,0.1561,Low Risk,One year,18,DSL,46.4,835.2,0,Credit card
4291-HPAXL,No,0,0.1556,Low Risk,Month-to-month,1,No,19.85,19.85,0,Mailed check
3428-MMGUB,No,0,0.1556,Low Risk,Two year,60,Fiber optic,89.55,5373.0,0,Electronic check
6849-WLEYG,Yes,0,0.1554,Low Risk,Month-to-month,1,No,19.75,19.75,0,Mailed check
2851-STERV,No,0,0.1554,Low Risk,One year,35,DSL,73.0,2555.0,1,Electronic check
0927-CNGRH,No,0,0.1551,Low Risk,Month-to-month,1,No,19.55,19.55,0,Mailed check
9101-BWFSS,Yes,0,0.155,Low Risk,One year,50,Fiber optic,108.55,5427.5,0,Electronic check
4277-UDIEF,No,0,0.155,Low Risk,Month-to-month,24,DSL,81.0,1944.0,0,Bank transfer
8785-EPNCG,Yes,0,0.1549,Low Risk,Month-to-month,11,No,23.15,254.65,0,Credit card
4190-MFLUW,Yes,0,0.1549,Low Risk,Month-to-month,10,DSL,55.2,552.0,0,Credit card
8053-WWDRO,Yes,0,0.1548,Low Risk,Month-to-month,6,No,19.5,117.0,0,Bank transfer
6671-NGWON,No,0,0.1547,Low Risk,Month-to-month,7,No,20.35,142.45,0,Mailed check
4140-WJAWW,Yes,0,0.1546,Low Risk,Month-to-month,5,No,19.85,99.25,0,Credit card
2242-MFOTG,No,0,0.1545,Low Risk,One year,33,Fiber optic,80.1,2643.3,0,Bank transfer
5345-BMKWB,No,0,0.1542,Low Risk,Month-to-month,8,No,20.25,162.0,0,Mailed check
5312-IRCFR,No,0,0.1541,Low Risk,One year,64,Fiber optic,92.85,5942.4,0,Electronic check
3523-QRQLL,Yes,0,0.1541,Low Risk,One year,22,DSL,69.5,1529.0,0,Bank transfer
0708-SJDIS,No,0,0.1539,Low Risk,Month-to-month,34,DSL,65.0,2210.0,0,Mailed check
4198-VFOEA,No,0,0.1539,Low Risk,One year,12,DSL,33.6,403.2,0,Mailed check
0222-CNVPT,No,0,0.1538,Low Risk,Month-to-month,52,DSL,48.8,2537.6,1,Credit card
4374-YMUSQ,No,0,0.1538,Low Risk,One year,34,Fiber optic,116.25,3952.5,0,Credit card
7764-BDPEE,No,0,0.1538,Low Risk,Month-to-month,3,No,20.85,62.55,0,Mailed check
8033-ATFAS,No,0,0.1538,Low Risk,Month-to-month,39,DSL,59.85,2334.15,0,Mailed check
3675-EQOZA,No,0,0.1536,Low Risk,Month-to-month,5,No,20.65,103.25,0,Bank transfer
4710-NKCAW,No,0,0.1535,Low Risk,Month-to-month,5,DSL,64.4,322.0,0,Credit card
1755-RMCXH,No,0,0.1535,Low Risk,Month-to-month,2,No,20.3,40.6,0,Mailed check
3635-JBPSG,No,0,0.1534,Low Risk,Two year,15,DSL,38.8,582.0,0,Mailed check
6705-LNMDD,No,0,0.1533,Low Risk,Month-to-month,20,DSL,50.0,1000.0,0,Mailed check
6097-EQISJ,Yes,0,0.1533,Low Risk,One year,66,Fiber optic,102.45,6761.7,0,Credit card
9618-LFJRU,No,0,0.1531,Low Risk,Month-to-month,4,No,20.45,81.8,0,Credit card
0939-EREMR,No,0,0.153,Low Risk,Month-to-month,13,DSL,53.45,694.85,0,Mailed check
9762-YAQAA,No,0,0.1529,Low Risk,One year,39,Fiber optic,81.4,3174.6,0,Credit card
2928-HLDBA,No,0,0.1528,Low Risk,Month-to-month,6,No,20.7,124.2,0,Mailed check
4472-VESGY,No,0,0.1523,Low Risk,Month-to-month,52,Fiber optic,98.15,5103.8,0,Bank transfer
0330-BGYZE,No,0,0.1522,Low Risk,One year,60,Fiber optic,102.5,6150.0,0,Bank transfer
7521-YXVZY,No,0,0.1521,Low Risk,Month-to-month,3,No,19.95,59.85,0,Mailed check
2560-PPCHE,No,0,0.1521,Low Risk,One year,65,Fiber optic,105.05,6828.25,0,Bank transfer
6447-GORXK,No,0,0.152,Low Risk,Month-to-month,31,DSL,25.0,775.0,0,Credit card
9651-GTSAQ,Yes,0,0.1518,Low Risk,One year,53,Fiber optic,106.1,5623.3,0,Bank transfer
3272-VUHPV,No,0,0.1516,Low Risk,Month-to-month,8,DSL,56.3,450.4,0,Bank transfer
5478-JJVZK,No,0,0.1516,Low Risk,Month-to-month,33,DSL,60.9,2009.7,0,Mailed check
7516-GMHUV,No,0,0.1516,Low Risk,Two year,50,Fiber optic,105.05,5252.5,1,Credit card
9058-HRZSV,No,0,0.1516,Low Risk,Month-to-month,65,Fiber optic,94.4,6136.0,1,Electronic check
6972-SNKKW,No,0,0.1515,Low Risk,Month-to-month,6,No,20.0,120.0,0,Mailed check
1543-LLLFT,No,0,0.1513,Low Risk,One year,61,Fiber optic,98.3,5996.3,1,Mailed check
5197-PYEPU,No,0,0.1512,Low Risk,One year,42,Fiber optic,94.45,3966.9,0,Credit card
3506-LCJDC,Yes,0,0.1512,Low Risk,Month-to-month,1,No,19.95,19.95,0,Bank transfer
9738-QLWTP,No,0,0.151,Low Risk,One year,39,Fiber optic,81.9,3194.1,0,Electronic check
7964-YESJC,No,0,0.1509,Low Risk,Month-to-month,24,DSL,66.3,1591.2,0,Mailed check
2692-AQCPF,No,0,0.1508,Low Risk,One year,65,Fiber optic,108.05,7023.25,0,Credit card
8496-DMZUK,No,0,0.1508,Low Risk,One year,30,Fiber optic,90.4,2712.0,0,Bank transfer
1360-XFJMR,No,0,0.1507,Low Risk,One year,67,Fiber optic,109.7,7349.9,0,Credit card
3786-WOVKF,No,0,0.1506,Low Risk,One year,72,Fiber optic,106.85,7693.2,1,Bank transfer
4323-OHFOW,No,0,0.1505,Low Risk,One year,70,Fiber optic,105.55,7388.5,1,Bank transfer
3570-YUEKJ,No,0,0.1505,Low Risk,Month-to-month,42,DSL,49.55,2081.1,0,Electronic check
2212-LYASK,No,0,0.1504,Low Risk,One year,27,DSL,45.85,1237.95,0,Credit card
2410-CIYFZ,No,0,0.1504,Low Risk,Month-to-month,2,No,20.4,40.8,0,Mailed check
8250-ZNGGW,No,0,0.1502,Low Risk,Month-to-month,5,DSL,59.9,299.5,1,Credit card
4182-BGSIQ,No,0,0.1501,Low Risk,Month-to-month,10,No,19.8,198.0,0,Bank transfer
1545-ACTAS,No,0,0.15,Low Risk,One year,48,Fiber optic,99.7,4785.6,0,Bank transfer
5740-YHGTW,No,0,0.1499,Low Risk,Month-to-month,70,Fiber optic,97.55,6828.5,0,Credit card
5876-HZVZM,Yes,0,0.1498,Low Risk,Month-to-month,6,DSL,55.9,335.4,0,Credit card
9249-FXSCK,Yes,0,0.1497,Low Risk,One year,52,Fiber optic,111.25,5785.0,0,Credit card
6563-VNPMN,No,0,0.1496,Low Risk,Month-to-month,45,Fiber optic,85.7,3856.5,1,Bank transfer
6227-FBDXH,No,0,0.1495,Low Risk,One year,69,Fiber optic,99.5,6865.5,0,Bank transfer
0750-EKNGL,No,0,0.1493,Low Risk,Month-to-month,7,No,20.75,145.25,0,Mailed check
9554-DFKIC,No,0,0.1492,Low Risk,Month-to-month,30,DSL,54.45,1633.5,0,Bank transfer
0206-TBWLC,No,0,0.1489,Low Risk,One year,54,Fiber optic,114.65,6191.1,0,Mailed check
5590-ZSKRV,No,0,0.1489,Low Risk,Month-to-month,8,DSL,54.65,437.2,0,Mailed check
2332-EFBJY,Yes,0,0.1488,Low Risk,Month-to-month,16,No,19.7,315.2,0,Mailed check
7219-TLZHO,No,0,0.1484,Low Risk,Month-to-month,4,No,20.85,83.4,0,Mailed check
5014-WUQMG,No,0,0.1484,Low Risk,One year,47,Fiber optic,96.1,4516.7,0,Electronic check
3156-QLHBO,No,0,0.1483,Low Risk,Month-to-month,2,No,19.25,38.5,0,Mailed check
5989-OMNJE,No,0,0.1481,Low Risk,One year,24,DSL,57.6,1382.4,0,Electronic check
9970-QBCDA,No,0,0.1481,Low Risk,Month-to-month,6,No,19.7,118.2,0,Credit card
2722-VOJQL,Yes,0,0.1479,Low Risk,One year,64,Fiber optic,105.65,6761.6,0,Credit card
9494-BDNNC,No,0,0.1479,Low Risk,One year,66,Fiber optic,95.3,6289.8,0,Electronic check
1142-IHLOO,No,0,0.1478,Low Risk,One year,51,Fiber optic,87.55,4465.05,0,Credit card
7674-YTAFD,No,0,0.1477,Low Risk,One year,33,Fiber optic,79.95,2638.35,0,Bank transfer
2851-MMUTZ,No,0,0.1475,Low Risk,Month-to-month,27,DSL,56.15,1516.05,0,Mailed check
2748-MYRVK,Yes,0,0.1475,Low Risk,One year,63,Fiber optic,99.9,6293.7,0,Bank transfer
0031-PVLZI,Yes,0,0.1475,Low Risk,Month-to-month,4,No,20.35,81.4,0,Mailed check
6156-UZDLF,No,0,0.1473,Low Risk,One year,26,Fiber optic,87.15,2265.9,0,Credit card
1925-GMVBW,No,0,0.1472,Low Risk,Month-to-month,5,No,20.55,102.75,0,Credit card
0620-XEFWH,No,0,0.1472,Low Risk,Month-to-month,4,No,18.85,75.4,0,Mailed check
2898-MRKPI,No,0,0.1471,Low Risk,One year,68,Fiber optic,101.05,6871.4,0,Credit card
0484-FFVBJ,No,0,0.147,Low Risk,One year,32,DSL,64.85,2075.2,0,Bank transfer
0678-RLHVP,No,0,0.147,Low Risk,Two year,53,Fiber optic,105.55,5594.15,0,Electronic check
2969-WGHQO,No,0,0.1468,Low Risk,One year,7,DSL,69.45,486.15,0,Electronic check
3530-CRZSB,No,0,0.1467,Low Risk,Month-to-month,7,No,20.65,144.55,0,Mailed check
4250-ZBWLV,Yes,0,0.1466,Low Risk,One year,68,Fiber optic,108.45,7374.6,0,Electronic check
9364-YKUVW,No,0,0.1465,Low Risk,Month-to-month,15,No,19.8,297.0,0,Mailed check
7787-BNTZM,No,0,0.1465,Low Risk,Month-to-month,6,No,20.15,120.9,0,Bank transfer
6738-ISCBM,No,0,0.1464,Low Risk,One year,44,DSL,54.0,2376.0,0,Electronic check
1009-IRMNA,Yes,0,0.1463,Low Risk,Month-to-month,7,No,20.0,140.0,0,Bank transfer
9609-BENEA,No,0,0.146,Low Risk,One year,35,DSL,69.0,2415.0,0,Electronic check
0621-JFHOL,No,0,0.146,Low Risk,Two year,10,DSL,29.6,296.0,0,Mailed check
1383-EZRWL,Yes,0,0.1455,Low Risk,Month-to-month,7,No,20.05,140.35,0,Mailed check
3999-WRNGR,No,0,0.1454,Low Risk,Month-to-month,60,DSL,49.75,2985.0,0,Electronic check
2959-EEXWB,No,0,0.1453,Low Risk,Month-to-month,45,DSL,50.9,2290.5,0,Bank transfer
5995-OIGLP,Yes,0,0.1452,Low Risk,Month-to-month,12,DSL,56.65,679.8,0,Mailed check
4568-TTZRT,No,0,0.1451,Low Risk,Month-to-month,9,No,20.4,183.6,0,Mailed check
2925-MXLSX,No,0,0.1451,Low Risk,One year,30,DSL,68.95,2068.5,0,Credit card
4895-TMWIR,Yes,0,0.1451,Low Risk,Month-to-month,11,No,19.95,219.45,1,Mailed check
0487-RPVUM,No,0,0.145,Low Risk,Month-to-month,61,Fiber optic,99.4,6063.4,0,Bank transfer
3039-MJSLN,No,0,0.1449,Low Risk,Month-to-month,3,No,20.2,60.6,0,Bank transfer
4083-EUGRJ,Yes,0,0.1448,Low Risk,Month-to-month,9,No,20.25,182.25,0,Mailed check
7080-TNUWP,No,0,0.1447,Low Risk,One year,70,Fiber optic,95.0,6650.0,0,Bank transfer
5766-XQXMQ,Yes,0,0.1442,Low Risk,Month-to-month,29,DSL,68.85,1996.65,0,Bank transfer
2320-YKQBO,No,0,0.1441,Low Risk,Month-to-month,7,No,19.3,135.1,0,Mailed check
5151-HQRDG,No,0,0.144,Low Risk,Month-to-month,37,DSL,55.05,2036.85,0,Mailed check
1465-WCZVT,No,0,0.1438,Low Risk,Month-to-month,3,No,19.65,58.95,0,Mailed check
7845-URHJN,Yes,0,0.1438,Low Risk,Month-to-month,8,No,20.15,161.2,0,Bank transfer
6008-NAIXK,No,0,0.1433,Low Risk,One year,54,DSL,55.45,2994.3,1,Electronic check
7382-DFJTU,No,0,0.1432,Low Risk,Month-to-month,18,DSL,55.2,993.6,0,Credit card
8878-RYUKI,No,0,0.1432,Low Risk,Month-to-month,52,DSL,59.45,3091.4,0,Electronic check
1309-XGFSN,No,0,0.1432,Low Risk,One year,52,DSL,80.85,4204.2,1,Electronic check
7785-RDVIG,No,0,0.1432,Low Risk,Month-to-month,3,No,19.3,57.9,0,Mailed check
7361-YPXFS,No,0,0.1425,Low Risk,Month-to-month,28,DSL,64.45,1804.6,1,Bank transfer
1810-BOHSY,No,0,0.1425,Low Risk,One year,51,Fiber optic,96.4,4916.4,0,Credit card
4274-DRSQT,No,0,0.1425,Low Risk,One year,66,Fiber optic,88.9,5867.4,0,Bank transfer
5985-BEHZK,No,0,0.1424,Low Risk,One year,72,Fiber optic,105.0,7560.0,1,Credit card
1257-SXUXQ,No,0,0.1424,Low Risk,Month-to-month,5,No,19.45,97.25,0,Mailed check
8849-GYOKR,Yes,0,0.1423,Low Risk,One year,54,Fiber optic,106.55,5753.7,0,Bank transfer
0594-UFTUL,No,0,0.1422,Low Risk,Month-to-month,13,No,19.85,258.05,0,Mailed check
4946-EDSEW,Yes,0,0.1421,Low Risk,Month-to-month,11,No,19.25,211.75,0,Mailed check
5440-VHLUL,No,0,0.142,Low Risk,One year,69,Fiber optic,105.2,7258.8,0,Bank transfer
8375-KVTHK,No,0,0.142,Low Risk,One year,68,Fiber optic,100.3,6820.4,0,Electronic check
8224-IVVPA,No,0,0.1419,Low Risk,Month-to-month,27,DSL,56.7,1530.9,0,Mailed check
4701-AHWMW,Yes,0,0.1419,Low Risk,Month-to-month,55,DSL,54.55,3000.25,0,Bank transfer
1208-DNHLN,Yes,0,0.1419,Low Risk,One year,23,DSL,48.35,1112.05,0,Credit card
8849-PRIQJ,No,0,0.1419,Low Risk,One year,67,Fiber optic,109.4,7329.8,0,Electronic check
6728-DKUCO,No,0,0.1417,Low Risk,One year,72,Fiber optic,104.15,7498.8,0,Electronic check
9391-DXGGG,No,0,0.1416,Low Risk,One year,44,Fiber optic,89.15,3922.6,1,Credit card
1573-LGXBA,No,0,0.1415,Low Risk,One year,57,Fiber optic,97.55,5560.35,0,Credit card
2908-ZTPNF,No,0,0.1414,Low Risk,Month-to-month,36,DSL,34.85,1254.6,0,Bank transfer
8080-POTJR,No,0,0.1413,Low Risk,One year,30,DSL,79.3,2379.0,0,Credit card
5832-EXGTT,No,0,0.1412,Low Risk,Month-to-month,29,DSL,60.2,1745.8,0,Mailed check
9092-GDZKO,No,0,0.1411,Low Risk,Month-to-month,22,No,24.85,546.7,0,Credit card
7094-MSZAO,No,0,0.141,Low Risk,Month-to-month,10,No,20.05,200.5,0,Credit card
6505-OZNPG,No,0,0.1406,Low Risk,Two year,6,DSL,63.4,380.4,0,Mailed check
5968-XQIVE,No,0,0.1401,Low Risk,One year,72,Fiber optic,89.7,6458.4,0,Electronic check
1991-VOPLL,No,0,0.1401,Low Risk,Month-to-month,9,No,19.05,171.45,0,Mailed check
2019-HDCZY,No,0,0.1401,Low Risk,Two year,63,Fiber optic,102.6,6463.8,0,Electronic check
3275-RHRNE,No,0,0.1401,Low Risk,One year,28,DSL,60.0,1680.0,0,Credit card
6341-AEVKX,No,0,0.14,Low Risk,One year,62,Fiber optic,104.3,6466.6,0,Electronic check
4476-OSWTN,No,0,0.1399,Low Risk,One year,69,Fiber optic,110.55,7627.95,1,Mailed check
9036-CSKBW,No,0,0.1397,Low Risk,One year,51,Fiber optic,107.45,5479.95,0,Bank transfer
4472-LVYGI,No,0,0.1397,Low Risk,Two year,0,DSL,52.55,0.0,0,Bank transfer
3086-RUCRN,No,0,0.1393,Low Risk,Month-to-month,66,Fiber optic,103.1,6804.6,0,Bank transfer
4132-POCZS,No,0,0.139,Low Risk,Month-to-month,52,DSL,39.9,2074.8,0,Electronic check
4079-VTGLK,No,0,0.1387,Low Risk,Two year,30,DSL,74.85,2245.5,1,Electronic check
7824-PANSQ,No,0,0.1385,Low Risk,Month-to-month,58,Fiber optic,80.65,4677.7,0,Bank transfer
5913-INRQV,No,0,0.1383,Low Risk,One year,34,Fiber optic,90.15,3065.1,1,Mailed check
8216-AZUUZ,No,0,0.1383,Low Risk,Two year,42,Fiber optic,100.4,4216.8,0,Electronic check
6906-MPARY,No,0,0.1383,Low Risk,One year,40,Fiber optic,89.6,3584.0,0,Credit card
5966-EMAZU,No,0,0.1382,Low Risk,One year,64,Fiber optic,108.5,6944.0,0,Mailed check
6202-JVYEU,No,0,0.1382,Low Risk,One year,9,No,19.9,179.1,0,Electronic check
6979-TNDEU,No,0,0.1381,Low Risk,Month-to-month,8,No,19.2,153.6,0,Mailed check
7879-CGSFV,No,0,0.1381,Low Risk,One year,55,Fiber optic,100.9,5549.5,0,Mailed check
8944-AILEF,No,0,0.138,Low Risk,Month-to-month,15,No,19.45,291.75,0,Credit card
4418-LZMSV,No,0,0.1379,Low Risk,Month-to-month,13,DSL,61.8,803.4,0,Bank transfer
6214-EDAKZ,Yes,0,0.1379,Low Risk,Month-to-month,22,DSL,55.15,1213.3,0,Electronic check
4580-TMHJU,Yes,0,0.1378,Low Risk,Month-to-month,43,DSL,56.15,2414.45,0,Electronic check
4450-MDZFX,No,0,0.1377,Low Risk,Month-to-month,60,Fiber optic,74.35,4461.0,0,Bank transfer
5732-IKGQH,No,0,0.1376,Low Risk,One year,52,Fiber optic,104.45,5431.4,1,Bank transfer
1376-HHBDV,No,0,0.1375,Low Risk,Month-to-month,30,DSL,48.8,1464.0,0,Mailed check
9591-YVTEB,No,0,0.1375,Low Risk,Month-to-month,55,DSL,44.85,2466.75,1,Electronic check
3865-ZYKAD,No,0,0.1374,Low Risk,Month-to-month,69,Fiber optic,84.9,5858.1,1,Credit card
8627-EHGIP,Yes,0,0.1373,Low Risk,One year,44,DSL,53.95,2373.8,0,Mailed check
1017-FBQMM,No,0,0.1372,Low Risk,One year,62,Fiber optic,106.05,6575.1,0,Credit card
3724-UCSHY,No,0,0.1368,Low Risk,Month-to-month,6,No,19.55,117.3,0,Mailed check
3316-UWXUY,No,0,0.1367,Low Risk,Month-to-month,50,Fiber optic,93.5,4675.0,0,Credit card
0136-IFMYD,No,0,0.1366,Low Risk,Two year,69,Fiber optic,109.95,7586.55,1,Electronic check
0305-SQECB,No,0,0.1364,Low Risk,One year,11,DSL,36.05,396.55,0,Mailed check
9798-DRYDS,No,0,0.1361,Low Risk,One year,17,DSL,61.95,1053.15,0,Mailed check
0310-VQXAM,No,0,0.1359,Low Risk,Month-to-month,9,No,19.85,178.65,0,Mailed check
2001-MCUUW,No,0,0.1359,Low Risk,Two year,46,Fiber optic,108.65,4997.9,0,Electronic check
6749-UTDVX,No,0,0.1359,Low Risk,Two year,72,Fiber optic,103.65,7462.8,0,Electronic check
4332-MUOEZ,No,0,0.1358,Low Risk,One year,20,Fiber optic,94.3,1886.0,1,Credit card
1304-SEGFY,No,0,0.1358,Low Risk,Two year,72,Fiber optic,97.85,7045.2,0,Electronic check
3011-WQKSZ,No,0,0.1357,Low Risk,Month-to-month,19,No,20.0,380.0,0,Electronic check
4926-UMJZD,No,0,0.1354,Low Risk,Month-to-month,31,DSL,49.2,1525.2,0,Mailed check
3642-GKTCT,No,0,0.1354,Low Risk,One year,61,Fiber optic,115.1,7021.1,0,Mailed check
7777-UNYHB,No,0,0.1354,Low Risk,Month-to-month,12,No,20.1,241.2,0,Credit card
5376-PCKNB,No,0,0.1353,Low Risk,One year,72,Fiber optic,104.45,7520.4,0,Credit card
9115-YQHGA,No,0,0.1352,Low Risk,Month-to-month,40,DSL,51.1,2044.0,0,Electronic check
2791-SFVEW,No,0,0.135,Low Risk,Month-to-month,9,No,20.15,181.35,0,Bank transfer
6164-HXUGH,No,0,0.135,Low Risk,Month-to-month,6,No,19.85,119.1,0,Mailed check
2923-ARZLG,No,0,0.135,Low Risk,One year,0,No,19.7,0.0,0,Mailed check
1237-WIYYZ,No,0,0.1345,Low Risk,Month-to-month,18,No,19.55,351.9,0,Mailed check
6278-FEPBZ,No,0,0.1344,Low Risk,Month-to-month,9,No,20.25,182.25,0,Mailed check
0665-XHDJU,No,0,0.1344,Low Risk,Two year,72,Fiber optic,99.4,7156.8,0,Electronic check
4816-OKWNX,No,0,0.1343,Low Risk,One year,50,Fiber optic,103.4,5170.0,0,Bank transfer
2233-TXSIU,No,0,0.1343,Low Risk,One year,17,DSL,44.45,755.65,0,Credit card
7964-ZRKKG,No,0,0.1343,Low Risk,One year,67,Fiber optic,88.4,5922.8,0,Bank transfer
5863-OOKCL,No,0,0.1341,Low Risk,Month-to-month,10,No,18.85,188.5,0,Mailed check
7623-HKYRK,No,0,0.134,Low Risk,Month-to-month,6,No,19.7,118.2,0,Mailed check
4719-UMSIY,No,0,0.134,Low Risk,Month-to-month,6,No,19.65,117.9,0,Mailed check
1345-GKDZZ,No,0,0.1338,Low Risk,Month-to-month,6,No,19.55,117.3,0,Mailed check
7727-SHVZV,No,0,0.1338,Low Risk,Month-to-month,9,No,19.5,175.5,0,Bank transfer
9932-WBWIK,No,0,0.1336,Low Risk,Month-to-month,11,No,20.35,223.85,0,Mailed check
7989-AWGEH,No,0,0.1335,Low Risk,Month-to-month,49,DSL,39.2,1920.8,0,Electronic check
0810-BDHAW,No,0,0.1335,Low Risk,One year,24,DSL,78.4,1881.6,0,Electronic check
3126-WQMGH,No,0,0.1334,Low Risk,Month-to-month,49,DSL,52.15,2555.35,0,Credit card
2371-JUNGC,No,0,0.1334,Low Risk,Month-to-month,11,No,20.25,222.75,0,Mailed check
7789-CRUVC,No,0,0.1333,Low Risk,Month-to-month,61,Fiber optic,94.2,5746.2,1,Credit card
1179-INLAT,No,0,0.1332,Low Risk,One year,3,No,19.45,58.35,0,Mailed check
8561-NMTBD,No,0,0.1332,Low Risk,One year,67,Fiber optic,112.35,7527.45,0,Credit card
3752-CQSJI,No,0,0.1331,Low Risk,Month-to-month,13,No,20.45,265.85,0,Mailed check
5396-IZEPB,No,0,0.1331,Low Risk,Month-to-month,9,No,19.7,177.3,0,Credit card
9746-MDMBK,No,0,0.1331,Low Risk,One year,47,Fiber optic,113.45,5332.15,0,Bank transfer
5566-SOEZD,No,0,0.1328,Low Risk,One year,27,Fiber optic,80.65,2177.55,0,Credit card
9504-DSHWM,No,0,0.1326,Low Risk,Month-to-month,20,DSL,59.2,1184.0,0,Bank transfer
9294-TDIPC,No,0,0.1326,Low Risk,Month-to-month,5,No,20.2,101.0,0,Mailed check
0655-YDGFJ,No,0,0.1325,Low Risk,Month-to-month,29,DSL,48.95,1419.55,0,Bank transfer
1140-UKVZG,No,0,0.1324,Low Risk,Month-to-month,17,No,24.8,421.6,0,Mailed check
4732-RRJZC,No,0,0.1324,Low Risk,Month-to-month,7,No,20.25,141.75,0,Mailed check
8634-CILSZ,Yes,0,0.1322,Low Risk,One year,69,Fiber optic,104.7,7224.3,0,Bank transfer
0396-UKGAI,No,0,0.1321,Low Risk,Month-to-month,23,DSL,55.3,1271.9,0,Bank transfer
5678-VFNEQ,No,0,0.132,Low Risk,One year,71,Fiber optic,104.1,7391.1,0,Credit card
3070-BDOQC,No,0,0.132,Low Risk,Two year,60,Fiber optic,99.65,5979.0,0,Electronic check
0787-LHDYT,No,0,0.1318,Low Risk,Month-to-month,16,No,20.6,329.6,0,Credit card
6732-FZUGP,No,0,0.1317,Low Risk,One year,47,Fiber optic,94.9,4460.3,0,Credit card
5640-CAXOA,No,0,0.1315,Low Risk,One year,30,DSL,40.35,1210.5,0,Credit card
2294-SALNE,No,0,0.1315,Low Risk,One year,23,Fiber optic,86.8,1996.4,0,Mailed check
3253-HKOKL,No,0,0.1314,Low Risk,One year,52,Fiber optic,100.3,5215.6,0,Electronic check
0257-KXZGU,No,0,0.1313,Low Risk,Month-to-month,32,DSL,62.45,1998.4,0,Bank transfer
6286-ZHAOK,No,0,0.1312,Low Risk,Month-to-month,20,No,25.55,511.0,0,Bank transfer
5533-RJFTJ,No,0,0.1312,Low Risk,Month-to-month,49,DSL,30.2,1479.8,0,Bank transfer
6092-QZVPP,No,0,0.1311,Low Risk,Month-to-month,36,DSL,79.2,2851.2,0,Credit card
8671-KKKOS,No,0,0.131,Low Risk,Month-to-month,46,DSL,45.55,2095.3,0,Electronic check
9495-REDIY,No,0,0.131,Low Risk,One year,25,DSL,40.65,1016.25,0,Credit card
8905-IAZPF,No,0,0.1306,Low Risk,One year,69,Fiber optic,95.65,6599.85,0,Credit card
2696-ECXKC,No,0,0.1305,Low Risk,One year,55,Fiber optic,100.9,5549.5,0,Mailed check
5774-XZTQC,No,0,0.1305,Low Risk,Month-to-month,7,No,20.45,143.15,0,Mailed check
2739-CCZMB,No,0,0.1304,Low Risk,Month-to-month,5,No,20.35,101.75,0,Credit card
4422-QVIJA,No,0,0.1304,Low Risk,Month-to-month,35,DSL,50.15,1755.25,0,Mailed check
0696-UKTOX,No,0,0.1304,Low Risk,Month-to-month,23,DSL,54.15,1245.45,0,Electronic check
2530-FMFXO,No,0,0.1302,Low Risk,Two year,56,Fiber optic,103.2,5779.2,0,Electronic check
4455-BFSPD,No,0,0.1302,Low Risk,One year,61,Fiber optic,101.15,6170.15,0,Bank transfer
5353-WILCI,No,0,0.1296,Low Risk,Month-to-month,28,DSL,56.05,1569.4,0,Electronic check
7632-MNYOY,Yes,0,0.1295,Low Risk,One year,66,Fiber optic,110.9,7319.4,1,Credit card
2796-UUZZO,No,0,0.1295,Low Risk,Month-to-month,63,Fiber optic,80.3,5058.9,0,Credit card
8984-EYLLL,No,0,0.1293,Low Risk,Two year,64,Fiber optic,105.25,6736.0,0,Electronic check
5285-MVEHD,No,0,0.1291,Low Risk,One year,56,Fiber optic,105.6,5913.6,0,Credit card
5616-PRTNT,Yes,0,0.1289,Low Risk,Month-to-month,20,No,19.4,388.0,0,Electronic check
0750-EBAIU,No,0,0.1288,Low Risk,One year,52,Fiber optic,91.25,4745.0,0,Electronic check
2234-XADUH,No,0,0.1285,Low Risk,One year,72,Fiber optic,103.2,7430.4,0,Credit card
3391-JSQEW,No,0,0.1284,Low Risk,Month-to-month,40,DSL,50.15,2006.0,0,Mailed check
4829-ZLJTK,No,0,0.1283,Low Risk,Two year,72,Fiber optic,112.4,8092.8,1,Electronic check
8942-DBMHZ,No,0,0.1283,Low Risk,Month-to-month,12,No,20.45,245.4,0,Mailed check
5555-RNPGT,No,0,0.1283,Low Risk,Month-to-month,10,No,24.8,248.0,0,Credit card
0233-FTHAV,No,0,0.1282,Low Risk,One year,60,Fiber optic,79.2,4752.0,0,Bank transfer
5176-LDKUH,No,0,0.1281,Low Risk,One year,48,Fiber optic,75.15,3607.2,0,Electronic check
8851-RAGOV,No,0,0.1279,Low Risk,Month-to-month,25,DSL,71.05,1776.25,0,Mailed check
1389-WNUIB,No,0,0.1278,Low Risk,One year,20,DSL,76.0,1520.0,0,Bank transfer
2428-ZMCTB,No,0,0.1277,Low Risk,Month-to-month,10,No,19.75,197.5,0,Credit card
2558-BUOZZ,No,0,0.1277,Low Risk,One year,47,Fiber optic,94.8,4455.6,0,Bank transfer
6035-RIIOM,No,0,0.1276,Low Risk,Two year,54,Fiber optic,97.2,5248.8,0,Bank transfer
7105-MXJLL,No,0,0.1275,Low Risk,One year,26,DSL,60.7,1578.2,1,Mailed check
6198-PNNSZ,No,0,0.1275,Low Risk,One year,56,Fiber optic,109.8,6148.8,0,Bank transfer
6994-FGRHH,No,0,0.1274,Low Risk,One year,70,Fiber optic,106.15,7430.5,0,Electronic check
3680-CTHUH,No,0,0.1273,Low Risk,One year,60,Fiber optic,116.6,6996.0,0,Credit card
2452-SNHFZ,No,0,0.1273,Low Risk,Month-to-month,47,Fiber optic,75.45,3546.15,0,Credit card
1428-IEDPR,No,0,0.1273,Low Risk,Two year,52,Fiber optic,109.3,5683.6,0,Electronic check
8910-ICHIU,No,0,0.1273,Low Risk,One year,46,Fiber optic,95.65,4399.9,0,Credit card
3863-IUBJR,Yes,0,0.1272,Low Risk,One year,12,DSL,53.65,643.8,0,Credit card
3633-CDBUW,No,0,0.1271,Low Risk,One year,17,DSL,80.85,1374.45,0,Electronic check
3077-RSNTJ,No,0,0.127,Low Risk,Month-to-month,6,No,19.7,118.2,0,Mailed check
4020-KIUDI,No,0,0.127,Low Risk,Month-to-month,6,No,19.85,119.1,0,Credit card
8465-SBRXP,No,0,0.127,Low Risk,Two year,38,Fiber optic,94.9,3606.2,0,Bank transfer
6837-HAEVO,No,0,0.127,Low Risk,Two year,69,Fiber optic,105.0,7245.0,0,Electronic check
8929-KSWIH,No,0,0.127,Low Risk,Two year,25,Fiber optic,99.3,2482.5,0,Bank transfer
4776-XSKYQ,No,0,0.1268,Low Risk,One year,12,DSL,30.25,363.0,0,Credit card
6873-UDNLD,No,0,0.1267,Low Risk,Month-to-month,40,DSL,67.45,2698.0,0,Electronic check
5168-MQQCA,No,0,0.1266,Low Risk,One year,72,Fiber optic,108.5,7812.0,0,Bank transfer
8769-KKTPH,No,0,0.1265,Low Risk,One year,63,Fiber optic,99.65,6277.95,0,Credit card
9786-IJYDL,No,0,0.1264,Low Risk,Two year,35,Fiber optic,113.2,3962.0,0,Mailed check
0128-MKWSG,No,0,0.1264,Low Risk,Month-to-month,26,DSL,45.8,1190.8,0,Mailed check
3128-YOVTD,No,0,0.1262,Low Risk,Month-to-month,51,Fiber optic,79.15,4036.65,0,Bank transfer
1202-KKGFU,No,0,0.1261,Low Risk,Month-to-month,12,DSL,54.2,650.4,0,Bank transfer
9929-PLVPA,No,0,0.1261,Low Risk,Month-to-month,4,No,20.4,81.6,0,Credit card
0931-MHTEM,No,0,0.1261,Low Risk,One year,54,Fiber optic,100.05,5402.7,0,Credit card
1539-LNKHM,No,0,0.1261,Low Risk,Month-to-month,12,No,20.4,244.8,0,Mailed check
5651-CRHKQ,No,0,0.1261,Low Risk,One year,41,Fiber optic,86.2,3534.2,0,Bank transfer
6838-HVLXG,No,0,0.1259,Low Risk,Month-to-month,12,No,20.3,243.6,0,Mailed check
8199-ZLLSA,Yes,0,0.1259,Low Risk,One year,67,Fiber optic,118.35,7929.45,0,Bank transfer
5149-CUZUJ,No,0,0.1258,Low Risk,One year,28,Fiber optic,92.9,2601.2,0,Bank transfer
1950-KSVVJ,No,0,0.1256,Low Risk,One year,45,Fiber optic,113.3,5098.5,0,Mailed check
0824-VWDPO,No,0,0.1256,Low Risk,One year,45,Fiber optic,96.75,4353.75,0,Bank transfer
9367-TCUYN,No,0,0.1255,Low Risk,Month-to-month,12,No,20.1,241.2,0,Mailed check
9357-UJRUN,No,0,0.1255,Low Risk,One year,24,DSL,58.35,1400.4,0,Electronic check
4525-VZCZG,No,0,0.1254,Low Risk,One year,54,Fiber optic,105.85,5715.9,0,Electronic check
0345-XMMUG,No,0,0.1254,Low Risk,Two year,46,Fiber optic,108.9,5009.4,0,Credit card
1400-WIVLL,No,0,0.1253,Low Risk,Two year,57,Fiber optic,107.95,6153.15,0,Electronic check
5996-NRVXR,No,0,0.1252,Low Risk,One year,40,Fiber optic,98.15,3926.0,1,Credit card
4023-RTIQM,No,0,0.1252,Low Risk,One year,31,DSL,50.4,1562.4,1,Credit card
3038-PQIUY,No,0,0.125,Low Risk,Month-to-month,38,DSL,66.15,2513.7,0,Bank transfer
4622-YNKIJ,No,0,0.125,Low Risk,Two year,33,Fiber optic,88.95,2935.35,0,Electronic check
0447-BEMNG,Yes,0,0.125,Low Risk,Month-to-month,48,DSL,45.3,2174.4,0,Bank transfer
9256-JTBNZ,No,0,0.1245,Low Risk,Month-to-month,11,No,20.3,223.3,0,Bank transfer
6674-KVJHG,No,0,0.1244,Low Risk,One year,11,No,25.2,277.2,0,Electronic check
1850-AKQEP,No,0,0.1244,Low Risk,Month-to-month,8,No,20.35,162.8,0,Mailed check
7013-PSXHK,No,0,0.1243,Low Risk,One year,40,DSL,80.75,3230.0,0,Mailed check
4742-DRORA,No,0,0.1242,Low Risk,One year,60,Fiber optic,95.4,5724.0,0,Bank transfer
0098-BOWSO,No,0,0.1241,Low Risk,Month-to-month,27,No,19.4,523.8,0,Electronic check
9522-ZSINC,No,0,0.1241,Low Risk,One year,13,No,19.95,259.35,0,Electronic check
3865-YIOTT,No,0,0.124,Low Risk,One year,72,Fiber optic,106.1,7639.2,0,Bank transfer
0142-GVYSN,No,0,0.1239,Low Risk,Month-to-month,26,No,20.3,527.8,0,Electronic check
1163-ONYEY,No,0,0.1239,Low Risk,Month-to-month,41,DSL,74.55,3056.55,0,Credit card
3012-VFFMN,No,0,0.1234,Low Risk,Month-to-month,7,No,20.65,144.55,0,Mailed check
1353-GHZOS,No,0,0.1233,Low Risk,One year,22,DSL,59.75,1314.5,0,Bank transfer
2931-XIQBR,No,0,0.1233,Low Risk,One year,50,Fiber optic,103.05,5152.5,0,Mailed check
6840-RESVB,No,0,0.1231,Low Risk,One year,24,DSL,84.8,2035.2,0,Mailed check
0516-UXRMT,No,0,0.1231,Low Risk,One year,62,Fiber optic,92.05,5707.1,0,Electronic check
4002-BQWPQ,No,0,0.1231,Low Risk,Month-to-month,25,DSL,81.75,2043.75,0,Bank transfer
5193-QLVZB,No,0,0.1231,Low Risk,Two year,63,Fiber optic,104.75,6599.25,0,Bank transfer
2972-YDYUW,No,0,0.123,Low Risk,One year,57,Fiber optic,94.7,5397.9,0,Electronic check
5837-LXSDN,No,0,0.1229,Low Risk,One year,21,DSL,58.85,1235.85,0,Credit card
2001-EWBQU,No,0,0.1229,Low Risk,Two year,60,Fiber optic,104.7,6282.0,0,Electronic check
5013-SBUIH,Yes,0,0.1228,Low Risk,Two year,50,Fiber optic,109.65,5482.5,0,Electronic check
6981-TDRFT,No,0,0.1227,Low Risk,One year,44,DSL,54.3,2389.2,0,Electronic check
5832-TRLPB,No,0,0.1227,Low Risk,One year,29,DSL,75.35,2185.15,0,Bank transfer
4726-DLWQN,No,0,0.1225,Low Risk,Month-to-month,50,DSL,70.35,3517.5,1,Bank transfer
8894-JVDCV,No,0,0.1225,Low Risk,One year,62,Fiber optic,115.05,7133.1,0,Credit card
2294-DMMUS,No,0,0.1224,Low Risk,Month-to-month,62,DSL,70.45,4367.9,0,Credit card
7311-MQJCH,No,0,0.1222,Low Risk,One year,5,No,19.55,97.75,0,Electronic check
2023-VQFDL,No,0,0.1221,Low Risk,Month-to-month,18,No,19.0,342.0,0,Electronic check
4830-FAXFM,No,0,0.1221,Low Risk,Month-to-month,19,No,24.1,457.9,0,Credit card
6900-RBKER,No,0,0.1221,Low Risk,Two year,52,Fiber optic,89.45,4651.4,0,Credit card
6302-JGYRJ,Yes,0,0.1218,Low Risk,One year,31,DSL,79.45,2462.95,0,Mailed check
3623-FQBOX,No,0,0.1214,Low Risk,Month-to-month,21,No,19.95,418.95,0,Mailed check
4489-SNOJF,Yes,0,0.1213,Low Risk,Month-to-month,35,DSL,72.25,2528.75,0,Electronic check
1095-WGNGG,No,0,0.1211,Low Risk,Two year,61,Fiber optic,101.05,6164.05,0,Bank transfer
4163-KIUHY,No,0,0.121,Low Risk,Month-to-month,35,No,25.6,896.0,0,Electronic check
0380-ZCSBI,No,0,0.1208,Low Risk,Month-to-month,10,No,20.0,200.0,0,Credit card
5240-CAOYT,No,0,0.1205,Low Risk,Month-to-month,57,Fiber optic,87.55,4990.35,0,Bank transfer
8401-EMUWF,No,0,0.1204,Low Risk,Month-to-month,42,DSL,69.4,2914.8,0,Bank transfer
4119-ZYPZY,No,0,0.1204,Low Risk,Two year,71,Fiber optic,106.8,7582.8,1,Electronic check
5084-OOVCJ,No,0,0.1204,Low Risk,Month-to-month,17,DSL,55.35,940.95,0,Credit card
2202-OUTMO,No,0,0.1203,Low Risk,Month-to-month,34,DSL,60.85,2068.9,0,Bank transfer
1921-KYSAY,No,0,0.1202,Low Risk,One year,41,DSL,68.6,2812.6,0,Electronic check
7572-KPVKK,No,0,0.1201,Low Risk,Two year,62,Fiber optic,104.05,6451.1,0,Electronic check
8904-OPDCK,No,0,0.12,Low Risk,Month-to-month,54,DSL,24.95,1347.3,1,Bank transfer
5756-JYOJT,No,0,0.12,Low Risk,One year,11,DSL,64.9,713.9,0,Credit card
6333-YDVLT,No,0,0.1199,Low Risk,One year,65,Fiber optic,110.0,7150.0,0,Credit card
9146-JRIOX,No,0,0.1198,Low Risk,Month-to-month,14,No,25.55,357.7,0,Mailed check
3181-MIZBN,No,0,0.1197,Low Risk,Month-to-month,16,No,19.75,316.0,0,Electronic check
6794-HKIAJ,No,0,0.1197,Low Risk,Month-to-month,62,Fiber optic,90.7,5623.4,0,Bank transfer
8845-LWKGE,No,0,0.1195,Low Risk,One year,30,DSL,64.5,1935.0,0,Electronic check
6778-EICRF,No,0,0.1193,Low Risk,One year,24,DSL,74.8,1795.2,0,Mailed check
9575-IWCAZ,No,0,0.1193,Low Risk,One year,6,No,25.1,150.6,0,Mailed check
2324-EFHVG,No,0,0.1192,Low Risk,Two year,64,Fiber optic,104.4,6681.6,0,Bank transfer
0297-RBCSG,No,0,0.1192,Low Risk,One year,19,DSL,65.35,1241.65,0,Bank transfer
0997-YTLNY,No,0,0.1189,Low Risk,Month-to-month,19,DSL,48.8,927.2,0,Mailed check
8963-MQVYN,No,0,0.1188,Low Risk,Month-to-month,22,No,20.55,452.1,0,Electronic check
8213-TAZPM,No,0,0.1187,Low Risk,One year,69,Fiber optic,108.75,7503.75,0,Bank transfer
6865-JZNKO,No,0,0.1186,Low Risk,Month-to-month,30,DSL,55.3,1659.0,0,Bank transfer
3256-EZDBI,No,0,0.1183,Low Risk,Month-to-month,51,DSL,29.45,1501.95,1,Credit card
9114-VEPUF,No,0,0.118,Low Risk,One year,62,Fiber optic,96.1,5958.2,0,Electronic check
2882-DDZPG,No,0,0.1179,Low Risk,Month-to-month,12,No,19.45,233.4,0,Bank transfer
7531-GQHME,No,0,0.1179,Low Risk,Month-to-month,12,No,20.05,240.6,0,Credit card
2801-NISEI,No,0,0.1178,Low Risk,Month-to-month,24,DSL,54.95,1318.8,0,Electronic check
9086-YJYXS,No,0,0.1177,Low Risk,One year,34,DSL,77.2,2624.8,0,Bank transfer
6297-NOOPG,No,0,0.1176,Low Risk,Two year,70,Fiber optic,110.5,7735.0,0,Electronic check
1563-IWQEX,No,0,0.1176,Low Risk,Month-to-month,12,No,19.7,236.4,0,Mailed check
5081-NWSUP,No,0,0.1176,Low Risk,One year,10,DSL,64.9,649.0,0,Mailed check
6465-GSRCL,No,0,0.1175,Low Risk,One year,67,Fiber optic,106.6,7142.2,0,Bank transfer
8474-UMLNT,No,0,0.1173,Low Risk,Month-to-month,13,DSL,67.8,881.4,0,Bank transfer
9839-ETQOE,No,0,0.1173,Low Risk,Month-to-month,43,DSL,40.45,1739.35,0,Electronic check
2931-VUVJN,No,0,0.1172,Low Risk,One year,59,Fiber optic,94.05,5548.95,1,Electronic check
3318-ISQFQ,No,0,0.1172,Low Risk,Month-to-month,20,No,19.5,390.0,0,Bank transfer
3750-RNQKR,No,0,0.1171,Low Risk,Month-to-month,12,No,19.45,233.4,0,Mailed check
4683-WYDOU,No,0,0.117,Low Risk,Two year,62,Fiber optic,107.6,6671.2,0,Bank transfer
3061-BCKYI,No,0,0.117,Low Risk,Month-to-month,14,No,19.9,278.6,0,Mailed check
0076-LVEPS,No,0,0.1169,Low Risk,Month-to-month,29,DSL,45.0,1305.0,0,Mailed check
9633-DENPU,No,0,0.1168,Low Risk,Month-to-month,47,DSL,58.6,2754.2,0,Bank transfer
1045-LTCYT,No,0,0.1167,Low Risk,Month-to-month,8,No,21.05,168.4,0,Credit card
4282-MSACW,No,0,0.1166,Low Risk,One year,68,Fiber optic,117.2,7969.6,0,Credit card
4801-KFYKL,No,0,0.1165,Low Risk,Month-to-month,8,No,19.45,155.6,0,Bank transfer
2466-NEJOJ,No,0,0.1165,Low Risk,Month-to-month,8,No,19.65,157.2,0,Credit card
8457-XIGKN,No,0,0.1164,Low Risk,Month-to-month,20,No,19.6,392.0,0,Credit card
4429-WYGFR,No,0,0.1163,Low Risk,Month-to-month,26,DSL,49.15,1277.9,0,Bank transfer
1346-PJWTK,No,0,0.1162,Low Risk,Month-to-month,61,Fiber optic,94.15,5743.15,0,Credit card
8017-UVSZU,No,0,0.116,Low Risk,Month-to-month,40,DSL,56.6,2264.0,0,Credit card
9546-KDTRB,No,0,0.1155,Low Risk,Month-to-month,19,No,24.7,469.3,0,Bank transfer
9896-UYMIE,No,0,0.1153,Low Risk,One year,66,Fiber optic,114.3,7543.8,0,Bank transfer
4355-CVPVS,No,0,0.1152,Low Risk,One year,56,Fiber optic,88.9,4978.4,0,Bank transfer
4713-ZBURT,No,0,0.1151,Low Risk,Two year,45,Fiber optic,99.7,4486.5,0,Bank transfer
6784-XYJAE,No,0,0.1151,Low Risk,One year,36,DSL,55.8,2008.8,0,Electronic check
3104-OWCGK,Yes,0,0.115,Low Risk,One year,60,Fiber optic,90.95,5457.0,0,Electronic check
0835-JKADZ,No,0,0.1148,Low Risk,Two year,71,Fiber optic,111.25,7898.75,0,Electronic check
7148-XZPHA,No,0,0.1147,Low Risk,Month-to-month,55,Fiber optic,79.4,4367.0,0,Electronic check
2889-FPWRM,Yes,0,0.1147,Low Risk,One year,72,Fiber optic,117.8,8481.6,0,Bank transfer
2717-HVIZY,No,0,0.1147,Low Risk,Month-to-month,8,No,20.05,160.4,0,Mailed check
8591-NXRCV,No,0,0.1147,Low Risk,Month-to-month,41,DSL,74.65,3060.65,0,Bank transfer
9867-NNXLC,No,0,0.1146,Low Risk,Month-to-month,22,No,20.05,441.1,0,Mailed check
5921-NGYRH,No,0,0.1146,Low Risk,Month-to-month,64,Fiber optic,73.55,4707.2,0,Mailed check
4694-PHWFW,No,0,0.1146,Low Risk,Month-to-month,8,No,19.95,159.6,0,Mailed check
2307-FYNNL,No,0,0.1144,Low Risk,Two year,65,Fiber optic,109.05,7088.25,1,Electronic check
1925-LFCZZ,No,0,0.1144,Low Risk,One year,55,DSL,50.05,2752.75,1,Bank transfer
9770-KXGQU,No,0,0.1143,Low Risk,One year,53,Fiber optic,98.6,5225.8,0,Mailed check
3714-XPXBW,No,0,0.1143,Low Risk,Month-to-month,37,DSL,78.9,2919.3,0,Credit card
8947-YRTDV,No,0,0.1142,Low Risk,One year,32,Fiber optic,94.8,3033.6,0,Mailed check
0815-MFZGM,No,0,0.1139,Low Risk,Two year,42,Fiber optic,99.0,4158.0,0,Credit card
4623-ZKHLY,No,0,0.1138,Low Risk,Month-to-month,22,No,20.45,449.9,0,Bank transfer
7666-WKRON,Yes,0,0.1137,Low Risk,Two year,39,Fiber optic,80.45,3137.55,0,Electronic check
6648-INWPS,No,0,0.1134,Low Risk,Month-to-month,16,No,20.15,322.4,0,Electronic check
6933-FHBZC,No,0,0.1133,Low Risk,One year,26,DSL,56.05,1457.3,0,Mailed check
8809-RIHDD,Yes,0,0.1133,Low Risk,Two year,72,Fiber optic,103.4,7444.8,0,Electronic check
6103-LIANB,No,0,0.1132,Low Risk,Two year,59,Fiber optic,99.5,5870.5,0,Credit card
0516-QREYC,No,0,0.1132,Low Risk,Month-to-month,24,No,20.3,487.2,1,Mailed check
5025-GOOKI,No,0,0.1131,Low Risk,Month-to-month,20,No,18.9,378.0,0,Credit card
2805-EDJPQ,No,0,0.1129,Low Risk,One year,56,Fiber optic,99.75,5586.0,0,Credit card
8735-NBLWT,No,0,0.1124,Low Risk,Month-to-month,9,No,20.4,183.6,0,Mailed check
0489-WMEMG,No,0,0.1124,Low Risk,One year,23,DSL,49.45,1137.35,0,Electronic check
8865-TNMNX,No,0,0.1121,Low Risk,One year,10,DSL,49.55,495.5,0,Mailed check
9498-FIMXL,No,0,0.1121,Low Risk,One year,8,No,19.2,153.6,0,Mailed check
4531-AUZNK,No,0,0.112,Low Risk,One year,51,Fiber optic,95.15,4852.65,0,Mailed check
8034-RYTVV,No,0,0.1119,Low Risk,One year,55,Fiber optic,84.25,4633.75,0,Credit card
8138-EALND,No,0,0.1119,Low Risk,Month-to-month,15,No,19.75,296.25,0,Mailed check
5161-XEUVX,No,0,0.1119,Low Risk,Two year,37,Fiber optic,94.3,3489.1,0,Mailed check
1159-WFSGR,No,0,0.1119,Low Risk,Month-to-month,16,No,20.4,326.4,0,Electronic check
7446-KQISO,No,0,0.1118,Low Risk,Two year,45,Fiber optic,109.75,4938.75,0,Bank transfer
9039-RBEEE,Yes,0,0.1117,Low Risk,Month-to-month,39,DSL,48.95,1909.05,0,Credit card
7605-SNLQG,No,0,0.1117,Low Risk,Month-to-month,45,DSL,50.25,2261.25,0,Credit card
3729-OWRVL,No,0,0.1116,Low Risk,Two year,65,Fiber optic,110.35,7172.75,1,Electronic check
0036-IHMOT,No,0,0.1115,Low Risk,One year,55,Fiber optic,103.7,5703.5,0,Bank transfer
8631-XVRZL,No,0,0.1108,Low Risk,One year,9,No,20.15,181.35,0,Mailed check
2495-TTHBQ,No,0,0.1106,Low Risk,One year,4,No,20.4,81.6,0,Mailed check
4833-QTJNO,No,0,0.1104,Low Risk,Month-to-month,67,Fiber optic,83.85,5617.95,1,Bank transfer
4353-HYOJD,No,0,0.1103,Low Risk,Month-to-month,27,DSL,49.85,1345.95,0,Mailed check
5730-RIITO,No,0,0.1103,Low Risk,Month-to-month,43,DSL,33.45,1438.35,1,Credit card
4765-OXPPD,Yes,0,0.1102,Low Risk,Month-to-month,9,DSL,65.0,585.0,0,Mailed check
4770-QAZXN,No,0,0.1101,Low Risk,Month-to-month,13,No,19.45,252.85,0,Credit card
7954-MLBUN,No,0,0.11,Low Risk,Two year,31,Fiber optic,99.45,3082.95,0,Bank transfer
5236-PERKL,Yes,0,0.11,Low Risk,Two year,57,Fiber optic,112.95,6438.15,0,Bank transfer
5985-TBABQ,No,0,0.11,Low Risk,One year,32,DSL,74.75,2392.0,0,Mailed check
4903-CNOZC,No,0,0.1098,Low Risk,One year,29,DSL,70.9,2056.1,0,Credit card
6040-CGACY,No,0,0.1097,Low Risk,Month-to-month,15,No,19.6,294.0,0,Mailed check
4785-QRJHC,Yes,0,0.1095,Low Risk,One year,46,DSL,59.9,2755.4,1,Bank transfer
3537-RYBHH,No,0,0.1095,Low Risk,Month-to-month,47,DSL,67.45,3170.15,1,Credit card
9128-CPXKI,No,0,0.1095,Low Risk,Two year,59,Fiber optic,95.8,5652.2,0,Electronic check
3733-UOCWF,No,0,0.1095,Low Risk,One year,61,Fiber optic,85.55,5218.55,1,Bank transfer
1121-QSIVB,No,0,0.1095,Low Risk,One year,44,DSL,77.55,3412.2,0,Mailed check
4654-GGUII,No,0,0.1093,Low Risk,One year,18,DSL,40.2,723.6,0,Mailed check
2277-BKJKN,No,0,0.1093,Low Risk,Two year,71,Fiber optic,99.2,7043.2,1,Electronic check
2577-GVSIL,No,0,0.1093,Low Risk,One year,35,DSL,73.45,2570.75,0,Bank transfer
9107-UKCKY,No,0,0.1093,Low Risk,One year,61,DSL,79.8,4867.8,0,Electronic check
8008-ESFLK,No,0,0.109,Low Risk,One year,53,Fiber optic,110.5,5856.5,0,Electronic check
4389-UEFCZ,No,0,0.1088,Low Risk,Two year,72,Fiber optic,105.5,7596.0,0,Electronic check
3571-DPYUH,No,0,0.1086,Low Risk,One year,58,Fiber optic,94.7,5492.6,0,Credit card
5229-DTFYB,No,0,0.1085,Low Risk,Two year,41,Fiber optic,98.8,4050.8,0,Bank transfer
5294-IMHHT,No,0,0.1085,Low Risk,One year,53,Fiber optic,97.75,5180.75,0,Bank transfer
4011-ARPHK,No,0,0.1083,Low Risk,Month-to-month,27,DSL,50.35,1359.45,0,Mailed check
0080-EMYVY,No,0,0.1083,Low Risk,One year,14,DSL,51.45,720.3,0,Credit card
0285-INHLN,No,0,0.1082,Low Risk,Month-to-month,27,DSL,54.75,1478.25,0,Credit card
1984-GPTEH,No,0,0.1082,Low Risk,Month-to-month,29,No,25.15,729.35,0,Electronic check
0744-GKNGE,No,0,0.1081,Low Risk,Month-to-month,64,Fiber optic,86.8,5555.2,0,Bank transfer
2958-NHPPS,No,0,0.1081,Low Risk,Month-to-month,23,No,20.85,479.55,0,Electronic check
2419-FSORS,No,0,0.1079,Low Risk,Two year,72,Fiber optic,108.4,7804.8,0,Electronic check
2926-JEJJC,No,0,0.1077,Low Risk,One year,8,No,20.2,161.6,0,Bank transfer
6476-EPYZR,No,0,0.1076,Low Risk,Month-to-month,12,No,20.5,246.0,0,Mailed check
4403-BWPAY,No,0,0.1076,Low Risk,One year,14,No,24.8,347.2,0,Credit card
4079-ULGFR,No,0,0.1076,Low Risk,Month-to-month,16,No,20.0,320.0,0,Mailed check
0917-EZOLA,Yes,0,0.1076,Low Risk,Two year,72,Fiber optic,104.15,7498.8,1,Bank transfer
4881-GQJTW,No,0,0.1076,Low Risk,Month-to-month,14,No,19.6,274.4,0,Credit card
4054-CUMIA,No,0,0.1075,Low Risk,Month-to-month,18,No,20.25,364.5,0,Mailed check
5223-UZAVK,No,0,0.1075,Low Risk,One year,64,Fiber optic,100.3,6419.2,0,Credit card
6036-TTFYU,No,0,0.1075,Low Risk,Month-to-month,16,No,19.6,313.6,0,Mailed check
0975-UYDTX,No,0,0.1074,Low Risk,One year,26,DSL,90.1,2342.6,0,Credit card
4063-EIKNQ,No,0,0.1071,Low Risk,Month-to-month,11,No,20.95,230.45,0,Bank transfer
3716-LRGXK,No,0,0.107,Low Risk,Two year,60,Fiber optic,101.15,6069.0,0,Credit card
1371-WEPDS,No,0,0.1067,Low Risk,One year,40,DSL,55.8,2232.0,1,Electronic check
8107-RZLNV,No,0,0.1067,Low Risk,Two year,72,Fiber optic,106.3,7653.6,0,Bank transfer
7184-LRUUR,No,0,0.1066,Low Risk,One year,22,DSL,65.25,1435.5,0,Bank transfer
7217-JYHOQ,No,0,0.1065,Low Risk,Month-to-month,24,DSL,70.3,1687.2,0,Credit card
5173-ZXXXL,No,0,0.1065,Low Risk,One year,2,No,19.95,39.9,0,Mailed check
6655-LHBYW,No,0,0.1064,Low Risk,One year,50,Fiber optic,114.35,5717.5,0,Credit card
0723-VSOBE,No,0,0.1064,Low Risk,One year,45,DSL,34.2,1539.0,1,Electronic check
6295-OSINB,No,0,0.1063,Low Risk,Two year,72,Fiber optic,109.65,7894.8,0,Electronic check
6568-POCUI,No,0,0.106,Low Risk,Two year,45,Fiber optic,95.2,4284.0,0,Credit card
0308-GIQJT,No,0,0.1059,Low Risk,One year,71,Fiber optic,105.75,7508.25,1,Bank transfer
9152-AMKAK,No,0,0.1058,Low Risk,Two year,6,DSL,80.25,481.5,0,Mailed check
1347-KTTTA,No,0,0.1057,Low Risk,One year,64,Fiber optic,102.45,6556.8,0,Credit card
6211-WHMYA,No,0,0.1057,Low Risk,Month-to-month,64,DSL,43.85,2806.4,1,Electronic check
7641-TQFHN,No,0,0.1056,Low Risk,Two year,39,Fiber optic,100.55,3921.45,0,Mailed check
0795-GMVQO,No,0,0.1056,Low Risk,One year,67,Fiber optic,109.9,7363.3,0,Credit card
2690-DVRVK,No,0,0.1055,Low Risk,One year,5,No,20.55,102.75,0,Electronic check
0725-CXOTM,No,0,0.1054,Low Risk,One year,36,DSL,89.65,3227.4,0,Credit card
0440-UEDAI,No,0,0.1053,Low Risk,One year,53,Fiber optic,94.45,5005.85,0,Credit card
6870-ECSHE,No,0,0.1053,Low Risk,One year,2,No,20.45,40.9,0,Mailed check
8100-HZZLJ,No,0,0.1052,Low Risk,Month-to-month,43,DSL,63.95,2749.85,0,Electronic check
6933-VLYFX,No,0,0.1051,Low Risk,One year,31,DSL,59.95,1858.45,0,Electronic check
5681-LLOEI,No,0,0.1051,Low Risk,One year,43,Fiber optic,91.25,3923.75,0,Credit card
7998-ZLXWN,No,0,0.105,Low Risk,Month-to-month,15,No,20.45,306.75,0,Credit card
0743-HRVFF,No,0,0.1049,Low Risk,One year,51,DSL,56.15,2863.65,0,Electronic check
7566-DSRLQ,No,0,0.1049,Low Risk,Two year,72,Fiber optic,110.15,7930.8,0,Electronic check
2450-ZKEED,No,0,0.1049,Low Risk,One year,11,DSL,53.8,591.8,0,Bank transfer
9853-JFZDU,No,0,0.1049,Low Risk,Month-to-month,35,DSL,56.85,1989.75,0,Electronic check
0895-UADGO,No,0,0.1048,Low Risk,Two year,8,DSL,44.55,356.4,0,Mailed check
6924-TDGMT,No,0,0.1047,Low Risk,One year,11,No,20.55,226.05,0,Mailed check
8847-GEOOQ,No,0,0.1046,Low Risk,Month-to-month,60,DSL,60.2,3612.0,0,Bank transfer
1265-XTECC,Yes,0,0.1046,Low Risk,One year,68,Fiber optic,96.55,6565.4,1,Credit card
8204-TIFGJ,No,0,0.1045,Low Risk,Month-to-month,23,No,20.3,466.9,0,Bank transfer
0699-NDKJM,No,0,0.1043,Low Risk,Month-to-month,57,DSL,58.75,3348.75,0,Bank transfer
1697-BCSHV,No,0,0.1043,Low Risk,Month-to-month,58,DSL,66.8,3874.4,0,Bank transfer
3450-WXOAT,No,0,0.1043,Low Risk,Month-to-month,46,DSL,45.2,2079.2,0,Credit card
5577-OTWWW,Yes,0,0.1042,Low Risk,Month-to-month,15,No,19.75,296.25,0,Bank transfer
6368-NWMCE,No,0,0.1042,Low Risk,Month-to-month,38,DSL,68.15,2589.7,0,Credit card
3863-QSTYI,No,0,0.1042,Low Risk,Month-to-month,59,DSL,64.65,3814.35,0,Electronic check
9076-AXYIK,No,0,0.1042,Low Risk,Two year,64,Fiber optic,102.1,6534.4,1,Electronic check
0536-ACXIP,No,0,0.1042,Low Risk,Two year,72,Fiber optic,109.55,7887.6,0,Electronic check
2533-QVMSK,Yes,0,0.1041,Low Risk,Two year,61,Fiber optic,94.1,5740.1,0,Electronic check
5160-UXJED,No,0,0.1041,Low Risk,One year,17,DSL,44.6,758.2,0,Mailed check
5056-FIMPT,No,0,0.104,Low Risk,One year,43,Fiber optic,106.0,4558.0,0,Credit card
2165-VOEGB,Yes,0,0.1039,Low Risk,One year,46,Fiber optic,105.2,4839.2,0,Bank transfer
5360-LJCNJ,No,0,0.1039,Low Risk,Two year,71,Fiber optic,105.15,7465.65,0,Bank transfer
9378-FXTIZ,Yes,0,0.1039,Low Risk,One year,54,DSL,70.15,3788.1,0,Credit card
8402-EIVQS,No,0,0.1039,Low Risk,One year,67,Fiber optic,100.9,6760.3,0,Credit card
0347-UBKUZ,No,0,0.1038,Low Risk,Month-to-month,15,No,19.9,298.5,0,Mailed check
9060-HJJRW,No,0,0.1037,Low Risk,One year,51,DSL,56.4,2876.4,0,Credit card
9518-IMLHK,No,0,0.1037,Low Risk,Month-to-month,31,DSL,72.45,2245.95,0,Bank transfer
4510-PYUSH,Yes,0,0.1036,Low Risk,Month-to-month,38,DSL,57.15,2171.7,1,Credit card
9695-IDRZR,No,0,0.1036,Low Risk,Two year,34,Fiber optic,116.15,3949.1,0,Credit card
2223-KAGMX,Yes,0,0.1036,Low Risk,Month-to-month,15,No,19.4,291.0,0,Bank transfer
5202-IVJNU,Yes,0,0.1036,Low Risk,Month-to-month,39,DSL,30.1,1173.9,0,Credit card
1218-VKFPE,Yes,0,0.1035,Low Risk,Month-to-month,12,No,19.0,228.0,0,Mailed check
9143-CANJF,No,0,0.1034,Low Risk,Month-to-month,24,DSL,55.15,1323.6,0,Electronic check
7812-FZHPE,Yes,0,0.1034,Low Risk,Month-to-month,17,No,24.1,409.7,0,Mailed check
0193-ESZXP,Yes,0,0.1033,Low Risk,One year,58,Fiber optic,105.5,6119.0,1,Credit card
3552-CTCYF,No,0,0.1033,Low Risk,Two year,63,Fiber optic,104.8,6602.4,0,Bank transfer
1877-HKBQX,No,0,0.1033,Low Risk,One year,11,DSL,54.6,600.6,0,Mailed check
0186-CAERR,No,0,0.1033,Low Risk,One year,71,Fiber optic,116.3,8257.3,0,Bank transfer
4815-TUMEQ,No,0,0.1031,Low Risk,One year,10,No,19.3,193.0,0,Mailed check
5693-PIPCS,No,0,0.1031,Low Risk,Two year,41,Fiber optic,99.65,4085.65,0,Credit card
2519-TWKFS,No,0,0.1029,Low Risk,One year,25,DSL,55.1,1377.5,0,Mailed check
2120-SMPEX,No,0,0.1028,Low Risk,Month-to-month,25,No,20.15,503.75,0,Mailed check
9134-WYRVP,No,0,0.1024,Low Risk,One year,51,Fiber optic,86.35,4403.85,0,Mailed check
9391-TTOYH,No,0,0.1024,Low Risk,Month-to-month,23,No,19.5,448.5,0,Mailed check
7228-PAQPD,No,0,0.1024,Low Risk,One year,14,DSL,59.1,827.4,0,Credit card
2794-XIMMO,Yes,0,0.1021,Low Risk,One year,53,DSL,60.45,3203.85,0,Electronic check
8815-LMFLX,No,0,0.1021,Low Risk,Month-to-month,25,No,25.4,635.0,0,Bank transfer
6837-BJYDQ,No,0,0.1016,Low Risk,One year,3,No,19.6,58.8,0,Mailed check
2272-WUSPA,No,0,0.1014,Low Risk,Two year,72,Fiber optic,110.75,7974.0,0,Electronic check
4504-YOULA,No,0,0.101,Low Risk,Month-to-month,35,DSL,59.45,2080.75,0,Credit card
7159-NOKYQ,No,0,0.1009,Low Risk,Two year,67,Fiber optic,93.15,6241.05,0,Electronic check
5619-PTMIK,No,0,0.1009,Low Risk,Month-to-month,46,DSL,53.1,2442.6,0,Electronic check
9031-ZVQPT,No,0,0.1009,Low Risk,Two year,72,Fiber optic,108.2,7790.4,0,Electronic check
9259-PACGQ,Yes,0,0.1008,Low Risk,Month-to-month,34,DSL,62.65,2130.1,0,Electronic check
8467-WYNSR,No,0,0.1008,Low Risk,Month-to-month,22,DSL,55.1,1212.2,0,Mailed check
5089-IFSDP,Yes,0,0.1008,Low Risk,Two year,58,Fiber optic,109.45,6348.1,0,Bank transfer
4393-OBCRR,No,0,0.1007,Low Risk,One year,3,No,20.25,60.75,0,Mailed check
9513-DXHDA,No,0,0.1006,Low Risk,One year,27,DSL,81.7,2205.9,0,Electronic check
3594-UVONA,Yes,0,0.1005,Low Risk,One year,35,DSL,85.95,3008.25,0,Credit card
5808-TOTXO,No,0,0.1005,Low Risk,One year,3,No,20.55,61.65,0,Credit card
7336-RLLRH,No,0,0.1005,Low Risk,One year,27,DSL,80.85,2182.95,0,Mailed check
8318-LCNBW,No,0,0.1003,Low Risk,One year,35,DSL,53.15,1860.25,0,Credit card
7803-XOCCZ,No,0,0.1002,Low Risk,Month-to-month,52,Fiber optic,84.05,4370.6,0,Bank transfer
2150-UWTFY,Yes,0,0.1001,Low Risk,Month-to-month,22,DSL,61.15,1345.3,0,Mailed check
3099-OONVS,No,0,0.1,Low Risk,Month-to-month,25,DSL,54.3,1357.5,0,Electronic check
8089-UZWLX,No,0,0.0998,Low Risk,Two year,71,Fiber optic,104.05,7387.55,1,Bank transfer
4419-UJMUS,No,0,0.0997,Low Risk,Two year,69,Fiber optic,99.35,6855.15,0,Electronic check
1679-JRFBR,No,0,0.0996,Low Risk,One year,70,Fiber optic,108.15,7570.5,0,Credit card
4712-UYOOI,No,0,0.0996,Low Risk,Month-to-month,20,No,20.0,400.0,0,Electronic check
7771-ZONAT,No,0,0.0995,Low Risk,Two year,22,DSL,56.75,1248.5,0,Bank transfer
1131-SUEKT,No,0,0.0995,Low Risk,One year,61,Fiber optic,98.45,6005.45,0,Bank transfer
0218-QNVAS,No,0,0.0995,Low Risk,One year,71,Fiber optic,100.55,7139.05,0,Bank transfer
5539-HIVAK,No,0,0.0993,Low Risk,Month-to-month,28,No,25.7,719.6,1,Mailed check
7740-KKCXF,No,0,0.0993,Low Risk,Month-to-month,51,DSL,30.05,1532.55,0,Credit card
6289-CPNLD,Yes,0,0.0993,Low Risk,One year,33,DSL,73.9,2438.7,0,Mailed check
8405-IGQFX,No,0,0.0992,Low Risk,One year,63,Fiber optic,90.05,5673.15,0,Credit card
4822-LPTYJ,No,0,0.0992,Low Risk,Two year,72,Fiber optic,103.75,7470.0,0,Bank transfer
0689-DSXGL,No,0,0.0991,Low Risk,Month-to-month,52,Fiber optic,85.8,4461.6,0,Bank transfer
0201-MIBOL,No,0,0.0991,Low Risk,Two year,66,Fiber optic,102.4,6758.4,1,Bank transfer
6861-OKBCE,Yes,0,0.099,Low Risk,Month-to-month,11,No,20.1,221.1,0,Credit card
3758-CKOQL,No,0,0.099,Low Risk,One year,59,Fiber optic,107.0,6313.0,0,Credit card
8035-BUYVG,Yes,0,0.0989,Low Risk,One year,40,DSL,42.35,1694.0,0,Electronic check
7542-CYDDM,No,0,0.0988,Low Risk,Month-to-month,18,No,20.05,360.9,0,Mailed check
7055-VKGDA,Yes,0,0.0988,Low Risk,One year,54,Fiber optic,105.4,5691.6,0,Credit card
6480-YAGIY,No,0,0.0987,Low Risk,One year,45,Fiber optic,112.2,5049.0,0,Credit card
0208-BPQEJ,No,0,0.0986,Low Risk,Month-to-month,12,No,19.4,232.8,0,Bank transfer
9074-KGVOX,No,0,0.0985,Low Risk,Month-to-month,50,DSL,39.45,1972.5,0,Credit card
6319-QSUSR,No,0,0.0984,Low Risk,Month-to-month,11,No,19.7,216.7,0,Credit card
6305-YLBMM,Yes,0,0.0983,Low Risk,One year,69,Fiber optic,104.05,7179.45,0,Bank transfer
7820-ZYGNY,No,0,0.0982,Low Risk,One year,63,Fiber optic,90.45,5698.35,0,Credit card
8220-OCUFY,No,0,0.0981,Low Risk,One year,21,DSL,60.25,1265.25,0,Electronic check
3285-UCQVC,Yes,0,0.0981,Low Risk,Month-to-month,37,DSL,28.6,1058.2,0,Credit card
1492-QGCLU,No,0,0.098,Low Risk,Month-to-month,53,DSL,85.7,4542.1,0,Electronic check
3209-ZPKFI,No,0,0.0979,Low Risk,Month-to-month,47,DSL,54.25,2549.75,0,Electronic check
6993-YCOBK,No,0,0.0979,Low Risk,Two year,60,Fiber optic,110.6,6636.0,0,Electronic check
0547-HURJB,No,0,0.0979,Low Risk,Month-to-month,12,No,21.05,252.6,0,Credit card
5815-HGGHV,No,0,0.0978,Low Risk,One year,20,DSL,64.15,1283.0,0,Mailed check
4827-LTQRJ,No,0,0.0977,Low Risk,One year,66,Fiber optic,110.6,7299.6,1,Credit card
4318-RAJVY,No,0,0.0977,Low Risk,One year,10,No,19.8,198.0,0,Mailed check
9480-BQJEI,No,0,0.0976,Low Risk,One year,62,Fiber optic,92.3,5722.6,0,Bank transfer
6082-GLJIX,No,0,0.0976,Low Risk,Month-to-month,18,No,19.25,346.5,0,Mailed check
6598-RFFVI,Yes,0,0.0975,Low Risk,One year,2,No,19.3,38.6,0,Credit card
7721-JXEAW,Yes,0,0.0975,Low Risk,Month-to-month,59,DSL,41.05,2421.95,0,Bank transfer
1536-YHDOE,No,0,0.0975,Low Risk,One year,17,DSL,62.1,1055.7,0,Mailed check
8909-BOLNL,No,0,0.0975,Low Risk,One year,3,No,21.2,63.6,0,Mailed check
5514-YQENT,No,0,0.0975,Low Risk,Two year,41,Fiber optic,111.15,4557.15,0,Electronic check
3528-HFRIQ,No,0,0.0974,Low Risk,Month-to-month,71,DSL,52.3,3713.3,1,Bank transfer
0356-OBMAC,No,0,0.0973,Low Risk,Two year,56,Fiber optic,99.9,5594.4,1,Bank transfer
2586-CWXVV,No,0,0.0973,Low Risk,Month-to-month,54,DSL,30.4,1641.6,0,Electronic check
7940-UQQUG,No,0,0.0972,Low Risk,One year,64,Fiber optic,104.4,6681.6,0,Bank transfer
9052-DHNKM,No,0,0.0971,Low Risk,One year,26,DSL,61.55,1600.3,0,Electronic check
4075-WKNIU,No,0,0.0971,Low Risk,Two year,0,DSL,73.35,0.0,0,Mailed check
8246-SHFGA,No,0,0.0968,Low Risk,Month-to-month,17,No,21.1,358.7,0,Credit card
7997-EASSD,No,0,0.0967,Low Risk,One year,63,Fiber optic,81.2,5115.6,0,Credit card
1057-FOGLZ,No,0,0.0965,Low Risk,Month-to-month,18,No,19.65,353.7,0,Mailed check
1810-MVMAI,No,0,0.0964,Low Risk,Month-to-month,30,DSL,67.6,2028.0,0,Electronic check
5153-LXKDT,No,0,0.0964,Low Risk,Two year,68,Fiber optic,110.2,7493.6,0,Electronic check
4186-ZBUEW,No,0,0.0964,Low Risk,One year,36,DSL,70.7,2545.2,0,Mailed check
4488-PSYCG,Yes,0,0.0963,Low Risk,Month-to-month,16,No,20.25,324.0,0,Bank transfer
6386-SZZKH,Yes,0,0.0963,Low Risk,Two year,49,Fiber optic,107.95,5289.55,0,Bank transfer
9330-VOFSZ,No,0,0.0962,Low Risk,Two year,60,Fiber optic,110.8,6648.0,0,Credit card
0289-IVARM,No,0,0.0962,Low Risk,Month-to-month,35,DSL,60.55,2119.25,0,Electronic check
5286-YHCVC,No,0,0.0962,Low Risk,Two year,72,Fiber optic,104.8,7545.6,0,Bank transfer
2530-ENDWQ,Yes,0,0.0962,Low Risk,Two year,71,Fiber optic,93.7,6652.7,0,Bank transfer
9730-DRTMJ,No,0,0.0961,Low Risk,One year,32,DSL,72.8,2329.6,0,Credit card
5327-CNLUQ,No,0,0.0961,Low Risk,Two year,48,Fiber optic,96.9,4651.2,0,Bank transfer
7102-JJVTX,No,0,0.0957,Low Risk,One year,9,DSL,48.6,437.4,0,Mailed check
2812-ENYMO,No,0,0.0957,Low Risk,One year,26,DSL,54.55,1418.3,0,Credit card
2266-SJNAT,No,0,0.0955,Low Risk,One year,72,Fiber optic,109.15,7858.8,0,Credit card
9139-TWBAS,No,0,0.0954,Low Risk,One year,26,DSL,47.85,1244.1,0,Bank transfer
8707-HOEDG,No,0,0.0953,Low Risk,Two year,70,Fiber optic,110.2,7714.0,0,Electronic check
2038-YSEZE,No,0,0.0952,Low Risk,Month-to-month,29,DSL,67.45,1956.05,0,Mailed check
7746-QYVCO,No,0,0.0951,Low Risk,One year,16,DSL,55.85,893.6,0,Mailed check
7614-QVWQL,Yes,0,0.0951,Low Risk,One year,49,DSL,51.8,2538.2,0,Bank transfer
7762-URZQH,Yes,0,0.0949,Low Risk,Two year,66,Fiber optic,106.05,6999.3,0,Credit card
0723-FDLAY,No,0,0.0946,Low Risk,One year,44,DSL,85.25,3751.0,0,Bank transfer
5397-TUPSH,No,0,0.0946,Low Risk,One year,65,Fiber optic,70.95,4611.75,1,Bank transfer
5748-RNCJT,Yes,0,0.0945,Low Risk,Two year,69,Fiber optic,106.5,7348.5,0,Bank transfer
4366-CTOUZ,No,0,0.0945,Low Risk,Two year,50,Fiber optic,100.2,5010.0,0,Mailed check
0557-ASKVU,No,0,0.0945,Low Risk,One year,18,DSL,54.4,979.2,0,Credit card
2667-WYLWJ,Yes,0,0.0945,Low Risk,One year,8,No,19.75,158.0,0,Mailed check
9488-FYQAU,No,0,0.0942,Low Risk,Two year,63,Fiber optic,109.25,6882.75,0,Bank transfer
8350-NYMVI,No,0,0.0942,Low Risk,Month-to-month,39,DSL,41.1,1602.9,0,Bank transfer
6196-HBOBZ,No,0,0.0941,Low Risk,Two year,65,Fiber optic,99.35,6457.75,0,Electronic check
7629-WFGLW,No,0,0.0941,Low Risk,One year,56,Fiber optic,95.65,5356.4,1,Electronic check
7107-UBYKY,No,0,0.0939,Low Risk,Month-to-month,35,No,25.75,901.25,0,Electronic check
4806-DXQCE,No,0,0.0938,Low Risk,Two year,70,Fiber optic,113.65,7955.5,1,Electronic check
8189-DUKMV,No,0,0.0937,Low Risk,One year,4,No,20.5,82.0,0,Bank transfer
6603-QWSPR,No,0,0.0937,Low Risk,Two year,46,Fiber optic,104.4,4802.4,0,Bank transfer
6242-SGYTS,No,0,0.0937,Low Risk,One year,62,Fiber optic,94.95,5886.9,0,Credit card
0377-JBKKT,No,0,0.0935,Low Risk,Month-to-month,22,DSL,57.95,1274.9,0,Mailed check
2239-CFOUJ,No,0,0.0934,Low Risk,One year,1,No,20.4,20.4,0,Mailed check
3486-KHMLI,No,0,0.0932,Low Risk,Month-to-month,21,No,24.7,518.7,0,Mailed check
7654-YWJUF,No,0,0.0931,Low Risk,One year,43,Fiber optic,84.25,3622.75,0,Bank transfer
8573-CGOCC,No,0,0.0931,Low Risk,Month-to-month,16,No,19.75,316.0,0,Credit card
9592-ERDKV,No,0,0.093,Low Risk,One year,37,DSL,79.25,2932.25,0,Mailed check
1322-AGOQM,Yes,0,0.093,Low Risk,Month-to-month,46,DSL,30.3,1393.8,0,Bank transfer
3824-RHKVR,No,0,0.093,Low Risk,Month-to-month,17,No,19.7,334.9,0,Credit card
2834-JKOOW,No,0,0.093,Low Risk,One year,15,DSL,45.9,688.5,0,Mailed check
5546-QUERU,No,0,0.093,Low Risk,One year,13,No,19.95,259.35,0,Mailed check
3387-PLKUI,No,0,0.0929,Low Risk,Month-to-month,13,No,18.8,244.4,0,Mailed check
9967-ATRFS,No,0,0.0928,Low Risk,Month-to-month,19,No,19.9,378.1,0,Mailed check
6968-URWQU,No,0,0.0927,Low Risk,One year,43,DSL,56.35,2423.05,0,Mailed check
2773-OVBPK,No,0,0.0926,Low Risk,Two year,67,Fiber optic,111.3,7457.1,0,Bank transfer
5562-BETPV,No,0,0.0926,Low Risk,One year,1,No,19.65,19.65,0,Mailed check
3137-NYQQI,No,0,0.0925,Low Risk,One year,17,DSL,64.8,1101.6,0,Mailed check
1621-YNCJH,No,0,0.092,Low Risk,Two year,36,Fiber optic,106.05,3817.8,0,Credit card
5384-ZTTWP,No,0,0.092,Low Risk,Month-to-month,15,No,19.8,297.0,0,Mailed check
1729-VLAZJ,No,0,0.092,Low Risk,One year,10,DSL,40.25,402.5,0,Mailed check
5619-XZZKR,No,0,0.0919,Low Risk,One year,4,No,19.95,79.8,0,Mailed check
6260-XLACS,No,0,0.0916,Low Risk,One year,4,No,19.7,78.8,0,Mailed check
2967-MXRAV,No,0,0.0916,Low Risk,One year,1,No,18.8,18.8,0,Mailed check
8780-RSYYU,No,0,0.0916,Low Risk,Month-to-month,25,No,19.2,480.0,0,Credit card
3096-WPXBT,No,0,0.0915,Low Risk,One year,61,Fiber optic,100.7,6142.7,0,Credit card
5777-ZPQNC,No,0,0.0913,Low Risk,One year,12,No,20.15,241.8,0,Electronic check
0864-FVJNJ,No,0,0.0913,Low Risk,One year,64,Fiber optic,113.35,7254.4,0,Electronic check
7691-XVTZH,No,0,0.0912,Low Risk,Two year,68,Fiber optic,89.95,6116.6,0,Bank transfer
1096-ADRUX,No,0,0.0912,Low Risk,One year,66,Fiber optic,74.25,4900.5,0,Bank transfer
5027-YOCXN,No,0,0.091,Low Risk,One year,51,Fiber optic,110.05,5612.55,0,Credit card
4116-IQRFR,No,0,0.0909,Low Risk,One year,4,No,24.1,96.4,0,Credit card
4423-JWZJN,No,0,0.0908,Low Risk,One year,64,Fiber optic,90.25,5776.0,0,Credit card
8984-HPEMB,No,0,0.0908,Low Risk,Two year,71,Fiber optic,118.65,8424.15,0,Electronic check
9405-GPBBG,No,0,0.0906,Low Risk,Two year,64,Fiber optic,110.5,7072.0,0,Credit card
9586-JGQKH,No,0,0.0906,Low Risk,Two year,64,Fiber optic,105.4,6745.6,0,Bank transfer
5446-DKWYW,No,0,0.0905,Low Risk,One year,61,DSL,65.2,3977.2,1,Electronic check
7435-ZNUYY,No,0,0.0904,Low Risk,One year,6,No,20.6,123.6,0,Mailed check
5195-KPUNQ,No,0,0.0904,Low Risk,One year,53,Fiber optic,96.75,5127.75,1,Mailed check
1162-ECVII,No,0,0.0904,Low Risk,Two year,72,Fiber optic,109.75,7902.0,1,Bank transfer
6838-YAUVY,No,0,0.0904,Low Risk,Two year,54,Fiber optic,95.1,5135.4,0,Bank transfer
6718-BDGHG,No,0,0.0904,Low Risk,One year,43,DSL,64.85,2788.55,0,Bank transfer
6937-GCDGQ,No,0,0.0903,Low Risk,One year,19,DSL,48.95,930.05,0,Bank transfer
4826-DXMUP,No,0,0.0903,Low Risk,One year,35,DSL,72.1,2523.5,0,Mailed check
9114-AAFQH,No,0,0.0901,Low Risk,One year,48,DSL,65.65,3151.2,0,Electronic check
5120-ZBLAI,No,0,0.09,Low Risk,One year,50,DSL,75.7,3785.0,0,Bank transfer
3190-FZATL,No,0,0.09,Low Risk,Month-to-month,14,No,19.95,279.3,0,Mailed check
3092-IGHWF,Yes,0,0.0899,Low Risk,One year,67,Fiber optic,87.4,5855.8,0,Electronic check
4922-CVPDX,No,0,0.0899,Low Risk,Two year,26,DSL,73.5,1911.0,0,Credit card
6419-ZTTLE,No,0,0.0899,Low Risk,One year,23,No,20.75,477.25,1,Electronic check
5304-EFJLP,No,0,0.0898,Low Risk,Two year,72,Fiber optic,111.65,8038.8,1,Bank transfer
1060-ENTOF,No,0,0.0897,Low Risk,One year,67,Fiber optic,105.4,7061.8,1,Credit card
0303-UNCIP,No,0,0.0897,Low Risk,One year,41,DSL,65.0,2665.0,0,Mailed check
3648-GZPHF,No,0,0.0897,Low Risk,One year,32,DSL,36.25,1160.0,0,Mailed check
2243-FNMMI,No,0,0.0896,Low Risk,Month-to-month,20,No,19.4,388.0,0,Mailed check
7136-RVDTZ,Yes,0,0.0896,Low Risk,One year,70,DSL,45.25,3167.5,1,Electronic check
5961-VUSRV,No,0,0.0895,Low Risk,One year,12,No,19.35,232.2,0,Bank transfer
1488-SYSFC,No,0,0.0895,Low Risk,Month-to-month,31,No,20.65,640.15,0,Electronic check
3898-BSJYF,No,0,0.0893,Low Risk,One year,10,DSL,73.55,735.5,0,Credit card
9924-JPRMC,No,0,0.0893,Low Risk,Two year,72,Fiber optic,118.2,8510.4,0,Electronic check
4697-LUPSU,No,0,0.0892,Low Risk,One year,2,No,20.2,40.4,0,Mailed check
9391-LMANN,No,0,0.0891,Low Risk,One year,53,Fiber optic,95.95,5085.35,0,Electronic check
2499-AJYUA,No,0,0.0891,Low Risk,Two year,72,Fiber optic,110.8,7977.6,1,Credit card
2055-SIFSS,No,0,0.089,Low Risk,Month-to-month,55,DSL,51.65,2840.75,1,Bank transfer
1744-JHKYS,No,0,0.0889,Low Risk,Month-to-month,34,No,24.7,839.8,0,Electronic check
1004-NOZNR,No,0,0.0888,Low Risk,One year,56,Fiber optic,94.8,5308.8,1,Credit card
9972-NKTFD,No,0,0.0887,Low Risk,Month-to-month,28,DSL,54.65,1530.2,0,Bank transfer
2862-JVEOY,No,0,0.0886,Low Risk,One year,6,No,19.15,114.9,0,Mailed check
8200-KLNYW,No,0,0.0886,Low Risk,One year,21,DSL,80.9,1698.9,0,Mailed check
2371-KFUOG,No,0,0.0885,Low Risk,One year,58,Fiber optic,99.15,5750.7,0,Bank transfer
4576-CSAJH,Yes,0,0.0885,Low Risk,One year,22,DSL,55.15,1213.3,0,Credit card
5709-LVOEQ,No,0,0.0884,Low Risk,Two year,0,DSL,80.85,0.0,0,Mailed check
1183-CANVH,No,0,0.0883,Low Risk,One year,23,DSL,60.0,1380.0,0,Bank transfer
8879-XUAHX,No,0,0.0882,Low Risk,Two year,71,Fiber optic,116.25,8253.75,0,Electronic check
7459-IMVYU,No,0,0.088,Low Risk,Month-to-month,38,DSL,69.95,2658.1,0,Electronic check
4104-PVRPS,No,0,0.088,Low Risk,Month-to-month,24,DSL,53.6,1286.4,0,Mailed check
9411-TPQQV,No,0,0.0879,Low Risk,One year,40,DSL,54.55,2182.0,0,Bank transfer
8610-ZIKJJ,No,0,0.0878,Low Risk,One year,2,No,20.3,40.6,0,Mailed check
6035-BXTTY,No,0,0.0878,Low Risk,Month-to-month,32,DSL,54.65,1748.8,1,Bank transfer
0052-DCKON,No,0,0.0876,Low Risk,One year,66,Fiber optic,115.8,7642.8,0,Bank transfer
8261-GWDBQ,No,0,0.0876,Low Risk,Two year,60,Fiber optic,116.05,6963.0,1,Bank transfer
5440-FLBQG,Yes,0,0.0875,Low Risk,Two year,69,Fiber optic,108.4,7479.6,1,Bank transfer
2250-IVBWA,No,0,0.0874,Low Risk,Month-to-month,64,Fiber optic,81.05,5187.2,0,Electronic check
2096-XOTMO,No,0,0.0874,Low Risk,Month-to-month,16,No,19.35,309.6,0,Mailed check
0458-HEUZG,No,0,0.0873,Low Risk,Two year,13,DSL,35.4,460.2,0,Mailed check
3192-NQECA,Yes,0,0.0873,Low Risk,Two year,68,Fiber optic,110.0,7480.0,0,Bank transfer
3597-YASZG,No,0,0.0873,Low Risk,Two year,70,Fiber optic,104.45,7311.5,1,Bank transfer
7208-PSIHR,No,0,0.0872,Low Risk,Two year,70,Fiber optic,104.3,7301.0,0,Bank transfer
1530-ZTDOZ,No,0,0.0871,Low Risk,Month-to-month,49,DSL,40.65,1991.85,0,Bank transfer
7036-TYDEC,No,0,0.0871,Low Risk,Two year,69,Fiber optic,104.0,7176.0,0,Electronic check
9677-AVKED,No,0,0.0871,Low Risk,One year,53,DSL,84.6,4483.8,0,Electronic check
3160-TYXLT,No,0,0.0871,Low Risk,Month-to-month,53,DSL,46.3,2453.9,0,Bank transfer
8133-ANHHJ,No,0,0.087,Low Risk,One year,49,Fiber optic,103.0,5047.0,1,Bank transfer
5092-STPKP,No,0,0.087,Low Risk,Month-to-month,24,DSL,56.35,1352.4,0,Credit card
4682-BLBUC,No,0,0.087,Low Risk,One year,44,DSL,70.95,3121.8,0,Electronic check
2469-DTSGX,No,0,0.0868,Low Risk,Two year,72,Fiber optic,111.65,8038.8,1,Electronic check
5954-BDFSG,No,0,0.0868,Low Risk,Two year,72,Fiber optic,107.5,7740.0,0,Credit card
8387-UGUSU,No,0,0.0868,Low Risk,Month-to-month,15,No,20.05,300.75,0,Mailed check
6408-OTUBZ,No,0,0.0868,Low Risk,One year,66,Fiber optic,104.55,6900.3,0,Bank transfer
1442-OKRJE,No,0,0.0868,Low Risk,One year,66,Fiber optic,103.15,6807.9,0,Bank transfer
0956-SYCWG,No,0,0.0867,Low Risk,One year,13,No,19.65,255.45,0,Electronic check
7047-YXDMZ,No,0,0.0867,Low Risk,Month-to-month,21,No,20.0,420.0,0,Mailed check
5012-YSPJJ,No,0,0.0866,Low Risk,Month-to-month,31,DSL,54.35,1684.85,0,Mailed check
2391-IPLOP,No,0,0.0865,Low Risk,One year,50,DSL,69.65,3482.5,0,Electronic check
4129-LYCOI,No,0,0.0862,Low Risk,Two year,67,Fiber optic,104.0,6968.0,0,Electronic check
6968-MHOMU,No,0,0.0862,Low Risk,One year,58,DSL,45.0,2610.0,0,Credit card
3096-YXENJ,No,0,0.0861,Low Risk,Two year,65,Fiber optic,107.65,6997.25,0,Bank transfer
8646-JCOMS,No,0,0.0861,Low Risk,One year,66,Fiber optic,90.55,5976.3,0,Bank transfer
8550-XSXUQ,No,0,0.086,Low Risk,One year,48,DSL,70.55,3386.4,0,Credit card
1696-MZVAU,No,0,0.0858,Low Risk,One year,39,DSL,25.25,984.75,0,Credit card
5445-PZWGX,Yes,0,0.0854,Low Risk,One year,62,Fiber optic,102.0,6324.0,0,Electronic check
3518-FSTWG,No,0,0.0853,Low Risk,Two year,72,Fiber optic,109.55,7887.6,1,Bank transfer
7901-IIDQV,No,0,0.0852,Low Risk,One year,24,DSL,54.6,1310.4,0,Bank transfer
2550-QHZGP,No,0,0.0852,Low Risk,One year,7,No,19.5,136.5,0,Mailed check
5537-UXXVS,No,0,0.0851,Low Risk,Month-to-month,20,No,19.25,385.0,0,Bank transfer
7470-DYNOE,No,0,0.085,Low Risk,One year,53,DSL,61.1,3238.3,0,Electronic check
2316-ESMLS,No,0,0.0849,Low Risk,One year,12,DSL,33.15,397.8,0,Credit card
3896-RCYYE,No,0,0.0848,Low Risk,Month-to-month,67,DSL,53.4,3577.8,0,Credit card
4139-SUGLD,Yes,0,0.0848,Low Risk,Month-to-month,31,DSL,35.4,1097.4,0,Bank transfer
9350-ZXYJC,No,0,0.0848,Low Risk,Two year,4,No,25.3,101.2,0,Credit card
2930-UOTMB,Yes,0,0.0848,Low Risk,Month-to-month,31,DSL,65.25,2022.75,0,Credit card
7105-BENQF,No,0,0.0848,Low Risk,One year,15,DSL,64.85,972.75,0,Mailed check
1226-JZNKR,No,0,0.0847,Low Risk,One year,8,No,19.8,158.4,0,Electronic check
7353-YOWFP,No,0,0.0846,Low Risk,One year,7,No,20.25,141.75,0,Mailed check
8263-QMNTJ,No,0,0.0846,Low Risk,Two year,72,Fiber optic,115.55,8319.6,0,Electronic check
8075-GXIUB,No,0,0.0845,Low Risk,One year,9,No,19.85,178.65,1,Credit card
4000-VGMQP,No,0,0.0845,Low Risk,One year,38,DSL,78.95,3000.1,0,Credit card
9894-QMIMJ,No,0,0.0845,Low Risk,One year,23,DSL,55.8,1283.4,0,Bank transfer
9754-CLVZW,No,0,0.0844,Low Risk,Month-to-month,26,DSL,38.85,1010.1,0,Credit card
3327-YBAKM,No,0,0.0844,Low Risk,One year,64,Fiber optic,96.9,6201.6,0,Mailed check
0106-UGRDO,No,0,0.0844,Low Risk,Two year,69,Fiber optic,116.0,8004.0,0,Electronic check
1898-JSNDC,No,0,0.0842,Low Risk,One year,39,DSL,58.6,2285.4,0,Credit card
6766-HFKLA,No,0,0.0842,Low Risk,Two year,56,Fiber optic,103.2,5779.2,0,Bank transfer
0487-VVUVK,No,0,0.0842,Low Risk,Month-to-month,25,No,19.15,478.75,0,Mailed check
4759-PXTAN,No,0,0.0842,Low Risk,One year,59,DSL,80.1,4725.9,0,Electronic check
5701-GUXDC,No,0,0.084,Low Risk,One year,26,DSL,35.4,920.4,0,Credit card
9388-ZEYVT,No,0,0.0839,Low Risk,One year,43,DSL,44.15,1898.45,0,Electronic check
1730-VFMWO,No,0,0.0839,Low Risk,Month-to-month,34,DSL,50.2,1706.8,0,Bank transfer
9848-JQJTX,No,0,0.0839,Low Risk,Two year,72,Fiber optic,100.9,7264.8,0,Bank transfer
4003-OCTMP,No,0,0.0838,Low Risk,One year,31,DSL,64.0,1984.0,0,Electronic check
0623-EJQEG,No,0,0.0837,Low Risk,One year,65,Fiber optic,93.55,6080.75,0,Electronic check
6266-QHOJZ,No,0,0.0837,Low Risk,One year,65,Fiber optic,89.85,5840.25,0,Electronic check
7432-FFVAR,No,0,0.0836,Low Risk,One year,46,Fiber optic,90.95,4183.7,0,Bank transfer
8582-KRHPJ,No,0,0.0836,Low Risk,Month-to-month,50,DSL,35.0,1750.0,0,Mailed check
7089-RKVSZ,No,0,0.0835,Low Risk,One year,8,No,24.4,195.2,0,Mailed check
4464-JCOLN,Yes,0,0.0835,Low Risk,One year,2,No,19.85,39.7,0,Mailed check
6502-KUGLL,No,0,0.0835,Low Risk,Month-to-month,14,DSL,59.45,832.3,0,Bank transfer
5795-KTGUD,No,0,0.0833,Low Risk,Two year,68,Fiber optic,110.8,7534.4,0,Bank transfer
5414-OFQCB,No,0,0.0832,Low Risk,Two year,57,Fiber optic,90.45,5155.65,0,Credit card
1527-SXDPN,Yes,0,0.0831,Low Risk,Two year,52,Fiber optic,96.25,5005.0,0,Bank transfer
7519-JTWQH,No,0,0.0831,Low Risk,Two year,69,Fiber optic,110.5,7624.5,0,Bank transfer
3259-FDWOY,Yes,0,0.0831,Low Risk,Two year,71,Fiber optic,106.0,7526.0,0,Bank transfer
8071-SBTRN,No,0,0.0831,Low Risk,Two year,70,Fiber optic,111.15,7780.5,0,Mailed check
4837-QUSFT,No,0,0.0829,Low Risk,One year,65,Fiber optic,100.15,6509.75,0,Bank transfer
7134-HBPBS,No,0,0.0827,Low Risk,Two year,72,Fiber optic,108.1,7783.2,1,Bank transfer
2746-DIJLO,No,0,0.0826,Low Risk,One year,41,DSL,56.3,2308.3,0,Credit card
7816-VGHTO,No,0,0.0826,Low Risk,Two year,6,DSL,40.55,243.3,0,Mailed check
3197-NNYNB,No,0,0.0824,Low Risk,Two year,65,Fiber optic,105.1,6831.5,0,Credit card
0533-UCAAU,No,0,0.0823,Low Risk,One year,57,DSL,71.1,4052.7,1,Credit card
2911-IJORQ,No,0,0.0822,Low Risk,One year,37,DSL,90.6,3352.2,0,Bank transfer
9013-AQORL,No,0,0.0821,Low Risk,Month-to-month,48,DSL,45.55,2186.4,0,Credit card
7182-OVLBJ,No,0,0.0821,Low Risk,Two year,62,Fiber optic,101.15,6271.3,0,Bank transfer
4808-YNLEU,No,0,0.0818,Low Risk,One year,35,DSL,62.15,2175.25,0,Bank transfer
3354-OADJP,No,0,0.0818,Low Risk,One year,8,DSL,54.25,434.0,0,Bank transfer
8152-VETUR,No,0,0.0818,Low Risk,Two year,72,Fiber optic,97.7,7034.4,0,Credit card
0221-NAUXK,No,0,0.0817,Low Risk,One year,10,No,19.95,199.5,0,Bank transfer
9386-LDCZR,No,0,0.0816,Low Risk,One year,43,Fiber optic,90.65,3897.95,0,Credit card
2129-ALKBS,No,0,0.0816,Low Risk,Month-to-month,40,No,26.2,1048.0,0,Electronic check
6500-JVEGC,No,0,0.0815,Low Risk,One year,68,Fiber optic,101.35,6891.8,0,Bank transfer
7010-ZMVBF,No,0,0.0815,Low Risk,Month-to-month,18,No,20.45,368.1,0,Mailed check
1371-DWPAZ,No,0,0.0815,Low Risk,Two year,0,DSL,56.05,0.0,0,Credit card
4501-UYKBC,No,0,0.0814,Low Risk,One year,46,DSL,69.1,3178.6,1,Credit card
6265-SXWBU,No,0,0.0814,Low Risk,One year,69,Fiber optic,95.75,6606.75,0,Credit card
0068-FIGTF,No,0,0.0814,Low Risk,One year,27,DSL,78.2,2111.4,0,Mailed check
5857-XRECV,No,0,0.0813,Low Risk,One year,2,No,20.5,41.0,0,Bank transfer
8065-QBYTO,No,0,0.0812,Low Risk,One year,71,Fiber optic,99.65,7075.15,1,Credit card
3205-MXZRA,No,0,0.0812,Low Risk,One year,26,DSL,59.45,1545.7,0,Credit card
0960-HUWBM,No,0,0.081,Low Risk,Two year,65,Fiber optic,104.1,6766.5,0,Bank transfer
9351-LZYGF,No,0,0.0809,Low Risk,Month-to-month,42,DSL,66.4,2788.8,0,Credit card
3090-HAWSU,Yes,0,0.0809,Low Risk,Two year,61,Fiber optic,111.6,6807.6,0,Credit card
2363-BJLSL,No,0,0.0809,Low Risk,Month-to-month,62,DSL,80.4,4984.8,0,Bank transfer
5382-TEMLV,No,0,0.0807,Low Risk,Month-to-month,45,DSL,50.9,2290.5,0,Bank transfer
7758-UJWYS,No,0,0.0807,Low Risk,Two year,34,DSL,40.55,1378.7,0,Electronic check
0323-XWWTN,No,0,0.0807,Low Risk,Two year,3,No,26.4,79.2,0,Mailed check
2578-JQPHZ,No,0,0.0806,Low Risk,Two year,44,Fiber optic,100.1,4404.4,0,Bank transfer
0117-LFRMW,Yes,0,0.0805,Low Risk,Month-to-month,37,DSL,40.2,1487.4,0,Bank transfer
1866-ZSLJM,No,0,0.0805,Low Risk,Month-to-month,21,No,20.5,430.5,0,Credit card
7956-XQWGU,No,0,0.0805,Low Risk,Month-to-month,27,No,19.4,523.8,0,Credit card
3941-XTSKM,No,0,0.0804,Low Risk,One year,42,DSL,45.1,1894.2,0,Credit card
1064-FBXNK,No,0,0.0804,Low Risk,One year,1,No,19.85,19.85,0,Credit card
3324-OIRTO,No,0,0.0803,Low Risk,One year,71,Fiber optic,104.65,7430.15,0,Bank transfer
8853-TZDGH,No,0,0.0802,Low Risk,Two year,72,Fiber optic,111.6,8035.2,0,Bank transfer
4795-WRNVT,No,0,0.0802,Low Risk,Month-to-month,40,DSL,65.1,2604.0,0,Mailed check
8231-BSWXX,No,0,0.0801,Low Risk,One year,71,Fiber optic,79.05,5612.55,0,Credit card
8221-EQDGL,No,0,0.0801,Low Risk,Month-to-month,35,DSL,61.0,2135.0,0,Mailed check
1545-JFUML,No,0,0.0801,Low Risk,Two year,71,Fiber optic,99.0,7029.0,0,Electronic check
2834-JRTUA,Yes,0,0.08,Low Risk,Two year,71,Fiber optic,108.05,7671.55,0,Electronic check
3374-TTZTK,No,0,0.0799,Low Risk,Two year,52,Fiber optic,106.3,5527.6,0,Electronic check
1832-PEUTS,No,0,0.0797,Low Risk,Two year,62,Fiber optic,89.1,5524.2,0,Credit card
9715-WZCLW,No,0,0.0796,Low Risk,Two year,71,Fiber optic,97.2,6901.2,0,Electronic check
1038-RQOST,No,0,0.0796,Low Risk,Month-to-month,19,No,20.6,391.4,0,Mailed check
7492-TAFJD,No,0,0.0794,Low Risk,Two year,7,DSL,38.55,269.85,0,Mailed check
3280-MRDOF,No,0,0.0794,Low Risk,Two year,30,DSL,69.1,2073.0,1,Credit card
3893-JRNFS,No,0,0.0793,Low Risk,Month-to-month,68,DSL,39.9,2713.2,0,Bank transfer
0384-LPITE,No,0,0.0793,Low Risk,One year,40,DSL,62.05,2482.0,0,Credit card
8309-PPCED,No,0,0.0793,Low Risk,Two year,72,Fiber optic,110.45,7952.4,0,Bank transfer
6661-EIPZC,No,0,0.0792,Low Risk,Month-to-month,48,DSL,29.5,1416.0,0,Credit card
8079-XRJRS,Yes,0,0.0792,Low Risk,One year,65,Fiber optic,89.75,5833.75,0,Electronic check
2673-ZALNP,No,0,0.0791,Low Risk,One year,7,No,19.9,139.3,0,Mailed check
1291-CUOCY,No,0,0.079,Low Risk,Two year,72,Fiber optic,110.6,7963.2,0,Credit card
6308-CQRBU,No,0,0.079,Low Risk,Two year,71,Fiber optic,109.25,7756.75,0,Electronic check
4378-BZYFP,No,0,0.0787,Low Risk,One year,17,No,20.5,348.5,0,Mailed check
1395-OFUWC,No,0,0.0785,Low Risk,Month-to-month,43,DSL,29.3,1259.9,0,Credit card
3823-KYNQY,No,0,0.0784,Low Risk,One year,12,No,24.95,299.4,0,Credit card
1264-FUHCX,No,0,0.0782,Low Risk,One year,49,DSL,56.3,2758.7,0,Credit card
8752-IMQOS,No,0,0.0781,Low Risk,One year,5,No,20.1,100.5,0,Mailed check
0967-BMLBD,No,0,0.0781,Low Risk,One year,11,No,20.0,220.0,0,Mailed check
2877-VDUER,No,0,0.078,Low Risk,One year,35,DSL,40.9,1431.5,0,Mailed check
1444-VVSGW,Yes,0,0.078,Low Risk,One year,70,Fiber optic,115.65,8095.5,0,Credit card
1114-CENIM,Yes,0,0.078,Low Risk,Month-to-month,54,DSL,55.0,2970.0,0,Credit card
4043-MKDTV,No,0,0.0779,Low Risk,Two year,71,Fiber optic,105.25,7472.75,0,Electronic check
2150-WLKUW,No,0,0.0778,Low Risk,One year,40,DSL,63.9,2556.0,0,Bank transfer
1125-SNVCK,No,0,0.0778,Low Risk,Month-to-month,49,DSL,43.8,2146.2,1,Mailed check
6131-IUNXN,No,0,0.0777,Low Risk,Month-to-month,19,No,20.2,383.8,0,Mailed check
3115-JPJDD,No,0,0.0777,Low Risk,One year,59,Fiber optic,81.25,4793.75,0,Credit card
0748-RDGGM,Yes,0,0.0776,Low Risk,One year,70,Fiber optic,109.5,7665.0,0,Bank transfer
2724-FJDYW,No,0,0.0775,Low Risk,One year,39,DSL,54.85,2139.15,0,Bank transfer
1708-PBBOA,No,0,0.0774,Low Risk,One year,42,DSL,54.75,2299.5,0,Electronic check
3282-ZISZV,No,0,0.0773,Low Risk,One year,32,DSL,83.7,2678.4,0,Credit card
8752-GHJFU,No,0,0.0772,Low Risk,One year,71,Fiber optic,92.0,6532.0,1,Electronic check
2988-QRAJY,No,0,0.0772,Low Risk,Two year,69,Fiber optic,110.05,7593.45,0,Credit card
3229-USWAR,No,0,0.0772,Low Risk,One year,34,DSL,79.95,2718.3,0,Bank transfer
8332-OSJDW,No,0,0.0771,Low Risk,One year,12,No,26.4,316.8,0,Mailed check
5032-USPKF,No,0,0.0771,Low Risk,One year,38,DSL,84.1,3195.8,0,Bank transfer
9473-CBZOP,No,0,0.077,Low Risk,One year,28,DSL,59.0,1652.0,0,Mailed check
7049-GKVZY,No,0,0.077,Low Risk,One year,17,DSL,79.85,1357.45,0,Credit card
4670-TABXH,No,0,0.077,Low Risk,Two year,72,Fiber optic,109.75,7902.0,0,Credit card
5090-EMGTC,No,0,0.0769,Low Risk,Two year,59,Fiber optic,100.05,5902.95,0,Mailed check
5447-VYTKW,No,0,0.0769,Low Risk,Month-to-month,27,DSL,53.45,1443.15,0,Mailed check
5829-NVSQN,No,0,0.0767,Low Risk,One year,23,DSL,68.75,1581.25,0,Bank transfer
9308-ANMVE,No,0,0.0767,Low Risk,Month-to-month,47,DSL,55.3,2599.1,0,Electronic check
5777-KJIRB,No,0,0.0765,Low Risk,One year,40,DSL,50.25,2010.0,0,Mailed check
9928-BZVLZ,No,0,0.0764,Low Risk,Two year,12,DSL,49.85,598.2,0,Mailed check
7508-KBIMB,No,0,0.0761,Low Risk,One year,24,DSL,56.25,1350.0,0,Credit card
7718-UPSKJ,No,0,0.076,Low Risk,One year,69,Fiber optic,106.4,7341.6,0,Credit card
0496-AHOOK,No,0,0.0759,Low Risk,One year,24,DSL,74.4,1785.6,0,Bank transfer
1952-DVVSW,No,0,0.0757,Low Risk,One year,10,No,20.1,201.0,0,Mailed check
8565-HBFNN,No,0,0.0754,Low Risk,One year,69,Fiber optic,107.2,7396.8,0,Credit card
8624-GIOUT,Yes,0,0.0752,Low Risk,Month-to-month,49,DSL,59.75,2927.75,0,Credit card
5663-QBGIS,No,0,0.075,Low Risk,Two year,72,Fiber optic,98.35,7081.2,1,Bank transfer
6586-PSJOX,No,0,0.075,Low Risk,One year,15,DSL,55.2,828.0,0,Credit card
0164-APGRB,No,0,0.0748,Low Risk,Two year,72,Fiber optic,114.9,8272.8,0,Electronic check
5504-WSIUR,No,0,0.0747,Low Risk,One year,70,Fiber optic,90.25,6317.5,0,Bank transfer
0201-OAMXR,Yes,0,0.0746,Low Risk,One year,70,Fiber optic,115.55,8088.5,0,Credit card
0519-DRGTI,No,0,0.0745,Low Risk,Month-to-month,20,No,20.35,407.0,0,Mailed check
1696-HXOWK,No,0,0.0745,Low Risk,One year,71,Fiber optic,95.65,6791.15,0,Mailed check
0266-CLZKZ,No,0,0.0744,Low Risk,Two year,67,Fiber optic,105.65,7078.55,0,Bank transfer
7657-DYEPJ,Yes,0,0.0744,Low Risk,One year,38,DSL,70.15,2665.7,1,Credit card
0895-LNKRC,No,0,0.0741,Low Risk,One year,6,No,19.45,116.7,0,Mailed check
6616-AALSR,No,0,0.074,Low Risk,Two year,65,Fiber optic,104.3,6779.5,0,Credit card
9555-SAHUZ,No,0,0.074,Low Risk,Month-to-month,38,DSL,54.5,2071.0,0,Electronic check
9362-MWODR,No,0,0.0739,Low Risk,Month-to-month,40,DSL,64.1,2564.0,0,Credit card
1891-QRQSA,No,0,0.0738,Low Risk,Two year,64,Fiber optic,111.6,7142.4,1,Bank transfer
5724-BIDBU,No,0,0.0736,Low Risk,One year,49,DSL,55.35,2712.15,0,Electronic check
8559-CIZFV,Yes,0,0.0736,Low Risk,One year,21,DSL,77.5,1627.5,0,Mailed check
8109-YUOHE,No,0,0.0736,Low Risk,One year,17,DSL,56.1,953.7,0,Mailed check
5307-UVGNB,No,0,0.0736,Low Risk,Month-to-month,53,DSL,48.7,2581.1,0,Bank transfer
0392-BZIUW,No,0,0.0736,Low Risk,Two year,72,Fiber optic,105.0,7560.0,0,Credit card
1150-FTQGN,No,0,0.0735,Low Risk,One year,60,Fiber optic,94.15,5649.0,0,Bank transfer
2387-KDZQY,No,0,0.0735,Low Risk,One year,17,No,20.1,341.7,0,Mailed check
8822-KNBHV,No,0,0.0735,Low Risk,One year,48,DSL,83.45,4005.6,0,Credit card
7407-SUJIZ,No,0,0.0735,Low Risk,Month-to-month,25,No,20.6,515.0,0,Mailed check
8573-JGCZW,No,0,0.0734,Low Risk,One year,17,No,19.65,334.05,0,Bank transfer
6620-HVDUJ,No,0,0.0734,Low Risk,Month-to-month,24,DSL,60.45,1450.8,0,Bank transfer
0661-WCQNQ,No,0,0.0734,Low Risk,One year,22,DSL,56.25,1237.5,0,Credit card
6727-IOTLZ,No,0,0.0734,Low Risk,Two year,14,DSL,81.95,1147.3,0,Mailed check
3082-WQRVY,No,0,0.0733,Low Risk,One year,14,No,19.65,275.1,1,Mailed check
5278-PNYOX,No,0,0.0733,Low Risk,Two year,49,Fiber optic,100.65,4931.85,0,Credit card
6257-DTAYD,No,0,0.0732,Low Risk,Two year,71,Fiber optic,104.15,7394.65,0,Credit card
4139-JPIAM,No,0,0.0732,Low Risk,Month-to-month,51,DSL,44.45,2266.95,0,Credit card
2522-WLNSF,No,0,0.0731,Low Risk,One year,34,DSL,64.2,2182.8,1,Bank transfer
6682-QJDGB,Yes,0,0.073,Low Risk,Month-to-month,40,DSL,55.25,2210.0,0,Mailed check
7762-ONLJY,No,0,0.073,Low Risk,One year,6,No,19.7,118.2,0,Mailed check
4159-NAAIX,No,0,0.0727,Low Risk,Two year,63,Fiber optic,97.45,6139.35,0,Bank transfer
2292-XQWSV,No,0,0.0726,Low Risk,One year,40,DSL,60.3,2412.0,0,Mailed check
2830-LEWOA,No,0,0.0726,Low Risk,One year,61,Fiber optic,103.9,6337.9,0,Credit card
2408-PSJVE,No,0,0.0726,Low Risk,Month-to-month,44,DSL,61.9,2723.6,0,Mailed check
0607-MVMGC,No,0,0.0725,Low Risk,One year,45,DSL,78.75,3543.75,0,Credit card
3146-JTQHR,No,0,0.0724,Low Risk,One year,10,No,19.6,196.0,0,Bank transfer
4223-BKEOR,No,0,0.0724,Low Risk,One year,21,DSL,64.85,1361.85,0,Mailed check
6967-PEJLL,No,0,0.0724,Low Risk,One year,37,DSL,40.2,1487.4,0,Electronic check
0980-FEXWF,No,0,0.0724,Low Risk,One year,26,DSL,50.35,1309.1,0,Mailed check
2636-SJDOU,No,0,0.0724,Low Risk,One year,64,Fiber optic,84.3,5395.2,0,Credit card
1301-LOPVR,No,0,0.0723,Low Risk,One year,29,DSL,55.35,1605.15,0,Credit card
7931-PXHFC,Yes,0,0.0723,Low Risk,One year,38,DSL,62.3,2367.4,0,Mailed check
7032-LMBHI,No,0,0.0722,Low Risk,One year,37,DSL,64.65,2392.05,0,Bank transfer
9711-FJTBX,No,0,0.072,Low Risk,One year,56,Fiber optic,85.85,4807.6,0,Mailed check
3750-YHRYO,No,0,0.072,Low Risk,One year,7,No,20.65,144.55,0,Mailed check
7541-YLXCL,Yes,0,0.072,Low Risk,One year,36,DSL,65.4,2354.4,0,Mailed check
2809-ILCYT,No,0,0.0716,Low Risk,One year,25,No,26.8,670.0,0,Mailed check
7317-GGVPB,Yes,0,0.0716,Low Risk,Two year,71,Fiber optic,108.6,7710.6,0,Credit card
7021-XSNYE,No,0,0.0715,Low Risk,Two year,7,DSL,49.65,347.55,0,Credit card
2434-EEVDB,No,0,0.0714,Low Risk,Two year,64,Fiber optic,94.6,6054.4,0,Credit card
6341-JVQGF,No,0,0.0714,Low Risk,One year,31,DSL,81.15,2515.65,0,Mailed check
2330-PQGDQ,No,0,0.0713,Low Risk,One year,51,Fiber optic,84.2,4294.2,0,Bank transfer
9917-KWRBE,No,0,0.0713,Low Risk,One year,41,DSL,78.35,3212.35,0,Credit card
9845-PEEKO,No,0,0.0713,Low Risk,Two year,59,Fiber optic,79.2,4672.8,1,Credit card
3800-LYTRK,No,0,0.0712,Low Risk,One year,14,DSL,55.7,779.8,0,Mailed check
0983-TATYJ,No,0,0.0712,Low Risk,One year,33,DSL,51.45,1697.85,0,Mailed check
5753-QQWPW,No,0,0.0711,Low Risk,One year,28,DSL,59.9,1677.2,0,Electronic check
0742-LAFQK,No,0,0.0711,Low Risk,Two year,72,Fiber optic,99.15,7138.8,0,Electronic check
9402-ROUMJ,No,0,0.0711,Low Risk,One year,67,Fiber optic,100.25,6716.75,0,Bank transfer
8819-ZBYNA,No,0,0.0711,Low Risk,Two year,58,Fiber optic,109.1,6327.8,0,Credit card
7663-CUXZB,No,0,0.071,Low Risk,Two year,59,Fiber optic,113.75,6711.25,0,Electronic check
7665-VIGUD,No,0,0.071,Low Risk,One year,10,No,20.35,203.5,0,Mailed check
9691-HKOVS,No,0,0.0709,Low Risk,One year,55,DSL,90.15,4958.25,0,Electronic check
2651-ZCBXV,No,0,0.0709,Low Risk,Two year,54,Fiber optic,108.0,5832.0,0,Credit card
2351-RRBUE,No,0,0.0708,Low Risk,One year,7,No,20.65,144.55,0,Mailed check
8548-AWOFC,No,0,0.0708,Low Risk,Month-to-month,66,DSL,63.85,4214.1,0,Electronic check
0628-CNQRM,Yes,0,0.0707,Low Risk,One year,22,DSL,67.5,1485.0,0,Bank transfer
9313-QOLTZ,No,0,0.0707,Low Risk,Month-to-month,26,No,20.9,543.4,0,Mailed check
6481-OGDOO,Yes,0,0.0707,Low Risk,One year,67,Fiber optic,90.6,6070.2,0,Credit card
8406-LNMHF,No,0,0.0707,Low Risk,One year,59,Fiber optic,82.95,4894.05,1,Credit card
4626-OZDTJ,No,0,0.0706,Low Risk,One year,51,DSL,78.65,4011.15,0,Credit card
8084-OIVBS,No,0,0.0706,Low Risk,One year,11,No,20.0,220.0,0,Mailed check
5578-NKCXI,No,0,0.0706,Low Risk,One year,58,Fiber optic,99.25,5756.5,0,Credit card
3022-BEXHZ,No,0,0.0706,Low Risk,Two year,67,Fiber optic,111.2,7450.4,0,Bank transfer
2775-SEFEE,No,0,0.0705,Low Risk,Two year,0,DSL,61.9,0.0,0,Bank transfer
0667-NSRGI,No,0,0.0704,Low Risk,One year,48,DSL,69.55,3338.4,0,Mailed check
5049-MUBWG,No,0,0.0704,Low Risk,One year,26,DSL,75.0,1950.0,0,Bank transfer
2682-KEVRP,No,0,0.0703,Low Risk,One year,22,No,20.05,441.1,1,Mailed check
9861-PDSZP,No,0,0.0703,Low Risk,Two year,72,Fiber optic,108.05,7779.6,0,Credit card
1334-PDUKM,No,0,0.0703,Low Risk,One year,68,Fiber optic,86.45,5878.6,0,Credit card
2483-XSSMZ,No,0,0.0703,Low Risk,One year,39,DSL,47.85,1866.15,0,Electronic check
9432-RUVSL,No,0,0.0703,Low Risk,Two year,48,Fiber optic,102.5,4920.0,0,Credit card
5269-NRGDP,No,0,0.0702,Low Risk,One year,42,DSL,73.15,3072.3,0,Electronic check
8041-TMEID,No,0,0.0702,Low Risk,Two year,63,Fiber optic,108.5,6835.5,1,Credit card
9866-OCCKE,No,0,0.0701,Low Risk,Two year,72,Fiber optic,109.75,7902.0,1,Mailed check
8076-FEZKJ,No,0,0.0701,Low Risk,One year,10,No,19.5,195.0,0,Mailed check
8777-MBMTS,No,0,0.0701,Low Risk,Two year,65,Fiber optic,105.85,6880.25,1,Credit card
5372-FBKBN,No,0,0.0701,Low Risk,Month-to-month,21,No,20.75,435.75,0,Mailed check
9467-ROOLM,No,0,0.0701,Low Risk,Month-to-month,25,No,19.05,476.25,0,Mailed check
5271-YNWVR,Yes,0,0.07,Low Risk,Two year,68,Fiber optic,113.15,7694.2,0,Electronic check
0112-QWPNC,Yes,0,0.07,Low Risk,One year,49,DSL,84.35,4133.15,0,Electronic check
9933-QRGTX,No,0,0.0699,Low Risk,Two year,60,Fiber optic,97.2,5832.0,0,Electronic check
4616-ULAOA,No,0,0.0698,Low Risk,Two year,65,Fiber optic,110.8,7202.0,0,Credit card
5260-UMPWX,No,0,0.0698,Low Risk,Month-to-month,26,No,20.25,526.5,0,Credit card
3363-DTIVD,No,0,0.0698,Low Risk,Two year,71,Fiber optic,105.55,7494.05,0,Electronic check
9931-KGHOA,No,0,0.0697,Low Risk,Month-to-month,46,DSL,55.0,2530.0,0,Bank transfer
7872-RDDLZ,No,0,0.0697,Low Risk,Month-to-month,67,DSL,54.9,3678.3,1,Electronic check
4134-BSXLX,No,0,0.0697,Low Risk,Month-to-month,28,DSL,60.9,1705.2,0,Mailed check
0842-IWYCP,No,0,0.0697,Low Risk,Month-to-month,46,DSL,44.95,2067.7,0,Bank transfer
3213-VVOLG,No,0,0.0697,Low Risk,Two year,0,No,25.35,0.0,0,Mailed check
2164-SOQXL,No,0,0.0696,Low Risk,Month-to-month,20,No,20.05,401.0,0,Mailed check
7136-IHZJA,No,0,0.0696,Low Risk,Month-to-month,40,DSL,71.35,2854.0,0,Mailed check
3612-YUNGG,No,0,0.0696,Low Risk,Two year,64,Fiber optic,109.2,6988.8,0,Credit card
8823-RLPWL,No,0,0.0693,Low Risk,Two year,72,Fiber optic,110.65,7966.8,0,Credit card
6440-DKQGE,No,0,0.0692,Low Risk,One year,30,DSL,64.5,1935.0,0,Credit card
9796-MVYXX,No,0,0.0691,Low Risk,Two year,14,DSL,39.7,555.8,1,Mailed check
2887-JPYLU,No,0,0.069,Low Risk,Month-to-month,41,DSL,45.2,1853.2,0,Bank transfer
2205-LPVGL,No,0,0.069,Low Risk,One year,58,Fiber optic,89.85,5211.3,1,Bank transfer
9200-NLNPD,No,0,0.069,Low Risk,One year,56,DSL,54.05,3026.8,0,Bank transfer
2680-XKKNJ,No,0,0.0689,Low Risk,One year,8,DSL,58.2,465.6,0,Bank transfer
9750-BOOHV,No,0,0.0688,Low Risk,One year,32,DSL,30.15,964.8,0,Mailed check
9987-LUTYD,No,0,0.0687,Low Risk,One year,13,DSL,55.15,716.95,0,Mailed check
5297-MDOIR,No,0,0.0687,Low Risk,One year,63,Fiber optic,81.15,5112.45,0,Credit card
0661-KBKPA,No,0,0.0686,Low Risk,One year,53,DSL,78.75,4173.75,0,Mailed check
3315-IKYZQ,No,0,0.0686,Low Risk,One year,28,DSL,50.8,1422.4,0,Mailed check
7923-IYJWY,No,0,0.0686,Low Risk,Two year,67,Fiber optic,116.1,7778.7,1,Credit card
9229-RQABD,No,0,0.0686,Low Risk,One year,18,No,23.75,427.5,0,Mailed check
4291-YZODP,No,0,0.0685,Low Risk,One year,7,No,20.05,140.35,0,Mailed check
5018-LXQQG,No,0,0.0685,Low Risk,Month-to-month,30,DSL,66.3,1989.0,0,Bank transfer
8680-CGLTP,No,0,0.0683,Low Risk,One year,29,DSL,58.75,1703.75,0,Electronic check
8029-XYPWT,No,0,0.0683,Low Risk,Two year,71,Fiber optic,115.05,8168.55,1,Bank transfer
4091-TVOCN,No,0,0.0682,Low Risk,One year,48,DSL,78.75,3780.0,0,Credit card
3915-ODIYG,No,0,0.0682,Low Risk,One year,60,DSL,71.75,4305.0,1,Electronic check
1557-EMYVT,No,0,0.0682,Low Risk,Two year,43,Fiber optic,115.05,4947.15,0,Credit card
0530-IJVDB,No,0,0.0682,Low Risk,Two year,70,Fiber optic,114.6,8022.0,0,Electronic check
3239-TPHPZ,No,0,0.0681,Low Risk,Two year,12,No,20.05,240.6,0,Electronic check
8681-ICONS,No,0,0.0681,Low Risk,Month-to-month,29,No,20.65,598.85,0,Mailed check
2323-ARSVR,No,0,0.068,Low Risk,Two year,67,Fiber optic,111.05,7440.35,0,Electronic check
1964-SVLEA,No,0,0.068,Low Risk,One year,20,No,19.7,394.0,0,Mailed check
4906-ZHGPK,No,0,0.068,Low Risk,One year,54,DSL,70.7,3817.8,0,Electronic check
5789-LDFXO,No,0,0.068,Low Risk,One year,24,No,24.6,590.4,0,Electronic check
6992-TKNYO,No,0,0.0679,Low Risk,One year,38,DSL,69.0,2622.0,0,Credit card
4137-JOPHL,No,0,0.0678,Low Risk,Two year,50,Fiber optic,89.7,4485.0,0,Bank transfer
4049-ZPALD,No,0,0.0678,Low Risk,Two year,64,Fiber optic,99.0,6336.0,0,Bank transfer
3423-HHXAO,No,0,0.0678,Low Risk,One year,14,No,19.5,273.0,0,Mailed check
5062-CJJKH,No,0,0.0676,Low Risk,One year,25,DSL,53.65,1341.25,0,Mailed check
6941-KXRRV,No,0,0.0674,Low Risk,One year,48,DSL,58.95,2829.6,1,Bank transfer
8015-IHCGW,No,0,0.0674,Low Risk,Two year,72,Fiber optic,115.5,8316.0,0,Electronic check
8628-MFKAX,No,0,0.0672,Low Risk,Two year,72,Fiber optic,116.75,8406.0,1,Credit card
1429-UYJSV,No,0,0.0672,Low Risk,One year,12,No,19.7,236.4,0,Mailed check
7649-PHJVR,No,0,0.067,Low Risk,One year,11,No,19.5,214.5,0,Mailed check
4328-VUFWD,No,0,0.067,Low Risk,One year,39,DSL,59.3,2312.7,0,Electronic check
6904-JLBGY,No,0,0.0668,Low Risk,Two year,72,Fiber optic,117.35,8449.2,1,Credit card
6250-CGGUN,No,0,0.0668,Low Risk,One year,54,Fiber optic,84.4,4557.6,0,Electronic check
0020-JDNXP,No,0,0.0668,Low Risk,One year,34,DSL,61.25,2082.5,0,Mailed check
5602-BVFMK,No,0,0.0668,Low Risk,One year,12,No,19.3,231.6,0,Mailed check
3441-CGZJH,No,0,0.0666,Low Risk,One year,43,DSL,60.4,2597.2,0,Credit card
0661-KQHNK,No,0,0.0665,Low Risk,One year,6,No,19.0,114.0,0,Credit card
1090-PYKCI,No,0,0.0664,Low Risk,One year,69,Fiber optic,105.1,7251.9,0,Credit card
6893-ODYYE,No,0,0.0664,Low Risk,One year,50,Fiber optic,90.1,4505.0,0,Credit card
4451-RWASJ,No,0,0.0661,Low Risk,One year,15,No,19.5,292.5,0,Mailed check
9412-ARGBX,Yes,0,0.0661,Low Risk,Two year,48,Fiber optic,95.5,4584.0,0,Mailed check
1930-BZLHI,No,0,0.0658,Low Risk,One year,21,No,20.35,427.35,0,Mailed check
6734-FQAJX,No,0,0.0658,Low Risk,Two year,67,Fiber optic,105.05,7038.35,1,Electronic check
3739-YBWAB,No,0,0.0658,Low Risk,One year,36,DSL,35.35,1272.6,0,Mailed check
5998-DZLYR,No,0,0.0657,Low Risk,Two year,61,Fiber optic,94.35,5755.35,0,Bank transfer
9558-IHEZX,No,0,0.0657,Low Risk,Two year,71,Fiber optic,106.75,7579.25,0,Credit card
4367-NUYAO,No,0,0.0657,Low Risk,Two year,0,No,25.75,0.0,0,Mailed check
8591-TKMZH,No,0,0.0657,Low Risk,Two year,59,Fiber optic,111.1,6554.9,0,Mailed check
1247-QBVSH,No,0,0.0656,Low Risk,Month-to-month,43,DSL,50.2,2158.6,0,Mailed check
7156-MXBJE,No,0,0.0656,Low Risk,One year,43,DSL,85.1,3659.3,0,Credit card
9127-FHJBZ,No,0,0.0656,Low Risk,Two year,72,Fiber optic,114.0,8208.0,0,Electronic check
4526-RMTLL,No,0,0.0655,Low Risk,Two year,8,DSL,76.15,609.2,0,Credit card
9938-ZREHM,No,0,0.0654,Low Risk,One year,37,DSL,72.1,2667.7,0,Mailed check
0716-BQNDX,No,0,0.0654,Low Risk,Two year,57,Fiber optic,93.75,5343.75,1,Electronic check
5135-GRQJV,No,0,0.0653,Low Risk,Two year,72,Fiber optic,114.5,8244.0,1,Mailed check
2388-LAESQ,No,0,0.0652,Low Risk,Two year,72,Fiber optic,114.85,8269.2,1,Bank transfer
5451-YHYPW,No,0,0.0652,Low Risk,Two year,72,Fiber optic,115.75,8334.0,1,Credit card
2788-CJQAQ,No,0,0.0652,Low Risk,One year,13,No,19.45,252.85,0,Mailed check
7707-PYBBH,No,0,0.065,Low Risk,Month-to-month,40,DSL,61.9,2476.0,0,Mailed check
9442-JTWDL,No,0,0.065,Low Risk,One year,11,No,20.05,220.55,0,Credit card
6050-FFXES,No,0,0.065,Low Risk,Two year,69,Fiber optic,105.35,7269.15,0,Bank transfer
1779-PWPMG,No,0,0.0649,Low Risk,Two year,72,Fiber optic,114.65,8254.8,1,Bank transfer
1015-JPFYW,No,0,0.0649,Low Risk,One year,7,No,19.45,136.15,0,Mailed check
7255-SSFBC,No,0,0.0649,Low Risk,Two year,72,Fiber optic,112.25,8082.0,0,Bank transfer
5039-LZRQT,No,0,0.0648,Low Risk,One year,13,No,20.2,262.6,0,Mailed check
9822-BIIGN,No,0,0.0648,Low Risk,Month-to-month,53,DSL,71.85,3808.05,0,Electronic check
0134-XWXCE,No,0,0.0648,Low Risk,One year,44,DSL,74.85,3293.4,1,Bank transfer
7925-PNRGI,No,0,0.0648,Low Risk,Month-to-month,45,DSL,81.3,3658.5,0,Mailed check
8595-SIZNC,No,0,0.0647,Low Risk,One year,22,No,25.6,563.2,1,Bank transfer
6506-EYCNH,No,0,0.0647,Low Risk,Month-to-month,28,No,19.55,547.4,0,Bank transfer
1480-BKXGA,No,0,0.0646,Low Risk,Two year,72,Fiber optic,116.05,8355.6,1,Bank transfer
4199-QHJNM,No,0,0.0646,Low Risk,Two year,67,Fiber optic,102.9,6894.3,1,Bank transfer
2056-EVGZL,No,0,0.0645,Low Risk,One year,68,Fiber optic,105.75,7191.0,0,Credit card
3556-BVQGL,No,0,0.0645,Low Risk,One year,20,No,20.0,400.0,0,Mailed check
2364-UFROM,No,0,0.0645,Low Risk,One year,30,DSL,70.4,2112.0,0,Electronic check
4537-CIBHB,No,0,0.0643,Low Risk,One year,9,No,20.25,182.25,0,Mailed check
8383-SGHJU,No,0,0.064,Low Risk,One year,33,DSL,59.4,1960.2,0,Electronic check
3351-NQLDI,Yes,0,0.064,Low Risk,One year,67,Fiber optic,94.35,6321.45,0,Credit card
4654-DLAMQ,No,0,0.064,Low Risk,One year,64,Fiber optic,97.0,6208.0,1,Bank transfer
8208-EUMTE,No,0,0.0638,Low Risk,Two year,16,DSL,54.85,877.6,0,Mailed check
9483-GCPWE,No,0,0.0638,Low Risk,One year,9,No,20.1,180.9,0,Mailed check
3372-CDXFJ,No,0,0.0636,Low Risk,One year,13,No,24.5,318.5,0,Bank transfer
0401-WDBXM,No,0,0.0635,Low Risk,Two year,72,Fiber optic,105.55,7599.6,0,Bank transfer
0635-WKOLD,No,0,0.0635,Low Risk,One year,40,DSL,70.75,2830.0,0,Credit card
3530-VWVGU,No,0,0.0635,Low Risk,Month-to-month,22,No,19.9,437.8,0,Mailed check
4072-IPYLT,No,0,0.0633,Low Risk,Month-to-month,36,DSL,51.05,1837.8,0,Credit card
9351-HXDMR,No,0,0.0632,Low Risk,Two year,72,Fiber optic,110.9,7984.8,0,Credit card
7445-WMRBW,No,0,0.0632,Low Risk,One year,48,DSL,73.85,3544.8,0,Bank transfer
3621-CHYVB,No,0,0.0631,Low Risk,Month-to-month,57,DSL,49.9,2844.3,0,Bank transfer
8224-UAXBZ,No,0,0.063,Low Risk,One year,58,DSL,45.35,2630.3,0,Electronic check
0907-HQNTS,No,0,0.0629,Low Risk,Two year,70,Fiber optic,113.0,7910.0,1,Credit card
1431-CYWMH,No,0,0.0629,Low Risk,Month-to-month,22,No,19.05,419.1,0,Bank transfer
1042-HFUCW,No,0,0.0629,Low Risk,One year,25,DSL,54.75,1368.75,0,Credit card
2144-ESWKO,No,0,0.0628,Low Risk,One year,43,DSL,35.2,1513.6,0,Credit card
3724-BSCVH,No,0,0.0628,Low Risk,One year,10,No,20.45,204.5,0,Mailed check
1338-CECEE,No,0,0.0628,Low Risk,One year,41,DSL,68.5,2808.5,0,Bank transfer
8869-LIHMK,No,0,0.0628,Low Risk,Two year,64,Fiber optic,115.1,7366.4,0,Bank transfer
5203-XEHAX,No,0,0.0628,Low Risk,One year,34,DSL,64.35,2187.9,0,Electronic check
6435-VWCCY,No,0,0.0628,Low Risk,Two year,65,Fiber optic,92.7,6025.5,1,Credit card
6663-JOCQO,No,0,0.0628,Low Risk,One year,31,DSL,75.25,2332.75,0,Bank transfer
7677-SJJJK,No,0,0.0627,Low Risk,One year,8,No,19.9,159.2,0,Credit card
1430-SFQSA,No,0,0.0625,Low Risk,One year,29,DSL,35.6,1032.4,0,Mailed check
1680-VDCWW,No,0,0.0623,Low Risk,One year,12,No,19.8,237.6,0,Bank transfer
3969-JQABI,No,0,0.0623,Low Risk,Month-to-month,58,DSL,65.25,3784.5,0,Credit card
1345-ZUKID,No,0,0.0622,Low Risk,One year,14,No,19.35,270.9,0,Mailed check
0074-HDKDG,No,0,0.0622,Low Risk,One year,25,DSL,61.6,1540.0,0,Bank transfer
4909-JOUPP,No,0,0.062,Low Risk,Two year,72,Fiber optic,109.7,7898.4,1,Credit card
8901-UPRHR,No,0,0.062,Low Risk,Two year,72,Fiber optic,109.2,7862.4,0,Bank transfer
0862-PRCBS,No,0,0.062,Low Risk,Two year,68,Fiber optic,103.75,7055.0,0,Credit card
3580-HYCSP,No,0,0.0619,Low Risk,Two year,72,Fiber optic,110.3,7941.6,0,Bank transfer
0484-JPBRU,No,0,0.0617,Low Risk,Month-to-month,41,No,25.25,1035.25,0,Bank transfer
8559-WNQZS,No,0,0.0617,Low Risk,Two year,1,No,20.45,20.45,0,Mailed check
8016-ZMGMO,No,0,0.0616,Low Risk,One year,66,DSL,70.85,4676.1,1,Bank transfer
1136-XGEQU,No,0,0.0616,Low Risk,One year,50,DSL,84.15,4207.5,0,Credit card
6746-WAUWT,No,0,0.0614,Low Risk,One year,19,No,19.7,374.3,0,Credit card
2878-RMWXY,No,0,0.0614,Low Risk,Two year,72,Fiber optic,102.65,7390.8,1,Credit card
4730-AWNAU,No,0,0.0614,Low Risk,One year,36,DSL,60.7,2185.2,0,Credit card
0565-JUPYD,No,0,0.0613,Low Risk,One year,63,Fiber optic,104.5,6583.5,0,Credit card
5214-NLTIT,No,0,0.0611,Low Risk,Two year,72,Fiber optic,90.8,6537.6,0,Credit card
0619-OLYUR,No,0,0.0611,Low Risk,Two year,72,Fiber optic,111.9,8056.8,0,Credit card
7233-IOQNP,No,0,0.061,Low Risk,Month-to-month,43,DSL,34.0,1462.0,0,Bank transfer
7868-TMWMZ,No,0,0.061,Low Risk,Two year,60,Fiber optic,110.0,6600.0,1,Bank transfer
4425-OWHWB,No,0,0.061,Low Risk,One year,20,No,19.35,387.0,0,Credit card
8883-GRDWQ,No,0,0.0609,Low Risk,One year,20,DSL,54.0,1080.0,1,Mailed check
9070-BCKQP,No,0,0.0607,Low Risk,Two year,72,Fiber optic,110.15,7930.8,0,Credit card
7765-LWVVH,No,0,0.0606,Low Risk,Two year,72,Fiber optic,95.1,6847.2,0,Electronic check
0536-BGFMZ,No,0,0.0606,Low Risk,Month-to-month,28,No,20.5,574.0,0,Mailed check
3301-VKTGC,No,0,0.0605,Low Risk,One year,68,Fiber optic,85.5,5814.0,0,Bank transfer
5393-HJZSM,No,0,0.0605,Low Risk,Month-to-month,32,DSL,76.3,2441.6,0,Bank transfer
6508-NJYRO,No,0,0.0604,Low Risk,One year,15,No,18.8,282.0,0,Mailed check
2798-NYLMZ,No,0,0.0603,Low Risk,Two year,71,Fiber optic,108.55,7707.05,0,Credit card
0454-OKRCT,No,0,0.0603,Low Risk,Two year,33,Fiber optic,80.6,2659.8,0,Bank transfer
3696-XRIEN,No,0,0.0602,Low Risk,One year,50,DSL,82.5,4125.0,0,Credit card
1097-FSPVW,No,0,0.0602,Low Risk,Month-to-month,42,DSL,54.55,2291.1,0,Credit card
2639-UGMAZ,No,0,0.0602,Low Risk,One year,71,DSL,56.45,4007.95,1,Electronic check
4385-ZKVNW,No,0,0.06,Low Risk,Month-to-month,44,DSL,54.9,2415.6,0,Bank transfer
1099-BTKWT,No,0,0.0599,Low Risk,One year,68,DSL,54.4,3699.2,0,Electronic check
8727-XDPUD,No,0,0.0599,Low Risk,Two year,37,DSL,35.8,1324.6,0,Credit card
3721-CNZHX,No,0,0.0599,Low Risk,One year,15,No,19.8,297.0,0,Mailed check
2484-DGXPZ,Yes,0,0.0598,Low Risk,Month-to-month,31,No,19.55,606.05,0,Mailed check
1402-PTHGN,No,0,0.0598,Low Risk,One year,18,DSL,61.5,1107.0,0,Mailed check
7817-OMJNA,No,0,0.0598,Low Risk,One year,14,No,20.4,285.6,0,Bank transfer
5914-XRFQB,No,0,0.0597,Low Risk,Two year,72,Fiber optic,115.8,8337.6,0,Bank transfer
1702-CCFNJ,No,0,0.0596,Low Risk,Month-to-month,52,DSL,61.35,3190.2,0,Bank transfer
9589-ABEPT,No,0,0.0595,Low Risk,Two year,69,Fiber optic,92.45,6379.05,0,Mailed check
4057-FKCZK,No,0,0.0594,Low Risk,Two year,58,Fiber optic,82.5,4785.0,0,Bank transfer
6650-BWFRT,No,0,0.0594,Low Risk,Two year,72,Fiber optic,117.15,8434.8,0,Credit card
5993-BQHEA,No,0,0.0594,Low Risk,One year,12,No,20.05,240.6,0,Credit card
6075-QMNRR,No,0,0.0593,Low Risk,Month-to-month,52,DSL,49.75,2587.0,0,Bank transfer
1137-DGOWI,No,0,0.0593,Low Risk,One year,30,DSL,70.25,2107.5,0,Bank transfer
6048-UWKAL,No,0,0.0592,Low Risk,Two year,69,Fiber optic,105.4,7272.6,1,Credit card
5671-RQRLP,No,0,0.0591,Low Risk,Two year,70,Fiber optic,75.65,5295.5,1,Credit card
9170-GYZJC,Yes,0,0.059,Low Risk,Month-to-month,41,DSL,79.9,3275.9,0,Credit card
0813-TAXXS,No,0,0.0589,Low Risk,Two year,55,DSL,77.8,4279.0,0,Bank transfer
4933-IKULF,No,0,0.0587,Low Risk,One year,17,No,20.65,351.05,1,Mailed check
5524-KHNJP,No,0,0.0586,Low Risk,One year,33,DSL,74.75,2466.75,0,Credit card
8879-ZKJOF,No,0,0.0584,Low Risk,One year,41,DSL,79.85,3273.85,0,Bank transfer
4018-KJYUY,No,0,0.0583,Low Risk,Month-to-month,22,No,20.15,443.3,0,Credit card
3963-RYFNS,No,0,0.0583,Low Risk,Two year,72,Fiber optic,116.45,8384.4,0,Bank transfer
7841-FCRQD,No,0,0.0581,Low Risk,One year,33,DSL,53.75,1773.75,0,Credit card
9298-WGMRW,No,0,0.0581,Low Risk,Two year,72,Fiber optic,115.5,8316.0,0,Bank transfer
5294-CDGWY,Yes,0,0.058,Low Risk,One year,51,DSL,59.3,3024.3,0,Electronic check
8690-UPCZI,No,0,0.0579,Low Risk,One year,29,DSL,69.05,2002.45,0,Bank transfer
5872-OEQNH,No,0,0.0578,Low Risk,One year,60,DSL,44.45,2667.0,0,Electronic check
5975-BAICR,No,0,0.0578,Low Risk,One year,36,DSL,63.7,2293.2,0,Credit card
8975-SKGRX,No,0,0.0577,Low Risk,Two year,71,Fiber optic,116.1,8243.1,0,Bank transfer
8097-VBQTZ,No,0,0.0576,Low Risk,Month-to-month,54,DSL,69.9,3774.6,0,Mailed check
6171-ZTVYB,No,0,0.0574,Low Risk,Month-to-month,43,DSL,66.25,2848.75,0,Bank transfer
3224-DFQNQ,No,0,0.0573,Low Risk,One year,66,Fiber optic,89.0,5874.0,0,Electronic check
3669-WHAFY,No,0,0.0572,Low Risk,Two year,71,Fiber optic,115.15,8175.65,0,Credit card
1498-DQNRX,No,0,0.0572,Low Risk,Month-to-month,29,No,19.85,575.65,0,Mailed check
2171-UDMFD,No,0,0.057,Low Risk,Month-to-month,32,No,19.45,622.4,0,Credit card
9931-DCEZH,No,0,0.057,Low Risk,One year,28,DSL,54.4,1523.2,0,Credit card
1915-OAKWD,No,0,0.057,Low Risk,One year,16,No,19.3,308.8,0,Bank transfer
1320-GVNHT,No,0,0.0569,Low Risk,Two year,72,Fiber optic,108.4,7804.8,0,Credit card
8792-AOROI,No,0,0.0569,Low Risk,Two year,8,DSL,65.5,524.0,0,Mailed check
3244-CQPHU,No,0,0.0568,Low Risk,Two year,72,Fiber optic,110.1,7927.2,1,Bank transfer
3082-YVEKW,No,0,0.0568,Low Risk,Two year,23,DSL,77.15,1774.45,0,Bank transfer
9617-UDPEU,No,0,0.0568,Low Risk,One year,22,No,19.25,423.5,0,Mailed check
0727-BNRLG,No,0,0.0568,Low Risk,Two year,69,Fiber optic,97.65,6737.85,0,Credit card
0020-INWCK,No,0,0.0567,Low Risk,Two year,71,Fiber optic,95.75,6798.25,0,Credit card
0930-EHUZA,No,0,0.0566,Low Risk,One year,36,DSL,76.35,2748.6,0,Mailed check
8434-PNQZX,No,0,0.0566,Low Risk,Two year,42,DSL,78.45,3294.9,0,Credit card
2121-JAFOM,No,0,0.0566,Low Risk,Two year,72,Fiber optic,115.55,8319.6,0,Credit card
3243-ZHOHY,No,0,0.0565,Low Risk,One year,16,No,20.1,321.6,0,Mailed check
4815-YOSUK,No,0,0.0565,Low Risk,One year,72,Fiber optic,104.9,7552.8,0,Credit card
1452-XRSJV,No,0,0.0565,Low Risk,Month-to-month,39,DSL,51.05,1990.95,0,Credit card
4508-OEBEY,No,0,0.0565,Low Risk,One year,31,DSL,75.5,2340.5,0,Credit card
8898-KASCD,No,0,0.0564,Low Risk,One year,39,DSL,35.55,1386.45,0,Mailed check
3259-KNMRR,No,0,0.0564,Low Risk,Two year,57,DSL,79.75,4545.75,1,Bank transfer
3705-RHRFR,No,0,0.0564,Low Risk,Two year,69,Fiber optic,99.15,6841.35,0,Bank transfer
8226-BXGES,No,0,0.0564,Low Risk,One year,64,Fiber optic,89.45,5724.8,0,Bank transfer
9788-HNGUT,No,0,0.0564,Low Risk,Two year,72,Fiber optic,116.95,8420.4,0,Credit card
7801-CEDNV,No,0,0.0563,Low Risk,One year,27,DSL,48.7,1314.9,0,Credit card
2710-WYVXG,No,0,0.0563,Low Risk,Two year,3,DSL,71.1,213.3,0,Mailed check
3407-JMJQQ,No,0,0.0562,Low Risk,Two year,71,Fiber optic,109.0,7739.0,0,Bank transfer
4445-KWOKW,No,0,0.0562,Low Risk,One year,42,DSL,60.15,2526.3,0,Bank transfer
2368-GAKKQ,No,0,0.0561,Low Risk,Two year,70,Fiber optic,113.65,7955.5,0,Bank transfer
5499-ECUTN,No,0,0.0561,Low Risk,One year,47,DSL,66.05,3104.35,0,Credit card
1760-CAZHT,No,0,0.0561,Low Risk,Month-to-month,25,No,20.8,520.0,0,Mailed check
2592-HODOV,No,0,0.0561,Low Risk,One year,13,No,19.3,250.9,0,Credit card
1455-HFBXA,No,0,0.056,Low Risk,Two year,52,Fiber optic,91.6,4763.2,0,Credit card
5944-UGLLK,No,0,0.056,Low Risk,One year,53,DSL,54.9,2909.7,0,Credit card
6551-ZCOTS,No,0,0.0559,Low Risk,One year,33,No,24.9,821.7,1,Bank transfer
3397-AVTKU,No,0,0.0558,Low Risk,Two year,43,DSL,60.0,2580.0,0,Electronic check
6797-LNAQX,Yes,0,0.0558,Low Risk,Two year,70,Fiber optic,98.3,6881.0,0,Bank transfer
7176-WRTNX,No,0,0.0557,Low Risk,Two year,70,Fiber optic,114.95,8046.5,0,Bank transfer
2868-LLSKM,No,0,0.0557,Low Risk,One year,68,Fiber optic,83.65,5688.2,0,Bank transfer
4598-ZADCK,No,0,0.0556,Low Risk,One year,53,DSL,53.6,2840.8,0,Electronic check
8612-GXIDD,No,0,0.0555,Low Risk,Two year,12,No,25.4,304.8,0,Bank transfer
2907-ILJBN,No,0,0.0555,Low Risk,One year,11,No,20.6,226.6,0,Mailed check
8659-HDIYE,No,0,0.0554,Low Risk,Month-to-month,64,DSL,74.65,4777.6,1,Credit card
7971-HLVXI,No,0,0.0554,Low Risk,Two year,72,Fiber optic,84.5,6084.0,0,Credit card
5236-XMZJY,No,0,0.0551,Low Risk,Month-to-month,42,DSL,59.65,2505.3,0,Bank transfer
4522-XRWWI,No,0,0.055,Low Risk,One year,42,DSL,80.45,3378.9,0,Credit card
5038-ETMLM,No,0,0.0549,Low Risk,Two year,72,Fiber optic,113.65,8182.8,0,Bank transfer
6999-CHVCF,No,0,0.0549,Low Risk,Two year,68,Fiber optic,102.1,6942.8,0,Bank transfer
5915-DGNVC,No,0,0.0549,Low Risk,One year,49,DSL,71.8,3518.2,0,Electronic check
1163-VIPRI,No,0,0.0548,Low Risk,Two year,65,Fiber optic,109.3,7104.5,0,Electronic check
1577-HKTFG,Yes,0,0.0548,Low Risk,Month-to-month,30,No,19.65,589.5,0,Bank transfer
6427-FEFIG,No,0,0.0547,Low Risk,Two year,24,DSL,78.6,1886.4,0,Credit card
6993-YGFJV,No,0,0.0544,Low Risk,Two year,69,Fiber optic,112.55,7765.95,0,Bank transfer
8461-EFQYM,No,0,0.0544,Low Risk,One year,38,No,24.25,921.5,0,Electronic check
1544-JJMYL,No,0,0.0544,Low Risk,One year,27,DSL,69.35,1872.45,0,Credit card
2634-HCZGT,Yes,0,0.0544,Low Risk,One year,53,DSL,60.05,3182.65,1,Electronic check
3549-ZTMNH,No,0,0.0543,Low Risk,Two year,12,No,24.0,288.0,0,Bank transfer
2380-DAMQP,No,0,0.0543,Low Risk,Two year,72,Fiber optic,115.15,8290.8,0,Electronic check
4686-GEFRM,No,0,0.0543,Low Risk,Two year,70,Fiber optic,98.7,6909.0,0,Bank transfer
4853-RULSV,Yes,0,0.0542,Low Risk,Two year,70,Fiber optic,104.0,7280.0,0,Credit card
9715-SBVSU,No,0,0.0542,Low Risk,Two year,14,DSL,61.4,859.6,0,Bank transfer
5505-OVWQW,No,0,0.0541,Low Risk,One year,17,No,20.15,342.55,0,Mailed check
8570-KLJYJ,No,0,0.0541,Low Risk,One year,36,DSL,54.45,1960.2,0,Mailed check
9142-XMYJH,No,0,0.0541,Low Risk,Month-to-month,29,No,19.35,561.15,0,Credit card
2546-KZAAT,No,0,0.0541,Low Risk,One year,52,DSL,75.4,3920.8,0,Mailed check
3551-GAEGL,No,0,0.054,Low Risk,One year,34,DSL,30.4,1033.6,0,Bank transfer
4404-HIBDJ,Yes,0,0.054,Low Risk,One year,25,DSL,74.3,1857.5,0,Mailed check
6434-TTGJP,No,0,0.0539,Low Risk,Two year,10,DSL,53.7,537.0,0,Credit card
8606-CIQUL,No,0,0.0537,Low Risk,Two year,72,Fiber optic,115.75,8334.0,1,Credit card
0866-QLSIR,Yes,0,0.0536,Low Risk,One year,34,DSL,64.4,2189.6,0,Mailed check
3178-CIFOT,No,0,0.0536,Low Risk,One year,23,No,19.65,451.95,0,Credit card
3283-WCWXT,No,0,0.0536,Low Risk,Two year,6,No,25.4,152.4,0,Mailed check
8741-LQOBK,No,0,0.0535,Low Risk,Month-to-month,46,DSL,35.05,1612.3,0,Bank transfer
7609-NRNCA,No,0,0.0535,Low Risk,One year,17,No,19.55,332.35,0,Mailed check
1841-YSJGV,No,0,0.0534,Low Risk,Two year,72,Fiber optic,109.95,7916.4,0,Credit card
2030-BTZRO,No,0,0.0534,Low Risk,Two year,6,No,20.4,122.4,0,Credit card
6371-NZYEG,No,0,0.0533,Low Risk,Two year,16,DSL,64.25,1028.0,0,Mailed check
8348-JLBUG,No,0,0.0533,Low Risk,One year,64,Fiber optic,80.3,5139.2,1,Credit card
8328-SKJNO,No,0,0.0532,Low Risk,One year,23,DSL,40.65,934.95,0,Bank transfer
0357-NVCRI,No,0,0.0532,Low Risk,Month-to-month,25,No,20.05,501.25,0,Credit card
9330-DHBFL,No,0,0.0532,Low Risk,One year,23,DSL,66.25,1523.75,0,Mailed check
9938-TKDGL,No,0,0.0532,Low Risk,Two year,68,Fiber optic,99.55,6769.4,0,Electronic check
5982-PSMKW,No,0,0.053,Low Risk,Two year,23,DSL,91.1,2095.3,0,Credit card
1150-WFARN,Yes,0,0.053,Low Risk,Two year,67,Fiber optic,108.75,7286.25,0,Credit card
9705-ZJBCG,No,0,0.053,Low Risk,One year,13,DSL,54.15,703.95,0,Bank transfer
1325-USMEC,No,0,0.053,Low Risk,Two year,70,Fiber optic,99.35,6954.5,0,Credit card
9046-JBFWA,No,0,0.0529,Low Risk,Month-to-month,27,No,19.15,517.05,0,Mailed check
1763-KUAAW,No,0,0.0527,Low Risk,One year,18,No,20.35,366.3,1,Bank transfer
6174-NRBTZ,No,0,0.0527,Low Risk,One year,46,DSL,30.75,1414.5,0,Bank transfer
2338-BQEZT,No,0,0.0526,Low Risk,Month-to-month,55,DSL,50.55,2780.25,0,Credit card
1043-UXOVO,No,0,0.0526,Low Risk,Two year,71,Fiber optic,113.15,8033.65,0,Credit card
7191-ADRGF,No,0,0.0526,Low Risk,Two year,44,DSL,54.3,2389.2,0,Bank transfer
0254-FNMCI,No,0,0.0526,Low Risk,Two year,72,Fiber optic,109.9,7912.8,0,Electronic check
2790-XUYMV,No,0,0.0525,Low Risk,One year,71,Fiber optic,85.45,6066.95,0,Credit card
0019-EFAEP,No,0,0.0525,Low Risk,Two year,72,Fiber optic,101.3,7293.6,0,Bank transfer
8756-RDDLT,No,0,0.0523,Low Risk,Month-to-month,68,DSL,44.95,3056.6,0,Electronic check
2520-SGTTA,No,0,0.0522,Low Risk,Two year,0,No,20.0,0.0,0,Mailed check
8969-PRHFK,No,0,0.0522,Low Risk,One year,18,No,19.65,353.7,0,Mailed check
0307-BCOPK,No,0,0.0521,Low Risk,One year,16,No,19.05,304.8,0,Mailed check
3259-QMXUN,No,0,0.0521,Low Risk,Two year,58,DSL,86.1,4993.8,0,Electronic check
0056-EPFBG,No,0,0.052,Low Risk,Two year,20,DSL,39.4,788.0,0,Credit card
7055-JCGNI,No,0,0.0519,Low Risk,Two year,70,Fiber optic,111.95,7836.5,0,Credit card
9845-QOMAD,No,0,0.0519,Low Risk,One year,14,No,19.75,276.5,0,Mailed check
5172-RKOCB,No,0,0.0518,Low Risk,Two year,72,Fiber optic,108.95,7844.4,0,Credit card
9637-CDTKZ,No,0,0.0517,Low Risk,Two year,72,Fiber optic,114.1,8215.2,0,Credit card
1133-KXCGE,No,0,0.0516,Low Risk,One year,18,No,20.1,361.8,0,Mailed check
5989-AXPUC,No,0,0.0515,Low Risk,Two year,68,Fiber optic,118.6,8064.8,0,Mailed check
8085-MSNLK,No,0,0.0515,Low Risk,Two year,62,Fiber optic,113.95,7064.9,0,Mailed check
7554-NEWDD,No,0,0.0515,Low Risk,Two year,10,No,25.7,257.0,0,Bank transfer
9847-HNVGP,No,0,0.0515,Low Risk,One year,17,No,19.95,339.15,0,Mailed check
4578-PHJYZ,No,0,0.0514,Low Risk,One year,52,DSL,68.75,3575.0,0,Electronic check
4311-QTTAI,No,0,0.0513,Low Risk,One year,16,No,19.35,309.6,0,Credit card
1599-MMYRQ,No,0,0.0512,Low Risk,One year,62,Fiber optic,81.45,5049.9,0,Credit card
9766-HGEDE,No,0,0.0512,Low Risk,One year,17,No,19.35,328.95,0,Mailed check
0670-ANMUU,No,0,0.0512,Low Risk,One year,71,Fiber optic,97.65,6933.15,0,Credit card
4323-ELYYB,No,0,0.0511,Low Risk,One year,13,No,20.0,260.0,0,Mailed check
1741-WTPON,No,0,0.0511,Low Risk,Two year,56,Fiber optic,115.85,6487.6,0,Mailed check
3186-AJIEK,No,0,0.0511,Low Risk,Two year,66,Fiber optic,105.65,6972.9,0,Bank transfer
0428-AXXLJ,No,0,0.0511,Low Risk,One year,25,No,19.5,487.5,0,Bank transfer
6445-TNRXS,No,0,0.051,Low Risk,Two year,68,Fiber optic,114.7,7799.6,0,Bank transfer
0829-DDVLK,No,0,0.051,Low Risk,One year,15,No,20.1,301.5,0,Credit card
7602-MVRMB,No,0,0.0509,Low Risk,Two year,72,Fiber optic,110.45,7952.4,0,Bank transfer
2039-JONDJ,No,0,0.0509,Low Risk,One year,27,DSL,55.45,1497.15,0,Bank transfer
9220-ZNKJI,No,0,0.0509,Low Risk,Two year,55,Fiber optic,88.8,4884.0,1,Credit card
7279-NMVJC,No,0,0.0508,Low Risk,One year,17,No,19.9,338.3,0,Bank transfer
6635-MYYYZ,Yes,0,0.0508,Low Risk,One year,30,DSL,85.35,2560.5,0,Bank transfer
3131-NWVFJ,No,0,0.0508,Low Risk,One year,14,No,19.55,273.7,0,Mailed check
2200-DSAAL,No,0,0.0508,Low Risk,Two year,68,DSL,80.65,5484.2,0,Electronic check
5183-KLYEM,No,0,0.0508,Low Risk,Two year,72,Fiber optic,112.75,8118.0,0,Credit card
8099-MZPUJ,No,0,0.0507,Low Risk,Two year,48,Fiber optic,111.8,5366.4,0,Credit card
9199-PWQVC,No,0,0.0507,Low Risk,One year,63,DSL,79.7,5021.1,0,Credit card
6919-ELBGL,No,0,0.0506,Low Risk,Two year,72,Fiber optic,114.95,8276.4,1,Bank transfer
6510-UPNKS,No,0,0.0506,Low Risk,One year,23,No,24.8,570.4,0,Credit card
3452-FLHYD,No,0,0.0504,Low Risk,One year,25,No,20.95,523.75,0,Bank transfer
3766-EJLFL,No,0,0.0503,Low Risk,Two year,68,Fiber optic,109.05,7415.4,0,Bank transfer
9239-GZHZE,No,0,0.0501,Low Risk,Two year,72,Fiber optic,113.65,8182.8,0,Credit card
6614-FHDBO,No,0,0.0501,Low Risk,Two year,72,Fiber optic,109.2,7862.4,0,Bank transfer
4616-EWBNJ,No,0,0.0501,Low Risk,One year,16,No,20.1,321.6,0,Bank transfer
3810-DVDQQ,No,0,0.05,Low Risk,Two year,72,Fiber optic,117.6,8467.2,0,Bank transfer
6543-JXSOO,No,0,0.0499,Low Risk,One year,23,DSL,57.75,1328.25,0,Mailed check
4369-NYSCF,No,0,0.0498,Low Risk,One year,56,DSL,75.75,4242.0,0,Bank transfer
6869-FGJJC,No,0,0.0498,Low Risk,One year,68,Fiber optic,79.6,5412.8,0,Credit card
7244-QWYHG,No,0,0.0497,Low Risk,One year,50,DSL,44.45,2222.5,0,Bank transfer
7644-OMVMY,No,0,0.0497,Low Risk,Two year,0,No,19.85,0.0,0,Mailed check
4092-OFQZS,No,0,0.0497,Low Risk,One year,20,No,20.65,413.0,0,Mailed check
0840-DCNZE,No,0,0.0496,Low Risk,One year,47,DSL,86.95,4086.65,0,Bank transfer
1131-ALZWV,No,0,0.0496,Low Risk,One year,24,No,24.6,590.4,0,Bank transfer
4359-INNWN,No,0,0.0496,Low Risk,One year,17,No,20.05,340.85,0,Credit card
5575-GNVDE,No,0,0.0495,Low Risk,One year,34,DSL,56.95,1936.3,0,Mailed check
5375-XLDOF,No,0,0.0494,Low Risk,Two year,69,Fiber optic,114.35,7890.15,0,Bank transfer
1038-ZAGBI,Yes,0,0.0494,Low Risk,One year,12,No,19.8,237.6,0,Bank transfer
9553-DLCLU,No,0,0.0494,Low Risk,Two year,13,DSL,88.95,1156.35,0,Credit card
3258-ZKPAI,No,0,0.0494,Low Risk,Two year,72,Fiber optic,116.6,8395.2,0,Bank transfer
7005-CYUIL,No,0,0.0493,Low Risk,Two year,71,Fiber optic,99.4,7057.4,1,Electronic check
6211-WWLTF,No,0,0.0493,Low Risk,Two year,63,Fiber optic,99.7,6281.1,0,Credit card
3340-QBBFM,No,0,0.0493,Low Risk,One year,36,DSL,54.1,1947.6,1,Credit card
8499-BRXTD,No,0,0.0493,Low Risk,One year,18,No,20.1,361.8,0,Mailed check
4778-IZARL,No,0,0.0492,Low Risk,Two year,63,Fiber optic,110.1,6936.3,0,Credit card
8777-PVYGU,No,0,0.0492,Low Risk,One year,52,DSL,64.3,3343.6,0,Mailed check
9959-WOFKT,No,0,0.0491,Low Risk,Two year,71,Fiber optic,106.7,7575.7,0,Bank transfer
7369-TRPFD,No,0,0.0491,Low Risk,One year,19,No,18.8,357.2,0,Mailed check
1171-TYKUR,No,0,0.049,Low Risk,Month-to-month,47,No,25.4,1193.8,0,Electronic check
5061-PBXFW,No,0,0.0489,Low Risk,Month-to-month,32,DSL,61.4,1964.8,0,Bank transfer
7472-EQOAV,No,0,0.0489,Low Risk,One year,71,Fiber optic,86.7,6155.7,1,Bank transfer
5442-BXVND,No,0,0.0489,Low Risk,Month-to-month,33,No,24.25,800.25,0,Bank transfer
3034-ZBEQN,Yes,0,0.0489,Low Risk,One year,48,DSL,34.7,1665.6,0,Mailed check
3115-CZMZD,No,0,0.0488,Low Risk,Two year,0,No,20.25,0.0,0,Mailed check
9621-OUPYD,No,0,0.0488,Low Risk,One year,25,No,20.2,505.0,0,Bank transfer
5844-QVTAT,No,0,0.0487,Low Risk,One year,33,DSL,58.45,1928.85,0,Mailed check
7100-FQPRV,No,0,0.0487,Low Risk,One year,43,DSL,71.9,3091.7,0,Credit card
7996-BPXHY,No,0,0.0486,Low Risk,Two year,13,No,25.0,325.0,0,Bank transfer
9207-ZPANB,No,0,0.0486,Low Risk,One year,37,DSL,67.45,2495.65,0,Electronic check
5726-CVNYA,No,0,0.0485,Low Risk,Two year,8,No,19.85,158.8,0,Mailed check
3026-ATZYV,No,0,0.0485,Low Risk,One year,37,DSL,75.1,2778.7,0,Bank transfer
7569-NMZYQ,No,0,0.0485,Low Risk,Two year,72,Fiber optic,118.75,8550.0,0,Bank transfer
0572-ZJKLT,No,0,0.0485,Low Risk,Two year,46,Fiber optic,99.65,4583.9,0,Mailed check
7813-TKCVO,No,0,0.0485,Low Risk,One year,20,No,20.35,407.0,0,Mailed check
9534-NSXEM,No,0,0.0485,Low Risk,One year,26,No,20.65,536.9,0,Credit card
9541-PWTWO,No,0,0.0484,Low Risk,Two year,52,DSL,80.95,4209.4,0,Bank transfer
8788-DOXSU,No,0,0.0484,Low Risk,One year,59,DSL,61.35,3619.65,0,Bank transfer
4884-TVUQF,No,0,0.0484,Low Risk,Two year,57,Fiber optic,101.3,5774.1,1,Credit card
2927-CVULT,No,0,0.0483,Low Risk,Two year,53,Fiber optic,104.05,5514.65,0,Bank transfer
6114-TCFID,No,0,0.0483,Low Risk,One year,29,DSL,39.5,1145.5,0,Credit card
2073-QBVBI,No,0,0.0482,Low Risk,One year,41,DSL,35.45,1453.45,0,Mailed check
6682-VCIXC,No,0,0.0482,Low Risk,One year,43,DSL,51.25,2203.75,0,Bank transfer
6176-YJWAS,No,0,0.0482,Low Risk,Two year,72,Fiber optic,97.95,7052.4,0,Credit card
3374-PZLXD,No,0,0.0481,Low Risk,Month-to-month,34,No,19.7,669.8,0,Mailed check
7325-ENZFI,No,0,0.048,Low Risk,One year,39,DSL,40.3,1571.7,0,Bank transfer
8106-GWQOK,No,0,0.048,Low Risk,Two year,38,DSL,60.0,2280.0,0,Bank transfer
4627-MIHJH,No,0,0.048,Low Risk,Two year,69,Fiber optic,110.25,7607.25,1,Credit card
9860-LISIZ,No,0,0.0479,Low Risk,Month-to-month,34,No,20.35,691.9,0,Mailed check
4378-MYPGO,No,0,0.0478,Low Risk,Two year,68,Fiber optic,105.25,7157.0,0,Bank transfer
6147-CBCRA,No,0,0.0478,Low Risk,Month-to-month,33,No,20.05,661.65,0,Mailed check
6867-ACCZI,No,0,0.0477,Low Risk,Two year,24,DSL,52.5,1260.0,0,Mailed check
3617-XLSGQ,No,0,0.0476,Low Risk,Two year,66,Fiber optic,109.25,7210.5,0,Bank transfer
5546-BYZSM,No,0,0.0475,Low Risk,Month-to-month,41,No,20.45,838.45,0,Electronic check
4203-QGNZA,No,0,0.0475,Low Risk,Month-to-month,28,No,20.25,567.0,0,Mailed check
6765-MBQNU,No,0,0.0474,Low Risk,One year,26,No,26.0,676.0,0,Mailed check
2054-PJOCK,No,0,0.0472,Low Risk,One year,60,DSL,80.55,4833.0,0,Credit card
7696-AMHOD,No,0,0.0472,Low Risk,One year,49,DSL,78.0,3822.0,0,Credit card
1790-NESIO,No,0,0.0471,Low Risk,Two year,13,No,20.4,265.2,0,Mailed check
1866-NXPSP,No,0,0.0471,Low Risk,One year,36,DSL,75.55,2719.8,0,Mailed check
1661-CZBAU,No,0,0.047,Low Risk,One year,48,DSL,70.95,3405.6,0,Bank transfer
7527-QNRUS,No,0,0.047,Low Risk,Two year,17,No,25.15,427.55,0,Mailed check
3795-CAWEX,No,0,0.047,Low Risk,Two year,70,Fiber optic,116.55,8158.5,0,Credit card
0675-NCDYU,No,0,0.0469,Low Risk,Two year,72,Fiber optic,116.4,8380.8,0,Credit card
8746-BFOAJ,No,0,0.0469,Low Risk,One year,21,No,20.5,430.5,1,Bank transfer
1099-GODLO,No,0,0.0469,Low Risk,Two year,1,No,20.35,20.35,0,Mailed check
3726-TBHQT,No,0,0.0467,Low Risk,Two year,71,Fiber optic,114.0,8094.0,0,Bank transfer
6878-GGDWG,No,0,0.0466,Low Risk,Month-to-month,32,No,19.4,620.8,0,Bank transfer
0013-SMEOE,No,0,0.0466,Low Risk,Two year,71,Fiber optic,109.7,7788.7,1,Bank transfer
2320-TZRRH,No,0,0.0466,Low Risk,One year,20,No,19.5,390.0,0,Mailed check
2223-GDSHL,No,0,0.0466,Low Risk,Two year,71,Fiber optic,116.05,8239.55,0,Bank transfer
2361-FJWNO,No,0,0.0465,Low Risk,One year,40,DSL,36.0,1440.0,0,Credit card
2453-SAFNS,No,0,0.0464,Low Risk,One year,54,DSL,72.1,3893.4,1,Mailed check
7753-USQYQ,No,0,0.0464,Low Risk,One year,55,DSL,64.2,3531.0,0,Electronic check
1272-ILHFG,No,0,0.0464,Low Risk,One year,15,No,19.65,294.75,0,Mailed check
8630-QSGXK,No,0,0.0463,Low Risk,Two year,51,DSL,75.2,3835.2,0,Bank transfer
4086-ATNFV,No,0,0.0463,Low Risk,One year,34,DSL,60.8,2067.2,0,Mailed check
6244-BESBM,No,0,0.0462,Low Risk,Two year,69,Fiber optic,95.2,6568.8,0,Credit card
0422-OHQHQ,No,0,0.0462,Low Risk,One year,15,No,20.55,308.25,0,Mailed check
6416-JNVRK,No,0,0.046,Low Risk,One year,46,DSL,55.65,2559.9,0,Credit card
1303-SRDOK,No,0,0.046,Low Risk,Two year,55,Fiber optic,69.05,3797.75,0,Credit card
1036-GUDCL,No,0,0.046,Low Risk,Month-to-month,60,DSL,79.05,4743.0,0,Credit card
3043-SUDUA,No,0,0.046,Low Risk,Month-to-month,32,No,19.9,636.8,0,Bank transfer
5917-HBSDW,No,0,0.046,Low Risk,Month-to-month,37,No,19.35,715.95,0,Electronic check
0203-HHYIJ,Yes,0,0.0459,Low Risk,One year,25,No,25.3,632.5,0,Bank transfer
7576-ASEJU,No,0,0.0459,Low Risk,One year,41,DSL,74.7,3062.7,0,Credit card
9891-NQDBD,No,0,0.0459,Low Risk,One year,28,No,25.55,715.4,0,Mailed check
8996-ZROXE,No,0,0.0459,Low Risk,One year,57,DSL,53.5,3049.5,1,Electronic check
2245-ADZFJ,No,0,0.0459,Low Risk,Two year,31,DSL,80.55,2497.05,0,Bank transfer
7951-VRDVK,No,0,0.0458,Low Risk,One year,36,DSL,85.85,3090.6,0,Bank transfer
9236-NDUCW,No,0,0.0458,Low Risk,Two year,21,DSL,35.1,737.1,0,Mailed check
1488-PBLJN,No,0,0.0458,Low Risk,Two year,72,Fiber optic,116.85,8413.2,0,Bank transfer
0042-JVWOJ,No,0,0.0458,Low Risk,One year,26,No,19.6,509.6,0,Bank transfer
1474-JUWSM,No,0,0.0456,Low Risk,One year,58,DSL,68.4,3967.2,0,Electronic check
6509-TSGWN,No,0,0.0455,Low Risk,Month-to-month,37,No,26.45,978.65,0,Mailed check
9027-TMATR,No,0,0.0455,Low Risk,Two year,43,DSL,78.8,3388.4,0,Electronic check
8313-AFGBW,No,0,0.0455,Low Risk,Two year,47,DSL,73.6,3459.2,0,Electronic check
6194-HBGQN,No,0,0.0455,Low Risk,One year,51,DSL,81.15,4138.65,0,Credit card
1401-FTHFQ,No,0,0.0454,Low Risk,One year,23,No,20.0,460.0,0,Credit card
6598-KELSS,No,0,0.0454,Low Risk,One year,50,DSL,43.05,2152.5,0,Bank transfer
7030-FZTFM,No,0,0.0453,Low Risk,Two year,72,Fiber optic,110.9,7984.8,0,Credit card
2829-HYVZP,No,0,0.0453,Low Risk,One year,29,No,19.8,574.2,0,Mailed check
2580-ASVVY,No,0,0.0453,Low Risk,Two year,37,DSL,45.4,1679.8,0,Electronic check
9867-JCZSP,No,0,0.0452,Low Risk,One year,17,No,20.75,352.75,0,Mailed check
5003-OKNNK,No,0,0.0451,Low Risk,One year,15,No,20.35,305.25,0,Credit card
0197-PNKNK,No,0,0.0451,Low Risk,One year,69,Fiber optic,84.45,5827.05,0,Bank transfer
6752-APNJL,No,0,0.045,Low Risk,Month-to-month,42,DSL,54.5,2289.0,0,Mailed check
5855-EIBDE,No,0,0.045,Low Risk,Two year,49,Fiber optic,106.65,5225.85,0,Credit card
4664-NJCMS,No,0,0.045,Low Risk,Two year,33,DSL,59.55,1965.15,0,Bank transfer
9313-CDOGY,No,0,0.045,Low Risk,Month-to-month,38,No,19.6,744.8,0,Electronic check
1407-DIGZV,No,0,0.0449,Low Risk,Two year,3,No,19.1,57.3,0,Mailed check
8707-RMEZH,No,0,0.0449,Low Risk,One year,69,Fiber optic,87.3,6023.7,1,Credit card
4174-LPGTI,Yes,0,0.0449,Low Risk,One year,41,DSL,66.5,2726.5,0,Bank transfer
0266-GMEAO,No,0,0.0448,Low Risk,Two year,72,Fiber optic,114.3,8229.6,0,Credit card
9053-JZFKV,Yes,0,0.0448,Low Risk,Two year,67,Fiber optic,116.2,7785.4,0,Credit card
7196-LIWRH,No,0,0.0447,Low Risk,Two year,6,No,19.55,117.3,0,Mailed check
4115-BNPJY,No,0,0.0447,Low Risk,Two year,29,DSL,75.55,2190.95,0,Mailed check
5312-TSZVC,No,0,0.0445,Low Risk,One year,15,No,19.65,294.75,0,Mailed check
0017-IUDMW,No,0,0.0445,Low Risk,Two year,72,Fiber optic,116.8,8409.6,0,Credit card
4376-KFVRS,No,0,0.0445,Low Risk,Two year,72,Fiber optic,114.05,8211.6,0,Credit card
1904-WAJAA,No,0,0.0445,Low Risk,Two year,24,DSL,64.35,1544.4,0,Electronic check
9046-DQMTP,No,0,0.0444,Low Risk,Month-to-month,35,No,20.75,726.25,0,Bank transfer
0868-VJRDR,No,0,0.0444,Low Risk,Two year,64,Fiber optic,104.05,6659.2,0,Credit card
6007-TCTST,No,0,0.0444,Low Risk,Two year,72,Fiber optic,115.8,8337.6,0,Bank transfer
1298-PHBTI,No,0,0.0444,Low Risk,Two year,71,Fiber optic,84.8,6020.8,0,Electronic check
5887-IKKYO,No,0,0.0444,Low Risk,Two year,58,Fiber optic,94.35,5472.3,0,Bank transfer
6670-MFRPK,No,0,0.0443,Low Risk,Two year,69,Fiber optic,79.2,5464.8,0,Credit card
3396-DKDEL,No,0,0.0443,Low Risk,Two year,70,Fiber optic,115.15,8060.5,0,Credit card
9030-QGZNL,No,0,0.0443,Low Risk,Two year,8,No,20.85,166.8,0,Mailed check
1555-DJEQW,Yes,0,0.0442,Low Risk,Two year,70,Fiber optic,114.2,7994.0,0,Bank transfer
7838-LAZFO,No,0,0.0442,Low Risk,One year,45,DSL,78.8,3546.0,0,Bank transfer
8883-ANODQ,No,0,0.0441,Low Risk,Two year,68,Fiber optic,84.4,5739.2,0,Credit card
1576-PFZIW,No,0,0.0441,Low Risk,Two year,70,Fiber optic,105.35,7374.5,1,Credit card
1352-HNSAW,No,0,0.0441,Low Risk,Two year,72,Fiber optic,115.6,8323.2,0,Bank transfer
5847-MXBEO,No,0,0.044,Low Risk,One year,22,No,20.3,446.6,0,Mailed check
5965-GGPRW,No,0,0.044,Low Risk,Two year,72,Fiber optic,105.25,7578.0,0,Bank transfer
3258-SYSWS,No,0,0.044,Low Risk,Two year,72,Fiber optic,113.8,8193.6,1,Bank transfer
8388-DMKAE,No,0,0.044,Low Risk,Two year,8,No,20.25,162.0,0,Mailed check
2017-CCBLH,No,0,0.0438,Low Risk,Two year,8,No,20.0,160.0,0,Mailed check
9625-QNLUX,No,0,0.0438,Low Risk,Two year,68,Fiber optic,103.25,7021.0,0,Credit card
3134-DSHVC,No,0,0.0438,Low Risk,Two year,63,Fiber optic,98.0,6174.0,0,Credit card
9150-KPBJQ,No,0,0.0438,Low Risk,Two year,6,No,19.65,117.9,0,Credit card
7375-WMVMT,No,0,0.0437,Low Risk,Two year,71,Fiber optic,95.5,6780.5,1,Credit card
7321-ZNSLA,No,0,0.0437,Low Risk,Two year,13,DSL,40.55,527.15,0,Mailed check
9742-XOKTS,No,0,0.0436,Low Risk,One year,67,Fiber optic,89.55,5999.85,0,Electronic check
9000-PLFUZ,No,0,0.0436,Low Risk,Two year,60,DSL,49.45,2967.0,1,Credit card
8022-BECSI,No,0,0.0434,Low Risk,One year,22,No,19.6,431.2,0,Mailed check
4957-TIALW,No,0,0.0434,Low Risk,One year,15,DSL,65.6,984.0,0,Credit card
1937-OTUKY,No,0,0.0434,Low Risk,Two year,72,Fiber optic,98.2,7070.4,0,Bank transfer
3546-GHEAE,No,0,0.0434,Low Risk,Two year,7,No,19.45,136.15,0,Mailed check
3422-WJOYD,No,0,0.0433,Low Risk,One year,28,DSL,54.35,1521.8,0,Mailed check
4135-FRWKJ,No,0,0.0432,Low Risk,One year,55,DSL,76.25,4193.75,1,Electronic check
0269-XFESX,No,0,0.0431,Low Risk,One year,23,No,24.35,560.05,0,Mailed check
8639-NHQEI,No,0,0.0431,Low Risk,Two year,72,Fiber optic,95.9,6904.8,0,Bank transfer
8024-XNAFQ,No,0,0.0431,Low Risk,Two year,72,Fiber optic,107.4,7732.8,1,Bank transfer
7995-ZHHNZ,No,0,0.0431,Low Risk,One year,42,DSL,56.1,2356.2,0,Credit card
4942-VZZOM,No,0,0.043,Low Risk,One year,64,DSL,66.15,4233.6,0,Credit card
1821-BUCWY,No,0,0.043,Low Risk,Two year,30,DSL,55.65,1669.5,0,Mailed check
7338-ERIVA,No,0,0.0429,Low Risk,One year,39,DSL,45.05,1756.95,0,Bank transfer
4717-GHADL,No,0,0.0429,Low Risk,Two year,50,DSL,79.6,3980.0,0,Mailed check
1069-QJOEE,No,0,0.0428,Low Risk,One year,25,No,19.9,497.5,0,Electronic check
9955-QOPOY,No,0,0.0427,Low Risk,One year,69,DSL,60.8,4195.2,0,Credit card
9209-NWPGU,No,0,0.0427,Low Risk,One year,44,DSL,65.4,2877.6,0,Electronic check
1178-PZGAB,No,0,0.0426,Low Risk,One year,19,No,20.25,384.75,0,Credit card
7319-ZNRTR,No,0,0.0426,Low Risk,One year,25,No,19.6,490.0,0,Electronic check
5756-OZRIO,No,0,0.0426,Low Risk,One year,61,DSL,64.05,3907.05,1,Bank transfer
3214-IYUUQ,No,0,0.0426,Low Risk,One year,61,Fiber optic,93.7,5715.7,0,Bank transfer
1282-IHQAC,No,0,0.0425,Low Risk,One year,70,DSL,44.05,3083.5,1,Credit card
3410-YOQBQ,No,0,0.0424,Low Risk,Two year,31,DSL,79.2,2455.2,0,Mailed check
2190-PHBHR,No,0,0.0422,Low Risk,Two year,72,Fiber optic,94.45,6800.4,0,Credit card
1682-VCOIO,No,0,0.0421,Low Risk,One year,23,No,20.45,470.35,0,Mailed check
7839-NUIAA,No,0,0.0421,Low Risk,Month-to-month,61,DSL,59.8,3647.8,0,Electronic check
7691-KGKGP,No,0,0.0419,Low Risk,Month-to-month,53,DSL,65.0,3445.0,0,Credit card
3892-NXAZG,No,0,0.0417,Low Risk,Two year,72,Fiber optic,114.05,8211.6,0,Credit card
9758-MFWGD,No,0,0.0417,Low Risk,One year,48,DSL,29.9,1435.2,1,Bank transfer
4513-CXYIX,No,0,0.0416,Low Risk,Two year,71,Fiber optic,80.7,5729.7,1,Credit card
8498-XXGWA,No,0,0.0416,Low Risk,Month-to-month,65,DSL,55.15,3584.75,0,Mailed check
1623-NLDOT,Yes,0,0.0415,Low Risk,One year,42,DSL,33.55,1409.1,0,Mailed check
3717-FDJFU,No,0,0.0415,Low Risk,Two year,5,No,20.45,102.25,0,Mailed check
1222-KJNZD,No,0,0.0415,Low Risk,Month-to-month,40,No,20.4,816.0,0,Bank transfer
3870-SPZSI,No,0,0.0415,Low Risk,Two year,70,Fiber optic,113.05,7913.5,0,Credit card
0754-EEBDC,No,0,0.0414,Low Risk,Two year,4,No,19.9,79.6,0,Mailed check
8748-HFWBO,No,0,0.0414,Low Risk,One year,19,No,19.9,378.1,0,Mailed check
3882-IYOIJ,No,0,0.0414,Low Risk,Two year,60,Fiber optic,115.25,6915.0,0,Credit card
6584-VQMYT,No,0,0.0414,Low Risk,One year,27,DSL,56.2,1517.4,0,Mailed check
7710-JSYOA,No,0,0.0413,Low Risk,Two year,69,Fiber optic,93.3,6437.7,0,Bank transfer
1561-BWHIN,No,0,0.0413,Low Risk,One year,19,No,19.8,376.2,0,Mailed check
5862-BRIXZ,No,0,0.0413,Low Risk,Two year,46,DSL,60.75,2794.5,0,Bank transfer
3727-OWVYD,No,0,0.0413,Low Risk,One year,35,DSL,61.2,2142.0,0,Mailed check
6527-PZFPV,No,0,0.0413,Low Risk,One year,24,No,20.8,499.2,0,Credit card
6478-HRRCZ,No,0,0.0412,Low Risk,One year,32,DSL,70.5,2256.0,0,Mailed check
8166-ZZTFS,Yes,0,0.0412,Low Risk,Two year,66,DSL,80.55,5316.3,1,Bank transfer
0254-KCJGT,No,0,0.0411,Low Risk,One year,52,DSL,81.4,4232.8,0,Credit card
9746-UGFAC,No,0,0.0411,Low Risk,One year,22,No,20.85,458.7,0,Bank transfer
2085-JVGAD,No,0,0.0411,Low Risk,Month-to-month,37,No,20.35,752.95,0,Bank transfer
2676-SSLTO,No,0,0.0411,Low Risk,Two year,49,DSL,66.15,3241.35,0,Bank transfer
6339-TBELP,No,0,0.0411,Low Risk,Two year,71,Fiber optic,86.4,6134.4,0,Credit card
0859-YGKFW,No,0,0.041,Low Risk,One year,18,No,20.05,360.9,0,Bank transfer
2706-QZIHY,No,0,0.0409,Low Risk,Two year,15,No,25.2,378.0,0,Mailed check
9108-EQPNQ,No,0,0.0409,Low Risk,Two year,10,No,26.1,261.0,0,Credit card
4304-TSPVK,No,0,0.0409,Low Risk,Two year,68,Fiber optic,114.9,7813.2,0,Bank transfer
7663-YJHSN,No,0,0.0409,Low Risk,Two year,72,Fiber optic,103.95,7484.4,0,Bank transfer
4685-TFLLS,No,0,0.0408,Low Risk,One year,18,No,19.8,356.4,0,Bank transfer
6859-QNXIQ,No,0,0.0408,Low Risk,Two year,72,Fiber optic,113.1,8143.2,0,Bank transfer
2348-KCJLT,No,0,0.0408,Low Risk,One year,44,DSL,61.5,2706.0,0,Mailed check
9867-XOBQA,No,0,0.0408,Low Risk,Two year,21,DSL,53.15,1116.15,0,Mailed check
7605-BDWDC,No,0,0.0408,Low Risk,Two year,31,DSL,49.85,1545.35,0,Bank transfer
7730-CLDSV,No,0,0.0407,Low Risk,Two year,72,Fiber optic,98.65,7102.8,0,Bank transfer
5791-KAJFD,No,0,0.0407,Low Risk,One year,56,DSL,68.75,3850.0,0,Bank transfer
6100-FJZDG,No,0,0.0407,Low Risk,One year,26,No,20.05,521.3,0,Bank transfer
4803-LBYPN,No,0,0.0407,Low Risk,Month-to-month,34,No,20.8,707.2,0,Mailed check
7929-SKFGK,No,0,0.0406,Low Risk,Two year,70,Fiber optic,114.3,8001.0,0,Credit card
9680-NIAUV,No,0,0.0406,Low Risk,Two year,72,Fiber optic,109.7,7898.4,0,Credit card
1725-IQNIY,Yes,0,0.0406,Low Risk,Two year,54,Fiber optic,109.75,5926.5,0,Bank transfer
8513-OLYGY,No,0,0.0406,Low Risk,Two year,72,Fiber optic,115.8,8337.6,0,Credit card
6990-YNRIO,Yes,0,0.0405,Low Risk,Two year,65,Fiber optic,108.65,7062.25,0,Bank transfer
2188-SXWVT,No,0,0.0405,Low Risk,One year,34,DSL,55.0,1870.0,0,Mailed check
5641-DMBFJ,No,0,0.0405,Low Risk,Two year,58,DSL,84.3,4889.4,0,Electronic check
3230-JCNZS,No,0,0.0404,Low Risk,Two year,71,Fiber optic,99.0,7029.0,0,Credit card
3125-RAHBV,No,0,0.0404,Low Risk,One year,22,No,20.3,446.6,0,Credit card
1354-YZFNB,No,0,0.0404,Low Risk,Two year,4,No,19.55,78.2,0,Credit card
5204-HMGYF,No,0,0.0404,Low Risk,One year,49,DSL,87.2,4272.8,0,Mailed check
7037-MTYVW,No,0,0.0404,Low Risk,Two year,38,DSL,85.4,3245.2,0,Bank transfer
9802-CAQUT,No,0,0.0404,Low Risk,Two year,72,Fiber optic,109.55,7887.6,0,Credit card
8608-OZTLB,No,0,0.0404,Low Risk,One year,38,DSL,74.05,2813.9,0,Electronic check
6368-TZZDT,No,0,0.0403,Low Risk,Two year,4,No,19.5,78.0,0,Credit card
2511-MORQY,No,0,0.0403,Low Risk,One year,50,DSL,54.9,2745.0,0,Bank transfer
8884-MRNSU,No,0,0.0401,Low Risk,One year,17,No,19.9,338.3,0,Bank transfer
0946-FKYTX,No,0,0.0401,Low Risk,One year,52,DSL,30.1,1565.2,0,Mailed check
9648-BCHKM,No,0,0.0401,Low Risk,Two year,18,No,24.65,443.7,0,Credit card
0022-TCJCI,Yes,0,0.04,Low Risk,One year,45,DSL,62.7,2821.5,1,Credit card
3520-FJGCV,No,0,0.0399,Low Risk,Two year,72,Fiber optic,112.6,8107.2,0,Credit card
4973-RLZVI,No,0,0.0398,Low Risk,One year,30,DSL,74.65,2239.5,0,Credit card
5149-QYTTU,No,0,0.0398,Low Risk,One year,71,Fiber optic,95.15,6755.65,0,Credit card
7672-VFMXZ,No,0,0.0397,Low Risk,Month-to-month,57,DSL,55.7,3174.9,0,Electronic check
7520-HQWJU,No,0,0.0397,Low Risk,Month-to-month,66,DSL,67.45,4451.7,0,Bank transfer
5306-BVTKJ,No,0,0.0397,Low Risk,One year,48,DSL,55.8,2678.4,0,Credit card
2061-VVFST,No,0,0.0396,Low Risk,Month-to-month,37,No,19.5,721.5,0,Bank transfer
6252-DFGTK,No,0,0.0396,Low Risk,One year,37,DSL,68.1,2519.7,0,Credit card
5186-PEIZU,No,0,0.0395,Low Risk,Month-to-month,35,No,19.25,673.75,0,Bank transfer
0756-MPZRL,No,0,0.0394,Low Risk,One year,46,DSL,33.7,1550.2,0,Credit card
9619-GSATL,No,0,0.0394,Low Risk,One year,43,DSL,55.45,2384.35,0,Electronic check
2632-IVXVF,No,0,0.0394,Low Risk,Two year,68,Fiber optic,111.75,7599.0,0,Credit card
4854-SSLTN,No,0,0.0394,Low Risk,Two year,2,DSL,59.5,119.0,0,Mailed check
5995-WWKKG,No,0,0.0394,Low Risk,One year,37,No,19.8,732.6,0,Electronic check
1734-ZMNTZ,No,0,0.0393,Low Risk,Two year,11,No,25.0,275.0,0,Mailed check
0516-VRYBW,Yes,0,0.0393,Low Risk,One year,18,No,20.15,362.7,0,Bank transfer
0679-TDGAK,No,0,0.0393,Low Risk,One year,50,DSL,75.5,3775.0,0,Electronic check
8480-PPONV,No,0,0.0392,Low Risk,Two year,62,Fiber optic,115.55,7164.1,0,Bank transfer
6698-OXETB,No,0,0.0391,Low Risk,Two year,11,No,20.4,224.4,0,Mailed check
6481-LXPWL,No,0,0.0391,Low Risk,One year,56,DSL,36.1,2021.6,0,Credit card
6047-SUHPR,No,0,0.0391,Low Risk,One year,39,DSL,59.8,2332.2,0,Electronic check
4500-HKANN,No,0,0.039,Low Risk,Two year,23,DSL,59.7,1373.1,0,Mailed check
1936-CZAKF,No,0,0.0389,Low Risk,Two year,49,DSL,49.65,2432.85,0,Credit card
7359-WWYJV,No,0,0.0389,Low Risk,Two year,72,Fiber optic,114.45,8240.4,0,Credit card
3482-ABPKK,No,0,0.0389,Low Risk,One year,28,DSL,54.3,1520.4,0,Mailed check
4032-RMHCI,No,0,0.0389,Low Risk,One year,41,DSL,35.4,1451.4,0,Credit card
6374-NTQLP,No,0,0.0388,Low Risk,Two year,72,Fiber optic,104.1,7495.2,1,Credit card
2197-OMWGI,No,0,0.0388,Low Risk,Two year,68,DSL,53.0,3604.0,1,Electronic check
7570-WELNY,No,0,0.0387,Low Risk,Two year,68,Fiber optic,84.7,5759.6,0,Bank transfer
7833-PKIHD,No,0,0.0387,Low Risk,One year,51,DSL,76.4,3896.4,0,Bank transfer
3078-ZKNTS,No,0,0.0387,Low Risk,Two year,13,No,19.75,256.75,0,Bank transfer
1834-ABKHQ,No,0,0.0386,Low Risk,One year,52,DSL,50.95,2649.4,0,Bank transfer
5468-BPMMO,No,0,0.0386,Low Risk,Month-to-month,46,No,19.6,901.6,0,Electronic check
5474-LAMUQ,No,0,0.0384,Low Risk,One year,24,No,20.1,482.4,0,Mailed check
1094-BKOSX,No,0,0.0384,Low Risk,One year,45,DSL,51.0,2295.0,0,Bank transfer
0906-QVPMS,No,0,0.0383,Low Risk,Two year,72,Fiber optic,115.15,8290.8,0,Bank transfer
9174-IHETN,No,0,0.0383,Low Risk,Two year,50,Fiber optic,70.35,3517.5,0,Credit card
8763-KIAFH,No,0,0.0383,Low Risk,One year,27,No,20.55,554.85,0,Mailed check
0253-ZTEOB,No,0,0.0383,Low Risk,Two year,48,DSL,79.65,3823.2,0,Electronic check
8400-WZICQ,No,0,0.0382,Low Risk,Month-to-month,55,DSL,55.7,3063.5,0,Electronic check
6064-PUPMC,No,0,0.0382,Low Risk,One year,23,DSL,57.2,1315.6,0,Credit card
5055-BRMNE,No,0,0.0382,Low Risk,Two year,67,Fiber optic,106.7,7148.9,0,Credit card
5020-ZSTTY,Yes,0,0.0381,Low Risk,One year,54,DSL,82.45,4452.3,1,Bank transfer
4106-HADHQ,Yes,0,0.0381,Low Risk,One year,39,DSL,80.0,3120.0,0,Credit card
4611-ANLQC,No,0,0.0381,Low Risk,One year,60,DSL,50.05,3003.0,0,Electronic check
8670-MEFCP,No,0,0.0381,Low Risk,Two year,36,DSL,92.9,3344.4,0,Credit card
3850-OKINF,No,0,0.038,Low Risk,One year,71,DSL,66.2,4700.2,0,Electronic check
5199-FPUSP,No,0,0.038,Low Risk,One year,33,DSL,34.05,1123.65,0,Credit card
6726-NNFWD,No,0,0.0379,Low Risk,Two year,71,Fiber optic,89.45,6350.95,1,Credit card
8738-JOKAR,No,0,0.0379,Low Risk,One year,42,DSL,67.7,2843.4,0,Mailed check
7017-VFHAY,No,0,0.0378,Low Risk,Two year,61,Fiber optic,115.1,7021.1,0,Credit card
2325-ZUSFD,Yes,0,0.0378,Low Risk,One year,57,DSL,70.1,3995.7,0,Bank transfer
8670-ERCJH,No,0,0.0378,Low Risk,Two year,72,Fiber optic,113.4,8164.8,0,Bank transfer
8915-NNTRC,No,0,0.0377,Low Risk,Two year,72,Fiber optic,107.7,7754.4,0,Credit card
5825-XJOCM,No,0,0.0377,Low Risk,One year,48,DSL,64.4,3091.2,0,Bank transfer
3778-FOAQW,No,0,0.0377,Low Risk,One year,24,No,20.15,483.6,0,Mailed check
8779-YIQQA,No,0,0.0377,Low Risk,One year,21,No,19.8,415.8,0,Mailed check
8007-YYPWD,No,0,0.0376,Low Risk,Two year,15,No,25.05,375.75,0,Bank transfer
5386-THSLQ,No,0,0.0376,Low Risk,One year,66,DSL,45.55,3006.3,1,Bank transfer
9702-AIUJO,No,0,0.0374,Low Risk,One year,50,DSL,44.8,2240.0,0,Bank transfer
6034-ZRYCV,Yes,0,0.0373,Low Risk,Two year,72,DSL,54.2,3902.4,0,Electronic check
4707-YNOQA,No,0,0.0373,Low Risk,One year,34,No,25.6,870.4,0,Credit card
6016-LVTJQ,No,0,0.0373,Low Risk,Month-to-month,34,No,20.65,702.1,0,Mailed check
2587-YNLES,No,0,0.0372,Low Risk,Two year,6,No,20.1,120.6,0,Mailed check
2773-MADBQ,No,0,0.0371,Low Risk,Two year,36,DSL,53.1,1911.6,0,Mailed check
1936-UAFEH,No,0,0.0371,Low Risk,Two year,68,Fiber optic,110.25,7497.0,0,Credit card
2995-YWTCD,No,0,0.0371,Low Risk,Two year,19,No,24.9,473.1,0,Bank transfer
9289-LBQVU,No,0,0.0371,Low Risk,One year,64,DSL,70.15,4489.6,0,Mailed check
9777-IQHWP,No,0,0.037,Low Risk,Two year,64,Fiber optic,93.4,5977.6,0,Bank transfer
0014-BMAQU,No,0,0.037,Low Risk,Two year,63,Fiber optic,84.65,5332.95,0,Credit card
2789-CZANW,No,0,0.037,Low Risk,Two year,64,Fiber optic,110.3,7059.2,0,Bank transfer
0121-SNYRK,No,0,0.037,Low Risk,One year,50,DSL,35.4,1770.0,0,Mailed check
7137-NAXML,No,0,0.037,Low Risk,One year,23,No,20.15,463.45,0,Bank transfer
5197-YPYBZ,No,0,0.0369,Low Risk,Two year,12,No,25.25,303.0,0,Credit card
9906-NHHVC,No,0,0.0369,Low Risk,Two year,65,DSL,53.5,3477.5,1,Bank transfer
6848-YLDFR,No,0,0.0369,Low Risk,One year,58,DSL,75.2,4361.6,0,Credit card
5327-XOKKY,No,0,0.0368,Low Risk,Two year,72,DSL,73.45,5288.4,1,Credit card
5781-BKHOP,No,0,0.0368,Low Risk,Two year,72,Fiber optic,100.65,7246.8,0,Bank transfer
2138-VFAPZ,No,0,0.0367,Low Risk,Two year,14,No,19.7,275.8,0,Mailed check
5495-GPSRW,No,0,0.0367,Low Risk,Two year,20,No,19.7,394.0,0,Mailed check
2933-XEUJM,No,0,0.0366,Low Risk,Two year,46,DSL,79.2,3643.2,0,Mailed check
0657-DOGUM,No,0,0.0366,Low Risk,One year,48,DSL,60.6,2908.8,0,Bank transfer
5716-EZXZN,No,0,0.0365,Low Risk,Two year,65,Fiber optic,99.05,6438.25,0,Credit card
1154-HYWWO,No,0,0.0365,Low Risk,One year,38,DSL,70.6,2682.8,0,Mailed check
6061-GWWAV,No,0,0.0365,Low Risk,One year,41,DSL,70.2,2878.2,0,Mailed check
9720-JJJOR,No,0,0.0365,Low Risk,One year,41,DSL,60.3,2472.3,0,Bank transfer
2466-FCCPT,No,0,0.0365,Low Risk,One year,20,No,19.7,394.0,0,Bank transfer
9885-MFVSU,No,0,0.0364,Low Risk,Two year,35,DSL,46.35,1622.25,0,Credit card
1271-UODNO,No,0,0.0363,Low Risk,Two year,39,DSL,53.85,2100.15,0,Credit card
3658-QQJYD,No,0,0.0363,Low Risk,One year,62,DSL,74.3,4606.6,0,Credit card
1063-DHQJF,No,0,0.0363,Low Risk,Two year,69,Fiber optic,92.15,6358.35,0,Mailed check
9347-AERRL,No,0,0.0363,Low Risk,One year,23,No,19.3,443.9,0,Credit card
2749-CTKAJ,No,0,0.0362,Low Risk,One year,22,No,20.15,443.3,0,Mailed check
7247-XOZPB,No,0,0.0361,Low Risk,One year,53,DSL,77.4,4102.2,0,Bank transfer
5469-NUJUR,No,0,0.0361,Low Risk,Two year,19,No,19.95,379.05,0,Mailed check
1439-LCGVL,No,0,0.036,Low Risk,One year,26,No,19.2,499.2,0,Mailed check
2282-YGNOR,No,0,0.036,Low Risk,One year,29,DSL,58.0,1682.0,0,Credit card
3985-HOYPM,No,0,0.036,Low Risk,One year,26,No,19.4,504.4,0,Mailed check
2229-DPMBI,No,0,0.0359,Low Risk,Two year,8,No,19.5,156.0,0,Mailed check
2027-DNKIV,No,0,0.0359,Low Risk,One year,37,DSL,58.75,2173.75,0,Mailed check
0378-CJKPV,No,0,0.0356,Low Risk,Two year,72,Fiber optic,112.1,8071.2,0,Credit card
8454-AATJP,No,0,0.0356,Low Risk,Two year,72,Fiber optic,115.05,8283.6,0,Credit card
3523-BRGUW,No,0,0.0355,Low Risk,One year,26,No,19.3,501.8,1,Credit card
8314-HTWVE,No,0,0.0354,Low Risk,Two year,7,No,19.85,138.95,0,Mailed check
3508-CFVZL,No,0,0.0354,Low Risk,Two year,71,Fiber optic,111.3,7902.3,0,Mailed check
7619-PLRLP,No,0,0.0354,Low Risk,One year,53,DSL,74.1,3927.3,0,Bank transfer
8466-PZBLH,No,0,0.0353,Low Risk,Two year,67,Fiber optic,104.6,7008.2,0,Bank transfer
0942-KOWSM,No,0,0.0352,Low Risk,Two year,30,DSL,80.8,2424.0,0,Bank transfer
4709-LKHYG,No,0,0.035,Low Risk,One year,29,No,20.0,580.0,0,Electronic check
5762-TJXGK,No,0,0.035,Low Risk,Two year,52,DSL,58.75,3055.0,0,Bank transfer
8659-IOOPU,No,0,0.035,Low Risk,Two year,71,Fiber optic,100.45,7131.95,0,Electronic check
8809-XKHMD,No,0,0.0349,Low Risk,Two year,72,Fiber optic,100.55,7239.6,0,Bank transfer
1452-UZOSF,No,0,0.0349,Low Risk,Two year,72,Fiber optic,106.1,7639.2,0,Credit card
3594-BDSOA,No,0,0.0348,Low Risk,One year,24,No,20.4,489.6,0,Credit card
8571-ZCMCX,No,0,0.0347,Low Risk,Two year,47,DSL,60.0,2820.0,0,Credit card
5057-RKGLH,No,0,0.0347,Low Risk,Two year,9,No,20.35,183.15,0,Mailed check
0224-NIJLP,No,0,0.0346,Low Risk,Two year,8,No,20.15,161.2,0,Mailed check
2335-GSODA,No,0,0.0346,Low Risk,Two year,23,DSL,40.1,922.3,0,Mailed check
4636-OLWOE,No,0,0.0346,Low Risk,One year,54,DSL,61.0,3294.0,0,Electronic check
3298-QEICA,No,0,0.0345,Low Risk,Two year,23,DSL,34.6,795.8,0,Mailed check
1752-OZXFY,No,0,0.0344,Low Risk,One year,60,DSL,59.8,3588.0,0,Mailed check
0234-TEVTT,No,0,0.0344,Low Risk,One year,48,DSL,45.0,2160.0,0,Credit card
0487-CRLZF,No,0,0.0344,Low Risk,Two year,49,DSL,74.45,3648.05,0,Bank transfer
3585-YNADK,No,0,0.0344,Low Risk,One year,57,DSL,74.6,4252.2,0,Bank transfer
5073-RZGBK,No,0,0.0344,Low Risk,One year,50,DSL,80.05,4002.5,0,Bank transfer
3352-RICWQ,No,0,0.0344,Low Risk,Two year,9,No,19.75,177.75,0,Mailed check
6950-TWMYB,No,0,0.0343,Low Risk,Two year,54,Fiber optic,79.95,4317.3,0,Bank transfer
5647-URDKA,No,0,0.0343,Low Risk,Two year,8,No,19.7,157.6,0,Mailed check
4056-QHXHZ,No,0,0.0343,Low Risk,Two year,72,Fiber optic,107.45,7736.4,0,Mailed check
6061-PQHMK,No,0,0.0342,Low Risk,One year,25,No,19.9,497.5,0,Credit card
6082-OQFBA,No,0,0.0342,Low Risk,One year,23,No,19.65,451.95,0,Mailed check
6072-NUQCB,No,0,0.0342,Low Risk,One year,22,No,20.25,445.5,0,Bank transfer
8292-FRFZQ,No,0,0.0341,Low Risk,One year,39,DSL,41.15,1604.85,0,Bank transfer
7244-KXYZN,No,0,0.0339,Low Risk,One year,24,No,20.45,490.8,0,Credit card
2057-BOYKM,No,0,0.0339,Low Risk,Two year,72,Fiber optic,96.6,6955.2,1,Bank transfer
9309-BZGNT,No,0,0.0339,Low Risk,One year,69,DSL,29.8,2056.2,1,Credit card
7781-EWARA,No,0,0.0339,Low Risk,One year,70,DSL,60.35,4224.5,0,Electronic check
6461-PPAXN,No,0,0.0339,Low Risk,One year,35,DSL,54.95,1923.25,0,Bank transfer
6016-NXBNJ,No,0,0.0339,Low Risk,One year,35,No,19.15,670.25,0,Mailed check
4632-PAOYU,No,0,0.0338,Low Risk,One year,22,No,19.95,438.9,0,Mailed check
7337-CINUD,No,0,0.0338,Low Risk,Two year,8,No,19.5,156.0,0,Bank transfer
9739-JLPQJ,No,0,0.0338,Low Risk,Two year,72,Fiber optic,117.5,8460.0,0,Credit card
7994-XIRTR,No,0,0.0337,Low Risk,One year,54,DSL,65.25,3523.5,1,Bank transfer
2904-GGUAZ,No,0,0.0336,Low Risk,Two year,72,Fiber optic,84.05,6051.6,0,Bank transfer
2321-OMBXY,Yes,0,0.0336,Low Risk,One year,38,DSL,80.3,3051.4,0,Credit card
8148-WOCMK,No,0,0.0336,Low Risk,Two year,8,No,19.6,156.8,0,Credit card
9577-WJVCQ,No,0,0.0335,Low Risk,Month-to-month,68,DSL,54.45,3702.6,0,Mailed check
0872-CASZJ,No,0,0.0335,Low Risk,One year,59,DSL,69.1,4076.9,0,Mailed check
6122-EFVKN,No,0,0.0335,Low Risk,Two year,24,DSL,35.75,858.0,0,Mailed check
1998-VHJHK,No,0,0.0335,Low Risk,One year,27,No,19.15,517.05,0,Mailed check
9225-BZLNZ,No,0,0.0335,Low Risk,Two year,72,DSL,85.25,6138.0,0,Electronic check
3392-EHMNK,No,0,0.0335,Low Risk,Two year,67,Fiber optic,94.1,6304.7,0,Credit card
2055-BFOCC,No,0,0.0335,Low Risk,One year,63,DSL,84.0,5292.0,1,Bank transfer
6352-GIGGQ,No,0,0.0334,Low Risk,One year,67,DSL,88.8,5949.6,0,Bank transfer
2005-DWQZJ,No,0,0.0334,Low Risk,Two year,8,No,19.05,152.4,0,Mailed check
6103-QCKFX,No,0,0.0334,Low Risk,Month-to-month,44,DSL,56.25,2475.0,0,Bank transfer
3057-VJJQE,No,0,0.0333,Low Risk,Two year,35,DSL,55.25,1933.75,0,Mailed check
6556-DBKZF,No,0,0.0333,Low Risk,Two year,71,Fiber optic,76.05,5399.55,0,Electronic check
5014-GSOUQ,No,0,0.0332,Low Risk,Two year,13,No,19.95,259.35,0,Mailed check
1093-YSWCA,No,0,0.0332,Low Risk,Two year,11,No,19.55,215.05,0,Credit card
5063-IUOKK,No,0,0.0331,Low Risk,Two year,13,No,19.75,256.75,0,Mailed check
0248-PGHBZ,No,0,0.0331,Low Risk,Two year,67,Fiber optic,92.45,6194.15,1,Bank transfer
1022-RKXDR,No,0,0.0331,Low Risk,One year,41,No,24.85,1018.85,0,Mailed check
3474-BAFSJ,No,0,0.0331,Low Risk,Two year,57,DSL,57.5,3277.5,0,Bank transfer
5245-VDBUR,No,0,0.0331,Low Risk,One year,52,DSL,35.45,1843.4,0,Mailed check
9184-GALIL,No,0,0.033,Low Risk,Month-to-month,38,No,20.45,777.1,0,Mailed check
3926-YZVVX,No,0,0.0328,Low Risk,One year,41,DSL,50.05,2052.05,0,Bank transfer
9424-CMPOG,No,0,0.0327,Low Risk,Two year,9,No,19.6,176.4,0,Mailed check
6479-OAUSD,No,0,0.0327,Low Risk,One year,25,No,19.9,497.5,0,Credit card
5214-CHIWJ,No,0,0.0327,Low Risk,One year,27,No,20.3,548.1,0,Mailed check
7876-AEHIG,No,0,0.0327,Low Risk,One year,51,DSL,60.15,3067.65,0,Bank transfer
1982-FEBTD,No,0,0.0326,Low Risk,Two year,23,No,25.6,588.8,0,Credit card
7581-EBBOU,No,0,0.0326,Low Risk,One year,60,DSL,70.15,4209.0,0,Credit card
5574-NXZIU,No,0,0.0326,Low Risk,Two year,63,Fiber optic,109.2,6879.6,0,Credit card
7277-KAMWT,No,0,0.0325,Low Risk,Two year,13,No,20.0,260.0,0,Credit card
5322-TEUJK,No,0,0.0325,Low Risk,Two year,71,Fiber optic,114.6,8136.6,0,Bank transfer
9500-IWPXQ,No,0,0.0324,Low Risk,One year,61,DSL,79.4,4843.4,0,Electronic check
3308-JSGML,No,0,0.0324,Low Risk,Two year,59,DSL,64.05,3778.95,1,Credit card
2664-XJZNO,No,0,0.0324,Low Risk,Two year,72,Fiber optic,104.9,7552.8,0,Credit card
7795-CFOCW,No,0,0.0323,Low Risk,One year,45,DSL,42.3,1903.5,0,Bank transfer
6463-HHXJR,No,0,0.0323,Low Risk,Two year,71,Fiber optic,100.5,7135.5,0,Bank transfer
9640-ZSLDC,No,0,0.0323,Low Risk,One year,53,DSL,60.6,3211.8,0,Credit card
8207-DMRVL,No,0,0.0323,Low Risk,Two year,72,Fiber optic,114.55,8247.6,0,Bank transfer
1206-EHBDD,No,0,0.0322,Low Risk,Two year,56,Fiber optic,80.3,4496.8,0,Bank transfer
6229-UOLQL,No,0,0.0322,Low Risk,One year,56,DSL,52.0,2912.0,0,Mailed check
1245-HARPS,No,0,0.0321,Low Risk,Two year,14,No,20.4,285.6,0,Mailed check
8311-UEUAB,No,0,0.0321,Low Risk,Two year,67,DSL,75.5,5058.5,0,Electronic check
2683-JXWQQ,No,0,0.032,Low Risk,Month-to-month,61,DSL,33.6,2049.6,0,Bank transfer
9560-BBZXK,No,0,0.032,Low Risk,Two year,36,DSL,31.05,1117.8,0,Bank transfer
8668-KNZTI,No,0,0.032,Low Risk,One year,52,DSL,53.75,2795.0,0,Electronic check
3506-OVLKD,No,0,0.0319,Low Risk,One year,35,No,26.2,917.0,0,Bank transfer
0486-LGCCH,No,0,0.0319,Low Risk,Two year,11,No,19.65,216.15,0,Mailed check
9178-JHUVJ,No,0,0.0318,Low Risk,Two year,24,No,24.1,578.4,0,Bank transfer
5876-QMYLD,No,0,0.0317,Low Risk,One year,23,No,20.05,461.15,0,Mailed check
6691-CCIHA,No,0,0.0317,Low Risk,Two year,62,DSL,84.95,5266.9,0,Electronic check
4950-HKQTE,No,0,0.0317,Low Risk,Two year,22,No,26.25,577.5,0,Mailed check
7639-LIAYI,No,0,0.0317,Low Risk,Two year,52,DSL,79.75,4147.0,0,Credit card
9297-FVVDH,No,0,0.0317,Low Risk,Two year,57,DSL,84.5,4816.5,0,Electronic check
5696-CEIQJ,No,0,0.0317,Low Risk,Two year,67,Fiber optic,103.15,6911.05,0,Bank transfer
8966-OIQHG,No,0,0.0317,Low Risk,One year,22,No,20.75,456.5,0,Bank transfer
6518-KZXCB,No,0,0.0317,Low Risk,Two year,22,No,25.25,555.5,0,Mailed check
1929-ZCBHE,No,0,0.0317,Low Risk,One year,47,DSL,40.3,1894.1,0,Electronic check
4355-HBJHH,Yes,0,0.0316,Low Risk,Two year,67,DSL,79.7,5339.9,0,Electronic check
5161-UBZXI,No,0,0.0316,Low Risk,Two year,69,Fiber optic,106.35,7338.15,0,Credit card
9570-KYEUA,No,0,0.0316,Low Risk,Two year,64,Fiber optic,99.25,6352.0,0,Credit card
1897-RCFUM,No,0,0.0315,Low Risk,One year,39,No,24.2,943.8,0,Mailed check
3841-NFECX,No,0,0.0315,Low Risk,Two year,71,Fiber optic,96.35,6840.85,1,Credit card
4452-ROHMO,No,0,0.0315,Low Risk,Two year,15,No,19.6,294.0,0,Mailed check
2999-AANRQ,No,0,0.0314,Low Risk,Two year,21,DSL,71.05,1492.05,0,Credit card
9801-NOSHQ,No,0,0.0314,Low Risk,One year,23,No,19.8,455.4,0,Mailed check
5127-BZENZ,No,0,0.0313,Low Risk,One year,56,DSL,65.2,3651.2,0,Bank transfer
1872-EBWSC,No,0,0.0313,Low Risk,One year,29,No,20.35,590.15,0,Mailed check
7690-KPNCU,No,0,0.0312,Low Risk,One year,64,DSL,73.05,4675.2,0,Credit card
7168-HDQHG,No,0,0.0311,Low Risk,Month-to-month,36,No,19.2,691.2,0,Bank transfer
8873-TMKGR,No,0,0.0311,Low Risk,One year,29,No,19.1,553.9,0,Mailed check
8821-KVZKQ,No,0,0.0311,Low Risk,One year,70,DSL,58.4,4088.0,0,Bank transfer
4795-UXVCJ,No,0,0.0311,Low Risk,One year,26,No,19.8,514.8,0,Credit card
6901-GOGZG,No,0,0.0311,Low Risk,Two year,60,DSL,84.95,5097.0,0,Electronic check
4393-GEADV,No,0,0.031,Low Risk,Two year,70,Fiber optic,114.75,8032.5,0,Credit card
1834-WULEG,No,0,0.031,Low Risk,One year,24,No,20.25,486.0,0,Mailed check
7632-YUTXB,No,0,0.0309,Low Risk,One year,25,No,20.05,501.25,0,Mailed check
7322-OCWHC,No,0,0.0309,Low Risk,Two year,72,Fiber optic,93.05,6699.6,1,Bank transfer
1053-MXTTK,No,0,0.0309,Low Risk,Two year,72,Fiber optic,108.65,7822.8,0,Bank transfer
1494-EJZDW,No,0,0.0309,Low Risk,Two year,10,No,20.15,201.5,0,Mailed check
9194-GFVOI,No,0,0.0308,Low Risk,Two year,42,DSL,84.35,3542.7,0,Credit card
1839-UMACK,No,0,0.0308,Low Risk,One year,42,No,25.05,1052.1,0,Electronic check
3831-YCPUO,No,0,0.0308,Low Risk,Two year,72,Fiber optic,109.5,7884.0,0,Credit card
9258-CNWAC,No,0,0.0307,Low Risk,Two year,71,Fiber optic,113.65,8069.15,0,Credit card
2150-OEGBV,No,0,0.0307,Low Risk,One year,27,No,20.1,542.7,0,Bank transfer
3442-ZHHCC,No,0,0.0306,Low Risk,One year,68,DSL,76.9,5229.2,0,Credit card
1431-AIDJQ,No,0,0.0306,Low Risk,Two year,33,DSL,82.1,2709.3,0,Credit card
6519-ZHPXP,No,0,0.0305,Low Risk,Two year,72,Fiber optic,108.3,7797.6,0,Bank transfer
5906-DVAPM,No,0,0.0304,Low Risk,One year,55,DSL,75.0,4125.0,0,Credit card
3891-NLXJB,No,0,0.0303,Low Risk,Two year,37,DSL,40.55,1500.35,0,Mailed check
2984-TBYKU,No,0,0.0303,Low Risk,Two year,72,Fiber optic,104.9,7552.8,0,Credit card
0835-DUUIQ,No,0,0.0303,Low Risk,One year,24,No,21.05,505.2,0,Bank transfer
8194-PEEBY,No,0,0.0302,Low Risk,One year,24,No,19.9,477.6,0,Mailed check
2040-XBAVJ,No,0,0.0302,Low Risk,Two year,72,Fiber optic,114.45,8240.4,0,Bank transfer
6827-IEAUQ,No,0,0.0302,Low Risk,One year,27,DSL,66.15,1786.05,0,Mailed check
8908-SLFCJ,No,0,0.0301,Low Risk,Two year,21,No,20.85,437.85,0,Credit card
9746-YKGXB,No,0,0.0301,Low Risk,One year,52,DSL,44.25,2301.0,0,Bank transfer
7026-YMSBE,No,0,0.03,Low Risk,One year,30,No,19.7,591.0,0,Mailed check
6754-LZUKA,No,0,0.03,Low Risk,Two year,61,DSL,80.9,4934.9,0,Bank transfer
4994-OBRSZ,No,0,0.0299,Low Risk,Two year,14,DSL,76.1,1065.4,0,Bank transfer
6719-FGEDO,No,0,0.0298,Low Risk,Two year,72,Fiber optic,97.0,6984.0,0,Bank transfer
0810-DHDBD,No,0,0.0298,Low Risk,One year,52,DSL,74.0,3848.0,0,Credit card
3655-SNQYZ,No,0,0.0298,Low Risk,Two year,69,Fiber optic,113.25,7814.25,0,Credit card
7109-CQYUZ,No,0,0.0297,Low Risk,Two year,52,DSL,89.25,4641.0,0,Mailed check
7446-SFAOA,No,0,0.0297,Low Risk,One year,37,No,19.85,734.45,0,Bank transfer
3458-IDMFK,No,0,0.0297,Low Risk,Two year,25,No,20.75,518.75,0,Mailed check
3129-AAQOU,No,0,0.0296,Low Risk,Two year,19,No,25.6,486.4,0,Mailed check
0083-PIVIK,No,0,0.0296,Low Risk,One year,64,DSL,81.25,5200.0,0,Electronic check
7636-PEPNS,No,0,0.0296,Low Risk,One year,58,DSL,44.1,2557.8,0,Mailed check
6754-WKSHP,No,0,0.0295,Low Risk,One year,30,No,25.35,760.5,0,Bank transfer
5256-SKJGO,No,0,0.0295,Low Risk,Two year,64,DSL,54.6,3494.4,0,Electronic check
4835-YSJMR,No,0,0.0294,Low Risk,Two year,39,DSL,49.8,1942.2,0,Bank transfer
0191-EQUUH,No,0,0.0294,Low Risk,Two year,25,DSL,35.05,876.25,0,Bank transfer
3021-VLNRJ,No,0,0.0294,Low Risk,One year,50,DSL,70.8,3540.0,0,Credit card
6828-HMKWP,No,0,0.0293,Low Risk,Two year,12,No,21.05,252.6,0,Bank transfer
5158-RIVOP,No,0,0.0293,Low Risk,Two year,11,No,20.9,229.9,0,Credit card
0320-DWVTU,No,0,0.0292,Low Risk,Two year,53,Fiber optic,99.5,5273.5,0,Mailed check
1552-TKMXS,No,0,0.0292,Low Risk,Month-to-month,42,No,20.35,854.7,0,Credit card
9224-VTYID,No,0,0.0292,Low Risk,Two year,47,DSL,90.5,4253.5,0,Mailed check
9530-GRMJG,No,0,0.0292,Low Risk,Two year,70,DSL,84.1,5887.0,0,Electronic check
4716-MRVEN,No,0,0.0291,Low Risk,One year,29,No,20.0,580.0,0,Mailed check
6693-DJWTY,No,0,0.0291,Low Risk,One year,35,DSL,55.6,1946.0,0,Credit card
5820-PTRYM,No,0,0.029,Low Risk,One year,56,DSL,68.45,3833.2,1,Credit card
4304-XUMGI,No,0,0.029,Low Risk,Two year,50,DSL,75.15,3757.5,1,Bank transfer
9782-LGXMC,No,0,0.029,Low Risk,Month-to-month,49,DSL,61.75,3025.75,0,Bank transfer
6736-DHUQI,No,0,0.029,Low Risk,One year,67,Fiber optic,84.8,5681.6,0,Bank transfer
3266-FTKHB,No,0,0.029,Low Risk,Two year,17,No,19.15,325.55,0,Mailed check
6447-EGDIV,No,0,0.0289,Low Risk,One year,31,No,20.95,649.45,0,Mailed check
5232-NXPAY,No,0,0.0289,Low Risk,Two year,47,DSL,74.45,3499.15,0,Mailed check
7305-ZWMAJ,No,0,0.0288,Low Risk,One year,30,No,20.7,621.0,0,Credit card
6013-BHCAW,No,0,0.0288,Low Risk,Two year,61,DSL,81.0,4941.0,0,Bank transfer
9227-UAQFT,No,0,0.0288,Low Risk,Two year,16,No,19.75,316.0,0,Mailed check
4877-TSOFF,No,0,0.0288,Low Risk,One year,55,DSL,75.75,4166.25,0,Bank transfer
5110-CHOPY,No,0,0.0288,Low Risk,Two year,60,DSL,53.6,3216.0,0,Electronic check
9926-PJHDQ,No,0,0.0288,Low Risk,Two year,72,DSL,76.8,5529.6,0,Bank transfer
2703-AMTUL,No,0,0.0287,Low Risk,One year,36,DSL,53.65,1931.4,0,Mailed check
7173-TETGO,No,0,0.0287,Low Risk,Two year,72,Fiber optic,78.5,5652.0,1,Bank transfer
1092-WPIVQ,No,0,0.0287,Low Risk,Two year,18,No,25.1,451.8,0,Mailed check
5519-TEEUH,No,0,0.0286,Low Risk,One year,33,No,20.15,664.95,0,Mailed check
3525-DVKFN,No,0,0.0286,Low Risk,Two year,17,No,19.4,329.8,0,Mailed check
0854-UYHZD,No,0,0.0285,Low Risk,Two year,13,No,19.55,254.15,0,Mailed check
3605-JISKB,No,0,0.0285,Low Risk,One year,55,DSL,60.0,3300.0,1,Credit card
3982-JGSFD,No,0,0.0285,Low Risk,One year,36,No,20.35,732.6,0,Credit card
0064-SUDOG,No,0,0.0285,Low Risk,Two year,12,No,20.3,243.6,0,Bank transfer
3181-VTHOE,No,0,0.0285,Low Risk,One year,70,DSL,51.05,3573.5,0,Bank transfer
7973-DZRKH,No,0,0.0285,Low Risk,Two year,66,Fiber optic,90.95,6002.7,0,Credit card
5442-PPTJY,No,0,0.0285,Low Risk,Two year,12,No,19.7,236.4,0,Mailed check
6161-ERDGD,No,0,0.0283,Low Risk,One year,71,DSL,85.45,6066.95,0,Electronic check
4322-RCYMT,Yes,0,0.0283,Low Risk,One year,68,DSL,75.8,5154.4,0,Bank transfer
0219-QAERP,No,0,0.0283,Low Risk,One year,30,No,19.8,594.0,0,Credit card
4648-YPBTM,No,0,0.0283,Low Risk,Two year,53,DSL,73.9,3916.7,0,Bank transfer
5906-CVLHP,Yes,0,0.0282,Low Risk,One year,45,DSL,54.15,2436.75,0,Credit card
8259-DZLIZ,No,0,0.0282,Low Risk,One year,64,DSL,53.85,3446.4,0,Bank transfer
0164-XAIRP,No,0,0.0281,Low Risk,Two year,24,No,19.55,469.2,0,Bank transfer
3705-PSNGL,Yes,0,0.0281,Low Risk,One year,45,No,20.4,918.0,0,Electronic check
9531-NSBMR,No,0,0.0281,Low Risk,One year,36,No,19.25,693.0,0,Bank transfer
4115-UMJFQ,No,0,0.0279,Low Risk,One year,69,DSL,35.75,2466.75,0,Bank transfer
4573-JKNAE,No,0,0.0279,Low Risk,Two year,12,No,19.35,232.2,0,Bank transfer
6188-UXBBR,No,0,0.0278,Low Risk,One year,38,No,20.25,769.5,0,Credit card
7469-LKBCI,No,0,0.0278,Low Risk,Two year,16,No,18.95,303.2,0,Credit card
4111-BNXIF,No,0,0.0278,Low Risk,Two year,67,DSL,59.55,3989.85,0,Electronic check
8398-TBIYD,No,0,0.0277,Low Risk,Two year,72,Fiber optic,84.7,6098.4,0,Bank transfer
8871-JLMHM,No,0,0.0277,Low Risk,Two year,68,Fiber optic,90.2,6133.6,0,Credit card
5893-PYOLZ,No,0,0.0277,Low Risk,Two year,56,DSL,81.8,4580.8,0,Credit card
3812-LRZIR,No,0,0.0276,Low Risk,Two year,27,No,24.5,661.5,0,Electronic check
3547-LQRIK,No,0,0.0276,Low Risk,One year,47,No,26.9,1264.3,0,Electronic check
1776-SPBWV,No,0,0.0276,Low Risk,One year,34,No,20.1,683.4,0,Bank transfer
4859-ZSRDZ,No,0,0.0275,Low Risk,Two year,58,DSL,55.5,3219.0,0,Credit card
1642-HMARX,No,0,0.0275,Low Risk,Two year,68,DSL,91.7,6235.6,0,Electronic check
6823-SIDFQ,No,0,0.0275,Low Risk,One year,28,No,18.25,511.0,0,Credit card
8606-OEGQZ,No,0,0.0275,Low Risk,Two year,18,No,25.3,455.4,0,Credit card
4024-CSNBY,No,0,0.0274,Low Risk,Two year,72,Fiber optic,94.25,6786.0,0,Bank transfer
5871-DGTXZ,No,0,0.0274,Low Risk,One year,32,No,19.8,633.6,0,Mailed check
9830-ECLEN,No,0,0.0273,Low Risk,One year,58,DSL,50.0,2900.0,0,Mailed check
0181-RITDD,No,0,0.0273,Low Risk,Two year,62,Fiber optic,108.15,6705.3,0,Mailed check
5129-HHMZC,No,0,0.0272,Low Risk,Two year,43,DSL,86.45,3717.35,0,Credit card
7269-JISCY,No,0,0.0272,Low Risk,One year,55,DSL,45.05,2477.75,0,Bank transfer
2650-GYRYL,No,0,0.0272,Low Risk,One year,33,No,19.45,641.85,0,Bank transfer
1843-TLSGD,No,0,0.0272,Low Risk,Two year,13,No,20.85,271.05,0,Mailed check
3174-AKMAS,No,0,0.0272,Low Risk,Two year,46,DSL,64.2,2953.2,0,Credit card
9717-IOAAF,No,0,0.0272,Low Risk,Two year,27,No,25.85,697.95,0,Credit card
4981-FLTMF,No,0,0.0272,Low Risk,Month-to-month,57,DSL,65.2,3716.4,0,Bank transfer
8869-TORSS,Yes,0,0.0272,Low Risk,One year,48,DSL,60.35,2896.8,0,Credit card
5170-PTRKA,No,0,0.0271,Low Risk,One year,49,DSL,35.8,1754.2,0,Credit card
5840-NVDCG,No,0,0.0271,Low Risk,Two year,16,DSL,68.25,1092.0,0,Bank transfer
9127-QRZMH,No,0,0.0271,Low Risk,One year,44,DSL,59.85,2633.4,0,Bank transfer
5917-RYRMG,No,0,0.0271,Low Risk,One year,32,No,19.8,633.6,1,Credit card
2878-DHMIN,No,0,0.027,Low Risk,One year,35,No,19.9,696.5,0,Electronic check
7471-MQPOS,No,0,0.027,Low Risk,One year,71,DSL,72.9,5175.9,1,Bank transfer
4163-NCJAK,No,0,0.027,Low Risk,One year,46,No,24.45,1124.7,0,Bank transfer
1032-MAELW,No,0,0.0269,Low Risk,One year,68,DSL,78.45,5334.6,0,Electronic check
2167-FQSTQ,No,0,0.0268,Low Risk,Two year,72,DSL,92.4,6652.8,0,Electronic check
0334-ZFJSR,No,0,0.0268,Low Risk,One year,55,DSL,66.05,3632.75,0,Credit card
6121-TNHBO,No,0,0.0267,Low Risk,One year,63,DSL,83.0,5229.0,1,Bank transfer
3133-PZNSR,No,0,0.0267,Low Risk,Two year,72,Fiber optic,97.75,7038.0,0,Credit card
0536-ESJEP,No,0,0.0267,Low Risk,Two year,54,DSL,74.55,4025.7,0,Bank transfer
5696-EXCYS,No,0,0.0267,Low Risk,Two year,17,No,19.45,330.65,0,Credit card
0023-UYUPN,No,0,0.0266,Low Risk,One year,50,No,25.2,1260.0,1,Electronic check
1328-EUZHC,No,0,0.0265,Low Risk,Two year,18,No,20.1,361.8,0,Mailed check
1813-JYWTO,No,0,0.0265,Low Risk,Two year,72,Fiber optic,80.45,5792.4,0,Bank transfer
3230-IUALN,No,0,0.0265,Low Risk,Two year,45,DSL,81.0,3645.0,0,Mailed check
8277-RVRSV,No,0,0.0263,Low Risk,One year,33,No,24.15,796.95,0,Credit card
2266-FUBDZ,No,0,0.0263,Low Risk,Two year,15,No,19.35,290.25,0,Mailed check
2606-PKWJB,No,0,0.0261,Low Risk,One year,40,DSL,40.25,1610.0,0,Mailed check
6242-FEGFD,No,0,0.026,Low Risk,Two year,66,Fiber optic,96.6,6375.6,0,Mailed check
1535-VTJOQ,No,0,0.026,Low Risk,Two year,24,No,25.15,603.6,0,Credit card
4227-OJHAL,No,0,0.026,Low Risk,One year,68,DSL,73.0,4964.0,0,Credit card
6559-ILWKJ,Yes,0,0.026,Low Risk,Two year,71,DSL,49.35,3503.85,0,Electronic check
8165-CBKXO,No,0,0.026,Low Risk,Two year,66,DSL,56.75,3745.5,0,Credit card
3721-WKIIL,No,0,0.0259,Low Risk,Two year,27,No,19.6,529.2,0,Mailed check
9670-BPNXF,No,0,0.0259,Low Risk,One year,45,DSL,62.55,2814.75,0,Credit card
2333-KWEWW,No,0,0.0258,Low Risk,Two year,18,No,20.05,360.9,0,Credit card
4702-HDRKD,No,0,0.0258,Low Risk,One year,67,DSL,49.35,3306.45,0,Bank transfer
8143-ETQTI,No,0,0.0258,Low Risk,Two year,23,No,19.65,451.95,0,Mailed check
0853-TWRVK,No,0,0.0257,Low Risk,Two year,72,Fiber optic,105.6,7603.2,0,Bank transfer
7670-ZBPOQ,No,0,0.0257,Low Risk,One year,58,DSL,61.05,3540.9,0,Bank transfer
8760-ZRHKE,No,0,0.0257,Low Risk,One year,71,DSL,69.2,4913.2,1,Electronic check
5914-GXMDA,No,0,0.0256,Low Risk,One year,32,No,19.3,617.6,0,Mailed check
6696-YDAYZ,No,0,0.0256,Low Risk,Two year,16,No,20.5,328.0,0,Mailed check
5849-ASHZJ,No,0,0.0256,Low Risk,One year,27,No,20.05,541.35,0,Credit card
4872-VXRIL,No,0,0.0255,Low Risk,One year,56,DSL,64.65,3620.4,0,Bank transfer
0916-KNFAJ,No,0,0.0254,Low Risk,Two year,61,DSL,69.9,4263.9,0,Mailed check
8512-WIWYV,No,0,0.0254,Low Risk,One year,32,No,20.35,651.2,0,Credit card
0945-TSONX,No,0,0.0254,Low Risk,Two year,47,DSL,85.3,4009.1,0,Credit card
4962-CHQPW,No,0,0.0254,Low Risk,One year,29,No,19.85,575.65,0,Mailed check
6261-RCVNS,Yes,0,0.0254,Low Risk,One year,42,DSL,73.9,3103.8,0,Credit card
1023-BQXZE,No,0,0.0254,Low Risk,Two year,57,DSL,74.35,4237.95,0,Bank transfer
4530-NDRKU,No,0,0.0253,Low Risk,One year,42,No,19.05,800.1,0,Electronic check
1194-BHJYC,No,0,0.0253,Low Risk,Two year,61,DSL,62.15,3791.15,0,Mailed check
1265-BCFEO,No,0,0.0253,Low Risk,Two year,71,DSL,80.45,5711.95,0,Bank transfer
2277-AXSDC,No,0,0.0253,Low Risk,One year,32,No,19.75,632.0,0,Bank transfer
2091-GPPIQ,No,0,0.0252,Low Risk,Two year,72,DSL,78.95,5684.4,0,Electronic check
8782-NUUOL,No,0,0.0252,Low Risk,One year,60,DSL,79.0,4740.0,0,Mailed check
2361-UPSND,No,0,0.0252,Low Risk,One year,46,DSL,70.6,3247.6,0,Mailed check
6322-HRPFA,No,0,0.0251,Low Risk,Month-to-month,49,DSL,59.6,2920.4,0,Credit card
2123-VSCOT,No,0,0.0251,Low Risk,Two year,59,DSL,72.1,4253.9,0,Bank transfer
7473-ZBDSN,No,0,0.0251,Low Risk,Two year,14,No,18.8,263.2,0,Mailed check
9018-PCIOK,No,0,0.0251,Low Risk,Two year,55,DSL,64.75,3561.25,0,Mailed check
2404-JIBFC,No,0,0.0251,Low Risk,Two year,55,DSL,85.1,4680.5,0,Bank transfer
2819-GWENI,No,0,0.0251,Low Risk,One year,28,No,19.9,557.2,0,Mailed check
6603-YRDCJ,No,0,0.025,Low Risk,Two year,33,DSL,61.05,2014.65,0,Mailed check
5627-TVBPP,No,0,0.025,Low Risk,One year,35,No,20.1,703.5,0,Credit card
5148-HKFIR,No,0,0.025,Low Risk,Two year,20,No,19.7,394.0,0,Mailed check
4750-UKWJK,No,0,0.025,Low Risk,One year,37,No,19.6,725.2,1,Mailed check
0804-YGEQV,No,0,0.0249,Low Risk,One year,43,No,24.45,1051.35,0,Bank transfer
3865-ZFZIB,No,0,0.0249,Low Risk,Two year,19,No,19.65,373.35,0,Mailed check
7596-IIWYC,No,0,0.0248,Low Risk,Two year,27,No,20.25,546.75,0,Bank transfer
6223-DHJGV,No,0,0.0248,Low Risk,One year,42,No,20.65,867.3,0,Mailed check
3649-JPUGY,No,0,0.0247,Low Risk,Two year,72,DSL,88.6,6379.2,0,Bank transfer
1089-XZWHH,No,0,0.0246,Low Risk,Two year,24,No,19.7,472.8,0,Mailed check
3378-AJRAO,No,0,0.0246,Low Risk,One year,44,No,24.85,1093.4,0,Electronic check
8745-PVESG,No,0,0.0246,Low Risk,One year,57,DSL,41.1,2342.7,0,Credit card
1051-EQPZR,No,0,0.0244,Low Risk,Month-to-month,44,No,19.6,862.4,0,Mailed check
6195-MELTI,No,0,0.0244,Low Risk,One year,57,DSL,54.65,3115.05,0,Mailed check
4178-EGMON,No,0,0.0244,Low Risk,Two year,70,Fiber optic,88.0,6160.0,0,Credit card
0078-XZMHT,No,0,0.0243,Low Risk,Two year,72,DSL,85.15,6130.8,0,Bank transfer
9251-WNSOD,No,0,0.0243,Low Risk,One year,67,DSL,75.1,5031.7,0,Mailed check
4703-MQYKT,No,0,0.0242,Low Risk,Two year,21,No,19.6,411.6,0,Mailed check
0559-CKHUS,No,0,0.0242,Low Risk,Two year,29,No,19.55,566.95,0,Mailed check
5918-VUKWP,No,0,0.0241,Low Risk,One year,32,No,20.55,657.6,0,Bank transfer
1293-HHSHJ,No,0,0.0241,Low Risk,One year,35,No,21.1,738.5,0,Mailed check
2088-IEBAU,No,0,0.0241,Low Risk,Two year,68,DSL,88.15,5994.2,0,Electronic check
0104-PPXDV,No,0,0.0241,Low Risk,One year,58,DSL,50.3,2917.4,0,Credit card
6609-MXJHJ,No,0,0.024,Low Risk,Two year,30,No,25.1,753.0,0,Mailed check
3055-VTCGS,No,0,0.024,Low Risk,One year,63,DSL,58.55,3688.65,0,Credit card
4565-EVZMJ,No,0,0.024,Low Risk,One year,47,DSL,58.9,2768.3,0,Mailed check
9509-MPYOD,No,0,0.0239,Low Risk,One year,35,No,20.75,726.25,0,Mailed check
8819-WFGGJ,No,0,0.0239,Low Risk,Two year,68,DSL,54.1,3678.8,0,Bank transfer
5453-YBTWV,No,0,0.0239,Low Risk,Two year,70,Fiber optic,101.1,7077.0,0,Credit card
1525-LNLOJ,No,0,0.0239,Low Risk,Two year,66,DSL,63.3,4177.8,0,Bank transfer
3249-VHRIP,No,0,0.0238,Low Risk,Two year,62,DSL,43.6,2703.2,0,Credit card
2612-PHGOX,No,0,0.0238,Low Risk,Two year,64,DSL,76.1,4870.4,0,Bank transfer
6064-ZATLR,No,0,0.0238,Low Risk,Two year,27,DSL,52.85,1426.95,0,Bank transfer
3569-VLDHH,No,0,0.0238,Low Risk,One year,66,DSL,75.1,4956.6,0,Electronic check
6631-HMANX,No,0,0.0238,Low Risk,Two year,72,DSL,85.45,6152.4,0,Credit card
8510-BBWMU,No,0,0.0238,Low Risk,One year,41,No,19.75,809.75,0,Mailed check
5668-MEISB,No,0,0.0237,Low Risk,Two year,72,Fiber optic,106.1,7639.2,0,Credit card
7945-HLKEA,No,0,0.0237,Low Risk,One year,60,DSL,64.75,3885.0,0,Electronic check
6898-RBTLU,No,0,0.0237,Low Risk,Two year,49,DSL,79.3,3885.7,0,Bank transfer
7029-IJEJK,No,0,0.0236,Low Risk,One year,54,DSL,44.1,2381.4,0,Bank transfer
8097-OMULG,No,0,0.0236,Low Risk,One year,59,DSL,76.75,4528.25,0,Credit card
5318-YKDPV,No,0,0.0236,Low Risk,Two year,43,DSL,79.15,3403.45,0,Credit card
4891-NLUBA,No,0,0.0235,Low Risk,Two year,61,DSL,61.45,3748.45,0,Bank transfer
2302-OUZXB,No,0,0.0235,Low Risk,Two year,72,DSL,82.15,5914.8,0,Bank transfer
2252-NKNSI,No,0,0.0235,Low Risk,Two year,52,DSL,85.15,4427.8,0,Mailed check
2040-LDIWQ,No,0,0.0235,Low Risk,Two year,65,DSL,84.2,5473.0,0,Bank transfer
4883-KCPZJ,No,0,0.0235,Low Risk,Two year,22,No,25.25,555.5,0,Credit card
7609-YBPXG,No,0,0.0234,Low Risk,Two year,54,DSL,87.1,4703.4,0,Bank transfer
9824-QCJPK,No,0,0.0234,Low Risk,One year,36,No,20.0,720.0,0,Mailed check
8510-TMWYB,No,0,0.0234,Low Risk,Two year,54,DSL,59.8,3229.2,0,Bank transfer
2541-YGPKE,No,0,0.0234,Low Risk,One year,42,DSL,63.7,2675.4,0,Credit card
2126-GSEGL,No,0,0.0234,Low Risk,Two year,70,DSL,84.8,5936.0,0,Bank transfer
4615-PIVVU,No,0,0.0233,Low Risk,Two year,42,DSL,66.5,2793.0,0,Credit card
7110-BDTWG,No,0,0.0233,Low Risk,Two year,71,DSL,47.05,3340.55,0,Electronic check
9919-FZDED,No,0,0.0233,Low Risk,Two year,72,DSL,84.1,6055.2,1,Credit card
2516-XSJKX,No,0,0.0233,Low Risk,Two year,41,DSL,78.45,3216.45,0,Electronic check
1699-TLDLZ,No,0,0.0232,Low Risk,Two year,16,No,19.7,315.2,0,Mailed check
8067-NIOYM,No,0,0.0232,Low Risk,Two year,24,No,21.1,506.4,0,Credit card
3896-ZVNET,No,0,0.0232,Low Risk,Two year,24,No,24.7,592.8,0,Mailed check
8717-VCTXJ,No,0,0.0231,Low Risk,One year,42,No,19.55,821.1,0,Mailed check
7138-GIRSH,No,0,0.0231,Low Risk,Two year,50,DSL,69.5,3475.0,0,Bank transfer
2351-BKRZW,No,0,0.0231,Low Risk,Two year,43,DSL,75.2,3233.6,0,Bank transfer
1139-WUOAH,No,0,0.0231,Low Risk,Two year,57,DSL,53.35,3040.95,0,Credit card
3401-URHDA,No,0,0.0231,Low Risk,One year,51,DSL,59.9,3054.9,0,Credit card
8515-OCTJS,Yes,0,0.0231,Low Risk,Two year,25,No,24.75,618.75,0,Credit card
8999-YPYBV,No,0,0.023,Low Risk,Two year,45,DSL,84.35,3795.75,0,Mailed check
8331-ZXFOE,No,0,0.023,Low Risk,One year,58,DSL,71.1,4123.8,0,Credit card
6522-OIQSX,No,0,0.023,Low Risk,Two year,69,DSL,54.95,3791.55,0,Credit card
4114-QMKVN,No,0,0.0229,Low Risk,One year,56,DSL,68.75,3850.0,0,Bank transfer
2808-CHTDM,No,0,0.0229,Low Risk,Two year,23,No,25.1,577.3,0,Mailed check
6339-RZCBJ,No,0,0.0229,Low Risk,Two year,48,DSL,78.9,3787.2,0,Credit card
6437-UDQJM,No,0,0.0229,Low Risk,Two year,72,DSL,84.1,6055.2,1,Credit card
0310-SUCIN,No,0,0.0229,Low Risk,One year,71,DSL,84.8,6020.8,0,Bank transfer
8884-FEEWR,No,0,0.0229,Low Risk,One year,35,No,20.6,721.0,0,Bank transfer
2192-OZITF,No,0,0.0228,Low Risk,Two year,45,DSL,73.55,3309.75,0,Mailed check
5197-LQXXH,No,0,0.0226,Low Risk,Two year,71,DSL,83.3,5914.3,0,Credit card
2193-SFWQW,No,0,0.0226,Low Risk,Two year,72,Fiber optic,111.95,8060.4,0,Bank transfer
0979-MOZQI,No,0,0.0226,Low Risk,Two year,62,DSL,39.0,2418.0,0,Bank transfer
3654-ARMGP,No,0,0.0226,Low Risk,Two year,61,DSL,88.65,5407.65,0,Credit card
8932-CZHRQ,No,0,0.0225,Low Risk,One year,68,DSL,76.75,5219.0,0,Credit card
4980-URKXC,No,0,0.0225,Low Risk,One year,36,No,20.85,750.6,0,Bank transfer
9548-ZMVTX,No,0,0.0224,Low Risk,Two year,72,Fiber optic,90.45,6512.4,0,Bank transfer
2892-GESUL,No,0,0.0224,Low Risk,Two year,18,No,19.35,348.3,0,Mailed check
2239-CGBUZ,No,0,0.0223,Low Risk,One year,51,DSL,60.5,3085.5,0,Bank transfer
3389-KTRXV,No,0,0.0223,Low Risk,Two year,23,No,23.85,548.55,0,Mailed check
8265-HKSOW,No,0,0.0223,Low Risk,Two year,72,Fiber optic,107.45,7736.4,0,Credit card
2599-CIPQE,No,0,0.0222,Low Risk,Two year,71,Fiber optic,109.3,7760.3,0,Credit card
4890-VMUAV,No,0,0.0222,Low Risk,One year,63,DSL,71.5,4504.5,0,Electronic check
1960-UOTYM,No,0,0.0222,Low Risk,Two year,52,DSL,79.2,4118.4,0,Electronic check
7779-ORAEL,No,0,0.0222,Low Risk,Two year,45,DSL,75.15,3381.75,1,Credit card
6234-RAAPL,No,0,0.0221,Low Risk,Two year,72,Fiber optic,99.9,7192.8,0,Bank transfer
5788-YPOEG,No,0,0.0221,Low Risk,Two year,34,DSL,84.75,2881.5,0,Mailed check
0513-RBGPE,No,0,0.0221,Low Risk,Two year,37,DSL,62.8,2323.6,0,Credit card
1498-NHTLT,No,0,0.022,Low Risk,Two year,59,DSL,86.75,5118.25,0,Electronic check
4293-ETKAP,No,0,0.022,Low Risk,Two year,65,DSL,79.4,5161.0,0,Bank transfer
3460-TJBWI,No,0,0.0219,Low Risk,Two year,24,No,24.2,580.8,0,Mailed check
4737-HOBAX,No,0,0.0219,Low Risk,Two year,63,DSL,79.8,5027.4,0,Credit card
0263-FJTQO,No,0,0.0219,Low Risk,Two year,50,DSL,70.5,3525.0,0,Credit card
9880-TDQAC,No,0,0.0219,Low Risk,Two year,72,DSL,60.0,4320.0,0,Electronic check
0565-IYCGT,Yes,0,0.0217,Low Risk,One year,69,DSL,78.6,5423.4,0,Credit card
9548-LERKT,No,0,0.0217,Low Risk,Two year,24,No,19.75,474.0,0,Mailed check
9945-PSVIP,No,0,0.0216,Low Risk,Two year,25,No,18.7,467.5,0,Mailed check
9795-NREXC,No,0,0.0216,Low Risk,Two year,64,DSL,85.0,5440.0,0,Credit card
7622-FWGEW,No,0,0.0216,Low Risk,Two year,56,DSL,85.65,4796.4,1,Bank transfer
6549-BTYPG,No,0,0.0215,Low Risk,Two year,60,DSL,60.8,3648.0,0,Credit card
1395-WSWXR,No,0,0.0215,Low Risk,Two year,24,No,20.75,498.0,0,Mailed check
5313-FPXWG,No,0,0.0215,Low Risk,One year,51,No,24.6,1254.6,0,Bank transfer
6810-VCAEX,No,0,0.0215,Low Risk,One year,47,DSL,39.65,1863.55,0,Credit card
2863-IMQDR,No,0,0.0215,Low Risk,Two year,61,DSL,89.65,5468.65,0,Electronic check
5583-EJXRD,No,0,0.0215,Low Risk,Two year,44,DSL,54.05,2378.2,0,Credit card
8221-HVAYI,No,0,0.0215,Low Risk,Two year,35,DSL,69.15,2420.25,0,Credit card
3887-PBQAO,No,0,0.0214,Low Risk,One year,45,No,25.9,1165.5,0,Credit card
8345-MVDYC,No,0,0.0214,Low Risk,Two year,45,DSL,81.65,3674.25,0,Bank transfer
8390-FESFV,No,0,0.0214,Low Risk,Two year,62,DSL,84.5,5239.0,0,Bank transfer
5321-NTRKC,No,0,0.0213,Low Risk,Two year,66,DSL,79.85,5270.1,0,Bank transfer
7025-WCBNE,No,0,0.0213,Low Risk,Two year,47,DSL,59.6,2801.2,1,Bank transfer
5702-KVQRD,No,0,0.0213,Low Risk,Two year,71,DSL,82.55,5861.05,0,Electronic check
7061-OVMIM,No,0,0.0213,Low Risk,One year,30,No,19.55,586.5,0,Bank transfer
8144-DGHXP,No,0,0.0213,Low Risk,Two year,54,DSL,80.6,4352.4,0,Electronic check
4381-MHQDC,No,0,0.0212,Low Risk,Two year,47,DSL,65.0,3055.0,0,Mailed check
9995-HOTOH,No,0,0.0212,Low Risk,Two year,63,DSL,59.0,3717.0,0,Electronic check
6166-YIPFO,No,0,0.0212,Low Risk,Two year,72,DSL,64.7,4658.4,0,Electronic check
1223-UNPKS,No,0,0.0211,Low Risk,Two year,20,No,20.05,401.0,0,Mailed check
0436-TWFFZ,No,0,0.0211,Low Risk,Two year,67,DSL,85.25,5711.75,0,Mailed check
5512-IDZEI,No,0,0.0211,Low Risk,One year,46,No,24.9,1145.4,0,Electronic check
0757-WCUUZ,No,0,0.021,Low Risk,Two year,54,DSL,63.35,3420.9,0,Credit card
4584-LBNMK,No,0,0.021,Low Risk,One year,45,No,24.7,1111.5,1,Credit card
0071-NDAFP,No,0,0.021,Low Risk,Two year,25,No,25.5,637.5,0,Credit card
6872-HXFNF,No,0,0.0209,Low Risk,One year,64,DSL,58.35,3734.4,0,Bank transfer
2000-DHJUY,No,0,0.0209,Low Risk,Two year,70,DSL,92.2,6454.0,1,Bank transfer
4342-HFXWS,No,0,0.0209,Low Risk,One year,48,DSL,69.7,3345.6,0,Bank transfer
7328-OWMOM,No,0,0.0209,Low Risk,One year,31,No,20.1,623.1,0,Credit card
4560-WQAQW,No,0,0.0208,Low Risk,One year,59,DSL,68.7,4053.3,0,Bank transfer
4039-PIMHX,No,0,0.0208,Low Risk,Two year,49,DSL,49.8,2440.2,1,Mailed check
3486-NPGST,No,0,0.0208,Low Risk,One year,36,No,19.55,703.8,0,Mailed check
1265-HVPZB,No,0,0.0208,Low Risk,One year,59,DSL,66.4,3917.6,0,Credit card
7951-QKZPL,Yes,0,0.0207,Low Risk,Two year,33,No,24.5,808.5,0,Mailed check
5859-HZYLF,No,0,0.0207,Low Risk,Two year,26,No,19.15,497.9,0,Credit card
4804-NCPET,No,0,0.0207,Low Risk,Two year,19,No,20.2,383.8,0,Mailed check
1866-DIOQZ,No,0,0.0207,Low Risk,One year,71,DSL,66.8,4742.8,0,Bank transfer
0743-HNPFG,No,0,0.0207,Low Risk,One year,51,DSL,69.75,3557.25,0,Credit card
6732-VAILE,No,0,0.0206,Low Risk,Two year,70,DSL,85.95,6016.5,0,Credit card
6563-VRERX,No,0,0.0205,Low Risk,One year,33,No,20.6,679.8,0,Mailed check
7564-GHCVB,No,0,0.0204,Low Risk,Two year,72,Fiber optic,79.05,5691.6,0,Bank transfer
5380-XPJNZ,No,0,0.0204,Low Risk,One year,38,No,20.05,761.9,0,Mailed check
9385-NXKDA,No,0,0.0203,Low Risk,Two year,72,DSL,82.65,5950.8,0,Credit card
8999-EXMNO,No,0,0.0203,Low Risk,Two year,19,No,20.15,382.85,0,Mailed check
1090-ESELR,No,0,0.0203,Low Risk,Two year,72,Fiber optic,105.5,7596.0,0,Bank transfer
3720-DBRWL,No,0,0.0202,Low Risk,Two year,51,DSL,83.85,4276.35,0,Credit card
4568-KNYWR,No,0,0.0201,Low Risk,Two year,52,DSL,63.25,3289.0,0,Credit card
7190-XHTWJ,No,0,0.0201,Low Risk,One year,38,No,19.3,733.4,0,Mailed check
4547-FZJWE,No,0,0.0201,Low Risk,One year,55,DSL,59.45,3269.75,0,Credit card
2405-LBMUW,No,0,0.02,Low Risk,One year,61,DSL,50.7,3092.7,0,Bank transfer
3978-YNKDD,No,0,0.02,Low Risk,Two year,19,No,20.85,396.15,0,Credit card
8327-WKMIE,No,0,0.02,Low Risk,One year,37,No,20.15,745.55,0,Credit card
6516-NKQBO,No,0,0.02,Low Risk,Two year,38,DSL,81.0,3078.0,0,Credit card
5684-FJVYR,No,0,0.02,Low Risk,Two year,72,Fiber optic,90.35,6505.2,0,Bank transfer
1403-LKLIK,No,0,0.0199,Low Risk,One year,33,No,20.1,663.3,0,Mailed check
5317-FLPJF,No,0,0.0199,Low Risk,Two year,66,DSL,61.35,4049.1,0,Bank transfer
4526-EXKKN,No,0,0.0199,Low Risk,Two year,40,No,24.6,984.0,0,Mailed check
9359-UGBTK,No,0,0.0199,Low Risk,One year,67,DSL,72.35,4847.45,0,Bank transfer
0301-KOBTQ,No,0,0.0199,Low Risk,Two year,32,No,20.05,641.6,0,Bank transfer
1635-HDGFT,No,0,0.0199,Low Risk,Two year,19,No,20.5,389.5,0,Mailed check
6418-HNFED,No,0,0.0199,Low Risk,Two year,51,DSL,83.25,4245.75,0,Credit card
1934-MKPXS,No,0,0.0199,Low Risk,One year,33,No,20.1,663.3,0,Credit card
6963-EZQEE,No,0,0.0198,Low Risk,Two year,70,DSL,88.55,6198.5,1,Credit card
0707-HOVVN,No,0,0.0198,Low Risk,Two year,70,DSL,75.5,5285.0,1,Bank transfer
3911-RSNHI,No,0,0.0198,Low Risk,Two year,71,DSL,61.4,4359.4,0,Credit card
1755-FZQEC,No,0,0.0198,Low Risk,One year,39,No,19.9,776.1,0,Mailed check
8060-HIWJJ,No,0,0.0198,Low Risk,Two year,64,DSL,86.55,5539.2,0,Credit card
2890-WFBHU,No,0,0.0197,Low Risk,One year,59,DSL,79.85,4711.15,0,Credit card
3908-MKIMJ,No,0,0.0197,Low Risk,Two year,68,DSL,41.95,2852.6,1,Electronic check
5656-MJEFC,No,0,0.0197,Low Risk,Two year,42,DSL,48.15,2022.3,0,Credit card
7452-FOLON,No,0,0.0197,Low Risk,One year,39,No,25.45,992.55,0,Bank transfer
7503-MIOGA,No,0,0.0196,Low Risk,Two year,72,DSL,89.85,6469.2,1,Bank transfer
4667-QONEA,No,0,0.0196,Low Risk,One year,60,DSL,74.85,4491.0,1,Credit card
0902-RFHOF,No,0,0.0195,Low Risk,One year,38,No,20.1,763.8,0,Mailed check
0298-XACET,No,0,0.0195,Low Risk,Two year,52,DSL,50.2,2610.4,0,Mailed check
6772-WFQRD,No,0,0.0195,Low Risk,One year,40,No,20.4,816.0,0,Bank transfer
6258-PVZWJ,No,0,0.0195,Low Risk,Two year,68,DSL,90.8,6174.4,0,Credit card
8645-KOMJQ,No,0,0.0194,Low Risk,Two year,69,DSL,81.95,5654.55,0,Bank transfer
1088-CNNKB,No,0,0.0194,Low Risk,One year,63,DSL,80.0,5040.0,0,Credit card
8565-WUXZU,No,0,0.0194,Low Risk,Two year,72,Fiber optic,84.8,6105.6,1,Credit card
9470-YFUYI,No,0,0.0193,Low Risk,One year,71,DSL,71.0,5041.0,1,Bank transfer
6048-NJXHX,No,0,0.0193,Low Risk,Two year,41,No,19.75,809.75,0,Electronic check
9950-MTGYX,No,0,0.0193,Low Risk,Two year,28,No,20.3,568.4,0,Credit card
5387-ASZNZ,No,0,0.0192,Low Risk,One year,66,DSL,63.85,4214.1,1,Credit card
0654-PQKDW,No,0,0.0192,Low Risk,One year,62,DSL,70.75,4386.5,0,Bank transfer
9958-MEKUC,No,0,0.0191,Low Risk,Two year,72,Fiber optic,103.95,7484.4,0,Credit card
4254-QPEDE,No,0,0.0191,Low Risk,Two year,52,DSL,66.25,3445.0,0,Credit card
5792-JALQC,No,0,0.0191,Low Risk,Two year,52,DSL,59.85,3112.2,1,Bank transfer
7054-DMVAS,No,0,0.0191,Low Risk,Two year,54,DSL,65.3,3526.2,0,Bank transfer
0993-OSGPT,No,0,0.0191,Low Risk,One year,68,DSL,60.65,4124.2,1,Bank transfer
8174-TBVCF,No,0,0.0191,Low Risk,Two year,70,DSL,94.8,6636.0,0,Credit card
0604-THJFP,No,0,0.019,Low Risk,Two year,59,DSL,75.95,4481.05,0,Credit card
6199-IPCAO,No,0,0.019,Low Risk,Two year,29,No,26.1,756.9,0,Mailed check
5924-SNGKP,No,0,0.0189,Low Risk,One year,41,No,20.25,830.25,0,Credit card
3489-VSFRD,No,0,0.0189,Low Risk,One year,56,DSL,60.25,3374.0,0,Credit card
7233-PAHHL,No,0,0.0188,Low Risk,Two year,66,DSL,84.0,5544.0,0,Mailed check
5622-UEJFI,No,0,0.0188,Low Risk,Two year,35,No,25.4,889.0,0,Credit card
0455-ENTCR,No,0,0.0187,Low Risk,Two year,66,DSL,85.25,5626.5,0,Electronic check
7501-IWUNG,No,0,0.0187,Low Risk,Two year,61,DSL,73.8,4501.8,0,Bank transfer
8050-DVOJX,No,0,0.0187,Low Risk,Two year,49,DSL,81.35,3986.15,1,Credit card
3280-NMUVX,No,0,0.0187,Low Risk,One year,34,No,19.6,666.4,0,Credit card
1757-TCATG,No,0,0.0186,Low Risk,One year,35,No,20.05,701.75,0,Bank transfer
2753-JMMCV,No,0,0.0186,Low Risk,Two year,65,DSL,74.2,4823.0,0,Credit card
6120-RJKLU,No,0,0.0185,Low Risk,Two year,62,DSL,79.95,4956.9,1,Credit card
2990-OGYTD,No,0,0.0185,Low Risk,Two year,67,DSL,86.15,5772.05,0,Bank transfer
2521-NPUZR,No,0,0.0185,Low Risk,Two year,70,Fiber optic,101.0,7070.0,0,Credit card
1830-GGFNM,No,0,0.0185,Low Risk,Two year,65,Fiber optic,94.55,6145.75,0,Credit card
9581-GVBXT,No,0,0.0184,Low Risk,One year,59,DSL,34.8,2053.2,0,Mailed check
5394-MEITZ,No,0,0.0184,Low Risk,Two year,60,DSL,80.6,4836.0,0,Bank transfer
7815-PDTHL,No,0,0.0184,Low Risk,Two year,35,No,20.2,707.0,0,Mailed check
6681-ZSEXG,No,0,0.0184,Low Risk,Two year,56,DSL,59.5,3332.0,0,Credit card
6546-OPBBH,No,0,0.0184,Low Risk,One year,51,No,23.95,1221.45,0,Mailed check
0383-CLDDA,No,0,0.0183,Low Risk,Two year,69,DSL,85.35,5889.15,0,Credit card
5696-JVVQY,No,0,0.0183,Low Risk,Two year,48,DSL,70.1,3364.8,0,Credit card
2550-AEVRU,No,0,0.0183,Low Risk,One year,57,DSL,53.45,3046.65,0,Electronic check
7977-HXJKU,No,0,0.0182,Low Risk,Two year,21,No,19.6,411.6,0,Mailed check
9150-HEPMB,No,0,0.0182,Low Risk,One year,56,DSL,52.7,2951.2,0,Mailed check
5751-USDBL,No,0,0.0181,Low Risk,Two year,46,DSL,81.0,3726.0,0,Mailed check
2805-AUFQN,No,0,0.0181,Low Risk,Two year,25,No,19.8,495.0,0,Credit card
2977-CEBSX,No,0,0.0181,Low Risk,Two year,66,DSL,90.05,5943.3,0,Credit card
9778-OGKQZ,No,0,0.018,Low Risk,Two year,72,DSL,92.0,6624.0,0,Credit card
3653-NCRDJ,No,0,0.018,Low Risk,One year,43,No,19.2,825.6,0,Mailed check
6203-HBZPA,No,0,0.0179,Low Risk,Two year,52,DSL,63.9,3322.8,0,Credit card
8008-OTEZX,No,0,0.0179,Low Risk,One year,35,No,19.65,687.75,0,Mailed check
4751-ERMAN,No,0,0.0179,Low Risk,Two year,72,DSL,75.4,5428.8,0,Bank transfer
9253-VIFJQ,No,0,0.0179,Low Risk,One year,65,DSL,67.05,4358.25,0,Credit card
0129-QMPDR,No,0,0.0178,Low Risk,One year,44,No,20.5,902.0,0,Bank transfer
2192-CKRLV,No,0,0.0178,Low Risk,Two year,72,DSL,49.2,3542.4,0,Electronic check
3166-PNEOF,No,0,0.0178,Low Risk,Two year,61,DSL,86.45,5273.45,0,Credit card
0057-QBUQH,No,0,0.0178,Low Risk,Two year,43,No,25.1,1079.3,0,Electronic check
1534-OULXE,No,0,0.0178,Low Risk,One year,61,DSL,49.7,3031.7,0,Bank transfer
7552-KEYGT,No,0,0.0177,Low Risk,Two year,27,No,19.55,527.85,0,Bank transfer
8661-BOYNW,No,0,0.0177,Low Risk,Two year,72,DSL,84.4,6076.8,0,Credit card
3521-HTQTV,No,0,0.0177,Low Risk,Two year,34,No,26.1,887.4,0,Bank transfer
2430-RRYUW,No,0,0.0176,Low Risk,One year,66,DSL,54.8,3616.8,0,Mailed check
9102-OXKFY,No,0,0.0176,Low Risk,Two year,59,DSL,54.15,3194.85,0,Credit card
1971-DTCZB,No,0,0.0176,Low Risk,Two year,72,DSL,90.95,6548.4,0,Bank transfer
1897-OKVMW,No,0,0.0175,Low Risk,Two year,64,DSL,90.6,5798.4,0,Mailed check
7665-NKLAV,No,0,0.0175,Low Risk,Two year,36,DSL,40.65,1463.4,0,Credit card
0731-EBJQB,No,0,0.0175,Low Risk,One year,52,No,20.4,1060.8,0,Electronic check
5322-ZSMZY,No,0,0.0175,Low Risk,Two year,31,No,25.75,798.25,0,Mailed check
9541-ZPSEA,No,0,0.0175,Low Risk,Two year,68,Fiber optic,80.35,5463.8,0,Credit card
3638-WEABW,No,0,0.0175,Low Risk,Two year,58,DSL,59.9,3474.2,0,Credit card
6923-AQONU,No,0,0.0174,Low Risk,Two year,23,No,20.9,480.7,0,Mailed check
8200-LGKSR,No,0,0.0174,Low Risk,Two year,71,DSL,83.2,5907.2,0,Electronic check
9871-ELEYA,No,0,0.0174,Low Risk,Two year,34,DSL,67.65,2300.1,0,Credit card
3108-PCCGG,No,0,0.0174,Low Risk,Two year,72,DSL,84.45,6080.4,1,Credit card
9888-ZCUMM,No,0,0.0173,Low Risk,Two year,64,DSL,60.05,3843.2,0,Bank transfer
4597-ELFTS,Yes,0,0.0173,Low Risk,One year,56,No,24.9,1394.4,0,Electronic check
6814-ZPWFQ,No,0,0.0173,Low Risk,One year,51,No,25.0,1275.0,1,Bank transfer
2137-DQMEV,No,0,0.0173,Low Risk,One year,68,DSL,44.8,3046.4,0,Mailed check
8295-KMENE,No,0,0.0173,Low Risk,Two year,59,DSL,76.45,4510.55,0,Mailed check
8125-QPFJD,No,0,0.0173,Low Risk,Two year,72,DSL,84.9,6112.8,0,Bank transfer
4295-YURET,No,0,0.0173,Low Risk,Two year,56,DSL,72.6,4065.6,1,Credit card
0771-CHWSK,No,0,0.0172,Low Risk,Two year,66,DSL,74.6,4923.6,0,Credit card
7508-DQAKK,No,0,0.0172,Low Risk,Two year,64,DSL,86.4,5529.6,0,Credit card
8450-LUGUK,No,0,0.0172,Low Risk,Two year,37,No,24.1,891.7,0,Bank transfer
3957-HHLMR,No,0,0.0172,Low Risk,One year,70,DSL,65.2,4564.0,0,Bank transfer
3935-TBRZZ,No,0,0.0171,Low Risk,One year,44,No,25.7,1130.8,0,Mailed check
8173-RXAYP,No,0,0.017,Low Risk,Two year,24,No,19.7,472.8,0,Mailed check
5248-YGIJN,No,0,0.017,Low Risk,Two year,72,DSL,90.25,6498.0,0,Credit card
2725-IWWBA,No,0,0.017,Low Risk,One year,46,DSL,56.9,2617.4,0,Mailed check
3070-FNFZQ,No,0,0.017,Low Risk,Two year,23,No,20.4,469.2,0,Bank transfer
5997-OPVFA,No,0,0.0169,Low Risk,Two year,72,DSL,89.05,6411.6,0,Bank transfer
0016-QLJIS,No,0,0.0169,Low Risk,Two year,65,DSL,90.45,5879.25,0,Mailed check
3557-HTYWR,No,0,0.0169,Low Risk,Two year,47,DSL,74.05,3480.35,0,Mailed check
8590-OHDIW,No,0,0.0169,Low Risk,One year,38,No,20.3,771.4,0,Mailed check
6094-ZIVKX,No,0,0.0168,Low Risk,One year,68,DSL,54.45,3702.6,0,Credit card
7301-ABVAD,No,0,0.0168,Low Risk,Two year,72,DSL,86.6,6235.2,0,Bank transfer
0687-ZVTHB,Yes,0,0.0168,Low Risk,One year,65,DSL,72.45,4709.25,0,Credit card
8232-CTLKO,No,0,0.0168,Low Risk,Two year,66,DSL,59.75,3943.5,0,Electronic check
9028-LIHRP,No,0,0.0167,Low Risk,Two year,71,Fiber optic,100.2,7114.2,0,Credit card
0230-UBYPQ,No,0,0.0167,Low Risk,One year,63,DSL,36.1,2274.3,1,Bank transfer
2498-XLDZR,No,0,0.0167,Low Risk,Two year,32,DSL,73.6,2355.2,0,Mailed check
8672-OAUPW,No,0,0.0166,Low Risk,One year,51,DSL,47.85,2440.35,0,Credit card
4335-UPJSI,No,0,0.0166,Low Risk,Two year,24,No,19.75,474.0,0,Mailed check
2400-XIWIO,No,0,0.0166,Low Risk,Two year,71,DSL,90.1,6397.1,0,Electronic check
5130-YPIRV,No,0,0.0165,Low Risk,Two year,62,DSL,72.0,4464.0,0,Credit card
7711-YIJWC,No,0,0.0165,Low Risk,One year,61,DSL,84.9,5178.9,0,Bank transfer
8098-TDCBU,No,0,0.0165,Low Risk,Two year,42,No,25.25,1060.5,0,Electronic check
1227-UDMZR,No,0,0.0165,Low Risk,Two year,72,DSL,91.15,6562.8,0,Bank transfer
9548-LIGTA,No,0,0.0164,Low Risk,Two year,61,DSL,81.05,4944.05,0,Mailed check
7267-FRMJW,No,0,0.0164,Low Risk,Two year,25,No,20.1,502.5,0,Mailed check
0378-XSZPU,Yes,0,0.0164,Low Risk,One year,58,DSL,60.3,3497.4,0,Credit card
5177-RVZNU,No,0,0.0163,Low Risk,One year,37,No,20.3,751.1,0,Bank transfer
0969-RGKCU,No,0,0.0163,Low Risk,One year,37,No,19.8,732.6,0,Credit card
5003-XZWWO,No,0,0.0163,Low Risk,Two year,71,DSL,84.2,5978.2,0,Credit card
1568-LJSZU,No,0,0.0163,Low Risk,Two year,68,DSL,92.2,6269.6,0,Credit card
4213-HKBJO,No,0,0.0163,Low Risk,Two year,33,No,25.7,848.1,0,Credit card
8469-SNFFH,No,0,0.0163,Low Risk,One year,70,DSL,79.4,5558.0,0,Bank transfer
4676-WLUHT,No,0,0.0163,Low Risk,Two year,54,DSL,46.2,2494.8,0,Bank transfer
8766-PAFNE,No,0,0.0163,Low Risk,Two year,71,DSL,79.1,5616.1,0,Credit card
8404-VIOMB,No,0,0.0162,Low Risk,Two year,66,DSL,62.5,4125.0,0,Bank transfer
1686-STUHN,No,0,0.0162,Low Risk,One year,42,No,19.8,831.6,0,Bank transfer
1187-WILMM,No,0,0.0162,Low Risk,Two year,63,DSL,89.4,5632.2,0,Credit card
5996-EBTKM,No,0,0.0162,Low Risk,Two year,67,DSL,69.9,4683.3,0,Bank transfer
9297-EONCV,No,0,0.0162,Low Risk,Two year,72,DSL,91.35,6577.2,0,Bank transfer
7401-JIXNM,No,0,0.0162,Low Risk,Two year,54,DSL,91.3,4930.2,0,Credit card
4999-IEZLT,No,0,0.0161,Low Risk,One year,66,DSL,29.45,1943.7,0,Credit card
4538-WNTMJ,No,0,0.0161,Low Risk,One year,46,No,24.95,1147.7,0,Mailed check
4774-HHGGS,No,0,0.0161,Low Risk,Two year,30,No,19.05,571.5,0,Mailed check
9339-FIIJL,No,0,0.0161,Low Risk,Two year,72,DSL,85.95,6188.4,0,Bank transfer
8958-JPTRR,No,0,0.016,Low Risk,One year,56,No,24.3,1360.8,0,Electronic check
7799-LGRDP,No,0,0.016,Low Risk,Two year,43,No,25.7,1105.1,0,Credit card
1265-ZFOSD,No,0,0.016,Low Risk,Two year,64,DSL,81.3,5203.2,0,Mailed check
5980-BDHPY,No,0,0.0159,Low Risk,Two year,72,DSL,87.1,6271.2,0,Bank transfer
2346-CZYIL,No,0,0.0159,Low Risk,Two year,27,No,20.35,549.45,0,Credit card
2225-ZRGSG,Yes,0,0.0159,Low Risk,Two year,70,Fiber optic,93.9,6573.0,0,Bank transfer
1177-XZBJL,No,0,0.0159,Low Risk,One year,53,DSL,64.15,3399.95,0,Bank transfer
7153-CHRBV,No,0,0.0159,Low Risk,One year,57,DSL,59.3,3380.1,0,Mailed check
2812-REYAT,No,0,0.0159,Low Risk,One year,49,No,20.05,982.45,0,Bank transfer
5126-RCXYW,No,0,0.0158,Low Risk,Two year,54,DSL,46.0,2484.0,0,Credit card
2987-BJXIK,No,0,0.0158,Low Risk,Two year,70,DSL,84.7,5929.0,0,Mailed check
1930-QPBVZ,No,0,0.0158,Low Risk,Two year,68,Fiber optic,95.1,6466.8,0,Bank transfer
9063-ZGTUY,Yes,0,0.0158,Low Risk,Month-to-month,61,No,19.4,1183.4,0,Mailed check
3933-DQPWX,No,0,0.0158,Low Risk,Two year,50,DSL,39.7,1985.0,0,Credit card
5248-RPYWW,No,0,0.0158,Low Risk,Two year,72,DSL,90.15,6490.8,1,Bank transfer
9479-HYNYL,No,0,0.0157,Low Risk,Two year,71,DSL,80.7,5729.7,0,Credit card
6119-SPUDB,No,0,0.0157,Low Risk,Two year,46,DSL,38.25,1759.5,0,Mailed check
6586-MYGKD,No,0,0.0157,Low Risk,Two year,70,DSL,76.95,5386.5,0,Credit card
1837-YQUCE,No,0,0.0157,Low Risk,Two year,70,DSL,58.35,4084.5,0,Bank transfer
8218-FFJDS,No,0,0.0157,Low Risk,Two year,72,DSL,86.4,6220.8,0,Bank transfer
3544-FBCAS,No,0,0.0157,Low Risk,Two year,72,DSL,83.6,6019.2,0,Credit card
0336-KXKFK,No,0,0.0157,Low Risk,Two year,72,DSL,61.2,4406.4,0,Credit card
4671-VJLCL,No,0,0.0157,Low Risk,Two year,63,DSL,79.85,5030.55,0,Credit card
8859-AXJZP,No,0,0.0157,Low Risk,Two year,39,No,23.8,928.2,0,Mailed check
5171-EPLKN,No,0,0.0157,Low Risk,Two year,27,No,19.85,535.95,0,Credit card
0909-SELIE,No,0,0.0156,Low Risk,Two year,61,DSL,80.8,4928.8,0,Bank transfer
2324-AALNO,No,0,0.0156,Low Risk,One year,48,No,24.55,1178.4,0,Bank transfer
0827-ITJPH,No,0,0.0155,Low Risk,Two year,36,No,18.55,667.8,0,Credit card
8169-SAEJD,No,0,0.0155,Low Risk,Two year,69,DSL,56.55,3901.95,1,Credit card
1371-OJCEK,No,0,0.0155,Low Risk,One year,48,No,24.35,1168.8,0,Bank transfer
0459-SPZHJ,No,0,0.0155,Low Risk,Two year,63,DSL,83.5,5260.5,0,Credit card
0354-VXMJC,No,0,0.0155,Low Risk,Two year,23,No,19.6,450.8,0,Credit card
1972-XMUWV,No,0,0.0154,Low Risk,Two year,65,DSL,59.8,3887.0,0,Credit card
4893-GYUJU,No,0,0.0154,Low Risk,One year,50,No,19.35,967.5,0,Mailed check
0412-UCCNP,No,0,0.0154,Low Risk,Two year,55,DSL,59.2,3256.0,0,Electronic check
5124-EOGYE,No,0,0.0154,Low Risk,Two year,31,No,20.45,633.95,0,Mailed check
4334-HOWRP,No,0,0.0154,Low Risk,Two year,72,DSL,64.95,4676.4,1,Credit card
2332-TODQS,No,0,0.0154,Low Risk,One year,48,No,25.05,1202.4,0,Credit card
4849-PYRLQ,No,0,0.0154,Low Risk,Two year,56,DSL,73.25,4102.0,1,Bank transfer
6762-QVYJO,No,0,0.0154,Low Risk,Two year,58,DSL,59.75,3465.5,0,Mailed check
3745-HRPHI,No,0,0.0153,Low Risk,Two year,66,DSL,54.65,3606.9,0,Bank transfer
7164-BPTUT,No,0,0.0153,Low Risk,Two year,57,DSL,89.55,5104.35,0,Mailed check
4006-HKYHO,No,0,0.0152,Low Risk,Two year,63,DSL,86.7,5462.1,0,Bank transfer
6701-YVNQG,No,0,0.0152,Low Risk,Two year,72,DSL,88.7,6386.4,0,Credit card
1627-AFWVJ,No,0,0.0152,Low Risk,Two year,29,No,19.4,562.6,0,Mailed check
6023-GSSXW,No,0,0.0152,Low Risk,Two year,69,DSL,61.45,4240.05,0,Credit card
4487-ZYJZK,No,0,0.0152,Low Risk,One year,38,No,19.6,744.8,0,Credit card
4549-ZDQYY,No,0,0.0152,Low Risk,One year,52,DSL,57.95,3013.4,0,Credit card
9565-FLVCG,No,0,0.0152,Low Risk,Two year,65,DSL,69.55,4520.75,0,Mailed check
4837-PZTIC,No,0,0.0152,Low Risk,Two year,47,DSL,41.9,1969.3,0,Mailed check
6248-TKCQV,No,0,0.0152,Low Risk,Two year,70,DSL,80.6,5642.0,0,Bank transfer
8626-PTQGE,No,0,0.0151,Low Risk,Two year,69,DSL,60.05,4143.45,0,Bank transfer
7975-JMZNT,No,0,0.0151,Low Risk,Two year,66,DSL,91.7,6052.2,0,Bank transfer
5456-ITGIC,No,0,0.0151,Low Risk,Two year,72,DSL,64.45,4640.4,1,Credit card
5249-QYHEX,No,0,0.0151,Low Risk,Two year,40,No,24.8,992.0,0,Mailed check
9447-YPTBX,No,0,0.0151,Low Risk,One year,50,No,19.85,992.5,0,Bank transfer
4163-HFTUK,No,0,0.0151,Low Risk,One year,51,No,19.1,974.1,0,Electronic check
9798-OPFEM,No,0,0.0151,Low Risk,Two year,46,No,21.1,970.6,0,Electronic check
0017-DINOC,No,0,0.0151,Low Risk,Two year,54,DSL,45.2,2440.8,0,Credit card
3398-GCPMU,No,0,0.0151,Low Risk,Two year,72,DSL,89.55,6447.6,1,Credit card
1333-PBMXB,No,0,0.0151,Low Risk,One year,54,No,24.75,1336.5,0,Bank transfer
7297-DVYGA,No,0,0.015,Low Risk,One year,51,No,19.85,1012.35,0,Bank transfer
9805-FILKB,No,0,0.015,Low Risk,One year,46,No,20.2,929.2,0,Bank transfer
2824-DXNKN,No,0,0.015,Low Risk,Two year,72,DSL,71.45,5144.4,0,Bank transfer
7253-UVNDW,Yes,0,0.015,Low Risk,Two year,46,DSL,54.35,2500.1,0,Credit card
7284-ZZLOH,No,0,0.015,Low Risk,Two year,45,DSL,53.3,2398.5,0,Credit card
0277-ORXQS,No,0,0.0149,Low Risk,Two year,66,DSL,50.55,3336.3,0,Bank transfer
2226-ICFDO,No,0,0.0149,Low Risk,Two year,72,DSL,85.9,6184.8,0,Credit card
6369-MCAKO,No,0,0.0149,Low Risk,Two year,68,DSL,89.05,6055.4,0,Bank transfer
2274-XUATA,No,0,0.0149,Low Risk,Two year,72,DSL,63.1,4543.2,1,Bank transfer
9392-XBGTD,No,0,0.0149,Low Risk,Two year,27,No,20.6,556.2,0,Mailed check
7579-KKLOE,No,0,0.0148,Low Risk,Two year,71,DSL,91.25,6478.75,0,Mailed check
4609-KNNWG,No,0,0.0148,Low Risk,Two year,27,No,19.9,537.3,0,Mailed check
5451-MHQOF,No,0,0.0148,Low Risk,One year,56,No,24.45,1369.2,0,Mailed check
9227-YBAXE,No,0,0.0148,Low Risk,Two year,65,DSL,82.5,5362.5,0,Bank transfer
5986-WWXDV,No,0,0.0148,Low Risk,One year,39,No,19.35,754.65,0,Bank transfer
9675-ICXCT,No,0,0.0147,Low Risk,Two year,72,DSL,80.8,5817.6,0,Electronic check
5329-KRDTM,No,0,0.0147,Low Risk,Two year,72,DSL,77.35,5569.2,1,Credit card
9385-EHGDO,No,0,0.0147,Low Risk,Two year,35,No,19.85,694.75,0,Mailed check
6685-GBWJZ,No,0,0.0147,Low Risk,One year,63,DSL,70.8,4460.4,0,Credit card
3740-RLMVT,No,0,0.0147,Low Risk,One year,67,DSL,60.95,4083.65,1,Bank transfer
9674-EHPPG,No,0,0.0146,Low Risk,Two year,46,DSL,40.4,1858.4,0,Credit card
2996-XAUVF,No,0,0.0146,Low Risk,Two year,70,DSL,40.05,2803.5,0,Mailed check
3566-CAAYU,No,0,0.0146,Low Risk,Two year,64,DSL,49.85,3190.4,0,Electronic check
5125-CNDSP,No,0,0.0146,Low Risk,One year,63,DSL,40.6,2557.8,0,Bank transfer
4079-WWQQQ,No,0,0.0146,Low Risk,Two year,72,DSL,65.55,4719.6,0,Bank transfer
5248-KWLAR,No,0,0.0146,Low Risk,Two year,71,DSL,90.35,6414.85,0,Electronic check
1970-KKFWL,No,0,0.0146,Low Risk,Two year,35,No,23.3,815.5,0,Bank transfer
1088-AUUZZ,No,0,0.0146,Low Risk,Two year,56,DSL,75.85,4247.6,0,Credit card
2256-YLYLP,No,0,0.0146,Low Risk,Two year,68,DSL,72.95,4960.6,0,Bank transfer
6408-WHTEF,No,0,0.0145,Low Risk,Two year,72,DSL,89.4,6436.8,0,Mailed check
2725-TTRIQ,No,0,0.0145,Low Risk,Two year,72,DSL,84.2,6062.4,0,Bank transfer
9066-QRSDU,No,0,0.0145,Low Risk,One year,69,No,26.3,1814.7,0,Electronic check
4782-OSFXZ,No,0,0.0145,Low Risk,Two year,71,DSL,82.7,5871.7,1,Bank transfer
0739-UUAJR,No,0,0.0145,Low Risk,Two year,72,DSL,53.8,3873.6,0,Credit card
6265-FRMTQ,No,0,0.0145,Low Risk,Two year,31,No,20.4,632.4,0,Bank transfer
3146-MSEGF,No,0,0.0144,Low Risk,Two year,72,DSL,88.05,6339.6,1,Credit card
4718-WXBGI,No,0,0.0144,Low Risk,Two year,72,DSL,91.95,6620.4,0,Credit card
6332-FBZRI,No,0,0.0144,Low Risk,One year,67,DSL,69.35,4646.45,0,Credit card
1506-YJTYT,No,0,0.0144,Low Risk,Two year,45,DSL,73.85,3323.25,0,Credit card
6122-LJADA,No,0,0.0144,Low Risk,Two year,70,DSL,90.15,6310.5,0,Credit card
0602-DDUML,No,0,0.0143,Low Risk,Two year,57,DSL,69.75,3975.75,0,Mailed check
6741-QRLUP,No,0,0.0143,Low Risk,Two year,63,DSL,80.3,5058.9,0,Credit card
8414-OOEEL,No,0,0.0142,Low Risk,Two year,66,DSL,79.5,5247.0,0,Credit card
0230-WEQUW,No,0,0.0142,Low Risk,Two year,66,DSL,56.6,3735.6,0,Bank transfer
6916-HIJSE,No,0,0.0142,Low Risk,Two year,65,DSL,84.85,5515.25,0,Bank transfer
4518-FZBSX,No,0,0.0142,Low Risk,One year,42,No,20.25,850.5,0,Mailed check
7850-THJMU,No,0,0.0142,Low Risk,Two year,26,No,19.65,510.9,0,Credit card
5816-JMLGY,No,0,0.0142,Low Risk,Two year,70,DSL,80.4,5628.0,0,Bank transfer
1122-YJBCS,No,0,0.0142,Low Risk,One year,69,DSL,53.65,3701.85,0,Credit card
5774-QPLTF,No,0,0.0142,Low Risk,One year,50,No,20.35,1017.5,0,Mailed check
8197-BFWVU,No,0,0.0141,Low Risk,Two year,72,DSL,93.25,6714.0,0,Bank transfer
3638-VBZTA,No,0,0.0141,Low Risk,Two year,68,DSL,86.5,5882.0,0,Bank transfer
4827-DPADN,No,0,0.0141,Low Risk,Two year,72,DSL,83.3,5997.6,0,Bank transfer
9968-FFVVH,No,0,0.0141,Low Risk,One year,63,DSL,68.8,4334.4,0,Bank transfer
0674-GCDXG,No,0,0.014,Low Risk,Two year,63,DSL,71.9,4529.7,0,Bank transfer
8174-LNWMW,No,0,0.014,Low Risk,Two year,31,No,20.9,647.9,0,Credit card
9415-ZNBSX,No,0,0.014,Low Risk,Two year,70,DSL,89.0,6230.0,0,Bank transfer
2211-RMNHO,No,0,0.014,Low Risk,Two year,68,DSL,85.3,5800.4,0,Bank transfer
1172-VIYBP,No,0,0.014,Low Risk,Two year,53,DSL,69.7,3694.1,0,Bank transfer
8859-DZTGQ,No,0,0.014,Low Risk,Two year,33,No,20.35,671.55,0,Mailed check
5498-IBWPI,No,0,0.0139,Low Risk,One year,66,DSL,49.4,3260.4,0,Credit card
0214-JHPFW,No,0,0.0139,Low Risk,Two year,70,DSL,57.8,4046.0,0,Bank transfer
2581-VKIRT,No,0,0.0139,Low Risk,One year,59,DSL,65.5,3864.5,0,Mailed check
6504-VBLFL,No,0,0.0139,Low Risk,Two year,55,DSL,58.6,3223.0,0,Electronic check
5485-ITNPC,No,0,0.0139,Low Risk,Two year,66,DSL,85.9,5669.4,0,Bank transfer
1951-IEYXM,No,0,0.0138,Low Risk,Two year,72,DSL,90.6,6523.2,0,Credit card
4884-LEVMQ,No,0,0.0138,Low Risk,Two year,39,No,20.45,797.55,0,Bank transfer
8100-PNJMH,No,0,0.0138,Low Risk,Two year,68,DSL,88.85,6041.8,0,Credit card
7216-KAOID,No,0,0.0138,Low Risk,One year,41,No,19.5,799.5,0,Bank transfer
8413-YNHNV,No,0,0.0138,Low Risk,Two year,69,DSL,90.65,6254.85,0,Mailed check
7349-ALMUX,No,0,0.0138,Low Risk,Two year,37,DSL,65.6,2427.2,0,Bank transfer
0795-LAFGP,No,0,0.0137,Low Risk,Two year,71,DSL,90.4,6418.4,0,Electronic check
2661-GKBTK,No,0,0.0137,Low Risk,Two year,60,DSL,76.95,4617.0,0,Bank transfer
4896-CPRPF,No,0,0.0137,Low Risk,Two year,35,No,25.45,890.75,0,Bank transfer
0420-TXVSG,No,0,0.0137,Low Risk,Two year,66,DSL,66.1,4362.6,0,Credit card
3572-UUHRS,No,0,0.0137,Low Risk,One year,45,No,18.85,848.25,0,Bank transfer
4967-WPNCF,No,0,0.0137,Low Risk,Two year,72,DSL,63.7,4586.4,0,Bank transfer
9348-ROUAI,No,0,0.0136,Low Risk,Two year,59,DSL,90.3,5327.7,0,Credit card
0625-AFOHS,No,0,0.0136,Low Risk,Two year,29,No,20.2,585.8,0,Mailed check
0114-IGABW,No,0,0.0136,Low Risk,Two year,71,DSL,58.25,4135.75,0,Bank transfer
8908-NMQTX,No,0,0.0136,Low Risk,Two year,72,DSL,65.6,4723.2,0,Bank transfer
2176-LVPNX,No,0,0.0135,Low Risk,Two year,71,DSL,89.85,6379.35,1,Mailed check
8204-YJCLA,No,0,0.0135,Low Risk,Two year,72,DSL,64.8,4665.6,1,Bank transfer
3373-DIUUN,No,0,0.0135,Low Risk,Two year,30,No,21.25,637.5,0,Mailed check
1552-CZCLL,No,0,0.0135,Low Risk,Month-to-month,55,No,20.0,1100.0,0,Credit card
9110-HSGTV,No,0,0.0135,Low Risk,Two year,69,DSL,82.45,5689.05,0,Credit card
1414-YADCW,No,0,0.0135,Low Risk,Two year,70,Fiber optic,84.6,5922.0,0,Bank transfer
8148-NLEGT,No,0,0.0134,Low Risk,Two year,42,No,22.95,963.9,0,Electronic check
2845-KDHVX,No,0,0.0134,Low Risk,Two year,64,DSL,68.3,4371.2,0,Mailed check
0617-AQNWT,Yes,0,0.0134,Low Risk,Two year,64,DSL,47.85,3062.4,0,Electronic check
1568-BEKZM,No,0,0.0134,Low Risk,Two year,70,DSL,90.05,6303.5,1,Credit card
0556-FJEGU,No,0,0.0134,Low Risk,Two year,58,DSL,70.1,4065.8,0,Bank transfer
2122-SZZZD,No,0,0.0133,Low Risk,One year,44,No,19.5,858.0,0,Credit card
6418-PIQSP,No,0,0.0133,Low Risk,Two year,62,DSL,81.0,5022.0,0,Mailed check
0839-QNXME,No,0,0.0133,Low Risk,Two year,30,No,19.4,582.0,0,Credit card
3251-YMVWZ,No,0,0.0133,Low Risk,One year,53,No,24.05,1274.65,0,Bank transfer
7771-CFQRQ,No,0,0.0133,Low Risk,Two year,47,DSL,63.8,2998.6,0,Bank transfer
9477-LGWQI,No,0,0.0132,Low Risk,Two year,70,DSL,80.15,5610.5,0,Credit card
4955-VCWBI,No,0,0.0132,Low Risk,One year,43,No,20.0,860.0,0,Mailed check
1335-MXCSE,No,0,0.0132,Low Risk,Two year,55,DSL,55.25,3038.75,0,Credit card
6656-GULJQ,No,0,0.0132,Low Risk,Two year,72,DSL,83.55,6015.6,0,Credit card
6870-ZWMNX,No,0,0.0131,Low Risk,Two year,70,DSL,76.1,5327.0,0,Credit card
7131-ZQZNK,No,0,0.0131,Low Risk,Two year,60,DSL,59.85,3591.0,0,Credit card
0788-DXBFY,No,0,0.0131,Low Risk,One year,58,No,19.55,1133.9,0,Electronic check
5320-BRKGK,No,0,0.013,Low Risk,Two year,58,DSL,75.8,4396.4,0,Mailed check
5727-MYATE,No,0,0.013,Low Risk,Two year,72,DSL,90.8,6537.6,0,Credit card
4825-XJGDM,No,0,0.013,Low Risk,One year,61,DSL,43.7,2665.7,0,Credit card
3779-OSWCF,No,0,0.013,Low Risk,Two year,71,DSL,93.2,6617.2,0,Credit card
3508-VLHCZ,No,0,0.013,Low Risk,Two year,71,DSL,90.55,6429.05,0,Credit card
9135-MGVPY,No,0,0.0129,Low Risk,Two year,69,DSL,84.7,5844.3,0,Mailed check
4077-HWUYD,No,0,0.0129,Low Risk,Two year,72,DSL,87.55,6303.6,0,Bank transfer
3161-ONRWK,No,0,0.0129,Low Risk,One year,60,DSL,65.85,3951.0,0,Bank transfer
3796-ENZGF,No,0,0.0129,Low Risk,Two year,63,DSL,67.25,4236.75,0,Mailed check
2428-HYUNX,No,0,0.0128,Low Risk,Two year,44,No,19.35,851.4,1,Credit card
9610-WCESF,No,0,0.0128,Low Risk,Two year,67,DSL,43.9,2941.3,0,Electronic check
1270-XKUCC,No,0,0.0128,Low Risk,Two year,30,No,19.7,591.0,0,Mailed check
3219-JQRSL,No,0,0.0128,Low Risk,Two year,72,DSL,89.1,6415.2,1,Credit card
9435-JMLSX,No,0,0.0128,Low Risk,Two year,71,DSL,86.1,6113.1,0,Bank transfer
9418-RUKPH,No,0,0.0128,Low Risk,Two year,38,No,19.95,758.1,0,Mailed check
7633-MVPUY,No,0,0.0128,Low Risk,Two year,57,DSL,59.75,3405.75,0,Electronic check
9073-ZZIAY,No,0,0.0127,Low Risk,Two year,62,DSL,86.1,5338.2,0,Electronic check
7205-BAIAD,No,0,0.0127,Low Risk,Two year,40,No,20.6,824.0,0,Bank transfer
9803-FTJCG,No,0,0.0127,Low Risk,One year,71,DSL,66.85,4746.35,0,Credit card
6701-DHKWQ,No,0,0.0127,Low Risk,Two year,61,DSL,51.35,3132.35,0,Credit card
8966-KZXXA,No,0,0.0126,Low Risk,Two year,36,No,25.1,903.6,0,Credit card
7398-HPYZQ,No,0,0.0126,Low Risk,Two year,71,DSL,90.55,6429.05,0,Bank transfer
5707-ZMDJP,No,0,0.0126,Low Risk,Two year,53,DSL,69.7,3694.1,0,Mailed check
3957-SQXML,No,0,0.0126,Low Risk,Two year,34,No,24.95,848.3,0,Credit card
5231-FIQPA,No,0,0.0126,Low Risk,Two year,41,No,19.85,813.85,0,Mailed check
5480-XTFFL,No,0,0.0126,Low Risk,Two year,31,No,21.0,651.0,0,Mailed check
2595-KIWPV,No,0,0.0126,Low Risk,Two year,27,No,19.7,531.9,0,Credit card
0784-GTUUK,No,0,0.0126,Low Risk,One year,62,No,23.75,1472.5,0,Credit card
9489-DEDVP,No,0,0.0126,Low Risk,Two year,70,DSL,69.2,4844.0,0,Credit card
9055-MOJJJ,No,0,0.0125,Low Risk,One year,64,DSL,65.8,4211.2,0,Mailed check
3084-DOWLE,No,0,0.0125,Low Risk,Two year,72,DSL,92.0,6624.0,0,Bank transfer
4723-BEGSG,No,0,0.0125,Low Risk,Two year,72,DSL,86.65,6238.8,0,Credit card
3967-KXAPS,No,0,0.0125,Low Risk,Two year,72,DSL,92.3,6645.6,0,Credit card
4188-PCPIG,No,0,0.0125,Low Risk,Two year,57,DSL,70.35,4009.95,0,Credit card
5397-NSKQG,No,0,0.0125,Low Risk,Two year,67,DSL,50.9,3410.3,0,Credit card
5458-CQJTA,Yes,0,0.0124,Low Risk,Two year,65,DSL,74.8,4862.0,0,Bank transfer
8316-BBQAY,No,0,0.0124,Low Risk,Two year,65,DSL,59.95,3896.75,0,Credit card
5542-NKVRU,No,0,0.0124,Low Risk,Two year,42,No,20.75,871.5,0,Bank transfer
9140-CZQZZ,No,0,0.0124,Low Risk,Two year,68,DSL,79.6,5412.8,0,Bank transfer
9631-RXVJM,No,0,0.0124,Low Risk,Two year,35,No,19.25,673.75,0,Mailed check
9067-SQTNS,No,0,0.0123,Low Risk,One year,44,No,20.6,906.4,0,Bank transfer
0123-CRBRT,No,0,0.0123,Low Risk,Two year,61,DSL,88.1,5374.1,0,Mailed check
0254-WWRKD,No,0,0.0123,Low Risk,One year,67,DSL,50.55,3386.85,0,Credit card
7945-PRBVF,No,0,0.0123,Low Risk,Two year,35,No,21.45,750.75,0,Bank transfer
3079-BCHLN,No,0,0.0123,Low Risk,One year,47,No,19.9,935.3,0,Bank transfer
6169-PGNCD,No,0,0.0123,Low Risk,Two year,57,DSL,74.3,4235.1,0,Credit card
4291-TPNFG,No,0,0.0123,Low Risk,Two year,72,DSL,82.3,5925.6,0,Bank transfer
6953-PBDIN,No,0,0.0122,Low Risk,Two year,70,DSL,72.95,5106.5,0,Bank transfer
8859-YSTWS,No,0,0.0122,Low Risk,One year,48,No,19.95,957.6,0,Bank transfer
2885-HIJDH,No,0,0.0122,Low Risk,Two year,69,DSL,86.9,5996.1,0,Bank transfer
2511-ALLCS,No,0,0.0122,Low Risk,Two year,35,No,24.3,850.5,0,Bank transfer
1492-KGETH,No,0,0.0122,Low Risk,One year,70,DSL,78.35,5484.5,0,Bank transfer
8050-XGRVL,No,0,0.0121,Low Risk,One year,62,DSL,54.75,3394.5,0,Credit card
6152-ONASV,No,0,0.0121,Low Risk,One year,68,DSL,58.25,3961.0,0,Bank transfer
1269-FOYWN,No,0,0.0121,Low Risk,One year,44,No,20.0,880.0,0,Bank transfer
1699-UOTXU,No,0,0.0121,Low Risk,Two year,60,DSL,61.4,3684.0,0,Electronic check
3227-WLKLI,No,0,0.0121,Low Risk,Two year,65,DSL,91.55,5950.75,0,Bank transfer
4825-FUREZ,No,0,0.0121,Low Risk,Two year,42,No,20.25,850.5,0,Electronic check
8184-WMOFI,No,0,0.0121,Low Risk,One year,62,DSL,71.4,4426.8,0,Credit card
8292-ITGYJ,No,0,0.012,Low Risk,Two year,45,No,24.65,1109.25,0,Bank transfer
5360-XGYAZ,No,0,0.012,Low Risk,Two year,72,DSL,65.65,4726.8,0,Bank transfer
8874-EJNSR,No,0,0.012,Low Risk,Two year,39,No,25.2,982.8,0,Mailed check
5266-PFRQK,No,0,0.012,Low Risk,One year,52,No,20.85,1084.2,0,Credit card
5676-CFLYY,No,0,0.012,Low Risk,Two year,71,DSL,73.35,5207.85,0,Credit card
8577-QSOCG,No,0,0.012,Low Risk,Two year,38,No,20.2,767.6,0,Mailed check
6974-DAFLI,No,0,0.012,Low Risk,One year,55,No,19.7,1083.5,0,Electronic check
4654-ULTTN,No,0,0.012,Low Risk,Two year,70,DSL,74.8,5236.0,0,Credit card
0048-PIHNL,No,0,0.0119,Low Risk,One year,49,No,20.45,1002.05,0,Bank transfer
4641-FROLU,No,0,0.0119,Low Risk,Two year,30,No,19.3,579.0,0,Mailed check
2160-GPFXD,No,0,0.0119,Low Risk,Two year,54,DSL,65.65,3545.1,0,Credit card
7103-ZGVNT,No,0,0.0119,Low Risk,One year,69,DSL,73.7,5085.3,0,Credit card
7321-KKSDU,No,0,0.0118,Low Risk,Two year,32,No,20.5,656.0,0,Mailed check
1221-GHZEP,No,0,0.0118,Low Risk,Two year,62,DSL,65.1,4036.2,0,Mailed check
8234-GSZYK,No,0,0.0118,Low Risk,Two year,43,No,26.45,1137.35,0,Bank transfer
7649-SIJJF,No,0,0.0118,Low Risk,Two year,71,DSL,80.1,5687.1,0,Mailed check
8181-YHCMF,No,0,0.0118,Low Risk,Two year,68,DSL,60.3,4100.4,0,Credit card
2384-OVPSA,No,0,0.0117,Low Risk,Two year,38,No,20.2,767.6,1,Mailed check
6177-PEVRA,No,0,0.0117,Low Risk,Two year,48,DSL,55.5,2664.0,0,Credit card
7359-SSBJK,Yes,0,0.0117,Low Risk,Two year,64,DSL,70.2,4492.8,1,Credit card
4701-LKOZD,No,0,0.0117,Low Risk,Two year,70,DSL,89.75,6282.5,0,Credit card
5930-GBIWP,No,0,0.0117,Low Risk,Two year,69,DSL,81.5,5623.5,0,Credit card
6813-GZQCG,No,0,0.0117,Low Risk,Two year,45,No,24.65,1109.25,0,Credit card
6551-VLJMV,No,0,0.0116,Low Risk,Two year,34,No,20.05,681.7,0,Credit card
2990-IAJSV,No,0,0.0116,Low Risk,Two year,72,DSL,92.0,6624.0,0,Bank transfer
4973-MGTON,No,0,0.0116,Low Risk,Two year,71,DSL,84.4,5992.4,0,Credit card
0567-XRHCU,No,0,0.0116,Low Risk,Two year,69,DSL,43.95,3032.55,0,Credit card
8430-TWCBX,No,0,0.0116,Low Risk,One year,49,No,20.7,1014.3,0,Credit card
8219-VYBVI,No,0,0.0116,Low Risk,Two year,39,No,25.0,975.0,0,Mailed check
8039-EQPIM,No,0,0.0116,Low Risk,Two year,69,DSL,60.25,4157.25,0,Bank transfer
2194-IIQOF,No,0,0.0115,Low Risk,Two year,71,DSL,89.3,6340.3,0,Credit card
9242-TKFSV,No,0,0.0115,Low Risk,Two year,72,DSL,65.1,4687.2,0,Credit card
8580-QVLOC,Yes,0,0.0114,Low Risk,Two year,72,DSL,92.45,6656.4,1,Credit card
9068-VPWQQ,No,0,0.0114,Low Risk,Two year,61,DSL,75.35,4596.35,0,Credit card
1084-MNSMJ,No,0,0.0114,Low Risk,Two year,51,DSL,85.5,4360.5,0,Credit card
6461-SZMCV,No,0,0.0114,Low Risk,Two year,71,DSL,87.95,6244.45,0,Bank transfer
4121-AGSIN,No,0,0.0114,Low Risk,One year,58,No,24.5,1421.0,0,Credit card
3813-DHBBB,No,0,0.0114,Low Risk,Two year,67,DSL,50.95,3413.65,0,Bank transfer
5275-PMFUT,No,0,0.0114,Low Risk,Two year,72,DSL,64.8,4665.6,0,Credit card
6463-MVYRY,No,0,0.0114,Low Risk,Two year,57,DSL,69.85,3981.45,1,Bank transfer
9585-KKMFD,No,0,0.0113,Low Risk,Two year,41,No,20.0,820.0,0,Mailed check
7781-HVGMK,No,0,0.0113,Low Risk,Two year,72,DSL,65.2,4694.4,0,Credit card
3938-YFPXD,No,0,0.0113,Low Risk,Two year,72,DSL,84.3,6069.6,0,Credit card
9624-EGDEQ,No,0,0.0112,Low Risk,Two year,37,No,19.8,732.6,0,Mailed check
8917-FAEMR,No,0,0.0112,Low Risk,Two year,37,No,19.85,734.45,0,Mailed check
3284-SVCRO,No,0,0.0112,Low Risk,Two year,45,No,25.5,1147.5,0,Mailed check
3769-MHZNV,No,0,0.0112,Low Risk,Two year,33,No,20.1,663.3,0,Mailed check
8902-ZEOVF,No,0,0.0112,Low Risk,One year,47,No,20.05,942.35,0,Mailed check
9732-OUYRN,No,0,0.0111,Low Risk,One year,49,No,19.0,931.0,0,Credit card
4632-XJMEX,No,0,0.011,Low Risk,One year,53,DSL,62.85,3331.05,0,Credit card
7018-FPXHH,No,0,0.011,Low Risk,Two year,56,DSL,59.8,3348.8,0,Bank transfer
4635-EJYPD,No,0,0.0109,Low Risk,Two year,32,No,18.95,606.4,0,Mailed check
9602-WCXPI,No,0,0.0109,Low Risk,One year,50,No,20.15,1007.5,0,Credit card
6374-AFWOX,No,0,0.0109,Low Risk,Two year,46,DSL,65.65,3019.9,0,Mailed check
5680-LQOGP,No,0,0.0109,Low Risk,Two year,68,DSL,82.45,5606.6,0,Credit card
6439-PKTRR,No,0,0.0109,Low Risk,Two year,70,DSL,80.7,5649.0,0,Electronic check
9361-YNQWJ,No,0,0.0108,Low Risk,One year,64,No,24.4,1561.6,0,Bank transfer
3050-RLLXC,No,0,0.0108,Low Risk,Two year,56,DSL,81.25,4550.0,0,Credit card
0582-AVCLN,No,0,0.0108,Low Risk,Two year,38,No,20.3,771.4,0,Mailed check
9443-JUBUO,No,0,0.0108,Low Risk,Two year,72,DSL,65.25,4698.0,0,Credit card
1985-MBRYP,No,0,0.0108,Low Risk,Two year,43,No,19.65,844.95,0,Bank transfer
2589-AYCRP,No,0,0.0108,Low Risk,One year,50,No,19.75,987.5,0,Bank transfer
9650-VBUOG,No,0,0.0107,Low Risk,Two year,38,No,25.05,951.9,0,Credit card
1839-FBNFR,No,0,0.0107,Low Risk,Two year,39,No,19.85,774.15,0,Bank transfer
7639-OPLNG,No,0,0.0106,Low Risk,Two year,70,DSL,79.25,5547.5,0,Bank transfer
5377-NDTOU,No,0,0.0106,Low Risk,Two year,71,DSL,91.05,6464.55,0,Mailed check
6723-CEGQI,No,0,0.0106,Low Risk,Two year,65,DSL,45.25,2941.25,0,Mailed check
0440-EKDCF,No,0,0.0106,Low Risk,Two year,62,DSL,60.15,3729.3,0,Credit card
5642-MHDQT,No,0,0.0105,Low Risk,One year,53,No,19.85,1052.05,0,Bank transfer
5148-ORICT,No,0,0.0105,Low Risk,Two year,64,DSL,74.35,4758.4,0,Mailed check
2649-HWLYB,No,0,0.0105,Low Risk,Two year,65,DSL,76.15,4949.75,0,Bank transfer
3950-VPYJB,No,0,0.0104,Low Risk,One year,57,DSL,59.6,3397.2,0,Mailed check
1027-LKKQQ,No,0,0.0104,Low Risk,Two year,72,DSL,80.45,5792.4,0,Bank transfer
0301-FIDRB,No,0,0.0104,Low Risk,Two year,72,DSL,63.8,4593.6,0,Bank transfer
2378-YIZKA,No,0,0.0104,Low Risk,Two year,68,DSL,85.0,5780.0,0,Credit card
6388-TABGU,No,0,0.0104,Low Risk,One year,62,DSL,56.15,3481.3,0,Bank transfer
4312-GVYNH,No,0,0.0104,Low Risk,Two year,70,DSL,49.85,3489.5,0,Bank transfer
2451-YMUXS,No,0,0.0104,Low Risk,Two year,67,DSL,64.55,4324.85,1,Bank transfer
5845-BZZIB,No,0,0.0104,Low Risk,Two year,35,No,20.1,703.5,0,Mailed check
5736-YEJAX,No,0,0.0104,Low Risk,Two year,69,DSL,79.45,5482.05,0,Credit card
5879-HMFFH,No,0,0.0103,Low Risk,Two year,72,DSL,88.05,6339.6,0,Bank transfer
0343-QLUZP,No,0,0.0103,Low Risk,Two year,60,DSL,39.6,2376.0,0,Bank transfer
5310-NOOVA,No,0,0.0103,Low Risk,Two year,46,No,19.95,917.7,0,Electronic check
8374-UULRV,No,0,0.0103,Low Risk,Two year,72,DSL,86.05,6195.6,0,Credit card
7601-GNDYK,No,0,0.0103,Low Risk,Two year,35,No,19.6,686.0,0,Mailed check
5494-WOZRZ,No,0,0.0103,Low Risk,Two year,71,DSL,82.0,5822.0,0,Credit card
2234-EOFPT,No,0,0.0103,Low Risk,Two year,72,DSL,79.35,5713.2,0,Bank transfer
6885-PKOAM,No,0,0.0103,Low Risk,Two year,71,DSL,85.75,6088.25,0,Credit card
5176-LMJXE,No,0,0.0103,Low Risk,Two year,47,No,20.55,965.85,0,Mailed check
9710-NJERN,No,0,0.0103,Low Risk,Two year,39,No,20.15,785.85,0,Mailed check
2729-VNVAP,No,0,0.0102,Low Risk,Two year,33,No,19.8,653.4,0,Credit card
0244-LGNFY,No,0,0.0102,Low Risk,Two year,72,DSL,92.65,6670.8,0,Bank transfer
0442-TDYUO,No,0,0.0102,Low Risk,Two year,48,No,20.05,962.4,0,Mailed check
8722-PRFDV,No,0,0.0102,Low Risk,Two year,71,DSL,77.55,5506.05,0,Credit card
5181-OABFK,No,0,0.0102,Low Risk,Two year,56,DSL,61.3,3432.8,0,Credit card
0839-JTCUD,No,0,0.0102,Low Risk,Two year,66,DSL,89.9,5933.4,0,Credit card
3902-MIVLE,No,0,0.0101,Low Risk,Two year,63,DSL,75.7,4769.1,0,Mailed check
7873-CVMAW,No,0,0.0101,Low Risk,Two year,72,DSL,88.55,6375.6,0,Credit card
4915-BFSXL,No,0,0.0101,Low Risk,Two year,70,DSL,68.95,4826.5,0,Credit card
5338-YHWYT,No,0,0.0101,Low Risk,Two year,37,DSL,61.45,2273.65,0,Credit card
2300-RQGOI,No,0,0.0101,Low Risk,Two year,38,No,20.05,761.9,0,Mailed check
6922-NCEDI,No,0,0.01,Low Risk,One year,56,No,21.2,1187.2,0,Mailed check
0361-HJRDX,No,0,0.01,Low Risk,Two year,68,DSL,64.35,4375.8,0,Credit card
1209-VFFOC,No,0,0.01,Low Risk,Two year,68,DSL,56.4,3835.2,0,Mailed check
8191-XWSZG,No,0,0.01,Low Risk,One year,52,No,20.65,1073.8,0,Mailed check
1087-GRUYI,No,0,0.01,Low Risk,Two year,38,No,20.4,775.2,0,Bank transfer
2580-ATZSQ,No,0,0.0099,Low Risk,One year,65,DSL,61.35,3987.75,0,Bank transfer
3262-EIDHV,No,0,0.0099,Low Risk,Two year,72,DSL,84.7,6098.4,0,Credit card
7963-SHNDT,No,0,0.0099,Low Risk,Two year,52,DSL,39.1,2033.2,0,Mailed check
6532-YLWSI,Yes,0,0.0099,Low Risk,One year,53,No,20.8,1102.4,0,Bank transfer
8780-YRMTT,No,0,0.0098,Low Risk,Two year,66,DSL,47.4,3128.4,0,Mailed check
9823-EALYC,No,0,0.0098,Low Risk,Two year,72,DSL,80.85,5821.2,0,Bank transfer
4735-BJKOU,No,0,0.0098,Low Risk,Two year,40,No,20.15,806.0,0,Mailed check
0744-BIKKF,No,0,0.0098,Low Risk,Two year,72,DSL,86.65,6238.8,0,Bank transfer
2535-PBCGC,No,0,0.0098,Low Risk,Two year,70,DSL,64.55,4518.5,0,Bank transfer
3472-QPRCH,No,0,0.0098,Low Risk,Two year,40,No,25.25,1010.0,0,Credit card
0379-DJQHR,No,0,0.0097,Low Risk,Two year,67,DSL,81.35,5450.45,0,Credit card
2208-NKVVH,No,0,0.0097,Low Risk,Two year,43,No,24.25,1042.75,0,Mailed check
3704-IEAXF,No,0,0.0097,Low Risk,Two year,72,DSL,53.65,3862.8,0,Credit card
8146-QQKZH,No,0,0.0097,Low Risk,Two year,71,DSL,81.85,5811.35,0,Bank transfer
1116-FRYVH,No,0,0.0097,Low Risk,Two year,48,DSL,39.4,1891.2,0,Mailed check
0730-BGQGF,No,0,0.0097,Low Risk,Two year,71,DSL,90.3,6411.3,0,Credit card
8205-VSLRB,No,0,0.0096,Low Risk,Two year,70,DSL,77.3,5411.0,0,Credit card
4674-HGNUA,No,0,0.0096,Low Risk,Two year,71,DSL,89.9,6382.9,0,Credit card
7560-QRBXH,No,0,0.0095,Low Risk,One year,48,No,19.95,957.6,0,Mailed check
6000-UKLWI,No,0,0.0095,Low Risk,Two year,41,No,20.15,826.15,0,Mailed check
9620-QJREV,No,0,0.0095,Low Risk,One year,47,No,20.55,965.85,0,Credit card
3569-JFODW,No,0,0.0094,Low Risk,Two year,72,DSL,90.95,6548.4,0,Credit card
6115-ZTBFQ,No,0,0.0094,Low Risk,Two year,72,DSL,65.5,4716.0,0,Bank transfer
5993-JSUWV,No,0,0.0094,Low Risk,Two year,66,DSL,61.15,4035.9,0,Bank transfer
7524-VRLPL,No,0,0.0094,Low Risk,Two year,69,DSL,74.1,5112.9,1,Credit card
8046-DNVTL,No,0,0.0094,Low Risk,Two year,62,DSL,38.6,2393.2,0,Credit card
8631-NBHFZ,Yes,0,0.0094,Low Risk,Two year,66,DSL,79.4,5240.4,1,Credit card
3097-FQTVJ,No,0,0.0093,Low Risk,Two year,41,No,20.0,820.0,0,Mailed check
3451-VAWLI,No,0,0.0093,Low Risk,Two year,35,No,19.7,689.5,0,Credit card
7274-CGTOD,No,0,0.0093,Low Risk,Two year,62,DSL,43.7,2709.4,0,Bank transfer
1775-KWJKQ,No,0,0.0093,Low Risk,Two year,72,DSL,89.85,6469.2,0,Credit card
2263-SFSQZ,No,0,0.0093,Low Risk,Two year,51,No,24.95,1272.45,0,Mailed check
7471-WNSUF,No,0,0.0093,Low Risk,One year,60,No,24.15,1449.0,0,Bank transfer
6625-IUTTT,No,0,0.0093,Low Risk,Two year,67,DSL,65.55,4391.85,0,Bank transfer
6169-PPETC,No,0,0.0092,Low Risk,Two year,35,No,20.5,717.5,0,Bank transfer
0238-WHBIQ,No,0,0.0092,Low Risk,Two year,72,DSL,89.7,6458.4,0,Credit card
4933-BSAIP,No,0,0.0092,Low Risk,Two year,40,No,19.1,764.0,0,Mailed check
9755-JHNMN,No,0,0.0092,Low Risk,Two year,49,DSL,67.4,3302.6,0,Bank transfer
3712-PKXZA,No,0,0.0091,Low Risk,One year,61,No,20.55,1253.55,0,Credit card
8249-THVEC,No,0,0.0091,Low Risk,One year,51,No,19.4,989.4,0,Mailed check
1716-LSAMB,No,0,0.0091,Low Risk,Two year,45,DSL,54.65,2459.25,0,Bank transfer
7560-QJAVJ,No,0,0.0091,Low Risk,Two year,70,DSL,79.6,5572.0,0,Bank transfer
5176-OLSKT,No,0,0.0091,Low Risk,Two year,66,DSL,66.9,4415.4,0,Bank transfer
9489-JMTTN,No,0,0.0091,Low Risk,Two year,72,DSL,89.75,6462.0,0,Credit card
8690-ZVLCL,No,0,0.0091,Low Risk,Two year,68,DSL,88.0,5984.0,0,Credit card
1043-YCUTE,Yes,0,0.0091,Low Risk,Two year,56,No,25.15,1408.4,0,Credit card
7722-VJRQD,No,0,0.0091,Low Risk,Two year,72,DSL,60.95,4388.4,0,Bank transfer
4102-HLENU,No,0,0.009,Low Risk,Two year,67,DSL,65.65,4398.55,0,Mailed check
0506-YLVKJ,No,0,0.009,Low Risk,Two year,46,No,20.2,929.2,0,Mailed check
0363-SVHYR,No,0,0.009,Low Risk,Two year,71,DSL,86.85,6166.35,0,Bank transfer
5795-BKOYE,No,0,0.009,Low Risk,One year,69,DSL,59.1,4077.9,0,Bank transfer
4194-FJARJ,No,0,0.009,Low Risk,Two year,54,DSL,60.0,3240.0,0,Bank transfer
0973-KYVNF,No,0,0.009,Low Risk,Two year,72,DSL,70.65,5086.8,0,Credit card
5117-ZSMHQ,No,0,0.009,Low Risk,Two year,71,DSL,89.9,6382.9,0,Bank transfer
7101-HRBLJ,No,0,0.009,Low Risk,Two year,72,DSL,83.7,6026.4,0,Bank transfer
5915-ANOEI,No,0,0.009,Low Risk,Two year,70,DSL,79.15,5540.5,0,Mailed check
4652-ODEVH,No,0,0.0089,Low Risk,Two year,45,No,24.45,1100.25,0,Mailed check
7340-KEFQE,No,0,0.0089,Low Risk,Two year,51,DSL,34.2,1744.2,0,Bank transfer
6479-SZPLM,No,0,0.0089,Low Risk,Two year,36,No,19.45,700.2,0,Credit card
8402-OOOHJ,No,0,0.0089,Low Risk,Two year,41,No,20.65,846.65,0,Mailed check
5006-MXVRN,No,0,0.0089,Low Risk,Two year,39,No,20.7,807.3,0,Credit card
3727-OVPRY,No,0,0.0089,Low Risk,One year,66,No,25.7,1696.2,0,Credit card
8468-FZTOE,No,0,0.0089,Low Risk,Two year,72,DSL,74.35,5353.2,0,Electronic check
1459-QNFQT,No,0,0.0088,Low Risk,Two year,70,DSL,59.5,4165.0,0,Bank transfer
8990-YOZLV,No,0,0.0088,Low Risk,Two year,69,DSL,66.9,4616.1,0,Mailed check
2796-NNUFI,No,0,0.0088,Low Risk,Two year,46,No,19.95,917.7,0,Mailed check
0732-OCQOC,No,0,0.0088,Low Risk,Two year,52,No,25.05,1302.6,0,Bank transfer
3500-NSDOA,No,0,0.0088,Low Risk,Two year,68,DSL,70.8,4814.4,0,Credit card
7696-CFTAT,No,0,0.0088,Low Risk,Two year,37,No,19.8,732.6,0,Bank transfer
4521-WFJAI,No,0,0.0087,Low Risk,Two year,56,No,25.95,1453.2,0,Bank transfer
6288-CHQJB,No,0,0.0087,Low Risk,Two year,54,DSL,69.95,3777.3,0,Bank transfer
4012-YCFAI,No,0,0.0087,Low Risk,Two year,60,DSL,61.35,3681.0,0,Mailed check
2208-MPXIO,No,0,0.0087,Low Risk,Two year,45,No,20.0,900.0,0,Bank transfer
0608-JDVEC,No,0,0.0087,Low Risk,Two year,50,No,19.8,990.0,0,Electronic check
8597-CTXVJ,No,0,0.0086,Low Risk,One year,70,DSL,64.95,4546.5,0,Bank transfer
7073-QETQY,No,0,0.0086,Low Risk,One year,66,No,20.35,1343.1,0,Electronic check
9588-YRFHY,No,0,0.0086,Low Risk,Two year,49,No,19.9,975.1,0,Credit card
1676-MQAOA,No,0,0.0086,Low Risk,Two year,72,DSL,75.1,5407.2,0,Bank transfer
9451-WLYRI,No,0,0.0086,Low Risk,One year,53,No,19.05,1009.65,0,Credit card
5766-FTRTS,No,0,0.0086,Low Risk,Two year,72,DSL,84.45,6080.4,0,Mailed check
2296-DKZFP,No,0,0.0086,Low Risk,Two year,65,DSL,71.0,4615.0,0,Bank transfer
2642-MAWLJ,No,0,0.0086,Low Risk,Two year,36,No,20.25,729.0,0,Bank transfer
3533-UVMOM,No,0,0.0085,Low Risk,Two year,68,DSL,70.95,4824.6,0,Bank transfer
3067-SVMTC,No,0,0.0085,Low Risk,One year,68,DSL,55.9,3801.2,0,Bank transfer
7408-OFWXJ,No,0,0.0085,Low Risk,Two year,72,DSL,89.8,6465.6,0,Credit card
7197-VOJMM,No,0,0.0084,Low Risk,Two year,67,DSL,69.2,4636.4,0,Credit card
0318-ZOPWS,No,0,0.0084,Low Risk,Two year,49,No,20.15,987.35,0,Bank transfer
0019-GFNTW,No,0,0.0084,Low Risk,Two year,56,DSL,45.05,2522.8,0,Bank transfer
2925-VDZHY,No,0,0.0084,Low Risk,Two year,72,DSL,88.7,6386.4,0,Credit card
5296-BFCYD,No,0,0.0084,Low Risk,Two year,46,No,20.1,924.6,0,Mailed check
9488-FVZCC,No,0,0.0083,Low Risk,Two year,72,DSL,79.5,5724.0,0,Bank transfer
5135-RDDQL,No,0,0.0083,Low Risk,Two year,63,DSL,50.65,3190.95,0,Bank transfer
6725-TPKJO,No,0,0.0083,Low Risk,Two year,44,No,20.05,882.2,0,Mailed check
0362-RAOQO,No,0,0.0083,Low Risk,Two year,40,No,19.65,786.0,0,Credit card
0621-TSSMU,No,0,0.0083,Low Risk,One year,56,No,19.95,1117.2,0,Credit card
0936-NQLJU,No,0,0.0083,Low Risk,Two year,41,No,20.65,846.65,0,Credit card
2821-WARNZ,No,0,0.0082,Low Risk,One year,49,No,19.45,953.05,0,Credit card
5614-DNZCE,No,0,0.0082,Low Risk,Two year,58,DSL,64.9,3764.2,0,Credit card
4475-NVTLU,No,0,0.0082,Low Risk,Two year,45,No,19.2,864.0,0,Electronic check
9281-CEDRU,No,0,0.0082,Low Risk,Two year,68,DSL,64.1,4358.8,0,Bank transfer
5115-GZDEL,No,0,0.0082,Low Risk,Two year,72,DSL,67.2,4838.4,0,Credit card
3487-EARAT,No,0,0.0082,Low Risk,One year,70,DSL,74.1,5187.0,0,Credit card
6695-AMZUF,No,0,0.0082,Low Risk,Two year,70,DSL,86.45,6051.5,0,Credit card
0769-MURVM,No,0,0.0081,Low Risk,Two year,72,DSL,65.7,4730.4,0,Bank transfer
5995-LFTLE,No,0,0.0081,Low Risk,Two year,58,No,25.3,1467.4,0,Credit card
2888-ADFAO,No,0,0.0081,Low Risk,Two year,47,No,21.3,1001.1,0,Bank transfer
7998-WNZEM,No,0,0.0081,Low Risk,Two year,71,DSL,80.6,5722.6,0,Bank transfer
6925-BAYGL,No,0,0.0081,Low Risk,Two year,53,No,25.1,1330.3,1,Credit card
9453-PATOS,No,0,0.0081,Low Risk,Two year,72,DSL,85.1,6127.2,0,Mailed check
1106-HRLKZ,No,0,0.0081,Low Risk,Two year,40,No,19.6,784.0,0,Mailed check
2969-VAPYH,No,0,0.0081,Low Risk,One year,67,DSL,60.5,4053.5,0,Credit card
1047-RNXZV,No,0,0.008,Low Risk,Two year,43,No,19.55,840.65,0,Mailed check
3120-FAZKD,No,0,0.008,Low Risk,Two year,54,No,24.05,1298.7,0,Bank transfer
0206-OYVOC,No,0,0.008,Low Risk,Two year,46,No,19.25,885.5,0,Mailed check
7898-PDWQE,No,0,0.008,Low Risk,Two year,71,DSL,80.4,5708.4,0,Credit card
5044-XDPYX,No,0,0.008,Low Risk,Two year,51,No,25.5,1300.5,0,Mailed check
6614-YOLAC,No,0,0.0079,Low Risk,Two year,71,DSL,58.65,4164.15,0,Mailed check
8592-PLTMQ,No,0,0.0079,Low Risk,One year,64,No,24.7,1580.8,0,Mailed check
2882-WDTBA,No,0,0.0079,Low Risk,Two year,69,DSL,75.75,5226.75,0,Bank transfer
8336-TAVKX,No,0,0.0079,Low Risk,Two year,72,DSL,78.45,5648.4,1,Bank transfer
3719-TDVQB,No,0,0.0079,Low Risk,Two year,54,No,18.95,1023.3,1,Mailed check
7601-DHFWZ,No,0,0.0079,Low Risk,Two year,48,No,24.0,1152.0,0,Credit card
5356-KZCKT,No,0,0.0079,Low Risk,Two year,58,No,24.45,1418.1,0,Credit card
8242-PDSGJ,No,0,0.0079,Low Risk,Two year,70,DSL,39.15,2740.5,0,Credit card
4139-DETXS,No,0,0.0078,Low Risk,Two year,72,DSL,64.45,4640.4,0,Bank transfer
0885-HMGPY,No,0,0.0078,Low Risk,Two year,62,DSL,69.4,4302.8,0,Bank transfer
6080-LNESI,No,0,0.0078,Low Risk,Two year,51,No,24.75,1262.25,0,Mailed check
5803-NQJZO,No,0,0.0078,Low Risk,Two year,72,DSL,67.8,4881.6,0,Bank transfer
9661-JALZV,No,0,0.0078,Low Risk,Two year,58,No,24.7,1432.6,0,Credit card
5804-JMYIO,No,0,0.0078,Low Risk,Two year,39,No,19.75,770.25,0,Mailed check
4872-JCVCA,No,0,0.0078,Low Risk,Two year,71,DSL,47.6,3379.6,0,Bank transfer
7599-NTMDP,No,0,0.0078,Low Risk,Two year,62,DSL,48.7,3019.4,0,Bank transfer
8626-XHBIE,No,0,0.0077,Low Risk,Two year,56,No,24.8,1388.8,0,Mailed check
7872-BAAZR,No,0,0.0077,Low Risk,One year,53,No,19.55,1036.15,0,Bank transfer
6407-GSJNL,No,0,0.0077,Low Risk,Two year,51,No,24.95,1272.45,0,Bank transfer
5075-JSDKI,No,0,0.0077,Low Risk,Two year,59,No,24.45,1442.55,0,Electronic check
3889-VWBID,No,0,0.0077,Low Risk,Two year,68,DSL,82.85,5633.8,0,Bank transfer
1599-EAHXY,No,0,0.0077,Low Risk,One year,60,No,23.95,1437.0,0,Credit card
1722-LDZJS,No,0,0.0077,Low Risk,One year,53,No,20.2,1070.6,0,Credit card
6292-TOSSS,No,0,0.0077,Low Risk,Two year,50,No,24.9,1245.0,0,Bank transfer
4878-BUNFV,No,0,0.0076,Low Risk,Two year,42,No,20.7,869.4,0,Mailed check
2235-EZAIK,No,0,0.0076,Low Risk,Two year,72,DSL,79.2,5702.4,0,Credit card
4779-ZGICK,No,0,0.0076,Low Risk,Two year,48,No,23.55,1130.4,0,Mailed check
5968-HYJRZ,No,0,0.0076,Low Risk,Two year,47,No,24.55,1153.85,0,Mailed check
9068-FHQHD,No,0,0.0076,Low Risk,Two year,40,No,20.15,806.0,0,Bank transfer
9065-ZCPQX,No,0,0.0076,Low Risk,Two year,72,DSL,78.85,5677.2,0,Bank transfer
9593-CVZKR,No,0,0.0076,Low Risk,Two year,56,No,24.45,1369.2,0,Mailed check
6348-SNFUS,No,0,0.0076,Low Risk,Two year,72,DSL,55.45,3992.4,0,Credit card
8807-OPMBM,No,0,0.0076,Low Risk,Two year,55,No,25.65,1410.75,0,Credit card
6729-FZWSY,No,0,0.0075,Low Risk,One year,67,No,19.45,1303.15,0,Mailed check
2251-PYLPB,No,0,0.0075,Low Risk,Two year,72,DSL,79.55,5727.6,0,Credit card
3785-KTYSH,No,0,0.0075,Low Risk,Two year,53,No,24.6,1303.8,0,Mailed check
4644-OBGFZ,No,0,0.0075,Low Risk,One year,55,No,19.5,1072.5,0,Mailed check
5201-CBWYG,No,0,0.0074,Low Risk,One year,62,No,24.8,1537.6,0,Bank transfer
6770-UAYGJ,No,0,0.0074,Low Risk,Two year,49,No,25.25,1237.25,0,Mailed check
8338-QIUNR,No,0,0.0074,Low Risk,Two year,72,DSL,66.5,4788.0,0,Credit card
6980-CDGFC,No,0,0.0074,Low Risk,One year,67,No,20.85,1396.95,0,Bank transfer
5781-RFZRP,No,0,0.0074,Low Risk,Two year,71,DSL,73.5,5218.5,0,Credit card
8922-NPKBJ,No,0,0.0073,Low Risk,Two year,42,No,19.35,812.7,0,Mailed check
1074-WVEVG,No,0,0.0073,Low Risk,One year,59,No,20.35,1200.65,0,Mailed check
9503-XJUME,No,0,0.0073,Low Risk,One year,52,No,19.65,1021.8,0,Credit card
2162-FRZAA,No,0,0.0073,Low Risk,Two year,63,DSL,39.35,2479.05,0,Bank transfer
8215-NGSPE,No,0,0.0073,Low Risk,Two year,42,No,20.0,840.0,0,Mailed check
5196-WPYOW,No,0,0.0073,Low Risk,One year,67,DSL,60.05,4023.35,0,Mailed check
9646-NMHXE,No,0,0.0073,Low Risk,Two year,47,No,19.65,923.55,0,Mailed check
9170-ARBTB,No,0,0.0073,Low Risk,One year,52,No,19.6,1019.2,0,Credit card
0562-KBDVM,No,0,0.0072,Low Risk,Two year,70,DSL,44.6,3122.0,0,Bank transfer
5939-SXWHM,No,0,0.0072,Low Risk,Two year,48,No,26.3,1262.4,0,Bank transfer
9091-WTUUY,No,0,0.0072,Low Risk,Two year,64,DSL,69.25,4432.0,0,Mailed check
0052-YNYOT,No,0,0.0072,Low Risk,One year,67,No,20.55,1376.85,0,Electronic check
0774-RMNUW,No,0,0.0072,Low Risk,Two year,71,DSL,59.7,4238.7,0,Bank transfer
4625-LAMOB,No,0,0.0071,Low Risk,Two year,44,No,20.4,897.6,0,Credit card
7162-WPHPM,No,0,0.0071,Low Risk,Two year,58,DSL,71.6,4152.8,0,Credit card
5846-NEQVZ,No,0,0.0071,Low Risk,Two year,71,DSL,70.85,5030.35,0,Credit card
8042-RNLKO,No,0,0.0071,Low Risk,One year,66,No,25.45,1679.7,0,Bank transfer
2662-NNTDK,No,0,0.0071,Low Risk,One year,65,No,24.8,1612.0,0,Credit card
5465-BUBFA,No,0,0.0071,Low Risk,Two year,41,No,19.3,791.3,0,Bank transfer
6365-HITVU,No,0,0.007,Low Risk,Two year,71,DSL,87.25,6194.75,0,Credit card
2954-PIBKO,No,0,0.007,Low Risk,Two year,69,DSL,64.15,4426.35,0,Credit card
6897-RWMUB,No,0,0.007,Low Risk,Two year,61,DSL,68.05,4151.05,0,Bank transfer
3071-MVJCD,No,0,0.007,Low Risk,Two year,72,DSL,82.3,5925.6,0,Bank transfer
7596-ZYWBB,No,0,0.007,Low Risk,Two year,65,DSL,59.6,3874.0,0,Mailed check
5457-COLHT,No,0,0.007,Low Risk,Two year,69,DSL,80.65,5564.85,0,Bank transfer
6096-EGVTU,No,0,0.007,Low Risk,One year,64,No,24.9,1593.6,0,Mailed check
4940-KHCWD,No,0,0.007,Low Risk,Two year,60,DSL,37.7,2262.0,0,Bank transfer
6384-VMJHP,No,0,0.0069,Low Risk,Two year,72,DSL,73.0,5256.0,0,Credit card
6997-UVGOX,No,0,0.0069,Low Risk,Two year,71,DSL,85.45,6066.95,0,Bank transfer
4900-MSOMT,No,0,0.0069,Low Risk,Two year,72,DSL,80.2,5774.4,0,Bank transfer
3662-FXJFO,No,0,0.0069,Low Risk,Two year,54,No,20.5,1107.0,0,Mailed check
6425-JWTDV,No,0,0.0069,Low Risk,Two year,48,No,19.25,924.0,0,Mailed check
1073-XXCZD,No,0,0.0068,Low Risk,Two year,55,No,25.7,1413.5,0,Bank transfer
3486-HOOGQ,No,0,0.0068,Low Risk,Two year,70,DSL,79.7,5579.0,0,Bank transfer
0526-SXDJP,No,0,0.0068,Low Risk,Two year,72,DSL,42.1,3031.2,0,Bank transfer
6283-GITPX,No,0,0.0068,Low Risk,Two year,71,DSL,76.9,5459.9,0,Credit card
0336-PIKEI,No,0,0.0068,Low Risk,Two year,72,DSL,74.4,5356.8,1,Bank transfer
6164-HAQTX,No,0,0.0068,Low Risk,Two year,71,DSL,53.95,3830.45,0,Bank transfer
7921-BEPCI,No,0,0.0068,Low Risk,Two year,72,DSL,59.75,4302.0,0,Bank transfer
0848-SOMKO,No,0,0.0068,Low Risk,Two year,70,DSL,48.4,3388.0,0,Bank transfer
6961-MJKBO,No,0,0.0068,Low Risk,Two year,47,No,20.45,961.15,0,Bank transfer
9938-PRCVK,No,0,0.0067,Low Risk,Two year,41,No,19.7,807.7,0,Bank transfer
4335-BSMJS,No,0,0.0067,Low Risk,Two year,62,No,25.8,1599.6,0,Credit card
8532-UEFWH,No,0,0.0067,Low Risk,Two year,52,No,25.75,1339.0,0,Mailed check
6051-PTVNS,No,0,0.0067,Low Risk,One year,55,No,19.15,1053.25,0,Credit card
3470-OBUET,No,0,0.0067,Low Risk,Two year,67,DSL,74.0,4958.0,0,Credit card
5549-ZGHFB,No,0,0.0067,Low Risk,Two year,50,No,24.95,1247.5,0,Mailed check
9668-PUGNU,No,0,0.0067,Low Risk,Two year,71,No,24.5,1739.5,0,Electronic check
5067-WJEUN,No,0,0.0067,Low Risk,Two year,67,DSL,54.2,3631.4,0,Bank transfer
3913-FCUUW,No,0,0.0066,Low Risk,Two year,72,DSL,70.45,5072.4,0,Bank transfer
1814-WFGVS,No,0,0.0066,Low Risk,Two year,72,DSL,48.9,3520.8,0,Mailed check
5529-GIBVH,No,0,0.0066,Low Risk,Two year,47,No,20.15,947.05,0,Mailed check
2908-WGAXL,No,0,0.0066,Low Risk,Two year,56,No,24.95,1397.2,0,Credit card
2068-WWXQZ,No,0,0.0066,Low Risk,Two year,46,No,20.05,922.3,0,Bank transfer
6479-VDGRK,No,0,0.0065,Low Risk,Two year,72,DSL,85.3,6141.6,0,Bank transfer
9639-BUJXT,No,0,0.0065,Low Risk,One year,63,No,20.5,1291.5,0,Mailed check
6619-RPLQZ,No,0,0.0065,Low Risk,Two year,45,No,20.85,938.25,0,Mailed check
9481-WHGWY,No,0,0.0065,Low Risk,Two year,70,DSL,75.35,5274.5,0,Credit card
1248-DYXUB,No,0,0.0065,Low Risk,Two year,52,No,24.8,1289.6,0,Mailed check
0932-YIXYU,No,0,0.0065,Low Risk,Two year,47,No,20.25,951.75,0,Credit card
8896-RAZCR,No,0,0.0065,Low Risk,Two year,44,No,19.9,875.6,0,Mailed check
3512-IZIKN,Yes,0,0.0065,Low Risk,Two year,70,DSL,65.3,4571.0,0,Credit card
5242-UOWHD,No,0,0.0065,Low Risk,Two year,45,No,20.35,915.75,0,Mailed check
5016-LIPDW,No,0,0.0064,Low Risk,One year,57,No,19.4,1105.8,0,Mailed check
8241-JUIQO,No,0,0.0064,Low Risk,One year,61,No,19.45,1186.45,0,Bank transfer
8587-XYZSF,No,0,0.0064,Low Risk,Two year,67,DSL,50.55,3386.85,0,Bank transfer
3200-MNQTF,No,0,0.0064,Low Risk,Two year,67,DSL,70.9,4750.3,0,Credit card
7009-PCARS,No,0,0.0064,Low Risk,One year,55,No,19.1,1050.5,0,Bank transfer
7306-YDSOI,No,0,0.0063,Low Risk,Two year,69,DSL,59.75,4122.75,0,Bank transfer
5093-FEGLU,No,0,0.0063,Low Risk,Two year,47,No,19.65,923.55,0,Bank transfer
9114-DPSIA,No,0,0.0063,Low Risk,Two year,72,DSL,81.0,5832.0,0,Credit card
5095-ETBRJ,No,0,0.0063,Low Risk,Two year,55,DSL,56.8,3124.0,0,Mailed check
6518-PPLMZ,No,0,0.0063,Low Risk,Two year,53,No,19.4,1028.2,0,Mailed check
9769-TSBZE,No,0,0.0063,Low Risk,Two year,70,DSL,66.0,4620.0,0,Electronic check
0562-FGDCR,No,0,0.0063,Low Risk,Two year,72,DSL,74.55,5367.6,0,Mailed check
3764-MNMOI,No,0,0.0063,Low Risk,Two year,46,No,19.2,883.2,0,Credit card
7139-JZFVG,No,0,0.0062,Low Risk,Two year,60,DSL,60.5,3630.0,0,Bank transfer
5010-IPEAQ,No,0,0.0062,Low Risk,Two year,67,DSL,54.2,3631.4,0,Credit card
3429-IFLEM,No,0,0.0062,Low Risk,Two year,71,DSL,77.35,5491.85,0,Credit card
3948-KXDUF,No,0,0.0062,Low Risk,Two year,66,DSL,68.75,4537.5,0,Bank transfer
4299-OPXEJ,No,0,0.0062,Low Risk,Two year,56,No,19.55,1094.8,0,Bank transfer
4698-KVLLG,No,0,0.0061,Low Risk,Two year,51,No,19.6,999.6,1,Credit card
9067-YGSCA,No,0,0.0061,Low Risk,One year,70,No,26.05,1823.5,0,Credit card
3884-UEBXB,No,0,0.0061,Low Risk,Two year,67,DSL,36.15,2422.05,0,Bank transfer
3399-BMLVW,No,0,0.006,Low Risk,Two year,51,DSL,60.5,3085.5,0,Credit card
1215-EXRMO,No,0,0.006,Low Risk,Two year,50,No,20.55,1027.5,0,Mailed check
2077-DDHJK,No,0,0.006,Low Risk,Two year,68,DSL,70.9,4821.2,0,Credit card
2207-RYYRL,No,0,0.006,Low Risk,Two year,52,No,24.55,1276.6,0,Mailed check
4361-FEBGN,No,0,0.0059,Low Risk,Two year,48,No,20.15,967.2,0,Credit card
5227-JSCFE,No,0,0.0059,Low Risk,Two year,71,DSL,46.35,3290.85,1,Credit card
0988-AADSA,No,0,0.0059,Low Risk,Two year,72,DSL,80.85,5821.2,0,Bank transfer
5324-KTGCG,No,0,0.0059,Low Risk,One year,71,No,20.85,1480.35,0,Electronic check
4992-LTJNE,No,0,0.0059,Low Risk,Two year,72,DSL,55.3,3981.6,0,Bank transfer
3795-GWTRD,No,0,0.0059,Low Risk,Two year,63,DSL,75.55,4759.65,0,Credit card
2560-QTSBS,No,0,0.0059,Low Risk,One year,72,No,23.3,1677.6,0,Bank transfer
7860-KSUGX,No,0,0.0058,Low Risk,Two year,72,DSL,64.45,4640.4,0,Credit card
6248-BSHKG,No,0,0.0058,Low Risk,One year,61,No,20.4,1244.4,0,Mailed check
3088-FVYWK,No,0,0.0058,Low Risk,Two year,53,No,25.55,1354.15,0,Credit card
7860-UXCRM,No,0,0.0058,Low Risk,Two year,63,DSL,74.5,4693.5,0,Credit card
9916-AYHTC,No,0,0.0058,Low Risk,Two year,48,No,19.85,952.8,0,Credit card
9372-TXXPS,No,0,0.0057,Low Risk,Two year,60,DSL,59.85,3591.0,0,Bank transfer
7242-EDTYC,No,0,0.0057,Low Risk,Two year,44,No,19.55,860.2,0,Bank transfer
1207-BLKSA,No,0,0.0057,Low Risk,Two year,52,No,23.05,1198.6,0,Mailed check
6695-FRVEC,No,0,0.0057,Low Risk,Two year,67,DSL,60.4,4046.8,0,Bank transfer
7608-RGIRO,No,0,0.0057,Low Risk,Two year,62,No,24.4,1512.8,0,Mailed check
7647-GYYKX,No,0,0.0057,Low Risk,Two year,54,No,20.35,1098.9,0,Bank transfer
7416-CKTEP,No,0,0.0057,Low Risk,Two year,57,No,19.6,1117.2,0,Bank transfer
5472-CVMDX,No,0,0.0057,Low Risk,Two year,68,DSL,38.9,2645.2,0,Mailed check
1231-YNDEK,No,0,0.0057,Low Risk,Two year,58,No,19.15,1110.7,0,Bank transfer
1709-EJDOX,No,0,0.0057,Low Risk,Two year,47,No,19.75,928.25,0,Mailed check
8701-DGLVH,No,0,0.0056,Low Risk,Two year,51,No,20.45,1042.95,0,Mailed check
9975-GPKZU,No,0,0.0056,Low Risk,Two year,46,No,19.75,908.5,0,Credit card
4807-IZYOZ,No,0,0.0056,Low Risk,Two year,51,No,20.65,1053.15,0,Bank transfer
5970-GHJAW,No,0,0.0056,Low Risk,Two year,46,No,19.95,917.7,0,Credit card
9993-LHIEB,No,0,0.0056,Low Risk,Two year,67,DSL,67.85,4545.95,0,Mailed check
1241-FPMOF,No,0,0.0056,Low Risk,Two year,52,No,19.65,1021.8,0,Mailed check
1955-IBMMB,No,0,0.0056,Low Risk,Two year,59,No,20.2,1191.8,0,Bank transfer
3580-GICBM,No,0,0.0056,Low Risk,Two year,61,No,24.2,1476.2,0,Mailed check
5666-MBJPT,No,0,0.0056,Low Risk,Two year,65,No,25.1,1631.5,0,Bank transfer
0386-CWRGM,No,0,0.0056,Low Risk,Two year,46,No,19.4,892.4,0,Mailed check
4018-PPNDW,No,0,0.0056,Low Risk,Two year,61,No,24.1,1470.1,0,Mailed check
5699-BNCAS,No,0,0.0055,Low Risk,Two year,71,No,24.65,1750.15,1,Mailed check
2481-SBOYW,No,0,0.0055,Low Risk,Two year,61,No,25.0,1525.0,0,Credit card
6614-YWYSC,No,0,0.0055,Low Risk,Two year,61,No,25.0,1525.0,1,Bank transfer
0463-TXOAK,No,0,0.0055,Low Risk,Two year,52,No,25.6,1331.2,0,Credit card
1240-HCBOH,No,0,0.0055,Low Risk,Two year,67,No,26.1,1748.7,0,Mailed check
7996-MHXLW,No,0,0.0055,Low Risk,Two year,66,No,25.15,1659.9,0,Credit card
2817-LVCPP,No,0,0.0055,Low Risk,Two year,50,No,19.4,970.0,0,Credit card
1468-DEFNC,No,0,0.0054,Low Risk,Two year,64,No,24.4,1561.6,1,Bank transfer
2143-LJULT,No,0,0.0054,Low Risk,Two year,67,No,25.25,1691.75,0,Credit card
2230-XTUWL,No,0,0.0054,Low Risk,Two year,48,No,19.55,938.4,0,Mailed check
1852-QSWCD,No,0,0.0054,Low Risk,Two year,64,No,24.8,1587.2,0,Mailed check
5208-FVQKB,No,0,0.0054,Low Risk,Two year,70,DSL,67.95,4756.5,0,Mailed check
6087-YPWHO,No,0,0.0054,Low Risk,Two year,72,DSL,68.15,4906.8,0,Mailed check
3212-KXOCR,No,0,0.0054,Low Risk,Two year,52,No,21.0,1092.0,0,Bank transfer
8441-SHIPE,No,0,0.0054,Low Risk,Two year,67,No,25.6,1715.2,0,Bank transfer
4458-KVRBJ,No,0,0.0054,Low Risk,Two year,59,No,25.0,1475.0,0,Mailed check
3190-ITQXP,No,0,0.0053,Low Risk,Two year,46,No,20.25,931.5,0,Bank transfer
4742-TXUEX,No,0,0.0053,Low Risk,Two year,47,No,19.3,907.1,0,Bank transfer
2176-OSJUV,No,0,0.0053,Low Risk,Two year,71,DSL,65.15,4625.65,0,Bank transfer
8361-LBRDI,No,0,0.0053,Low Risk,Two year,58,No,24.35,1412.3,0,Credit card
0531-XBKMM,No,0,0.0053,Low Risk,Two year,66,DSL,65.7,4336.2,0,Bank transfer
9359-JANWS,No,0,0.0052,Low Risk,Two year,65,DSL,58.9,3828.5,0,Credit card
9220-CXRSC,No,0,0.0052,Low Risk,Two year,69,DSL,61.4,4236.6,0,Credit card
1266-NZYUI,No,0,0.0052,Low Risk,Two year,72,DSL,66.85,4813.2,0,Bank transfer
0229-LFJAF,No,0,0.0052,Low Risk,Two year,72,DSL,69.65,5014.8,0,Bank transfer
3400-ESFUW,Yes,0,0.0052,Low Risk,Two year,55,DSL,57.55,3165.25,0,Bank transfer
7503-EPSZW,No,0,0.0052,Low Risk,Two year,64,No,24.05,1539.2,0,Mailed check
1862-QRWPE,No,0,0.0052,Low Risk,Two year,48,No,20.65,991.2,0,Bank transfer
8028-PNXHQ,No,0,0.0052,Low Risk,Two year,62,No,24.25,1503.5,0,Bank transfer
9499-XPZXM,No,0,0.0052,Low Risk,Two year,72,DSL,64.75,4662.0,0,Bank transfer
7033-CLAMM,No,0,0.0052,Low Risk,Two year,48,No,20.2,969.6,0,Bank transfer
9251-AWQGT,No,0,0.0051,Low Risk,Two year,48,No,20.0,960.0,0,Mailed check
6217-KDYWC,No,0,0.0051,Low Risk,Two year,57,No,19.6,1117.2,0,Mailed check
0621-CXBKL,No,0,0.0051,Low Risk,Two year,53,No,18.7,991.1,0,Mailed check
1080-BWSYE,No,0,0.0051,Low Risk,Two year,64,No,25.65,1641.6,1,Credit card
9087-EYCPR,No,0,0.0051,Low Risk,Two year,60,No,25.0,1500.0,0,Mailed check
9507-HSMMZ,No,0,0.0051,Low Risk,Two year,54,No,20.0,1080.0,0,Mailed check
1241-EZFMJ,No,0,0.0051,Low Risk,Two year,61,No,25.45,1552.45,0,Bank transfer
3154-HMWUU,No,0,0.0051,Low Risk,Two year,60,No,20.5,1230.0,0,Bank transfer
4636-TVXVG,No,0,0.0051,Low Risk,One year,62,No,19.95,1236.9,0,Bank transfer
1619-YWUBB,No,0,0.0051,Low Risk,Two year,68,No,24.95,1696.6,0,Credit card
6762-NSODU,No,0,0.0051,Low Risk,Two year,46,No,19.4,892.4,0,Credit card
2675-IJRGJ,No,0,0.005,Low Risk,Two year,53,No,19.65,1041.45,0,Bank transfer
2452-MRMZF,No,0,0.005,Low Risk,Two year,72,No,25.7,1850.4,1,Credit card
9504-YAZWB,No,0,0.005,Low Risk,Two year,53,No,20.25,1073.25,0,Mailed check
6370-ZVHDV,No,0,0.005,Low Risk,Two year,61,No,25.3,1543.3,0,Bank transfer
6139-ZZRBQ,No,0,0.005,Low Risk,Two year,64,No,20.05,1283.2,1,Bank transfer
4302-ZYFEL,No,0,0.005,Low Risk,One year,69,No,20.55,1417.95,0,Credit card
1697-LYYYX,No,0,0.005,Low Risk,One year,61,No,19.1,1165.1,0,Credit card
8039-ACLPL,No,0,0.0049,Low Risk,Two year,72,DSL,68.75,4950.0,0,Credit card
5334-AFQJB,No,0,0.0049,Low Risk,Two year,72,No,25.1,1807.2,1,Credit card
9081-WWXKP,No,0,0.0049,Low Risk,Two year,47,No,20.25,951.75,0,Credit card
7634-HLQJR,No,0,0.0049,Low Risk,Two year,47,No,20.05,942.35,0,Credit card
2799-TSLAG,No,0,0.0049,Low Risk,Two year,65,No,25.3,1644.5,0,Bank transfer
4785-FCIFB,No,0,0.0049,Low Risk,Two year,61,No,24.4,1488.4,0,Mailed check
6917-FIJHC,No,0,0.0048,Low Risk,Two year,72,No,26.0,1872.0,0,Mailed check
6349-JDHQP,No,0,0.0048,Low Risk,Two year,53,No,19.85,1052.05,0,Credit card
2314-TNDJQ,No,0,0.0048,Low Risk,Two year,72,DSL,55.65,4006.8,0,Credit card
1085-LDWAM,No,0,0.0048,Low Risk,One year,69,No,20.35,1404.15,0,Credit card
5605-XNWEN,No,0,0.0048,Low Risk,Two year,72,No,25.0,1800.0,1,Bank transfer
3148-AOIQT,No,0,0.0048,Low Risk,Two year,69,No,24.95,1721.55,0,Credit card
6253-GNHWH,No,0,0.0048,Low Risk,Two year,71,DSL,71.1,5048.1,0,Mailed check
9814-AOUDH,No,0,0.0048,Low Risk,Two year,53,No,19.5,1033.5,0,Credit card
9953-ZMKSM,No,0,0.0048,Low Risk,Two year,63,No,25.25,1590.75,0,Mailed check
2228-BZDEE,No,0,0.0047,Low Risk,Two year,54,No,20.1,1085.4,0,Mailed check
2560-WBWXF,No,0,0.0047,Low Risk,Two year,68,No,24.15,1642.2,0,Bank transfer
1657-DYMBM,No,0,0.0047,Low Risk,Two year,53,No,19.9,1054.7,0,Credit card
1574-DYCWE,No,0,0.0047,Low Risk,Two year,51,No,19.95,1017.45,0,Mailed check
0603-TPMIB,No,0,0.0047,Low Risk,Two year,59,No,25.45,1501.55,0,Mailed check
4979-HPRFL,No,0,0.0047,Low Risk,Two year,56,No,24.15,1352.4,0,Bank transfer
1306-RPWXZ,No,0,0.0047,Low Risk,Two year,49,No,20.45,1002.05,0,Credit card
6340-DACFT,No,0,0.0046,Low Risk,Two year,50,No,20.55,1027.5,0,Credit card
3359-DSRKA,No,0,0.0046,Low Risk,Two year,58,No,19.85,1151.3,0,Mailed check
0508-SQWPL,No,0,0.0046,Low Risk,Two year,57,No,20.1,1145.7,0,Bank transfer
2418-TPEUN,No,0,0.0046,Low Risk,Two year,56,No,19.8,1108.8,0,Credit card
9795-SHUHB,No,0,0.0046,Low Risk,Two year,66,DSL,58.2,3841.2,0,Credit card
8882-TLVRW,No,0,0.0046,Low Risk,Two year,69,DSL,39.1,2697.9,0,Mailed check
2961-VNFKL,No,0,0.0046,Low Risk,Two year,71,No,25.95,1842.45,0,Credit card
8207-VVMYB,No,0,0.0046,Low Risk,Two year,70,No,26.0,1820.0,0,Bank transfer
1705-GUHPV,No,0,0.0046,Low Risk,Two year,63,No,24.2,1524.6,0,Mailed check
8838-GPHZP,No,0,0.0045,Low Risk,Two year,63,No,20.6,1297.8,0,Mailed check
2097-YVPKN,No,0,0.0045,Low Risk,Two year,65,No,25.75,1673.75,0,Mailed check
8069-RHUXK,No,0,0.0045,Low Risk,Two year,67,DSL,35.7,2391.9,0,Credit card
9337-SRRNI,No,0,0.0045,Low Risk,Two year,66,No,25.3,1669.8,0,Credit card
8957-THMOA,No,0,0.0045,Low Risk,Two year,50,No,20.15,1007.5,0,Credit card
4990-ALDGW,No,0,0.0045,Low Risk,Two year,57,No,20.75,1182.75,0,Mailed check
3970-XGJDU,No,0,0.0045,Low Risk,Two year,62,No,19.2,1190.4,0,Credit card
4565-NLZBV,No,0,0.0045,Low Risk,Two year,71,No,24.65,1750.15,0,Bank transfer
5406-KGRMX,No,0,0.0044,Low Risk,Two year,71,No,24.55,1743.05,0,Electronic check
0281-CNTZX,No,0,0.0044,Low Risk,Two year,63,No,19.95,1256.85,0,Bank transfer
3170-NMYVV,No,0,0.0044,Low Risk,Two year,50,No,20.15,1007.5,0,Bank transfer
3511-BFTJW,No,0,0.0044,Low Risk,Two year,72,DSL,38.5,2772.0,0,Credit card
6625-FLENO,No,0,0.0044,Low Risk,Two year,58,No,20.75,1203.5,0,Mailed check
3913-RDSJZ,No,0,0.0044,Low Risk,Two year,64,No,25.55,1635.2,0,Mailed check
8540-ZQGEA,No,0,0.0044,Low Risk,Two year,54,No,20.05,1082.7,0,Credit card
4737-AQCPU,No,0,0.0044,Low Risk,Two year,72,DSL,72.1,5191.2,0,Credit card
6582-PLFUU,No,0,0.0044,Low Risk,Two year,51,No,19.55,997.05,0,Credit card
8395-ETZKQ,No,0,0.0044,Low Risk,One year,68,No,19.5,1326.0,1,Bank transfer
3635-QQRQD,No,0,0.0044,Low Risk,Two year,62,No,20.05,1243.1,0,Credit card
1167-OYZJF,No,0,0.0044,Low Risk,Two year,67,No,20.05,1343.35,1,Bank transfer
7169-YWAMK,No,0,0.0043,Low Risk,Two year,72,DSL,68.4,4924.8,0,Bank transfer
0270-THENM,No,0,0.0043,Low Risk,Two year,72,DSL,69.85,5029.2,0,Bank transfer
1813-JLKWR,No,0,0.0043,Low Risk,One year,64,No,19.8,1267.2,0,Bank transfer
7014-ZZXAW,No,0,0.0043,Low Risk,Two year,71,No,24.25,1721.75,0,Credit card
9257-AZMTZ,No,0,0.0043,Low Risk,Two year,52,No,20.1,1045.2,0,Bank transfer
3646-ITDGM,No,0,0.0043,Low Risk,Two year,56,No,19.7,1103.2,0,Bank transfer
9964-WBQDJ,No,0,0.0043,Low Risk,Two year,71,No,24.4,1732.4,0,Credit card
7008-LZVOZ,No,0,0.0043,Low Risk,Two year,66,No,25.3,1669.8,0,Credit card
0780-XNZFN,No,0,0.0043,Low Risk,Two year,57,No,20.65,1177.05,0,Bank transfer
7427-AUFPY,No,0,0.0043,Low Risk,Two year,54,No,19.65,1061.1,0,Credit card
3967-VQOGC,No,0,0.0043,Low Risk,Two year,67,No,24.9,1668.3,0,Mailed check
9084-OAYKL,No,0,0.0043,Low Risk,Two year,58,No,20.8,1206.4,0,Mailed check
7113-HIPFI,No,0,0.0043,Low Risk,Two year,66,DSL,65.85,4346.1,0,Mailed check
2632-TACXW,No,0,0.0043,Low Risk,Two year,62,No,23.65,1466.3,0,Bank transfer
5821-MMEIL,No,0,0.0042,Low Risk,Two year,57,No,19.9,1134.3,0,Bank transfer
9565-AXSMR,No,0,0.0042,Low Risk,Two year,52,No,19.2,998.4,0,Mailed check
4534-WGCIR,No,0,0.0042,Low Risk,Two year,58,No,25.15,1458.7,0,Credit card
3027-YNWZU,No,0,0.0042,Low Risk,Two year,64,No,25.0,1600.0,0,Credit card
6734-PSBAW,No,0,0.0042,Low Risk,Two year,72,No,23.55,1695.6,0,Bank transfer
9371-BITHB,No,0,0.0042,Low Risk,Two year,52,No,19.85,1032.2,0,Mailed check
5982-XMDEX,No,0,0.0042,Low Risk,Two year,65,No,26.5,1722.5,0,Bank transfer
7706-YLMQA,No,0,0.0042,Low Risk,One year,70,No,19.7,1379.0,0,Bank transfer
4176-RELJR,No,0,0.0042,Low Risk,Two year,67,No,25.1,1681.7,1,Credit card
6134-KWTBV,No,0,0.0042,Low Risk,Two year,62,No,23.4,1450.8,0,Bank transfer
3620-EHIMZ,No,0,0.0042,Low Risk,Two year,52,No,19.35,1006.2,0,Mailed check
7480-SPLEF,No,0,0.0042,Low Risk,Two year,69,No,26.0,1794.0,0,Bank transfer
2253-KPMNB,No,0,0.0042,Low Risk,Two year,69,DSL,46.25,3191.25,0,Bank transfer
9173-IVZVP,No,0,0.0041,Low Risk,Two year,53,No,20.9,1107.7,0,Mailed check
7688-AWMDX,No,0,0.0041,Low Risk,Two year,71,DSL,54.5,3869.5,0,Bank transfer
7399-QHBJS,No,0,0.0041,Low Risk,Two year,72,DSL,66.75,4806.0,0,Credit card
6685-XSHHU,No,0,0.0041,Low Risk,Two year,60,No,20.95,1257.0,0,Bank transfer
1926-QUZNN,No,0,0.0041,Low Risk,Two year,72,No,25.25,1818.0,0,Bank transfer
9786-YWNHU,No,0,0.0041,Low Risk,Two year,63,DSL,63.55,4003.65,0,Mailed check
3612-YVGSJ,No,0,0.0041,Low Risk,Two year,71,No,24.45,1735.95,0,Credit card
5115-SQAAU,No,0,0.0041,Low Risk,Two year,69,No,25.6,1766.4,0,Bank transfer
0607-DAAHE,Yes,0,0.004,Low Risk,Two year,53,No,19.75,1046.75,0,Bank transfer
7941-RCJOW,No,0,0.004,Low Risk,Two year,65,No,19.55,1270.75,0,Credit card
7293-LSCDV,No,0,0.004,Low Risk,Two year,60,No,19.25,1155.0,0,Credit card
5793-YOLJN,No,0,0.004,Low Risk,Two year,55,No,21.0,1155.0,0,Mailed check
8380-MQINP,No,0,0.004,Low Risk,Two year,55,No,20.3,1116.5,0,Mailed check
5296-PSYVW,No,0,0.004,Low Risk,Two year,72,No,24.55,1767.6,0,Electronic check
7167-PCEYD,No,0,0.004,Low Risk,Two year,67,No,19.8,1326.6,0,Mailed check
0374-FIUCA,No,0,0.0039,Low Risk,Two year,65,No,20.4,1326.0,0,Credit card
8464-EETCQ,No,0,0.0039,Low Risk,Two year,57,No,18.8,1071.6,0,Credit card
5220-AGAAX,No,0,0.0039,Low Risk,Two year,68,No,24.0,1632.0,0,Bank transfer
5567-GZKQY,No,0,0.0039,Low Risk,Two year,58,No,20.3,1177.4,0,Credit card
1767-CJKBA,No,0,0.0039,Low Risk,Two year,66,No,25.1,1656.6,0,Mailed check
1460-UZPRJ,No,0,0.0039,Low Risk,Two year,60,No,19.95,1197.0,0,Mailed check
7493-GVFIO,No,0,0.0039,Low Risk,Two year,57,No,20.55,1171.35,0,Credit card
3454-JFUBC,No,0,0.0038,Low Risk,Two year,68,No,20.0,1360.0,1,Credit card
0626-QXNGV,No,0,0.0038,Low Risk,Two year,72,No,24.15,1738.8,0,Credit card
3873-WOSBC,No,0,0.0038,Low Risk,Two year,67,No,25.6,1715.2,0,Credit card
2400-FEQME,No,0,0.0038,Low Risk,Two year,55,No,20.5,1127.5,0,Mailed check
6485-QXWWE,No,0,0.0038,Low Risk,Two year,62,No,26.0,1612.0,0,Bank transfer
2525-GVKQU,No,0,0.0038,Low Risk,Two year,60,No,20.6,1236.0,0,Mailed check
8590-YFFQO,No,0,0.0038,Low Risk,Two year,70,DSL,64.95,4546.5,0,Credit card
6323-AYBRX,Yes,0,0.0037,Low Risk,Two year,59,No,19.35,1141.65,0,Mailed check
3768-VHXQO,No,0,0.0037,Low Risk,Two year,67,No,24.85,1664.95,0,Credit card
8727-JQFHV,No,0,0.0037,Low Risk,Two year,57,No,20.75,1182.75,0,Mailed check
8946-BFWSG,No,0,0.0037,Low Risk,Two year,63,No,25.25,1590.75,0,Mailed check
3836-FZSDJ,No,0,0.0037,Low Risk,Two year,71,No,24.85,1764.35,1,Bank transfer
8129-GMVGI,No,0,0.0037,Low Risk,Two year,56,No,20.05,1122.8,0,Mailed check
1635-NZATJ,No,0,0.0036,Low Risk,Two year,71,No,25.45,1806.95,1,Credit card
2900-PHPLN,No,0,0.0036,Low Risk,Two year,70,No,19.55,1368.5,1,Credit card
4625-XMOYM,No,0,0.0036,Low Risk,Two year,72,No,26.25,1890.0,0,Bank transfer
0040-HALCW,No,0,0.0036,Low Risk,Two year,54,No,20.4,1101.6,0,Credit card
3118-UHVVQ,No,0,0.0036,Low Risk,Two year,68,No,25.8,1754.4,0,Credit card
6024-RUGGH,No,0,0.0036,Low Risk,Two year,72,No,25.2,1814.4,0,Bank transfer
2696-RZVZW,No,0,0.0036,Low Risk,Two year,68,No,25.05,1703.4,0,Credit card
1131-QQZEB,No,0,0.0036,Low Risk,Two year,71,No,23.95,1700.45,1,Bank transfer
7643-RCHXS,No,0,0.0036,Low Risk,Two year,63,No,19.35,1219.05,0,Electronic check
3498-LZGQZ,No,0,0.0036,Low Risk,Two year,63,No,19.15,1206.45,0,Mailed check
9135-HSWOC,No,0,0.0035,Low Risk,Two year,64,No,19.7,1260.8,0,Bank transfer
2075-PUEPR,No,0,0.0035,Low Risk,Two year,55,No,19.35,1064.25,0,Bank transfer
1098-KFQEC,No,0,0.0035,Low Risk,Two year,55,No,19.4,1067.0,0,Credit card
9430-NKQLY,No,0,0.0035,Low Risk,Two year,72,No,25.1,1807.2,0,Credit card
6484-LATFU,No,0,0.0035,Low Risk,Two year,68,No,24.55,1669.4,0,Mailed check
2072-ZVJJX,No,0,0.0035,Low Risk,Two year,68,No,25.25,1717.0,0,Bank transfer
9500-WBGRP,No,0,0.0035,Low Risk,Two year,69,No,19.1,1317.9,0,Mailed check
9286-BHDQG,No,0,0.0035,Low Risk,Two year,72,DSL,45.25,3258.0,0,Credit card
6651-RLGGM,No,0,0.0034,Low Risk,Two year,67,No,26.3,1762.1,0,Mailed check
3308-DGHKL,No,0,0.0034,Low Risk,Two year,69,No,19.3,1331.7,0,Bank transfer
6010-DDPPW,No,0,0.0034,Low Risk,Two year,70,No,25.15,1760.5,0,Bank transfer
8735-SDUFN,No,0,0.0034,Low Risk,Two year,72,No,24.3,1749.6,1,Bank transfer
9764-REAFF,No,0,0.0034,Low Risk,Two year,59,No,18.4,1085.6,0,Bank transfer
1820-DJFPH,No,0,0.0034,Low Risk,Two year,72,No,24.05,1731.6,0,Bank transfer
7729-XBTWX,No,0,0.0034,Low Risk,Two year,66,No,19.75,1303.5,0,Mailed check
7114-AEOZE,No,0,0.0033,Low Risk,Two year,60,No,19.85,1191.0,0,Bank transfer
6734-JDTTV,No,0,0.0033,Low Risk,Two year,65,No,19.85,1290.25,0,Credit card
3696-DFHHB,No,0,0.0033,Low Risk,Two year,68,No,25.5,1734.0,0,Bank transfer
4656-CAURT,No,0,0.0033,Low Risk,Two year,69,No,23.95,1652.55,0,Bank transfer
8857-CUPFQ,No,0,0.0033,Low Risk,Two year,63,No,19.25,1212.75,0,Mailed check
3563-SVYLG,No,0,0.0033,Low Risk,Two year,68,DSL,62.65,4260.2,0,Credit card
4312-KFRXN,No,0,0.0033,Low Risk,Two year,72,No,25.4,1828.8,0,Mailed check
1399-OUPJN,No,0,0.0033,Low Risk,Two year,57,No,19.75,1125.75,0,Bank transfer
8774-GSBUN,No,0,0.0033,Low Risk,Two year,72,No,25.4,1828.8,0,Mailed check
2050-ONYDQ,No,0,0.0033,Low Risk,Two year,65,No,26.0,1690.0,0,Credit card
8780-IHCRN,No,0,0.0033,Low Risk,Two year,63,No,24.65,1552.95,0,Credit card
8514-VZHEB,No,0,0.0033,Low Risk,Two year,59,No,19.5,1150.5,0,Mailed check
8164-OCKUJ,No,0,0.0033,Low Risk,Two year,59,No,20.6,1215.4,0,Mailed check
0704-VCUMB,No,0,0.0032,Low Risk,Two year,61,No,20.25,1235.25,0,Credit card
0485-ZBSLN,No,0,0.0032,Low Risk,Two year,65,No,24.75,1608.75,0,Credit card
7161-DFHUF,No,0,0.0032,Low Risk,Two year,71,No,23.85,1693.35,0,Mailed check
5743-KHMNA,No,0,0.0032,Low Risk,Two year,71,No,25.55,1814.05,0,Bank transfer
2346-LOCWC,No,0,0.0032,Low Risk,Two year,58,No,20.5,1189.0,0,Credit card
9397-TZSHA,No,0,0.0032,Low Risk,Two year,69,No,24.6,1697.4,0,Credit card
0795-XCCTE,No,0,0.0032,Low Risk,Two year,72,No,25.4,1828.8,1,Bank transfer
3457-PQBYH,No,0,0.0031,Low Risk,Two year,58,No,20.3,1177.4,0,Credit card
4443-EMBNA,No,0,0.0031,Low Risk,Two year,71,No,24.75,1757.25,0,Bank transfer
2169-RRLFW,No,0,0.0031,Low Risk,Two year,71,No,25.6,1817.6,0,Credit card
8711-LOBKY,No,0,0.0031,Low Risk,Two year,59,No,19.85,1171.15,0,Mailed check
0971-QIFJK,No,0,0.0031,Low Risk,Two year,69,No,24.25,1673.25,0,Bank transfer
3777-XROBG,No,0,0.0031,Low Risk,Two year,58,No,19.55,1133.9,0,Credit card
8755-OGKNA,No,0,0.0031,Low Risk,Two year,57,No,19.5,1111.5,0,Bank transfer
5656-JAMLX,No,0,0.0031,Low Risk,Two year,62,No,19.85,1230.7,0,Bank transfer
7558-IMLMT,No,0,0.0031,Low Risk,Two year,67,No,20.8,1393.6,0,Mailed check
4589-IUAJB,No,0,0.0031,Low Risk,Two year,70,No,24.25,1697.5,0,Bank transfer
5846-ABOBJ,No,0,0.0031,Low Risk,Two year,71,No,24.45,1735.95,0,Bank transfer
7225-IILWY,No,0,0.003,Low Risk,Two year,68,No,25.75,1751.0,0,Mailed check
8544-JNBOX,No,0,0.003,Low Risk,Two year,72,No,20.8,1497.6,0,Mailed check
6892-BOGQE,No,0,0.003,Low Risk,Two year,71,No,20.9,1483.9,0,Bank transfer
7096-ZNBZI,No,0,0.003,Low Risk,Two year,72,No,26.45,1904.4,0,Credit card
1987-AUELQ,No,0,0.003,Low Risk,Two year,71,No,25.05,1778.55,0,Credit card
4707-MAXGU,No,0,0.003,Low Risk,Two year,72,No,25.85,1861.2,0,Credit card
6857-TKDJV,No,0,0.003,Low Risk,Two year,67,No,24.65,1651.55,0,Bank transfer
7717-BICXI,No,0,0.003,Low Risk,Two year,60,No,20.55,1233.0,0,Mailed check
2509-TFPJU,No,0,0.003,Low Risk,Two year,72,No,25.75,1854.0,0,Credit card
2626-VEEWG,No,0,0.0029,Low Risk,Two year,67,No,19.4,1299.8,0,Credit card
3810-PJUHR,No,0,0.0029,Low Risk,Two year,70,No,25.35,1774.5,0,Mailed check
5598-IKHQQ,No,0,0.0029,Low Risk,Two year,72,No,25.45,1832.4,0,Credit card
2616-FLVQC,No,0,0.0029,Low Risk,Two year,64,No,19.55,1251.2,0,Mailed check
7606-BPHHN,No,0,0.0029,Low Risk,Two year,72,No,19.8,1425.6,0,Credit card
8917-SZTTJ,No,0,0.0029,Low Risk,Two year,60,No,19.65,1179.0,0,Credit card
4836-WNFNO,No,0,0.0029,Low Risk,Two year,72,No,25.0,1800.0,0,Credit card
6848-HJTXY,No,0,0.0029,Low Risk,Two year,64,No,19.45,1244.8,0,Credit card
4231-LZUYM,No,0,0.0029,Low Risk,Two year,72,No,25.65,1846.8,0,Bank transfer
3507-GASNP,No,0,0.0029,Low Risk,Two year,60,No,19.95,1197.0,0,Mailed check
7157-SMCFK,No,0,0.0029,Low Risk,Two year,61,No,19.75,1204.75,0,Mailed check
9153-BTBVV,No,0,0.0029,Low Risk,Two year,71,No,25.0,1775.0,0,Bank transfer
8237-ULIXL,No,0,0.0029,Low Risk,Two year,72,No,24.85,1789.2,0,Credit card
9574-BOSMD,No,0,0.0028,Low Risk,Two year,68,No,25.4,1727.2,0,Bank transfer
2007-QVGAW,No,0,0.0028,Low Risk,Two year,68,No,19.35,1315.8,0,Bank transfer
8434-VGEQQ,No,0,0.0028,Low Risk,Two year,61,No,20.55,1253.55,0,Credit card
2146-EGVDT,No,0,0.0028,Low Risk,Two year,59,No,19.3,1138.7,0,Credit card
3973-SKMLN,No,0,0.0028,Low Risk,Two year,71,No,19.9,1412.9,0,Credit card
2181-TIDSV,No,0,0.0028,Low Risk,Two year,68,No,19.95,1356.6,0,Bank transfer
7115-IRDHS,No,0,0.0028,Low Risk,Two year,72,No,24.65,1774.8,0,Bank transfer
8092-NLTGF,No,0,0.0028,Low Risk,Two year,72,No,24.75,1782.0,0,Bank transfer
4195-PNGZS,No,0,0.0028,Low Risk,Two year,69,No,24.45,1687.05,0,Bank transfer
8619-IJNDK,No,0,0.0028,Low Risk,Two year,71,DSL,64.05,4547.55,0,Credit card
9972-EWRJS,No,0,0.0028,Low Risk,Two year,67,No,19.25,1289.75,0,Bank transfer
8747-UDCOI,No,0,0.0028,Low Risk,Two year,65,No,19.35,1257.75,0,Bank transfer
2569-WGERO,No,0,0.0028,Low Risk,Two year,72,No,21.15,1522.8,0,Bank transfer
1830-IPXVJ,No,0,0.0027,Low Risk,Two year,61,No,19.75,1204.75,0,Credit card
0962-CQPWQ,No,0,0.0027,Low Risk,Two year,62,No,20.3,1258.6,0,Bank transfer
7268-WNTCP,No,0,0.0027,Low Risk,Two year,62,No,20.45,1267.9,0,Bank transfer
5854-KSRBJ,No,0,0.0027,Low Risk,Two year,70,No,25.4,1778.0,0,Mailed check
8749-TZYEC,No,0,0.0027,Low Risk,Two year,72,No,24.8,1785.6,0,Credit card
7515-LODFU,No,0,0.0027,Low Risk,Two year,69,No,20.3,1400.7,1,Credit card
1945-XISKS,No,0,0.0027,Low Risk,Two year,67,No,19.65,1316.55,0,Mailed check
0613-WUXUM,No,0,0.0027,Low Risk,Two year,70,No,19.2,1344.0,0,Mailed check
7328-ZJAJO,No,0,0.0027,Low Risk,Two year,59,No,19.5,1150.5,0,Credit card
8347-GDTMP,No,0,0.0027,Low Risk,Two year,64,No,19.45,1244.8,0,Credit card
9838-BFCQT,No,0,0.0027,Low Risk,Two year,72,No,26.1,1879.2,0,Mailed check
1302-TPUBN,No,0,0.0027,Low Risk,Two year,66,No,19.35,1277.1,0,Bank transfer
9625-RZFUK,No,0,0.0027,Low Risk,Two year,63,No,19.7,1241.1,0,Mailed check
1299-AURJA,No,0,0.0026,Low Risk,Two year,70,No,24.7,1729.0,0,Bank transfer
7064-JHXCE,No,0,0.0026,Low Risk,Two year,62,No,20.05,1243.1,0,Credit card
6345-FZOQH,No,0,0.0026,Low Risk,Two year,69,No,19.9,1373.1,0,Mailed check
3774-VBNXY,No,0,0.0026,Low Risk,Two year,64,No,20.2,1292.8,0,Mailed check
0397-ZXWQF,No,0,0.0026,Low Risk,Two year,67,No,20.5,1373.5,0,Bank transfer
6963-KQYQB,No,0,0.0025,Low Risk,Two year,70,No,24.05,1683.5,0,Mailed check
7969-FFOWG,No,0,0.0025,Low Risk,Two year,65,No,19.9,1293.5,0,Mailed check
5893-KCLGT,No,0,0.0025,Low Risk,Two year,72,No,19.75,1422.0,0,Mailed check
8043-PNYSD,No,0,0.0025,Low Risk,Two year,63,No,19.55,1231.65,0,Mailed check
2236-HILPA,No,0,0.0025,Low Risk,Two year,62,No,20.65,1280.3,0,Credit card
0847-HGRML,No,0,0.0025,Low Risk,Two year,62,No,20.0,1240.0,0,Bank transfer
5730-DBDSI,No,0,0.0025,Low Risk,Two year,66,No,19.7,1300.2,0,Bank transfer
2718-YSKCS,No,0,0.0025,Low Risk,Two year,71,No,19.6,1391.6,0,Bank transfer
3261-CQXOL,No,0,0.0025,Low Risk,Two year,71,No,25.45,1806.95,0,Bank transfer
5799-JRCZO,No,0,0.0024,Low Risk,Two year,63,No,19.5,1228.5,0,Credit card
0562-HKHML,No,0,0.0024,Low Risk,Two year,71,No,23.9,1696.9,0,Credit card
5902-WBLSE,No,0,0.0024,Low Risk,Two year,70,No,20.15,1410.5,0,Credit card
0394-YONDK,No,0,0.0024,Low Risk,Two year,70,No,25.15,1760.5,0,Credit card
5146-YYFRZ,No,0,0.0024,Low Risk,Two year,67,No,19.95,1336.65,0,Bank transfer
1293-BSEUN,No,0,0.0024,Low Risk,Two year,72,No,20.7,1490.4,0,Mailed check
7695-PKLCZ,No,0,0.0024,Low Risk,Two year,68,No,20.5,1394.0,0,Credit card
8224-KDLKN,No,0,0.0024,Low Risk,Two year,72,No,25.0,1800.0,0,Bank transfer
7980-MHFLQ,No,0,0.0024,Low Risk,Two year,72,No,24.9,1792.8,0,Mailed check
5848-FHRFC,No,0,0.0024,Low Risk,Two year,68,No,20.05,1363.4,0,Bank transfer
9365-CSLBQ,No,0,0.0024,Low Risk,Two year,71,No,24.35,1728.85,0,Mailed check
5884-FBCTL,No,0,0.0024,Low Risk,Two year,72,No,25.1,1807.2,0,Bank transfer
4193-IBKSW,No,0,0.0024,Low Risk,Two year,72,No,24.75,1782.0,0,Bank transfer
6976-BWGLQ,No,0,0.0024,Low Risk,Two year,72,No,25.2,1814.4,0,Bank transfer
2804-ETQDK,No,0,0.0023,Low Risk,Two year,66,No,20.55,1356.3,0,Mailed check
6855-VLGOS,No,0,0.0023,Low Risk,Two year,72,No,20.55,1479.6,0,Electronic check
1555-HAPSU,No,0,0.0023,Low Risk,Two year,71,No,23.9,1696.9,0,Credit card
7711-GQBZC,No,0,0.0023,Low Risk,Two year,71,No,24.7,1753.7,0,Bank transfer
6181-AXXYF,No,0,0.0023,Low Risk,Two year,72,No,24.75,1782.0,0,Credit card
0480-KYJVA,No,0,0.0023,Low Risk,Two year,72,No,24.25,1746.0,0,Credit card
6585-WCEWR,No,0,0.0023,Low Risk,Two year,72,No,20.35,1465.2,0,Electronic check
2607-DHDAK,No,0,0.0023,Low Risk,Two year,72,No,19.8,1425.6,0,Credit card
4821-WQOYN,No,0,0.0023,Low Risk,Two year,72,No,20.1,1447.2,0,Credit card
6621-NRZAK,No,0,0.0023,Low Risk,Two year,63,No,20.0,1260.0,0,Credit card
7010-BRBUU,No,0,0.0023,Low Risk,Two year,72,No,24.1,1735.2,0,Credit card
0174-QRVVY,No,0,0.0023,Low Risk,Two year,71,No,25.35,1799.85,0,Credit card
7602-DBTOU,No,0,0.0023,Low Risk,Two year,71,No,19.6,1391.6,0,Mailed check
6060-QBMGV,No,0,0.0022,Low Risk,Two year,70,No,19.85,1389.5,0,Credit card
0402-OAMEN,No,0,0.0022,Low Risk,Two year,72,No,24.45,1760.4,0,Bank transfer
8285-ABVLB,No,0,0.0022,Low Risk,Two year,70,No,19.85,1389.5,0,Credit card
6285-FTQBF,No,0,0.0022,Low Risk,Two year,72,No,25.55,1839.6,0,Credit card
3274-NSDWE,No,0,0.0022,Low Risk,Two year,68,No,19.6,1332.8,0,Credit card
7684-XSZIY,No,0,0.0022,Low Risk,Two year,72,No,24.3,1749.6,0,Bank transfer
0505-SPOOW,No,0,0.0022,Low Risk,Two year,70,No,19.8,1386.0,0,Bank transfer
8232-UTFOZ,No,0,0.0021,Low Risk,Two year,69,No,19.95,1376.55,0,Credit card
8165-ZJRNM,No,0,0.0021,Low Risk,Two year,72,No,23.75,1710.0,0,Bank transfer
8966-SNIZF,No,0,0.0021,Low Risk,Two year,70,No,19.45,1361.5,0,Bank transfer
7463-IFMQU,No,0,0.0021,Low Risk,Two year,72,No,20.05,1443.6,0,Bank transfer
0825-CPPQH,No,0,0.002,Low Risk,Two year,71,No,19.1,1356.1,0,Credit card
5346-BZCHP,No,0,0.002,Low Risk,Two year,69,No,19.4,1338.6,0,Mailed check
5787-KXGIY,No,0,0.002,Low Risk,Two year,72,No,19.3,1389.6,0,Credit card
9800-OUIGR,No,0,0.002,Low Risk,Two year,66,No,20.0,1320.0,0,Credit card
3996-ZNWYK,No,0,0.002,Low Risk,Two year,71,No,19.8,1405.8,1,Credit card
1927-QEWMY,No,0,0.002,Low Risk,Two year,72,No,20.5,1476.0,0,Credit card
1764-VUUMT,No,0,0.002,Low Risk,Two year,66,No,19.95,1316.7,0,Credit card
2429-AYKKO,No,0,0.002,Low Risk,Two year,72,No,19.85,1429.2,0,Bank transfer
3910-MRQOY,No,0,0.002,Low Risk,Two year,72,No,19.4,1396.8,0,Bank transfer
2545-LXYVJ,No,0,0.002,Low Risk,Two year,72,No,20.7,1490.4,0,Bank transfer
3976-HXHCE,No,0,0.002,Low Risk,Two year,72,No,19.3,1389.6,0,Bank transfer
6980-IMXXE,No,0,0.0019,Low Risk,Two year,69,No,20.2,1393.8,0,Bank transfer
9537-JALFH,No,0,0.0019,Low Risk,Two year,69,No,19.9,1373.1,0,Bank transfer
3678-MNGZX,No,0,0.0019,Low Risk,Two year,68,No,19.95,1356.6,0,Bank transfer
7673-BQGKU,No,0,0.0019,Low Risk,Two year,69,No,20.15,1390.35,0,Bank transfer
1591-XWLGB,No,0,0.0019,Low Risk,Two year,71,No,19.85,1409.35,0,Credit card
0404-AHASP,No,0,0.0019,Low Risk,Two year,72,No,19.7,1418.4,0,Credit card
0831-JNISG,No,0,0.0019,Low Risk,Two year,71,No,19.8,1405.8,0,Mailed check
0902-XKXPN,No,0,0.0019,Low Risk,Two year,69,No,20.2,1393.8,0,Bank transfer
7083-MIOPC,No,0,0.0018,Low Risk,Two year,72,No,20.25,1458.0,0,Credit card
2984-RGEYA,No,0,0.0018,Low Risk,Two year,69,No,19.75,1362.75,0,Bank transfer
8750-QWZAJ,No,0,0.0018,Low Risk,Two year,70,No,19.8,1386.0,0,Bank transfer
7876-DNYAP,No,0,0.0018,Low Risk,Two year,69,No,19.8,1366.2,0,Credit card
0042-RLHYP,No,0,0.0018,Low Risk,Two year,69,No,19.7,1359.3,0,Bank transfer
4957-SREEC,No,0,0.0018,Low Risk,Two year,70,No,20.35,1424.5,0,Credit card
1403-GYAFU,No,0,0.0018,Low Risk,Two year,70,No,20.05,1403.5,0,Credit card
0264-CNITK,No,0,0.0017,Low Risk,Two year,71,No,20.1,1427.1,0,Bank transfer
0794-YVSGE,No,0,0.0017,Low Risk,Two year,72,No,20.3,1461.6,0,Bank transfer
8229-BUJHX,No,0,0.0017,Low Risk,Two year,71,No,20.5,1455.5,0,Bank transfer
3279-DYZQM,No,0,0.0017,Low Risk,Two year,71,No,19.45,1380.95,0,Mailed check
4086-WITJG,No,0,0.0017,Low Risk,Two year,71,No,19.7,1398.7,0,Credit card
3642-BYHDO,No,0,0.0017,Low Risk,Two year,71,No,19.9,1412.9,0,Bank transfer
1052-QJIBV,No,0,0.0017,Low Risk,Two year,71,No,19.9,1412.9,0,Credit card
6928-ONTRW,No,0,0.0016,Low Risk,Two year,72,No,19.7,1418.4,0,Credit card
4817-KEQSP,No,0,0.0016,Low Risk,Two year,71,No,19.85,1409.35,0,Bank transfer
4277-BWBML,No,0,0.0016,Low Risk,Two year,72,No,19.95,1436.4,0,Bank transfer
0784-ZQJZX,No,0,0.0016,Low Risk,Two year,72,No,19.9,1432.8,0,Credit card
0464-WJTKO,No,0,0.0016,Low Risk,Two year,72,No,20.1,1447.2,0,Bank transfer
0640-YJTPY,No,0,0.0016,Low Risk,Two year,72,No,21.0,1512.0,0,Bank transfer
2848-YXSMW,No,0,0.0015,Low Risk,Two year,72,No,19.4,1396.8,0,Credit card
3173-WSSUE,No,0,0.0015,Low Risk,Two year,71,No,19.7,1398.7,0,Credit card
1166-PQLGG,No,0,0.0015,Low Risk,Two year,72,No,19.55,1407.6,0,Bank transfer
