customerID,gender,SeniorCitizen,Partner,Dependents,tenure,PhoneService,Multiple lines ,InternetService,OnlineSecurity,OnlineBackup,DeviceProtection,TechSupport,StreamingTV,StreamingMovies,Contract,PaperlessBilling,PaymentMethod,MonthlyCharges, Total charges ,Churn,Tenure_Group,Monthly_Charges_Group
7590-VHVEG,Female,0,Yes,No,1,No,No,DSL,No,Yes,No,No,No,No,Month-to-month,Yes,Electronic check,29.85,29.85,No,0–12 months,Below 30
5575-GNVDE,Male,0,No,No,34,Yes,No,DSL,Yes,No,Yes,No,No,No,One year,No,Mailed check,56.95,1936.3,No,25–48 months,30–60
3668-QPYBK,Male,0,No,No,2,Yes,No,DSL,Yes,Yes,No,No,No,No,Month-to-month,Yes,Mailed check,53.85,107.7,Yes,0–12 months,30–60
7795-CFOCW,Male,0,No,No,45,No,No,DSL,Yes,No,Yes,Yes,No,No,One year,No,Bank transfer,42.3,1903.5,No,25–48 months,30–60
9237-HQITU,Female,0,No,No,2,Yes,No,Fiber optic,No,No,No,No,No,No,Month-to-month,Yes,Electronic check,70.7,141.4,Yes,0–12 months,60–90
9305-CDSKC,Female,0,No,No,8,Yes,Yes,Fiber optic,No,No,Yes,No,Yes,No,Month-to-month,Yes,Electronic check,99.65,797.2,Yes,0–12 months,Above 90
1452-KIOVK,Male,0,No,Yes,22,Yes,Yes,Fiber optic,No,Yes,No,No,Yes,Yes,Month-to-month,Yes,Credit card,89.1,1960.2,No,13–24 months,60–90
6713-OKOMC,Female,0,No,No,10,No,No,DSL,Yes,No,No,No,No,No,Month-to-month,No,Mailed check,29.75,297.5,No,0–12 months,Below 30
7892-POOKP,Female,0,Yes,No,28,Yes,Yes,Fiber optic,No,No,Yes,Yes,Yes,No,Month-to-month,Yes,Electronic check,104.8,2934.4,Yes,25–48 months,Above 90
6388-TABGU,Male,0,No,Yes,62,Yes,No,DSL,Yes,Yes,No,No,No,Yes,One year,No,Bank transfer,56.15,3481.3,No,61+ months,30–60
9763-GRSKD,Male,0,Yes,Yes,13,Yes,No,DSL,Yes,No,No,No,No,No,Month-to-month,Yes,Mailed check,49.95,649.35,No,13–24 months,30–60
7469-LKBCI,Male,0,No,No,16,Yes,No,No,No,No,No,No,No,No,Two year,No,Credit card,18.95,303.2,No,13–24 months,Below 30
8091-TTVAX,Male,0,Yes,No,58,Yes,Yes,Fiber optic,No,No,Yes,No,Yes,No,One year,No,Credit card,100.35,5820.3,No,49–60 months,Above 90
0280-XJGEX,Male,0,No,No,49,Yes,Yes,Fiber optic,No,Yes,Yes,No,Yes,Yes,Month-to-month,Yes,Bank transfer,103.7,5081.3,Yes,49–60 months,Above 90
5129-JLPIS,Male,0,No,No,25,Yes,No,Fiber optic,Yes,No,Yes,Yes,Yes,Yes,Month-to-month,Yes,Electronic check,105.5,2637.5,No,25–48 months,Above 90
3655-SNQYZ,Female,0,Yes,Yes,69,Yes,Yes,Fiber optic,Yes,Yes,Yes,Yes,Yes,Yes,Two year,No,Credit card,113.25,7814.25,No,61+ months,Above 90
8191-XWSZG,Female,0,No,No,52,Yes,No,No,No,No,No,No,No,Yes,One year,No,Mailed check,20.65,1073.8,No,49–60 months,Below 30
9959-WOFKT,Male,0,No,Yes,71,Yes,Yes,Fiber optic,Yes,No,Yes,No,Yes,No,Two year,No,Bank transfer,106.7,7575.7,No,61+ months,Above 90
4190-MFLUW,Female,0,Yes,Yes,10,Yes,No,DSL,No,No,Yes,Yes,No,Yes,Month-to-month,No,Credit card,55.2,552.0,Yes,0–12 months,30–60
4183-MYFRB,Female,0,No,No,21,Yes,No,Fiber optic,No,Yes,Yes,No,No,No,Month-to-month,Yes,Electronic check,90.05,1891.05,No,13–24 months,Above 90
8779-QRDMV,Male,1,No,No,1,No,No,DSL,No,No,Yes,No,No,Yes,Month-to-month,Yes,Electronic check,39.65,39.65,Yes,0–12 months,30–60
1680-VDCWW,Male,0,Yes,No,12,Yes,No,No,No,No,No,No,No,Yes,One year,No,Bank transfer,19.8,237.6,No,0–12 months,Below 30
1066-JKSGK,Male,0,No,No,1,Yes,No,No,No,No,No,No,No,No,Month-to-month,No,Mailed check,20.15,20.15,Yes,0–12 months,Below 30
3638-WEABW,Female,0,Yes,No,58,Yes,Yes,DSL,No,Yes,No,Yes,No,No,Two year,Yes,Credit card,59.9,3474.2,No,49–60 months,30–60
6322-HRPFA,Male,0,Yes,Yes,49,Yes,No,DSL,Yes,Yes,No,Yes,No,No,Month-to-month,No,Credit card,59.6,2920.4,No,49–60 months,30–60
6865-JZNKO,Female,0,No,No,30,Yes,No,DSL,Yes,Yes,No,No,No,No,Month-to-month,Yes,Bank transfer,55.3,1659.0,No,25–48 months,30–60
6467-CHFZW,Male,0,Yes,Yes,47,Yes,Yes,Fiber optic,No,Yes,No,No,Yes,No,Month-to-month,Yes,Electronic check,99.35,4669.45,Yes,25–48 months,Above 90
8665-UTDHZ,Male,0,Yes,Yes,1,No,No,DSL,No,Yes,No,No,No,Yes,Month-to-month,No,Electronic check,30.2,30.2,Yes,0–12 months,30–60
5248-YGIJN,Male,0,Yes,No,72,Yes,Yes,DSL,Yes,Yes,Yes,Yes,Yes,No,Two year,Yes,Credit card,90.25,6498.0,No,61+ months,Above 90
8773-HHUOZ,Female,0,No,Yes,17,Yes,No,DSL,No,No,No,No,Yes,Yes,Month-to-month,Yes,Mailed check,64.7,1099.9,Yes,13–24 months,60–90
3841-NFECX,Female,1,Yes,No,71,Yes,Yes,Fiber optic,Yes,Yes,Yes,Yes,No,Yes,Two year,Yes,Credit card,96.35,6840.85,No,61+ months,Above 90
4929-XIHVW,Male,1,Yes,No,2,Yes,No,Fiber optic,No,No,Yes,No,Yes,No,Month-to-month,Yes,Credit card,95.5,191.0,No,0–12 months,Above 90
6827-IEAUQ,Female,0,Yes,Yes,27,Yes,No,DSL,Yes,Yes,Yes,Yes,No,Yes,One year,No,Mailed check,66.15,1786.05,No,25–48 months,60–90
7310-EGVHZ,Male,0,No,No,1,Yes,No,No,No,No,No,No,No,No,Month-to-month,No,Bank transfer,20.2,20.2,No,0–12 months,Below 30
3413-BMNZE,Male,1,No,No,1,Yes,No,DSL,No,No,No,No,No,No,Month-to-month,No,Bank transfer,45.25,45.25,No,0–12 months,30–60
6234-RAAPL,Female,0,Yes,Yes,72,Yes,Yes,Fiber optic,Yes,Yes,No,Yes,Yes,No,Two year,No,Bank transfer,99.9,7192.8,No,61+ months,Above 90
6047-YHPVI,Male,0,No,No,5,Yes,No,Fiber optic,No,No,No,No,No,No,Month-to-month,Yes,Electronic check,69.7,348.5,Yes,0–12 months,60–90
6572-ADKRS,Female,0,No,No,46,Yes,No,Fiber optic,No,No,Yes,No,No,No,Month-to-month,Yes,Credit card,74.8,3440.8,No,25–48 months,60–90
5380-WJKOV,Male,0,No,No,34,Yes,Yes,Fiber optic,No,Yes,Yes,No,Yes,No,Month-to-month,Yes,Electronic check,106.35,3615.9,Yes,25–48 months,Above 90
8168-UQWWF,Female,0,No,No,11,Yes,Yes,Fiber optic,No,No,Yes,No,Yes,Yes,Month-to-month,Yes,Bank transfer,97.85,1076.35,Yes,0–12 months,Above 90
8865-TNMNX,Male,0,Yes,Yes,10,Yes,No,DSL,No,Yes,No,No,No,Yes,One year,No,Mailed check,49.55,495.5,No,0–12 months,30–60
9489-DEDVP,Female,0,Yes,Yes,70,Yes,Yes,DSL,Yes,Yes,No,No,Yes,No,Two year,Yes,Credit card,69.2,4844.0,No,61+ months,60–90
9867-JCZSP,Female,0,Yes,Yes,17,Yes,No,No,No,No,No,No,No,No,One year,No,Mailed check,20.75,352.75,No,13–24 months,Below 30
4671-VJLCL,Female,0,No,No,63,Yes,Yes,DSL,Yes,Yes,Yes,Yes,Yes,No,Two year,Yes,Credit card,79.85,5030.55,No,61+ months,60–90
4080-IIARD,Female,0,Yes,No,13,Yes,Yes,DSL,Yes,Yes,No,Yes,Yes,No,Month-to-month,Yes,Electronic check,76.2,990.6,No,13–24 months,60–90
3714-NTNFO,Female,0,No,No,49,Yes,Yes,Fiber optic,No,No,No,No,No,No,Month-to-month,Yes,Electronic check,84.5,4140.5,No,49–60 months,60–90
5948-UJZLF,Male,0,No,No,2,Yes,No,DSL,No,Yes,No,No,No,Yes,Month-to-month,No,Mailed check,49.25,98.5,No,0–12 months,30–60
7760-OYPDY,Female,0,No,No,2,Yes,No,Fiber optic,No,No,No,No,Yes,No,Month-to-month,Yes,Electronic check,80.65,161.3,Yes,0–12 months,60–90
7639-LIAYI,Male,0,No,No,52,Yes,Yes,DSL,Yes,No,No,Yes,Yes,No,Two year,Yes,Credit card,79.75,4147.0,No,49–60 months,60–90
2954-PIBKO,Female,0,Yes,Yes,69,Yes,Yes,DSL,Yes,No,Yes,Yes,No,Yes,Two year,Yes,Credit card,64.15,4426.35,No,61+ months,60–90
8012-SOUDQ,Female,1,No,No,43,Yes,Yes,Fiber optic,No,Yes,No,No,Yes,No,Month-to-month,Yes,Electronic check,90.25,3880.75,No,25–48 months,Above 90
9420-LOJKX,Female,0,No,No,15,Yes,No,Fiber optic,Yes,Yes,No,No,Yes,No,Month-to-month,Yes,Credit card,99.1,1486.5,Yes,13–24 months,Above 90
6575-SUVOI,Female,1,Yes,No,25,Yes,Yes,DSL,Yes,No,No,Yes,Yes,Yes,Month-to-month,Yes,Credit card,69.5,1737.5,No,25–48 months,60–90
7495-OOKFY,Female,1,Yes,No,8,Yes,Yes,Fiber optic,No,Yes,No,No,No,No,Month-to-month,Yes,Credit card,80.65,645.2,Yes,0–12 months,60–90
4667-QONEA,Female,1,Yes,Yes,60,Yes,No,DSL,Yes,Yes,Yes,Yes,No,No,One year,Yes,Credit card,74.85,4491.0,No,49–60 months,60–90
1658-BYGOY,Male,1,No,No,18,Yes,Yes,Fiber optic,No,No,No,No,Yes,Yes,Month-to-month,Yes,Electronic check,95.45,1718.1,Yes,13–24 months,Above 90
8769-KKTPH,Female,0,Yes,Yes,63,Yes,Yes,Fiber optic,Yes,No,No,No,Yes,Yes,One year,Yes,Credit card,99.65,6277.95,No,61+ months,Above 90
5067-XJQFU,Male,1,Yes,Yes,66,Yes,Yes,Fiber optic,No,Yes,Yes,Yes,Yes,Yes,One year,Yes,Electronic check,108.45,7157.7,No,61+ months,Above 90
3957-SQXML,Female,0,Yes,Yes,34,Yes,Yes,No,No,No,No,No,No,Yes,Two year,No,Credit card,24.95,848.3,No,25–48 months,Below 30
5954-BDFSG,Female,0,No,No,72,Yes,Yes,Fiber optic,No,No,Yes,Yes,Yes,No,Two year,Yes,Credit card,107.5,7740.0,No,61+ months,Above 90
0434-CSFON,Female,0,Yes,No,47,Yes,Yes,Fiber optic,No,No,Yes,No,Yes,Yes,Month-to-month,Yes,Electronic check,100.5,4723.5,No,25–48 months,Above 90
1215-FIGMP,Male,0,No,No,60,Yes,Yes,Fiber optic,No,Yes,No,No,Yes,Yes,Month-to-month,Yes,Bank transfer,89.9,5394.0,No,49–60 months,60–90
0526-SXDJP,Male,0,Yes,No,72,No,No,DSL,Yes,Yes,Yes,No,No,No,Two year,No,Bank transfer,42.1,3031.2,No,61+ months,30–60
0557-ASKVU,Female,0,Yes,Yes,18,Yes,No,DSL,No,No,Yes,Yes,No,No,One year,Yes,Credit card,54.4,979.2,No,13–24 months,30–60
5698-BQJOH,Female,0,No,No,9,Yes,Yes,Fiber optic,No,No,No,No,Yes,No,Month-to-month,No,Electronic check,94.4,849.6,Yes,0–12 months,Above 90
5122-CYFXA,Female,0,No,No,3,Yes,No,DSL,No,Yes,No,Yes,Yes,Yes,Month-to-month,Yes,Electronic check,75.3,225.9,No,0–12 months,60–90
8627-ZYGSZ,Male,0,Yes,No,47,Yes,Yes,Fiber optic,No,Yes,No,No,No,Yes,One year,Yes,Electronic check,78.9,3708.3,No,25–48 months,60–90
3410-YOQBQ,Female,0,No,No,31,Yes,No,DSL,No,Yes,Yes,Yes,Yes,No,Two year,No,Mailed check,79.2,2455.2,No,25–48 months,60–90
3170-NMYVV,Female,0,Yes,Yes,50,Yes,No,No,No,No,No,No,No,Yes,Two year,No,Bank transfer,20.15,1007.5,No,49–60 months,Below 30
7410-OIEDU,Male,0,No,No,10,Yes,No,Fiber optic,Yes,No,Yes,No,No,No,Month-to-month,Yes,Mailed check,79.85,798.5,No,0–12 months,60–90
2273-QCKXA,Male,0,No,No,1,Yes,No,DSL,No,No,No,Yes,No,No,Month-to-month,No,Mailed check,49.05,49.05,No,0–12 months,30–60
0731-EBJQB,Female,0,Yes,Yes,52,Yes,No,No,No,No,No,No,No,No,One year,Yes,Electronic check,20.4,1060.8,No,49–60 months,Below 30
1891-QRQSA,Male,1,Yes,Yes,64,Yes,Yes,Fiber optic,Yes,No,Yes,Yes,Yes,No,Two year,Yes,Bank transfer,111.6,7142.4,No,61+ months,Above 90
8028-PNXHQ,Male,0,Yes,Yes,62,Yes,Yes,No,No,No,No,No,No,Yes,Two year,Yes,Bank transfer,24.25,1503.5,No,61+ months,Below 30
5630-AHZIL,Female,0,No,Yes,3,Yes,No,DSL,Yes,No,No,Yes,No,No,Month-to-month,Yes,Bank transfer,64.5,193.5,No,0–12 months,60–90
2673-CXQEU,Female,1,No,No,56,Yes,Yes,Fiber optic,Yes,Yes,Yes,No,Yes,Yes,One year,No,Electronic check,110.5,6188.0,No,49–60 months,Above 90
6416-JNVRK,Female,0,No,No,46,Yes,No,DSL,No,No,No,No,No,Yes,One year,No,Credit card,55.65,2559.9,No,25–48 months,30–60
5590-ZSKRV,Female,0,Yes,Yes,8,Yes,No,DSL,Yes,Yes,No,No,No,Yes,Month-to-month,No,Mailed check,54.65,437.2,No,0–12 months,30–60
0191-ZHSKZ,Male,1,No,No,30,Yes,No,DSL,Yes,Yes,No,No,Yes,No,Month-to-month,Yes,Electronic check,74.75,2242.5,No,25–48 months,60–90
3887-PBQAO,Female,0,Yes,Yes,45,Yes,Yes,No,No,No,No,No,No,Yes,One year,Yes,Credit card,25.9,1165.5,No,25–48 months,Below 30
5919-TMRGD,Female,0,No,Yes,1,Yes,No,Fiber optic,No,No,No,No,Yes,No,Month-to-month,Yes,Electronic check,79.35,79.35,Yes,0–12 months,60–90
8108-UXRQN,Female,0,Yes,Yes,11,No,No,DSL,Yes,No,No,No,Yes,No,Month-to-month,No,Electronic check,50.55,556.05,No,0–12 months,30–60
9191-MYQKX,Female,0,Yes,No,7,Yes,No,Fiber optic,No,No,Yes,No,No,Yes,Month-to-month,Yes,Bank transfer,75.15,526.05,Yes,0–12 months,60–90
9919-YLNNG,Female,0,No,No,42,Yes,No,Fiber optic,No,Yes,Yes,Yes,Yes,No,Month-to-month,Yes,Bank transfer,103.8,4359.6,No,25–48 months,Above 90
0318-ZOPWS,Female,0,Yes,No,49,Yes,No,No,No,No,No,No,No,Yes,Two year,Yes,Bank transfer,20.15,987.35,No,49–60 months,Below 30
4445-ZJNMU,Male,0,No,No,9,Yes,Yes,Fiber optic,No,Yes,No,No,Yes,No,Month-to-month,Yes,Credit card,99.3,893.7,No,0–12 months,Above 90
4808-YNLEU,Female,0,Yes,No,35,Yes,No,DSL,Yes,No,No,No,Yes,Yes,One year,Yes,Bank transfer,62.15,2175.25,No,25–48 months,60–90
1862-QRWPE,Female,0,Yes,Yes,48,Yes,No,No,No,No,No,No,No,No,Two year,No,Bank transfer,20.65,991.2,No,25–48 months,Below 30
2796-NNUFI,Female,0,Yes,Yes,46,Yes,No,No,No,No,No,No,No,No,Two year,Yes,Mailed check,19.95,917.7,No,25–48 months,Below 30
3016-KSVCP,Male,0,Yes,No,29,No,No,DSL,No,No,No,No,Yes,No,Month-to-month,No,Mailed check,33.75,978.75,No,25–48 months,30–60
4767-HZZHQ,Male,0,Yes,Yes,30,Yes,No,Fiber optic,No,Yes,Yes,No,No,No,Month-to-month,No,Bank transfer,82.05,2461.5,No,25–48 months,60–90
2424-WVHPL,Male,1,No,No,1,Yes,No,Fiber optic,No,No,No,Yes,No,No,Month-to-month,No,Electronic check,74.7,74.7,No,0–12 months,60–90
7233-PAHHL,Male,0,Yes,Yes,66,Yes,Yes,DSL,Yes,No,Yes,Yes,Yes,No,Two year,Yes,Mailed check,84.0,5544.0,No,61+ months,60–90
6067-NGCEU,Female,0,No,No,65,Yes,Yes,Fiber optic,Yes,Yes,Yes,No,Yes,Yes,Month-to-month,Yes,Credit card,111.05,7218.25,No,61+ months,Above 90
9848-JQJTX,Male,0,No,No,72,Yes,Yes,Fiber optic,No,Yes,Yes,No,Yes,Yes,Two year,Yes,Bank transfer,100.9,7264.8,No,61+ months,Above 90
8637-XJIVR,Female,0,No,No,12,Yes,Yes,Fiber optic,Yes,No,No,No,No,Yes,Month-to-month,Yes,Electronic check,78.95,947.4,Yes,0–12 months,60–90
9803-FTJCG,Male,0,Yes,Yes,71,Yes,Yes,DSL,Yes,Yes,No,Yes,No,No,One year,Yes,Credit card,66.85,4746.35,No,61+ months,60–90
0278-YXOOG,Male,0,No,No,5,Yes,No,No,No,No,No,No,No,No,Month-to-month,No,Mailed check,21.05,105.25,Yes,0–12 months,Below 30
3212-KXOCR,Male,0,No,No,52,Yes,No,No,No,No,No,No,No,No,Two year,No,Bank transfer,21.0,1092.0,No,49–60 months,Below 30
4598-XLKNJ,Female,1,Yes,No,25,Yes,No,Fiber optic,No,Yes,Yes,No,Yes,No,Month-to-month,Yes,Electronic check,98.5,2462.5,Yes,25–48 months,Above 90
6380-ARCEH,Male,0,No,No,1,Yes,No,No,No,No,No,No,No,Yes,Month-to-month,No,Mailed check,20.2,20.2,No,0–12 months,Below 30
3679-XASPY,Female,0,Yes,Yes,1,Yes,No,No,No,No,No,No,No,No,Month-to-month,No,Electronic check,19.45,19.45,No,0–12 months,Below 30
7123-WQUHX,Male,0,No,No,38,Yes,Yes,Fiber optic,No,No,Yes,Yes,Yes,No,One year,No,Bank transfer,95.0,3610.0,No,25–48 months,Above 90
5386-THSLQ,Female,1,Yes,No,66,No,No,DSL,No,Yes,Yes,No,Yes,No,One year,No,Bank transfer,45.55,3006.3,No,61+ months,30–60
3192-NQECA,Male,0,Yes,No,68,Yes,Yes,Fiber optic,No,Yes,Yes,Yes,Yes,No,Two year,Yes,Bank transfer,110.0,7480.0,Yes,61+ months,Above 90
6180-YBIQI,Male,0,No,No,5,No,No,DSL,No,No,No,No,No,Yes,Month-to-month,No,Mailed check,24.3,121.5,No,0–12 months,Below 30
6728-DKUCO,Female,0,Yes,Yes,72,Yes,Yes,Fiber optic,Yes,Yes,No,No,Yes,No,One year,Yes,Electronic check,104.15,7498.8,No,61+ months,Above 90
9750-BOOHV,Female,0,No,No,32,No,No,DSL,Yes,No,No,No,No,Yes,One year,No,Mailed check,30.15,964.8,No,25–48 months,30–60
8597-CWYHH,Male,0,No,No,43,Yes,Yes,Fiber optic,No,No,No,No,Yes,No,One year,No,Mailed check,94.35,4057.05,No,25–48 months,Above 90
2848-YXSMW,Male,0,Yes,Yes,72,Yes,No,No,No,No,No,No,No,Yes,Two year,No,Credit card,19.4,1396.8,No,61+ months,Below 30
0486-HECZI,Male,0,Yes,No,55,Yes,Yes,Fiber optic,Yes,Yes,No,No,Yes,No,Month-to-month,Yes,Electronic check,96.75,5321.25,Yes,49–60 months,Above 90
4549-ZDQYY,Female,0,No,No,52,Yes,No,DSL,Yes,No,Yes,Yes,No,No,One year,No,Credit card,57.95,3013.4,No,49–60 months,30–60
5712-AHQNN,Female,0,No,No,43,Yes,No,Fiber optic,No,Yes,Yes,No,Yes,No,Month-to-month,Yes,Electronic check,91.65,3940.95,No,25–48 months,Above 90
4846-WHAFZ,Female,1,Yes,No,37,Yes,Yes,Fiber optic,No,No,No,No,No,No,Month-to-month,Yes,Electronic check,76.5,2830.5,Yes,25–48 months,60–90
5256-SKJGO,Female,0,Yes,Yes,64,No,No,DSL,No,Yes,No,Yes,Yes,No,Two year,Yes,Electronic check,54.6,3494.4,No,61+ months,30–60
3071-VBYPO,Male,0,Yes,Yes,3,Yes,No,Fiber optic,Yes,Yes,No,No,Yes,Yes,Month-to-month,No,Electronic check,89.85,269.55,No,0–12 months,60–90
9560-BBZXK,Female,0,No,No,36,No,No,DSL,Yes,No,No,No,No,No,Two year,No,Bank transfer,31.05,1117.8,No,25–48 months,30–60
5299-RULOA,Female,0,Yes,Yes,10,Yes,Yes,Fiber optic,Yes,No,No,No,Yes,No,Month-to-month,Yes,Electronic check,100.25,1002.5,Yes,0–12 months,Above 90
8402-OOOHJ,Female,0,No,No,41,Yes,No,No,No,No,No,No,No,Yes,Two year,No,Mailed check,20.65,846.65,No,25–48 months,Below 30
9445-ZUEQE,Male,0,Yes,Yes,27,Yes,Yes,Fiber optic,No,Yes,No,Yes,No,No,Month-to-month,Yes,Credit card,85.2,2300.4,No,25–48 months,60–90
1091-SOZGA,Female,0,Yes,Yes,56,Yes,Yes,Fiber optic,No,No,Yes,No,Yes,No,One year,Yes,Credit card,99.8,5588.8,No,49–60 months,Above 90
2928-HLDBA,Female,0,No,No,6,Yes,No,No,No,No,No,No,No,Yes,Month-to-month,No,Mailed check,20.7,124.2,No,0–12 months,Below 30
0404-SWRVG,Male,0,No,No,3,Yes,Yes,Fiber optic,No,No,No,No,No,No,Month-to-month,Yes,Electronic check,74.4,223.2,Yes,0–12 months,60–90
6497-TILVL,Female,0,Yes,Yes,7,Yes,No,DSL,Yes,No,No,No,No,No,Month-to-month,No,Mailed check,50.7,354.9,No,0–12 months,30–60
7219-TLZHO,Female,0,Yes,Yes,4,Yes,No,No,No,No,No,No,No,No,Month-to-month,No,Mailed check,20.85,83.4,No,0–12 months,Below 30
4622-YNKIJ,Male,0,No,No,33,Yes,No,Fiber optic,Yes,No,No,Yes,Yes,No,Two year,Yes,Electronic check,88.95,2935.35,No,25–48 months,60–90
4412-YLTKF,Female,1,No,No,27,Yes,Yes,Fiber optic,No,No,Yes,No,No,No,Month-to-month,Yes,Electronic check,78.05,2107.35,Yes,25–48 months,60–90
6734-PSBAW,Male,0,Yes,No,72,Yes,Yes,No,No,No,No,No,No,No,Two year,Yes,Bank transfer,23.55,1695.6,No,61+ months,Below 30
3930-ZGWVE,Male,0,No,No,1,Yes,No,No,No,No,No,No,No,No,Month-to-month,No,Mailed check,19.75,19.75,No,0–12 months,Below 30
2639-UGMAZ,Male,1,No,No,71,No,No,DSL,Yes,Yes,No,No,Yes,No,One year,Yes,Electronic check,56.45,4007.95,No,61+ months,30–60
2876-GZYZC,Female,0,No,No,13,Yes,Yes,Fiber optic,No,No,No,No,No,Yes,Month-to-month,Yes,Electronic check,85.95,1117.35,No,13–24 months,60–90
6207-WIOLX,Female,0,Yes,Yes,25,No,No,DSL,Yes,Yes,Yes,No,Yes,Yes,Month-to-month,Yes,Credit card,58.6,1465.0,Yes,25–48 months,30–60
8587-XYZSF,Male,0,No,No,67,Yes,No,DSL,No,No,No,Yes,No,Yes,Two year,No,Bank transfer,50.55,3386.85,No,61+ months,30–60
3091-FYHKI,Male,0,No,No,1,No,No,DSL,No,No,No,No,No,No,Month-to-month,Yes,Electronic check,35.45,35.45,Yes,0–12 months,30–60
2372-HWUHI,Male,0,No,No,2,Yes,No,DSL,No,No,No,No,No,Yes,Month-to-month,No,Electronic check,44.35,88.7,Yes,0–12 months,30–60
7799-LGRDP,Female,0,No,No,43,Yes,Yes,No,No,No,No,No,No,No,Two year,Yes,Credit card,25.7,1105.1,No,25–48 months,Below 30
7850-VWJUU,Female,0,No,No,23,Yes,No,Fiber optic,Yes,No,No,No,No,No,Month-to-month,Yes,Bank transfer,75.0,1725.0,No,13–24 months,60–90
3774-VBNXY,Female,0,Yes,Yes,64,Yes,No,No,No,No,No,No,No,No,Two year,No,Mailed check,20.2,1292.8,No,61+ months,Below 30
6217-KDYWC,Male,0,No,Yes,57,Yes,No,No,No,No,No,No,No,No,Two year,Yes,Mailed check,19.6,1117.2,No,49–60 months,Below 30
0390-DCFDQ,Female,1,Yes,No,1,Yes,No,Fiber optic,No,No,No,No,No,No,Month-to-month,Yes,Mailed check,70.45,70.45,Yes,0–12 months,60–90
3146-MSEGF,Female,1,Yes,Yes,72,Yes,Yes,DSL,Yes,Yes,Yes,Yes,Yes,No,Two year,Yes,Credit card,88.05,6339.6,No,61+ months,60–90
4080-OGPJL,Female,0,No,No,8,Yes,Yes,DSL,Yes,No,No,Yes,No,Yes,Month-to-month,No,Electronic check,71.15,569.2,Yes,0–12 months,60–90
1095-WGNGG,Female,0,Yes,No,61,Yes,Yes,Fiber optic,No,Yes,No,No,Yes,Yes,Two year,Yes,Bank transfer,101.05,6164.05,No,61+ months,Above 90
2636-SJDOU,Male,0,No,No,64,Yes,Yes,Fiber optic,Yes,Yes,No,No,No,Yes,One year,Yes,Credit card,84.3,5395.2,No,61+ months,60–90
1131-QQZEB,Male,1,Yes,No,71,Yes,Yes,No,No,No,No,No,No,No,Two year,No,Bank transfer,23.95,1700.45,No,61+ months,Below 30
5716-EZXZN,Female,0,Yes,Yes,65,Yes,Yes,Fiber optic,Yes,Yes,No,Yes,Yes,No,Two year,Yes,Credit card,99.05,6438.25,No,61+ months,Above 90
6837-BJYDQ,Male,0,No,No,3,Yes,No,No,No,No,No,No,No,No,One year,No,Mailed check,19.6,58.8,No,0–12 months,Below 30
2135-RXIHG,Male,0,No,No,1,Yes,No,DSL,No,No,No,No,No,No,Month-to-month,Yes,Electronic check,45.65,45.65,Yes,0–12 months,30–60
6440-DKQGE,Male,0,No,Yes,30,Yes,No,DSL,No,Yes,Yes,No,Yes,No,One year,No,Credit card,64.5,1935.0,No,25–48 months,60–90
3466-BYAVD,Male,0,Yes,Yes,15,Yes,No,DSL,No,Yes,Yes,Yes,No,No,Month-to-month,Yes,Mailed check,69.5,1042.5,No,13–24 months,60–90
3780-YVMFA,Female,0,Yes,Yes,8,Yes,No,DSL,No,No,No,Yes,Yes,Yes,Month-to-month,Yes,Electronic check,68.55,548.4,No,0–12 months,60–90
3874-EQOEP,Male,0,No,No,7,Yes,Yes,Fiber optic,No,No,No,No,Yes,Yes,Month-to-month,No,Mailed check,95.0,665.0,Yes,0–12 months,Above 90
1679-JRFBR,Female,0,Yes,Yes,70,Yes,Yes,Fiber optic,Yes,Yes,Yes,No,Yes,Yes,One year,Yes,Credit card,108.15,7570.5,No,61+ months,Above 90
9073-ZZIAY,Male,0,Yes,Yes,62,Yes,No,DSL,Yes,Yes,Yes,Yes,Yes,Yes,Two year,No,Electronic check,86.1,5338.2,No,61+ months,60–90
3077-RSNTJ,Female,0,Yes,Yes,6,Yes,No,No,No,No,No,No,No,Yes,Month-to-month,No,Mailed check,19.7,118.2,No,0–12 months,Below 30
6551-GNYDG,Female,0,Yes,Yes,14,Yes,No,Fiber optic,No,No,No,No,No,No,Month-to-month,Yes,Bank transfer,80.9,1132.6,No,13–24 months,60–90
9167-APMXZ,Female,0,No,No,22,Yes,Yes,Fiber optic,No,No,No,No,Yes,Yes,Month-to-month,Yes,Bank transfer,84.15,1851.3,No,13–24 months,60–90
2749-CTKAJ,Male,0,Yes,Yes,22,Yes,No,No,No,No,No,No,No,No,One year,No,Mailed check,20.15,443.3,No,13–24 months,Below 30
6371-NZYEG,Male,0,Yes,Yes,16,Yes,No,DSL,Yes,No,Yes,No,Yes,No,Two year,No,Mailed check,64.25,1028.0,No,13–24 months,60–90
7554-NEWDD,Male,0,No,No,10,Yes,Yes,No,No,No,No,No,No,No,Two year,No,Bank transfer,25.7,257.0,No,0–12 months,Below 30
8992-VONJD,Female,0,No,Yes,13,Yes,No,DSL,Yes,Yes,No,No,No,No,Month-to-month,Yes,Electronic check,56.0,728.0,No,13–24 months,30–60
0867-MKZVY,Female,0,Yes,No,20,Yes,Yes,Fiber optic,Yes,No,No,No,No,No,Month-to-month,No,Electronic check,82.4,1648.0,Yes,13–24 months,60–90
4482-EWFMI,Female,0,No,No,2,Yes,No,Fiber optic,No,No,No,No,No,No,Month-to-month,Yes,Electronic check,69.7,139.4,No,0–12 months,60–90
4648-YPBTM,Male,0,No,No,53,Yes,Yes,DSL,No,Yes,Yes,Yes,No,No,Two year,Yes,Bank transfer,73.9,3916.7,No,49–60 months,60–90
2907-ILJBN,Female,0,Yes,Yes,11,Yes,No,No,No,No,No,No,No,Yes,One year,No,Mailed check,20.6,226.6,No,0–12 months,Below 30
6345-FZOQH,Male,0,Yes,No,69,Yes,No,No,No,No,No,No,No,No,Two year,No,Mailed check,19.9,1373.1,No,61+ months,Below 30
3376-BMGFE,Female,0,No,No,4,Yes,No,Fiber optic,No,No,No,No,No,No,Month-to-month,Yes,Bank transfer,70.9,283.6,Yes,0–12 months,60–90
5997-OPVFA,Male,0,Yes,No,72,Yes,Yes,DSL,Yes,Yes,Yes,Yes,Yes,No,Two year,Yes,Bank transfer,89.05,6411.6,No,61+ months,60–90
3445-HXXGF,Male,1,Yes,No,58,No,No,DSL,No,Yes,Yes,No,No,Yes,Month-to-month,Yes,Electronic check,45.3,2627.4,Yes,49–60 months,30–60
1159-WFSGR,Female,0,Yes,Yes,16,Yes,No,No,No,No,No,No,No,Yes,Month-to-month,No,Electronic check,20.4,326.4,No,13–24 months,Below 30
7654-YWJUF,Male,0,Yes,No,43,Yes,No,Fiber optic,Yes,No,Yes,Yes,No,No,One year,Yes,Bank transfer,84.25,3622.75,No,25–48 months,60–90
1875-QIVME,Female,0,Yes,No,2,Yes,Yes,Fiber optic,No,No,Yes,Yes,Yes,No,Month-to-month,Yes,Electronic check,104.4,208.8,Yes,0–12 months,Above 90
6727-IOTLZ,Male,0,Yes,No,14,Yes,No,DSL,No,Yes,Yes,Yes,Yes,Yes,Two year,No,Mailed check,81.95,1147.3,No,13–24 months,60–90
0691-JVSYA,Female,0,Yes,No,53,Yes,No,Fiber optic,No,No,Yes,No,Yes,Yes,One year,Yes,Bank transfer,94.85,5027.05,Yes,49–60 months,Above 90
5918-VUKWP,Female,0,No,No,32,Yes,No,No,No,No,No,No,No,Yes,One year,No,Bank transfer,20.55,657.6,No,25–48 months,Below 30
1744-JHKYS,Female,0,Yes,No,34,Yes,Yes,No,No,No,No,No,No,No,Month-to-month,No,Electronic check,24.7,839.8,No,25–48 months,Below 30
2656-FMOKZ,Female,1,No,No,15,Yes,Yes,Fiber optic,No,No,No,No,No,No,Month-to-month,Yes,Mailed check,74.45,1116.75,Yes,13–24 months,60–90
2070-FNEXE,Female,1,No,No,7,Yes,No,Fiber optic,Yes,No,No,No,No,No,Month-to-month,No,Bank transfer,76.45,535.15,Yes,0–12 months,60–90
5947-SGKCL,Female,0,Yes,Yes,15,Yes,Yes,Fiber optic,No,Yes,Yes,No,Yes,No,Month-to-month,Yes,Bank transfer,105.35,1580.25,No,13–24 months,Above 90
3712-PKXZA,Male,0,Yes,No,61,Yes,No,No,No,No,No,No,No,Yes,One year,Yes,Credit card,20.55,1253.55,No,61+ months,Below 30
6317-YPKDH,Female,0,No,No,1,No,No,DSL,No,Yes,No,No,No,No,Month-to-month,No,Bank transfer,29.95,29.95,Yes,0–12 months,Below 30
6582-OIVSP,Female,0,No,No,1,Yes,No,DSL,No,No,No,No,No,No,Month-to-month,No,Mailed check,45.3,45.3,No,0–12 months,30–60
9367-WXLCH,Male,0,No,No,8,Yes,Yes,Fiber optic,No,No,No,No,No,No,Month-to-month,No,Bank transfer,84.5,676.0,Yes,0–12 months,60–90
5524-KHNJP,Male,0,Yes,Yes,33,Yes,No,DSL,Yes,No,Yes,No,Yes,Yes,One year,No,Credit card,74.75,2466.75,No,25–48 months,60–90
1918-ZBFQJ,Female,0,No,No,13,Yes,No,Fiber optic,No,Yes,Yes,No,No,Yes,Month-to-month,Yes,Electronic check,79.25,1030.25,Yes,13–24 months,60–90
1024-GUALD,Female,0,Yes,No,1,No,No,DSL,No,No,No,No,No,No,Month-to-month,Yes,Electronic check,24.8,24.8,Yes,0–12 months,Below 30
4827-USJHP,Male,0,No,No,20,Yes,No,DSL,No,Yes,No,No,No,No,Month-to-month,Yes,Mailed check,51.8,1036.0,No,13–24 months,30–60
8167-GJLRN,Male,0,No,No,3,No,No,DSL,No,No,No,Yes,No,No,Month-to-month,No,Electronic check,30.4,91.2,No,0–12 months,30–60
0956-SYCWG,Female,0,No,No,13,Yes,No,No,No,No,No,No,No,No,One year,No,Electronic check,19.65,255.45,No,13–24 months,Below 30
8017-UVSZU,Female,0,Yes,No,40,Yes,Yes,DSL,No,Yes,No,No,No,No,Month-to-month,No,Credit card,56.6,2264.0,No,25–48 months,30–60
7100-FQPRV,Male,0,Yes,Yes,43,Yes,Yes,DSL,Yes,No,No,Yes,No,No,One year,Yes,Credit card,71.9,3091.7,No,25–48 months,60–90
2472-OVKUP,Male,0,Yes,No,6,Yes,No,Fiber optic,No,Yes,Yes,No,No,Yes,Month-to-month,Yes,Electronic check,91.0,546.0,Yes,0–12 months,Above 90
2984-RGEYA,Female,0,Yes,Yes,69,Yes,No,No,No,No,No,No,No,Yes,Two year,No,Bank transfer,19.75,1362.75,No,61+ months,Below 30
9680-NIAUV,Female,0,Yes,Yes,72,Yes,Yes,Fiber optic,Yes,Yes,Yes,No,Yes,No,Two year,No,Credit card,109.7,7898.4,No,61+ months,Above 90
2146-EGVDT,Male,0,Yes,Yes,59,Yes,No,No,No,No,No,No,No,Yes,Two year,No,Credit card,19.3,1138.7,No,49–60 months,Below 30
2604-IJPDU,Female,0,Yes,No,20,Yes,No,Fiber optic,Yes,Yes,No,Yes,Yes,No,Month-to-month,Yes,Electronic check,96.55,1931.0,No,13–24 months,Above 90
9178-JHUVJ,Male,0,Yes,Yes,24,Yes,Yes,No,No,No,No,No,No,No,Two year,Yes,Bank transfer,24.1,578.4,No,13–24 months,Below 30
6168-YBYNP,Male,0,No,No,59,Yes,Yes,Fiber optic,No,Yes,Yes,Yes,Yes,No,Month-to-month,Yes,Electronic check,111.35,6569.65,No,49–60 months,Above 90
7255-SSFBC,Male,0,Yes,Yes,72,Yes,Yes,Fiber optic,No,Yes,Yes,Yes,Yes,Yes,Two year,Yes,Bank transfer,112.25,8082.0,No,61+ months,Above 90
3645-DEYGF,Male,0,No,Yes,1,Yes,No,No,No,No,No,No,No,Yes,Month-to-month,No,Mailed check,20.75,20.75,No,0–12 months,Below 30
9323-HGFWY,Female,0,Yes,No,27,Yes,No,Fiber optic,Yes,No,No,Yes,Yes,No,One year,Yes,Credit card,101.9,2751.3,No,25–48 months,Above 90
8544-GOQSH,Female,0,No,No,14,Yes,No,Fiber optic,No,Yes,No,Yes,No,Yes,Month-to-month,Yes,Credit card,80.05,1120.7,No,13–24 months,60–90
3363-DTIVD,Male,0,Yes,Yes,71,Yes,Yes,Fiber optic,Yes,No,Yes,No,Yes,No,Two year,No,Electronic check,105.55,7494.05,No,61+ months,Above 90
7018-WBJNK,Male,0,No,Yes,13,Yes,No,Fiber optic,No,No,No,No,Yes,Yes,Month-to-month,Yes,Credit card,78.3,1017.9,No,13–24 months,60–90
9142-KZXOP,Male,0,No,No,44,Yes,No,Fiber optic,No,No,No,No,No,No,Month-to-month,No,Credit card,68.85,3029.4,No,25–48 months,60–90
7674-YTAFD,Female,0,No,No,33,Yes,No,Fiber optic,No,Yes,No,Yes,No,No,One year,Yes,Bank transfer,79.95,2638.35,No,25–48 months,60–90
6348-SNFUS,Male,0,Yes,Yes,72,No,No,DSL,Yes,Yes,Yes,Yes,No,No,Two year,Yes,Credit card,55.45,3992.4,No,61+ months,30–60
1285-OKIPP,Male,0,No,No,1,Yes,No,Fiber optic,No,No,No,No,No,Yes,Month-to-month,No,Electronic check,79.9,79.9,Yes,0–12 months,60–90
7825-ECJRF,Female,0,No,No,19,Yes,No,Fiber optic,Yes,No,Yes,Yes,Yes,Yes,Month-to-month,Yes,Electronic check,106.6,2025.4,Yes,13–24 months,Above 90
1347-KTTTA,Male,0,Yes,No,64,Yes,No,Fiber optic,No,Yes,Yes,Yes,Yes,Yes,One year,Yes,Credit card,102.45,6556.8,No,61+ months,Above 90
7841-TZDMQ,Male,0,No,No,2,Yes,No,DSL,No,No,No,No,No,Yes,Month-to-month,Yes,Credit card,46.0,92.0,Yes,0–12 months,30–60
4195-NZGTA,Female,0,No,No,1,No,No,DSL,No,No,No,No,No,No,Month-to-month,No,Electronic check,25.25,25.25,No,0–12 months,Below 30
7157-SMCFK,Male,0,No,Yes,61,Yes,No,No,No,No,No,No,No,No,Two year,No,Mailed check,19.75,1204.75,No,61+ months,Below 30
4709-LKHYG,Female,0,Yes,Yes,29,Yes,No,No,No,No,No,No,No,No,One year,No,Electronic check,20.0,580.0,No,25–48 months,Below 30
2504-DSHIH,Male,1,Yes,No,23,Yes,Yes,Fiber optic,No,No,No,No,No,No,Month-to-month,No,Electronic check,86.8,1996.4,No,13–24 months,60–90
0699-NDKJM,Female,0,Yes,No,57,No,No,DSL,Yes,Yes,Yes,No,Yes,Yes,Month-to-month,Yes,Bank transfer,58.75,3348.75,No,49–60 months,30–60
9286-BHDQG,Male,0,Yes,Yes,72,No,No,DSL,Yes,Yes,Yes,Yes,No,Yes,Two year,No,Credit card,45.25,3258.0,No,61+ months,30–60
0230-WEQUW,Male,0,Yes,No,66,No,No,DSL,Yes,Yes,Yes,Yes,Yes,No,Two year,Yes,Bank transfer,56.6,3735.6,No,61+ months,30–60
2040-LDIWQ,Male,0,Yes,Yes,65,Yes,Yes,DSL,No,Yes,Yes,Yes,Yes,No,Two year,Yes,Bank transfer,84.2,5473.0,No,61+ months,60–90
6496-JDSSB,Female,0,No,No,8,Yes,No,Fiber optic,No,No,No,No,Yes,Yes,Month-to-month,Yes,Bank transfer,80.0,640.0,No,0–12 months,60–90
9408-SSNVZ,Female,0,No,No,4,Yes,No,Fiber optic,No,No,No,No,No,No,Month-to-month,Yes,Electronic check,70.15,280.6,Yes,0–12 months,60–90
4443-EMBNA,Female,0,Yes,No,71,Yes,Yes,No,No,No,No,No,No,No,Two year,No,Bank transfer,24.75,1757.25,No,61+ months,Below 30
6469-MRVET,Male,0,Yes,Yes,1,Yes,No,No,No,No,No,No,No,No,One year,Yes,Electronic check,20.2,20.2,No,0–12 months,Below 30
0742-MOABM,Male,0,Yes,No,4,Yes,No,DSL,No,No,No,Yes,No,No,Month-to-month,No,Mailed check,50.05,200.2,Yes,0–12 months,30–60
5961-VUSRV,Female,0,No,No,12,Yes,No,No,No,No,No,No,No,No,One year,Yes,Bank transfer,19.35,232.2,No,0–12 months,Below 30
6778-JFCMK,Male,0,No,No,24,No,No,DSL,Yes,No,No,No,Yes,No,One year,Yes,Mailed check,50.6,1214.4,No,13–24 months,30–60
6341-JVQGF,Female,0,Yes,Yes,31,Yes,No,DSL,Yes,No,Yes,Yes,Yes,Yes,One year,Yes,Mailed check,81.15,2515.65,No,25–48 months,60–90
2232-DMLXU,Female,0,Yes,No,1,Yes,No,DSL,No,No,No,No,Yes,Yes,Month-to-month,No,Mailed check,55.2,55.2,Yes,0–12 months,30–60
4811-JBUVU,Male,0,No,No,30,Yes,Yes,Fiber optic,No,No,No,Yes,No,No,Month-to-month,Yes,Credit card,89.9,2697.0,No,25–48 months,60–90
0945-TSONX,Female,0,Yes,Yes,47,Yes,Yes,DSL,Yes,Yes,No,Yes,Yes,Yes,Two year,Yes,Credit card,85.3,4009.1,No,25–48 months,60–90
2651-ZCBXV,Male,0,No,No,54,Yes,Yes,Fiber optic,Yes,Yes,No,Yes,Yes,Yes,Two year,Yes,Credit card,108.0,5832.0,No,49–60 months,Above 90
3316-UWXUY,Male,0,No,No,50,Yes,No,Fiber optic,Yes,Yes,No,Yes,No,Yes,Month-to-month,Yes,Credit card,93.5,4675.0,No,49–60 months,Above 90
8937-RDTHP,Male,0,No,No,1,Yes,No,Fiber optic,Yes,No,No,No,No,Yes,Month-to-month,Yes,Mailed check,84.6,84.6,Yes,0–12 months,60–90
7083-MIOPC,Female,0,No,No,72,Yes,No,No,No,No,No,No,No,Yes,Two year,No,Credit card,20.25,1458.0,No,61+ months,Below 30
1984-GPTEH,Female,0,No,No,29,Yes,Yes,No,No,No,No,No,No,No,Month-to-month,No,Electronic check,25.15,729.35,No,25–48 months,Below 30
1251-KRREG,Male,0,No,No,2,Yes,Yes,DSL,No,Yes,No,No,No,No,Month-to-month,Yes,Mailed check,54.4,108.8,Yes,0–12 months,30–60
0621-JFHOL,Female,0,No,No,10,No,No,DSL,No,No,No,Yes,No,No,Two year,Yes,Mailed check,29.6,296.0,No,0–12 months,Below 30
9903-LYSAB,Male,0,Yes,No,18,Yes,Yes,Fiber optic,No,No,No,No,No,No,Month-to-month,Yes,Electronic check,73.15,1316.7,No,13–24 months,60–90
0094-OIFMO,Female,1,No,No,11,Yes,No,Fiber optic,No,Yes,No,No,Yes,No,Month-to-month,Yes,Electronic check,95.0,1045.0,Yes,0–12 months,Above 90
9227-UAQFT,Male,0,No,No,16,Yes,No,No,No,No,No,No,No,Yes,Two year,No,Mailed check,19.75,316.0,No,13–24 months,Below 30
7301-ABVAD,Female,0,No,No,72,Yes,Yes,DSL,No,Yes,Yes,Yes,Yes,No,Two year,No,Bank transfer,86.6,6235.2,No,61+ months,60–90
6614-FHDBO,Male,0,No,No,72,Yes,Yes,Fiber optic,No,Yes,Yes,Yes,Yes,Yes,Two year,No,Bank transfer,109.2,7862.4,No,61+ months,Above 90
7576-ASEJU,Female,0,Yes,Yes,41,Yes,No,DSL,Yes,No,No,Yes,Yes,Yes,One year,Yes,Credit card,74.7,3062.7,No,25–48 months,60–90
9058-HRZSV,Female,1,Yes,No,65,Yes,No,Fiber optic,Yes,Yes,Yes,No,No,Yes,Month-to-month,No,Electronic check,94.4,6136.0,No,61+ months,Above 90
4522-AKYLR,Female,1,No,No,13,Yes,No,DSL,No,Yes,Yes,No,No,Yes,Month-to-month,Yes,Electronic check,54.8,712.4,No,13–24 months,30–60
0221-WMXNQ,Male,1,No,No,4,Yes,No,Fiber optic,Yes,No,No,No,No,No,Month-to-month,No,Electronic check,75.35,301.4,No,0–12 months,60–90
0303-UNCIP,Male,0,No,No,41,Yes,Yes,DSL,No,No,Yes,No,No,No,One year,No,Mailed check,65.0,2665.0,No,25–48 months,60–90
9947-OTFQU,Male,1,No,No,15,Yes,No,Fiber optic,No,Yes,No,No,No,Yes,Month-to-month,Yes,Electronic check,74.4,1116.0,Yes,13–24 months,60–90
0322-YINQP,Male,0,No,No,1,Yes,No,DSL,Yes,No,No,No,No,No,Month-to-month,Yes,Mailed check,48.55,48.55,Yes,0–12 months,30–60
0959-WHOKV,Male,0,No,No,42,Yes,Yes,Fiber optic,Yes,Yes,Yes,No,No,No,One year,Yes,Electronic check,99.0,4158.0,No,25–48 months,Above 90
4075-JFPGR,Female,0,Yes,No,51,Yes,No,Fiber optic,Yes,Yes,Yes,No,Yes,Yes,One year,Yes,Electronic check,93.5,4768.5,No,49–60 months,Above 90
4629-NRXKX,Female,0,Yes,Yes,2,Yes,No,Fiber optic,No,No,No,No,No,No,Month-to-month,No,Electronic check,70.4,140.8,Yes,0–12 months,60–90
9514-JDSKI,Male,1,Yes,No,1,No,No,DSL,No,Yes,No,No,Yes,No,Month-to-month,No,Electronic check,40.2,40.2,Yes,0–12 months,30–60
3282-ZISZV,Male,0,No,Yes,32,Yes,Yes,DSL,No,Yes,Yes,Yes,Yes,No,One year,No,Credit card,83.7,2678.4,No,25–48 months,60–90
3675-YDUPJ,Male,0,No,No,10,Yes,No,No,No,No,No,No,No,Yes,Month-to-month,Yes,Mailed check,19.85,198.5,No,0–12 months,Below 30
4111-BNXIF,Female,0,Yes,Yes,67,No,No,DSL,No,Yes,Yes,Yes,Yes,No,Two year,Yes,Electronic check,59.55,3989.85,No,61+ months,30–60
7017-VFHAY,Female,0,Yes,Yes,61,Yes,Yes,Fiber optic,Yes,Yes,Yes,Yes,Yes,Yes,Two year,No,Credit card,115.1,7021.1,No,61+ months,Above 90
6655-LHBYW,Male,0,No,No,50,Yes,Yes,Fiber optic,Yes,Yes,Yes,Yes,Yes,Yes,One year,No,Credit card,114.35,5717.5,No,49–60 months,Above 90
4959-JOSRX,Female,0,Yes,No,2,Yes,No,DSL,No,No,No,No,No,Yes,Month-to-month,Yes,Credit card,44.6,89.2,Yes,0–12 months,30–60
5046-NUHWD,Female,1,Yes,No,29,No,No,DSL,Yes,No,Yes,No,No,No,Month-to-month,Yes,Electronic check,45.0,1305.0,No,25–48 months,30–60
7273-TEFQD,Male,1,No,No,3,No,No,DSL,No,No,Yes,No,No,Yes,Month-to-month,Yes,Electronic check,41.15,123.45,Yes,0–12 months,30–60
3606-TWKGI,Male,1,No,No,13,Yes,Yes,Fiber optic,No,Yes,Yes,No,Yes,Yes,Month-to-month,Yes,Electronic check,106.9,1389.7,Yes,13–24 months,Above 90
7529-ZDFXI,Male,1,Yes,No,57,Yes,Yes,Fiber optic,No,Yes,No,No,No,Yes,Month-to-month,Yes,Electronic check,89.85,5121.45,No,49–60 months,60–90
7605-BDWDC,Female,0,No,No,31,No,No,DSL,Yes,Yes,No,Yes,No,Yes,Two year,Yes,Bank transfer,49.85,1545.35,No,25–48 months,30–60
1950-KSVVJ,Female,0,Yes,No,45,Yes,Yes,Fiber optic,Yes,Yes,Yes,Yes,Yes,Yes,One year,No,Mailed check,113.3,5098.5,No,25–48 months,Above 90
0123-CRBRT,Female,0,Yes,Yes,61,Yes,Yes,DSL,Yes,Yes,Yes,Yes,Yes,Yes,Two year,No,Mailed check,88.1,5374.1,No,61+ months,60–90
6292-TOSSS,Male,0,No,No,50,Yes,Yes,No,No,No,No,No,No,Yes,Two year,No,Bank transfer,24.9,1245.0,No,49–60 months,Below 30
3197-ARFOY,Female,1,No,No,19,Yes,No,Fiber optic,Yes,Yes,No,Yes,Yes,No,Month-to-month,Yes,Mailed check,105.0,1995.0,No,13–24 months,Above 90
6323-AYBRX,Male,0,No,No,59,Yes,No,No,No,No,No,No,No,Yes,Two year,No,Mailed check,19.35,1141.65,Yes,49–60 months,Below 30
7014-ZZXAW,Female,0,Yes,No,71,Yes,Yes,No,No,No,No,No,No,No,Two year,Yes,Credit card,24.25,1721.75,No,61+ months,Below 30
4385-GZQXV,Female,1,No,No,16,Yes,No,Fiber optic,No,No,No,Yes,Yes,No,Month-to-month,Yes,Electronic check,94.45,1511.2,Yes,13–24 months,Above 90
7633-MVPUY,Male,0,Yes,No,57,Yes,No,DSL,Yes,Yes,No,Yes,No,Yes,Two year,Yes,Electronic check,59.75,3405.75,No,49–60 months,30–60
6366-ZGQGL,Male,0,No,No,1,No,No,DSL,No,No,No,No,No,No,Month-to-month,No,Bank transfer,24.8,24.8,Yes,0–12 months,Below 30
4716-HHKQH,Male,1,Yes,No,20,Yes,Yes,Fiber optic,No,Yes,No,Yes,Yes,No,Month-to-month,No,Electronic check,107.05,2141.0,No,13–24 months,Above 90
5940-AHUHD,Male,0,No,No,1,Yes,No,Fiber optic,No,No,No,No,No,Yes,Month-to-month,No,Mailed check,70.6,70.6,Yes,0–12 months,60–90
6432-TWQLB,Male,0,Yes,No,5,Yes,Yes,Fiber optic,No,Yes,No,Yes,No,No,Month-to-month,Yes,Electronic check,85.4,427.0,Yes,0–12 months,60–90
4484-GLZOU,Female,0,Yes,No,52,Yes,Yes,Fiber optic,No,Yes,Yes,No,Yes,No,Month-to-month,Yes,Electronic check,105.05,5462.6,Yes,49–60 months,Above 90
3179-GBRWV,Male,1,Yes,No,21,Yes,No,DSL,Yes,Yes,No,No,No,Yes,Month-to-month,Yes,Bank transfer,64.95,1363.95,No,13–24 months,60–90
8645-KWHJO,Male,0,No,No,14,No,No,DSL,No,No,Yes,Yes,Yes,Yes,Month-to-month,Yes,Electronic check,55.0,770.0,No,13–24 months,30–60
4130-MZLCC,Female,0,No,No,5,Yes,No,DSL,No,Yes,No,No,No,Yes,Month-to-month,No,Bank transfer,50.55,252.75,No,0–12 months,30–60
0314-TKOSI,Female,0,No,No,6,Yes,No,DSL,Yes,Yes,No,No,No,No,Month-to-month,No,Mailed check,55.15,330.9,No,0–12 months,30–60
8229-MYEJZ,Female,0,No,No,10,Yes,No,DSL,No,Yes,No,No,No,No,Month-to-month,No,Electronic check,51.2,512.0,No,0–12 months,30–60
2080-SRCDE,Female,0,No,Yes,1,Yes,Yes,No,No,No,No,No,No,No,Month-to-month,No,Mailed check,25.4,25.4,No,0–12 months,Below 30
9577-WJVCQ,Female,0,No,No,68,Yes,Yes,DSL,Yes,No,No,No,No,No,Month-to-month,No,Mailed check,54.45,3702.6,No,61+ months,30–60
9512-UIBFX,Male,0,Yes,Yes,18,Yes,No,Fiber optic,No,No,Yes,No,Yes,No,Month-to-month,No,Mailed check,95.15,1712.7,Yes,13–24 months,Above 90
6202-DYYFX,Female,0,No,No,22,Yes,Yes,Fiber optic,No,No,No,No,No,Yes,One year,Yes,Credit card,76.0,1672.0,No,13–24 months,60–90
3808-HFKDE,Female,0,No,No,20,Yes,No,DSL,No,No,No,No,No,No,Month-to-month,Yes,Electronic check,44.35,887.0,No,13–24 months,30–60
5583-SXDAG,Male,0,Yes,No,1,Yes,No,Fiber optic,No,No,No,No,No,No,Month-to-month,No,Electronic check,70.0,70.0,Yes,0–12 months,60–90
3488-PGMQJ,Male,1,No,No,8,Yes,No,Fiber optic,No,Yes,No,No,No,No,Month-to-month,Yes,Electronic check,74.5,596.0,Yes,0–12 months,60–90
3580-REOAC,Male,0,No,No,10,Yes,No,DSL,No,No,No,No,No,No,Month-to-month,Yes,Credit card,44.85,448.5,Yes,0–12 months,30–60
7534-BFESC,Male,1,No,No,24,Yes,Yes,Fiber optic,No,No,No,No,No,No,Month-to-month,Yes,Electronic check,76.1,1826.4,Yes,13–24 months,60–90
3727-OWVYD,Male,0,No,No,35,Yes,No,DSL,Yes,Yes,Yes,No,No,No,One year,No,Mailed check,61.2,2142.0,No,25–48 months,60–90
2294-SALNE,Male,0,Yes,Yes,23,Yes,No,Fiber optic,No,Yes,Yes,Yes,No,No,One year,No,Mailed check,86.8,1996.4,No,13–24 months,60–90
4847-TAJYI,Female,1,No,No,6,Yes,No,Fiber optic,No,No,No,No,Yes,No,Month-to-month,Yes,Electronic check,89.35,536.1,No,0–12 months,60–90
1563-IWQEX,Female,0,No,No,12,Yes,No,No,No,No,No,No,No,Yes,Month-to-month,No,Mailed check,19.7,236.4,No,0–12 months,Below 30
8203-XJZRC,Male,0,No,No,1,Yes,No,No,No,No,No,No,No,No,Month-to-month,No,Mailed check,20.25,20.25,No,0–12 months,Below 30
6556-DBKZF,Female,0,Yes,Yes,71,Yes,No,Fiber optic,No,No,Yes,No,No,No,Two year,No,Electronic check,76.05,5399.55,No,61+ months,60–90
6851-WEFYX,Male,1,Yes,No,35,Yes,Yes,Fiber optic,No,No,Yes,No,Yes,No,Month-to-month,Yes,Electronic check,100.8,3528.0,No,25–48 months,Above 90
2985-JUUBZ,Male,0,Yes,Yes,40,Yes,Yes,DSL,No,No,Yes,No,Yes,Yes,Month-to-month,Yes,Electronic check,74.55,2982.0,No,25–48 months,60–90
6390-DSAZX,Female,0,No,Yes,1,Yes,No,Fiber optic,Yes,No,No,No,No,Yes,Month-to-month,Yes,Mailed check,73.6,73.6,Yes,0–12 months,60–90
0895-LMRSF,Male,0,No,No,23,Yes,No,DSL,No,No,No,No,Yes,No,One year,Yes,Bank transfer,64.9,1492.7,No,13–24 months,60–90
8098-LLAZX,Female,1,No,No,4,Yes,Yes,Fiber optic,No,No,No,No,Yes,Yes,Month-to-month,Yes,Electronic check,95.45,381.8,Yes,0–12 months,Above 90
8266-VBFQL,Male,0,No,No,4,Yes,No,Fiber optic,No,No,Yes,Yes,No,Yes,Month-to-month,Yes,Electronic check,90.4,361.6,No,0–12 months,Above 90
8181-YHCMF,Female,0,Yes,Yes,68,No,No,DSL,No,Yes,Yes,Yes,Yes,Yes,Two year,No,Credit card,60.3,4100.4,No,61+ months,60–90
2240-HSJQD,Male,0,No,Yes,38,Yes,Yes,Fiber optic,No,Yes,No,No,No,Yes,Month-to-month,Yes,Mailed check,81.85,3110.3,No,25–48 months,60–90
1248-DYXUB,Male,0,Yes,Yes,52,Yes,Yes,No,No,No,No,No,No,No,Two year,No,Mailed check,24.8,1289.6,No,49–60 months,Below 30
0265-EDXBD,Male,1,Yes,No,32,Yes,Yes,Fiber optic,No,No,No,No,No,No,Month-to-month,Yes,Electronic check,74.9,2396.8,Yes,25–48 months,60–90
4115-BNPJY,Male,0,Yes,Yes,29,Yes,No,DSL,No,No,Yes,Yes,Yes,No,Two year,No,Mailed check,75.55,2190.95,No,25–48 months,60–90
3167-SNQPL,Male,1,Yes,Yes,38,Yes,Yes,Fiber optic,No,Yes,No,No,Yes,Yes,Month-to-month,No,Electronic check,101.15,3843.7,No,25–48 months,Above 90
4091-TVOCN,Male,0,No,Yes,48,Yes,Yes,DSL,Yes,No,Yes,No,Yes,Yes,One year,Yes,Credit card,78.75,3780.0,No,25–48 months,60–90
1098-TDVUQ,Female,0,No,No,1,Yes,No,No,No,No,No,No,No,Yes,Month-to-month,Yes,Bank transfer,19.25,19.25,No,0–12 months,Below 30
7277-OZCGZ,Female,0,No,No,22,Yes,No,Fiber optic,Yes,No,No,Yes,No,No,Month-to-month,Yes,Electronic check,89.05,1959.1,No,13–24 months,60–90
1557-EMYVT,Female,0,No,No,43,Yes,Yes,Fiber optic,Yes,Yes,Yes,Yes,Yes,Yes,Two year,No,Credit card,115.05,4947.15,No,25–48 months,Above 90
2799-ARNLO,Female,1,Yes,No,5,Yes,No,Fiber optic,No,No,No,No,No,Yes,Month-to-month,Yes,Electronic check,69.35,346.75,No,0–12 months,60–90
7563-BIUPC,Male,0,No,No,5,Yes,No,Fiber optic,No,No,No,No,Yes,No,Month-to-month,Yes,Electronic check,80.6,403.0,Yes,0–12 months,60–90
5027-YOCXN,Male,0,Yes,Yes,51,Yes,Yes,Fiber optic,Yes,Yes,No,Yes,Yes,No,One year,No,Credit card,110.05,5612.55,No,49–60 months,Above 90
3973-SKMLN,Male,0,No,No,71,Yes,No,No,No,No,No,No,No,Yes,Two year,Yes,Credit card,19.9,1412.9,No,61+ months,Below 30
2321-OMBXY,Female,0,Yes,Yes,38,Yes,No,DSL,Yes,Yes,No,Yes,Yes,No,One year,No,Credit card,80.3,3051.4,Yes,25–48 months,60–90
2840-XANRC,Male,1,Yes,No,24,Yes,No,Fiber optic,No,No,Yes,No,Yes,Yes,Month-to-month,Yes,Electronic check,93.15,2235.6,Yes,13–24 months,Above 90
6745-JEFZB,Male,0,Yes,No,35,Yes,Yes,Fiber optic,No,No,No,Yes,Yes,Yes,Month-to-month,Yes,Credit card,91.5,3202.5,No,25–48 months,Above 90
5020-ZSTTY,Female,1,No,No,54,Yes,Yes,DSL,Yes,Yes,No,Yes,Yes,No,One year,No,Bank transfer,82.45,4452.3,Yes,49–60 months,60–90
9880-TDQAC,Female,0,Yes,Yes,72,No,No,DSL,No,Yes,Yes,Yes,Yes,Yes,Two year,Yes,Electronic check,60.0,4320.0,No,61+ months,60–90
8705-WZCYL,Male,0,No,No,1,Yes,No,DSL,No,No,No,No,No,Yes,Month-to-month,Yes,Electronic check,44.8,44.8,No,0–12 months,30–60
7102-JJVTX,Female,0,Yes,Yes,9,Yes,No,DSL,Yes,No,No,No,No,No,One year,No,Mailed check,48.6,437.4,No,0–12 months,30–60
8626-PTQGE,Male,0,No,No,69,No,No,DSL,Yes,Yes,No,Yes,Yes,No,Two year,Yes,Bank transfer,60.05,4143.45,No,61+ months,60–90
4983-CLMLV,Female,0,Yes,No,52,Yes,Yes,Fiber optic,No,Yes,No,Yes,Yes,Yes,Month-to-month,Yes,Credit card,102.7,5340.4,No,49–60 months,Above 90
5701-YVSVF,Female,1,Yes,No,11,Yes,No,Fiber optic,No,No,No,Yes,Yes,Yes,Month-to-month,Yes,Electronic check,82.9,911.9,No,0–12 months,60–90
5804-LEPIM,Female,1,No,No,2,Yes,No,Fiber optic,No,No,No,No,No,No,Month-to-month,Yes,Electronic check,70.35,140.7,Yes,0–12 months,60–90
5697-GOMBF,Female,1,Yes,Yes,28,No,No,DSL,No,No,No,No,Yes,No,Month-to-month,Yes,Electronic check,35.9,1005.2,No,25–48 months,30–60
2739-CACDQ,Female,1,No,No,17,Yes,Yes,Fiber optic,No,No,Yes,No,No,No,Month-to-month,Yes,Credit card,82.65,1405.05,No,13–24 months,60–90
9385-EHGDO,Female,0,Yes,Yes,35,Yes,No,No,No,No,No,No,No,No,Two year,Yes,Mailed check,19.85,694.75,No,25–48 months,Below 30
9498-FIMXL,Female,0,No,No,8,Yes,No,No,No,No,No,No,No,No,One year,Yes,Mailed check,19.2,153.6,No,0–12 months,Below 30
2379-GYFLQ,Male,0,No,No,46,Yes,Yes,Fiber optic,No,Yes,Yes,No,Yes,No,One year,Yes,Credit card,94.9,4365.4,No,25–48 months,Above 90
0122-OAHPZ,Female,0,No,No,7,Yes,Yes,Fiber optic,No,No,No,No,No,No,Month-to-month,Yes,Electronic check,73.85,516.95,Yes,0–12 months,60–90
2868-SNELZ,Female,0,No,No,2,Yes,Yes,Fiber optic,No,No,Yes,No,No,No,Month-to-month,No,Mailed check,80.6,161.2,Yes,0–12 months,60–90
4322-RCYMT,Male,0,Yes,Yes,68,Yes,Yes,DSL,No,Yes,Yes,Yes,No,No,One year,Yes,Bank transfer,75.8,5154.4,Yes,61+ months,60–90
6680-NENYN,Female,0,No,No,43,Yes,Yes,Fiber optic,No,Yes,Yes,No,Yes,Yes,Two year,Yes,Electronic check,104.6,4497.8,Yes,25–48 months,Above 90
2088-IEBAU,Female,0,No,No,68,Yes,Yes,DSL,Yes,Yes,Yes,Yes,Yes,Yes,Two year,Yes,Electronic check,88.15,5994.2,No,61+ months,60–90
7982-VCELR,Female,0,No,No,36,Yes,No,Fiber optic,No,Yes,No,No,Yes,Yes,Month-to-month,Yes,Credit card,94.8,3412.8,No,25–48 months,Above 90
1343-EHPYB,Male,0,Yes,No,63,Yes,Yes,Fiber optic,No,Yes,Yes,No,Yes,Yes,Month-to-month,Yes,Electronic check,103.4,6514.2,Yes,61+ months,Above 90
6035-BXTTY,Female,1,No,No,32,Yes,No,DSL,No,Yes,No,Yes,No,Yes,Month-to-month,No,Bank transfer,54.65,1748.8,No,25–48 months,30–60
6885-PKOAM,Female,0,Yes,No,71,Yes,Yes,DSL,Yes,Yes,Yes,Yes,Yes,No,Two year,No,Credit card,85.75,6088.25,No,61+ months,60–90
7520-HQWJU,Female,0,Yes,Yes,66,Yes,Yes,DSL,Yes,Yes,Yes,No,No,Yes,Month-to-month,Yes,Bank transfer,67.45,4451.7,No,61+ months,60–90
9639-BUJXT,Male,0,No,No,63,Yes,No,No,No,No,No,No,No,No,One year,No,Mailed check,20.5,1291.5,No,61+ months,Below 30
5924-SNGKP,Female,0,No,Yes,41,Yes,No,No,No,No,No,No,No,No,One year,Yes,Credit card,20.25,830.25,No,25–48 months,Below 30
0021-IKXGC,Female,1,No,No,1,Yes,Yes,Fiber optic,No,No,No,No,No,No,Month-to-month,Yes,Electronic check,72.1,72.1,No,0–12 months,60–90
2034-GDRCN,Female,0,No,No,2,Yes,No,Fiber optic,No,No,No,No,Yes,No,Month-to-month,Yes,Electronic check,90.4,180.8,Yes,0–12 months,Above 90
8966-SNIZF,Female,0,Yes,No,70,Yes,No,No,No,No,No,No,No,Yes,Two year,No,Bank transfer,19.45,1361.5,No,61+ months,Below 30
6243-OZGFH,Female,0,No,No,23,No,No,DSL,No,No,No,No,Yes,No,Month-to-month,Yes,Electronic check,44.95,1033.85,No,13–24 months,30–60
4654-DLAMQ,Female,1,Yes,No,64,Yes,No,Fiber optic,Yes,Yes,Yes,No,No,Yes,One year,No,Bank transfer,97.0,6208.0,No,61+ months,Above 90
0513-RBGPE,Male,0,Yes,Yes,37,Yes,Yes,DSL,Yes,No,Yes,Yes,No,Yes,Two year,Yes,Credit card,62.8,2323.6,No,25–48 months,60–90
5160-UXJED,Male,0,No,Yes,17,Yes,No,DSL,No,No,No,No,No,No,One year,No,Mailed check,44.6,758.2,No,13–24 months,30–60
4115-NZRKS,Female,1,No,No,7,Yes,No,Fiber optic,No,No,No,No,Yes,No,Month-to-month,Yes,Electronic check,89.15,624.05,No,0–12 months,60–90
0219-YTZUE,Male,0,Yes,Yes,4,Yes,Yes,Fiber optic,No,Yes,Yes,No,No,Yes,Month-to-month,Yes,Bank transfer,84.8,339.2,Yes,0–12 months,60–90
0623-IIHUG,Female,1,No,No,21,No,No,DSL,Yes,No,No,No,Yes,No,Month-to-month,Yes,Electronic check,41.9,879.9,Yes,13–24 months,30–60
4572-DVCGN,Female,0,No,No,10,Yes,No,Fiber optic,No,No,No,No,No,No,Month-to-month,Yes,Bank transfer,80.25,802.5,Yes,0–12 months,60–90
3351-NGXYI,Female,1,No,No,16,Yes,Yes,DSL,Yes,No,No,No,No,Yes,Month-to-month,Yes,Electronic check,54.1,865.6,No,13–24 months,30–60
8984-EYLLL,Male,0,Yes,No,64,Yes,Yes,Fiber optic,No,Yes,No,Yes,Yes,No,Two year,Yes,Electronic check,105.25,6736.0,No,61+ months,Above 90
9057-MSWCO,Male,1,Yes,No,27,No,No,DSL,Yes,No,No,No,No,Yes,Month-to-month,No,Credit card,30.75,830.25,Yes,25–48 months,30–60
9833-TGFHX,Male,0,Yes,Yes,42,Yes,Yes,Fiber optic,Yes,No,No,No,Yes,No,One year,No,Electronic check,97.1,4078.2,No,25–48 months,Above 90
9294-TDIPC,Male,0,No,Yes,5,Yes,No,No,No,No,No,No,No,Yes,Month-to-month,No,Mailed check,20.2,101.0,No,0–12 months,Below 30
5229-DTFYB,Female,0,No,No,41,Yes,No,Fiber optic,No,Yes,No,Yes,Yes,No,Two year,Yes,Bank transfer,98.8,4050.8,No,25–48 months,Above 90
0104-PPXDV,Male,0,Yes,No,58,Yes,No,DSL,No,No,Yes,No,No,Yes,One year,No,Credit card,50.3,2917.4,No,49–60 months,30–60
5176-LMJXE,Female,0,No,No,47,Yes,No,No,No,No,No,No,No,No,Two year,Yes,Mailed check,20.55,965.85,No,25–48 months,Below 30
3583-KRKMD,Male,0,No,No,18,Yes,No,Fiber optic,No,No,No,Yes,No,No,Month-to-month,Yes,Bank transfer,75.9,1366.2,No,13–24 months,60–90
1010-DIAUQ,Male,0,No,No,5,Yes,No,Fiber optic,No,No,Yes,No,Yes,No,Month-to-month,No,Bank transfer,96.5,482.5,Yes,0–12 months,Above 90
9069-LGEUL,Male,0,Yes,No,23,Yes,No,DSL,Yes,No,No,No,No,Yes,Month-to-month,Yes,Bank transfer,59.95,1378.85,No,13–24 months,30–60
7302-ZHMHP,Female,0,No,No,1,Yes,No,No,No,No,No,No,No,Yes,Month-to-month,No,Mailed check,19.15,19.15,No,0–12 months,Below 30
9571-EDEBV,Male,0,Yes,No,71,Yes,Yes,Fiber optic,No,No,Yes,No,Yes,No,One year,Yes,Credit card,98.65,7004.15,No,61+ months,Above 90
3520-FJGCV,Male,0,Yes,Yes,72,Yes,Yes,Fiber optic,Yes,Yes,Yes,Yes,Yes,Yes,Two year,Yes,Credit card,112.6,8107.2,No,61+ months,Above 90
6563-VRERX,Male,0,Yes,Yes,33,Yes,No,No,No,No,No,No,No,Yes,One year,No,Mailed check,20.6,679.8,No,25–48 months,Below 30
0259-GBZSH,Male,0,No,No,2,Yes,Yes,Fiber optic,No,No,No,No,Yes,No,Month-to-month,Yes,Electronic check,85.65,171.3,Yes,0–12 months,60–90
6122-EFVKN,Male,0,No,Yes,24,No,No,DSL,Yes,No,No,Yes,No,No,Two year,No,Mailed check,35.75,858.0,No,13–24 months,30–60
2805-EDJPQ,Female,0,Yes,Yes,56,Yes,Yes,Fiber optic,No,Yes,Yes,Yes,No,No,One year,Yes,Credit card,99.75,5586.0,No,49–60 months,Above 90
6862-CQUMB,Male,0,No,No,37,Yes,No,Fiber optic,No,Yes,No,No,Yes,Yes,Month-to-month,Yes,Credit card,96.1,3555.7,No,25–48 months,Above 90
7156-MXBJE,Female,0,No,No,43,Yes,Yes,DSL,No,Yes,Yes,Yes,Yes,Yes,One year,No,Credit card,85.1,3659.3,No,25–48 months,60–90
6158-HDPXZ,Male,0,No,No,1,No,No,DSL,No,No,No,No,No,Yes,Month-to-month,No,Mailed check,25.35,25.35,No,0–12 months,Below 30
9601-BRXPO,Female,0,Yes,No,25,Yes,Yes,Fiber optic,No,No,Yes,Yes,Yes,No,Month-to-month,Yes,Bank transfer,104.95,2623.75,Yes,25–48 months,Above 90
2863-IMQDR,Female,0,No,No,61,Yes,Yes,DSL,Yes,Yes,Yes,Yes,Yes,Yes,Two year,No,Electronic check,89.65,5468.65,No,61+ months,60–90
5686-CMAWK,Male,0,No,No,17,Yes,Yes,Fiber optic,No,No,Yes,Yes,No,Yes,One year,No,Electronic check,86.75,1474.75,No,13–24 months,60–90
5651-CRHKQ,Female,0,Yes,No,41,Yes,No,Fiber optic,No,Yes,Yes,Yes,No,No,One year,Yes,Bank transfer,86.2,3534.2,No,25–48 months,60–90
6905-NIQIN,Male,0,No,No,1,Yes,No,DSL,No,Yes,No,No,No,No,Month-to-month,No,Mailed check,50.65,50.65,Yes,0–12 months,30–60
8204-YJCLA,Male,1,Yes,Yes,72,No,No,DSL,Yes,Yes,Yes,Yes,Yes,No,Two year,Yes,Bank transfer,64.8,4665.6,No,61+ months,60–90
5167-ZFFMM,Male,0,No,No,1,Yes,Yes,Fiber optic,No,Yes,No,No,No,Yes,Month-to-month,Yes,Credit card,90.85,90.85,Yes,0–12 months,Above 90
6583-SZVGP,Male,0,No,No,48,Yes,Yes,Fiber optic,No,Yes,Yes,No,Yes,Yes,Two year,Yes,Bank transfer,108.1,5188.8,No,25–48 months,Above 90
4895-TMWIR,Male,1,Yes,No,11,Yes,No,No,No,No,No,No,No,Yes,Month-to-month,No,Mailed check,19.95,219.45,Yes,0–12 months,Below 30
0533-BNWKF,Female,1,Yes,No,55,Yes,Yes,Fiber optic,No,Yes,Yes,No,No,No,Month-to-month,Yes,Electronic check,85.45,4699.75,Yes,49–60 months,60–90
1708-PBBOA,Female,0,No,No,42,No,No,DSL,Yes,Yes,Yes,Yes,No,No,One year,Yes,Electronic check,54.75,2299.5,No,25–48 months,30–60
8782-LKFPK,Male,0,No,No,44,Yes,Yes,Fiber optic,No,No,Yes,No,No,Yes,Month-to-month,Yes,Mailed check,90.4,3977.6,No,25–48 months,Above 90
5522-JBWMO,Male,0,No,Yes,1,Yes,No,DSL,No,No,No,No,No,Yes,Month-to-month,No,Electronic check,44.0,44.0,No,0–12 months,30–60
3597-MVHJT,Female,0,No,No,27,Yes,Yes,Fiber optic,No,No,No,No,Yes,No,Month-to-month,Yes,Bank transfer,95.6,2581.2,No,25–48 months,Above 90
9774-NRNAU,Male,1,Yes,No,27,Yes,Yes,DSL,No,Yes,Yes,Yes,Yes,Yes,Month-to-month,Yes,Bank transfer,84.8,2289.6,No,25–48 months,60–90
0224-RLWWD,Female,1,No,No,2,Yes,No,DSL,No,No,No,No,No,Yes,Month-to-month,Yes,Electronic check,44.3,88.6,No,0–12 months,30–60
9967-ATRFS,Female,0,No,No,19,Yes,No,No,No,No,No,No,No,No,Month-to-month,No,Mailed check,19.9,378.1,No,13–24 months,Below 30
3951-NJCVI,Female,1,Yes,No,42,Yes,Yes,Fiber optic,No,No,No,No,Yes,No,Month-to-month,Yes,Electronic check,95.05,3992.1,No,25–48 months,Above 90
2977-CEBSX,Female,0,No,No,66,Yes,Yes,DSL,Yes,Yes,Yes,Yes,Yes,Yes,Two year,Yes,Credit card,90.05,5943.3,No,61+ months,Above 90
0177-PXBAT,Male,1,Yes,No,33,Yes,Yes,Fiber optic,Yes,No,Yes,Yes,Yes,Yes,Month-to-month,Yes,Bank transfer,109.9,3626.7,No,25–48 months,Above 90
6599-CEBNN,Female,0,No,No,34,Yes,No,Fiber optic,No,Yes,No,No,No,Yes,Month-to-month,Yes,Credit card,73.95,2514.3,Yes,25–48 months,60–90
2519-ERQOJ,Male,1,No,No,33,No,No,DSL,No,No,Yes,Yes,Yes,No,Month-to-month,Yes,Electronic check,54.6,1801.8,No,25–48 months,30–60
5876-QMYLD,Female,0,Yes,Yes,23,Yes,No,No,No,No,No,No,No,Yes,One year,No,Mailed check,20.05,461.15,No,13–24 months,Below 30
2277-AXSDC,Female,0,No,No,32,Yes,No,No,No,No,No,No,No,No,One year,No,Bank transfer,19.75,632.0,No,25–48 months,Below 30
9442-JTWDL,Female,0,No,No,11,Yes,No,No,No,No,No,No,No,No,One year,No,Credit card,20.05,220.55,No,0–12 months,Below 30
0979-PHULV,Male,0,Yes,Yes,69,Yes,Yes,Fiber optic,No,No,Yes,No,Yes,No,Month-to-month,Yes,Credit card,99.45,6862.05,Yes,61+ months,Above 90
3067-SVMTC,Female,0,Yes,No,68,Yes,No,DSL,Yes,No,No,Yes,No,Yes,One year,No,Bank transfer,55.9,3801.2,No,61+ months,30–60
5495-GPSRW,Male,0,No,No,20,Yes,No,No,No,No,No,No,No,No,Two year,Yes,Mailed check,19.7,394.0,No,13–24 months,Below 30
7606-BPHHN,Male,0,No,No,72,Yes,No,No,No,No,No,No,No,No,Two year,Yes,Credit card,19.8,1425.6,No,61+ months,Below 30
4742-DRORA,Male,0,Yes,Yes,60,Yes,Yes,Fiber optic,Yes,No,Yes,No,Yes,No,One year,Yes,Bank transfer,95.4,5724.0,No,49–60 months,Above 90
0111-KLBQG,Male,1,Yes,Yes,32,Yes,No,Fiber optic,No,Yes,No,No,Yes,No,Month-to-month,Yes,Mailed check,93.95,3006.4,No,25–48 months,Above 90
4800-VHZKI,Female,0,No,No,1,Yes,No,No,No,No,No,No,No,Yes,Month-to-month,Yes,Mailed check,19.9,19.9,Yes,0–12 months,Below 30
7989-CHGTL,Male,0,No,No,1,Yes,No,No,No,No,No,No,No,No,Month-to-month,Yes,Mailed check,19.6,19.6,Yes,0–12 months,Below 30
0334-GDDSO,Male,1,No,No,3,Yes,Yes,Fiber optic,No,Yes,No,No,No,No,Month-to-month,Yes,Electronic check,81.35,244.05,Yes,0–12 months,60–90
4163-NCJAK,Female,0,Yes,No,46,Yes,Yes,No,No,No,No,No,No,No,One year,Yes,Bank transfer,24.45,1124.7,No,25–48 months,Below 30
5233-AOZUF,Female,0,Yes,No,29,Yes,Yes,Fiber optic,No,No,No,No,No,No,Month-to-month,Yes,Electronic check,74.95,2173.55,No,25–48 months,60–90
5973-EJGDP,Male,0,No,No,51,Yes,Yes,Fiber optic,No,Yes,Yes,Yes,No,No,Month-to-month,Yes,Electronic check,87.35,4454.85,No,49–60 months,60–90
1996-DBMUS,Female,1,Yes,No,48,Yes,No,Fiber optic,No,No,No,No,No,No,Month-to-month,Yes,Bank transfer,70.65,3391.2,No,25–48 months,60–90
7916-VCCPB,Female,0,Yes,Yes,16,Yes,No,Fiber optic,No,Yes,No,No,No,No,Month-to-month,No,Bank transfer,73.25,1172.0,No,13–24 months,60–90
4686-GEFRM,Male,0,Yes,No,70,Yes,Yes,Fiber optic,No,Yes,Yes,Yes,No,No,Two year,Yes,Bank transfer,98.7,6909.0,No,61+ months,Above 90
5249-QYHEX,Female,0,Yes,Yes,40,Yes,Yes,No,No,No,No,No,No,Yes,Two year,Yes,Mailed check,24.8,992.0,No,25–48 months,Below 30
0578-SKVMF,Female,0,Yes,Yes,22,Yes,No,Fiber optic,No,Yes,No,No,No,No,Month-to-month,No,Electronic check,83.3,1832.6,Yes,13–24 months,60–90
5564-NEMQO,Female,1,No,No,1,Yes,No,Fiber optic,No,No,Yes,No,No,Yes,Month-to-month,Yes,Bank transfer,75.3,75.3,Yes,0–12 months,60–90
2233-FAGXV,Female,0,Yes,Yes,5,Yes,Yes,No,No,No,No,No,No,No,Month-to-month,Yes,Mailed check,24.3,121.5,No,0–12 months,Below 30
5605-IYGFG,Female,0,No,No,7,Yes,No,Fiber optic,No,No,No,No,No,No,Month-to-month,Yes,Bank transfer,69.85,488.95,No,0–12 months,60–90
7663-ZTEGJ,Male,0,No,Yes,29,Yes,Yes,Fiber optic,No,Yes,Yes,Yes,No,No,One year,No,Credit card,100.55,2915.95,No,25–48 months,Above 90
3935-TBRZZ,Male,0,Yes,Yes,44,Yes,Yes,No,No,No,No,No,No,Yes,One year,No,Mailed check,25.7,1130.8,No,25–48 months,Below 30
8111-BKVDS,Female,0,No,No,10,No,No,DSL,Yes,Yes,Yes,No,No,No,Month-to-month,No,Bank transfer,40.7,407.0,No,0–12 months,30–60
2055-SIFSS,Female,1,Yes,No,55,Yes,Yes,DSL,No,No,No,No,No,No,Month-to-month,No,Bank transfer,51.65,2840.75,No,49–60 months,30–60
2806-MLNTI,Male,1,Yes,No,52,Yes,Yes,Fiber optic,No,Yes,Yes,No,Yes,No,One year,Yes,Bank transfer,105.1,5465.2,No,49–60 months,Above 90
8734-DKSTZ,Female,0,Yes,Yes,10,Yes,Yes,Fiber optic,No,No,No,No,No,Yes,Month-to-month,No,Electronic check,85.95,859.5,No,0–12 months,60–90
4360-PNRQB,Male,0,No,No,18,Yes,Yes,Fiber optic,No,No,No,No,No,Yes,Month-to-month,Yes,Bank transfer,75.6,1360.8,No,13–24 months,60–90
6152-ONASV,Female,0,Yes,No,68,Yes,Yes,DSL,Yes,No,No,Yes,No,No,One year,No,Bank transfer,58.25,3961.0,No,61+ months,30–60
9063-ZGTUY,Female,0,Yes,Yes,61,Yes,No,No,No,No,No,No,No,No,Month-to-month,Yes,Mailed check,19.4,1183.4,Yes,61+ months,Below 30
7781-HVGMK,Female,0,Yes,Yes,72,No,No,DSL,Yes,Yes,Yes,Yes,Yes,No,Two year,Yes,Credit card,65.2,4694.4,No,61+ months,60–90
2181-UAESM,Male,0,No,No,2,Yes,No,DSL,Yes,No,Yes,No,No,Yes,Month-to-month,No,Electronic check,53.45,106.9,No,0–12 months,30–60
2957-LOLHO,Male,0,No,No,12,Yes,No,DSL,No,No,No,No,No,No,Month-to-month,Yes,Bank transfer,45.4,544.8,Yes,0–12 months,30–60
6048-NJXHX,Male,0,Yes,No,41,Yes,No,No,No,No,No,No,No,No,Two year,Yes,Electronic check,19.75,809.75,No,25–48 months,Below 30
2320-SLKMB,Female,0,No,No,26,No,No,DSL,No,No,Yes,Yes,Yes,No,Month-to-month,Yes,Credit card,44.45,1155.7,No,25–48 months,30–60
4980-URKXC,Male,0,Yes,No,36,Yes,No,No,No,No,No,No,No,No,One year,No,Bank transfer,20.85,750.6,No,25–48 months,Below 30
4376-KFVRS,Male,0,Yes,Yes,72,Yes,Yes,Fiber optic,Yes,Yes,Yes,Yes,Yes,No,Two year,Yes,Credit card,114.05,8211.6,No,61+ months,Above 90
5886-VLQVU,Male,0,Yes,No,35,Yes,Yes,Fiber optic,No,No,No,Yes,No,Yes,Month-to-month,Yes,Bank transfer,89.85,3144.75,No,25–48 months,60–90
3577-AMVUX,Male,0,No,No,1,Yes,No,DSL,No,No,Yes,Yes,No,Yes,Month-to-month,No,Mailed check,55.05,55.05,No,0–12 months,30–60
0771-WLCLA,Female,0,Yes,Yes,16,Yes,Yes,Fiber optic,Yes,No,Yes,Yes,Yes,No,Month-to-month,Yes,Electronic check,112.95,1807.2,No,13–24 months,Above 90
5628-RKIFK,Female,1,No,No,49,Yes,Yes,Fiber optic,Yes,No,No,No,Yes,Yes,Month-to-month,No,Credit card,101.55,4975.95,No,49–60 months,Above 90
0206-TBWLC,Female,0,Yes,No,54,Yes,Yes,Fiber optic,Yes,Yes,Yes,Yes,Yes,Yes,One year,Yes,Mailed check,114.65,6191.1,No,49–60 months,Above 90
2937-FTHUR,Female,0,No,Yes,18,Yes,Yes,DSL,Yes,No,No,No,No,Yes,Month-to-month,No,Electronic check,64.8,1166.4,No,13–24 months,60–90
1910-FMXJM,Female,0,Yes,No,36,Yes,No,Fiber optic,No,No,No,No,No,Yes,Month-to-month,No,Electronic check,80.4,2894.4,No,25–48 months,60–90
7752-XUSCI,Female,0,No,No,60,Yes,Yes,Fiber optic,No,Yes,Yes,No,Yes,Yes,Month-to-month,Yes,Electronic check,105.9,6354.0,Yes,49–60 months,Above 90
4110-PFEUZ,Female,0,No,No,1,Yes,No,Fiber optic,No,No,No,No,No,Yes,Month-to-month,No,Mailed check,69.55,69.55,Yes,0–12 months,60–90
0732-OCQOC,Female,0,Yes,Yes,52,Yes,Yes,No,No,No,No,No,No,No,Two year,Yes,Bank transfer,25.05,1302.6,No,49–60 months,Below 30
5168-MSWXT,Male,0,Yes,Yes,8,Yes,No,Fiber optic,No,No,Yes,No,Yes,No,Month-to-month,Yes,Electronic check,94.75,758.0,No,0–12 months,Above 90
1090-ESELR,Male,0,Yes,Yes,72,Yes,No,Fiber optic,Yes,Yes,No,Yes,Yes,Yes,Two year,No,Bank transfer,105.5,7596.0,No,61+ months,Above 90
8592-PLTMQ,Female,0,No,No,64,Yes,Yes,No,No,No,No,No,No,Yes,One year,No,Mailed check,24.7,1580.8,No,61+ months,Below 30
5760-WRAHC,Female,1,No,No,22,Yes,No,DSL,Yes,No,Yes,Yes,No,No,Month-to-month,Yes,Mailed check,69.75,1534.5,No,13–24 months,60–90
8847-GEOOQ,Male,0,Yes,No,60,No,No,DSL,No,Yes,Yes,Yes,Yes,Yes,Month-to-month,Yes,Bank transfer,60.2,3612.0,No,49–60 months,60–90
0256-LTHVJ,Female,0,Yes,Yes,28,Yes,No,Fiber optic,No,No,No,No,No,Yes,Month-to-month,Yes,Electronic check,81.05,2269.4,Yes,25–48 months,60–90
4785-FCIFB,Female,0,Yes,No,61,Yes,Yes,No,No,No,No,No,No,Yes,Two year,No,Mailed check,24.4,1488.4,No,61+ months,Below 30
8313-NDOIA,Female,0,No,No,24,Yes,Yes,Fiber optic,No,Yes,Yes,No,Yes,No,Month-to-month,Yes,Electronic check,104.15,2499.6,No,13–24 months,Above 90
5149-CUZUJ,Male,0,Yes,Yes,28,Yes,No,Fiber optic,No,Yes,Yes,Yes,Yes,Yes,One year,No,Bank transfer,92.9,2601.2,No,25–48 months,Above 90
0942-KOWSM,Female,0,Yes,Yes,30,Yes,No,DSL,No,Yes,Yes,Yes,Yes,No,Two year,No,Bank transfer,80.8,2424.0,No,25–48 months,60–90
4237-CLSMM,Male,0,Yes,No,2,Yes,No,No,No,No,No,No,No,Yes,Month-to-month,No,Mailed check,20.0,40.0,No,0–12 months,Below 30
1452-VOQCH,Male,0,No,No,1,Yes,Yes,Fiber optic,No,No,No,No,No,No,Month-to-month,Yes,Electronic check,75.1,75.1,No,0–12 months,60–90
4719-UMSIY,Male,0,No,Yes,6,Yes,No,No,No,No,No,No,No,No,Month-to-month,No,Mailed check,19.65,117.9,No,0–12 months,Below 30
6614-VBEGU,Female,0,Yes,No,24,Yes,No,DSL,No,Yes,No,No,Yes,No,Month-to-month,Yes,Bank transfer,69.45,1666.8,No,13–24 months,60–90
0880-TKATG,Male,0,Yes,Yes,4,Yes,Yes,Fiber optic,No,No,Yes,No,Yes,Yes,Month-to-month,No,Electronic check,101.15,404.6,Yes,0–12 months,Above 90
3811-VBYBZ,Male,0,No,No,7,Yes,Yes,Fiber optic,No,Yes,No,No,Yes,Yes,Month-to-month,Yes,Electronic check,99.8,698.6,Yes,0–12 months,Above 90
1480-BKXGA,Male,1,Yes,No,72,Yes,Yes,Fiber optic,Yes,Yes,Yes,Yes,Yes,Yes,Two year,Yes,Bank transfer,116.05,8355.6,No,61+ months,Above 90
2996-XAUVF,Male,0,No,No,70,No,No,DSL,No,No,No,Yes,No,Yes,Two year,Yes,Mailed check,40.05,2803.5,No,61+ months,30–60
9076-AXYIK,Male,1,Yes,No,64,Yes,Yes,Fiber optic,No,No,Yes,Yes,Yes,Yes,Two year,No,Electronic check,102.1,6534.4,No,61+ months,Above 90
5968-XQIVE,Male,0,Yes,Yes,72,Yes,Yes,Fiber optic,No,Yes,No,No,Yes,Yes,One year,Yes,Electronic check,89.7,6458.4,No,61+ months,60–90
8896-RAZCR,Female,0,No,Yes,44,Yes,No,No,No,No,No,No,No,No,Two year,No,Mailed check,19.9,875.6,No,25–48 months,Below 30
4640-UHDOS,Female,0,Yes,Yes,13,Yes,No,DSL,No,No,No,No,No,No,Month-to-month,No,Electronic check,55.95,727.35,Yes,13–24 months,30–60
4933-IKULF,Female,1,No,No,17,Yes,No,No,No,No,No,No,No,Yes,One year,No,Mailed check,20.65,351.05,No,13–24 months,Below 30
3583-EKAPL,Male,0,No,No,1,Yes,No,DSL,No,No,No,No,No,No,Month-to-month,Yes,Electronic check,55.0,55.0,Yes,0–12 months,30–60
1304-BCCFO,Male,0,Yes,No,9,Yes,No,DSL,No,No,Yes,No,Yes,Yes,Month-to-month,Yes,Mailed check,70.05,630.45,No,0–12 months,60–90
4104-PVRPS,Male,0,Yes,No,24,Yes,No,DSL,Yes,No,No,Yes,No,Yes,Month-to-month,No,Mailed check,53.6,1286.4,No,13–24 months,30–60
9399-APLBT,Female,0,Yes,Yes,1,Yes,No,Fiber optic,No,Yes,No,No,No,No,Month-to-month,Yes,Electronic check,74.7,74.7,Yes,0–12 months,60–90
2359-KMGLI,Male,0,No,No,24,Yes,Yes,Fiber optic,No,Yes,No,No,No,No,Month-to-month,Yes,Electronic check,80.25,1926.0,Yes,13–24 months,60–90
3780-DDGSE,Male,1,Yes,Yes,35,Yes,No,DSL,No,Yes,No,Yes,Yes,No,Month-to-month,Yes,Electronic check,76.05,2661.75,No,25–48 months,60–90
4431-EDMIQ,Female,0,Yes,Yes,7,Yes,No,DSL,Yes,Yes,Yes,Yes,Yes,Yes,Month-to-month,Yes,Electronic check,75.7,529.9,No,0–12 months,60–90
0306-JAELE,Male,0,No,No,5,Yes,No,Fiber optic,No,No,No,Yes,Yes,No,Month-to-month,Yes,Electronic check,96.1,480.5,Yes,0–12 months,Above 90
6227-HWPWX,Female,0,No,Yes,15,Yes,No,Fiber optic,No,No,No,No,No,Yes,Month-to-month,No,Bank transfer,69.0,1035.0,Yes,13–24 months,60–90
0486-LGCCH,Male,0,Yes,Yes,11,Yes,No,No,No,No,No,No,No,No,Two year,No,Mailed check,19.65,216.15,No,0–12 months,Below 30
0447-BEMNG,Female,0,Yes,No,48,No,No,DSL,Yes,No,Yes,No,No,No,Month-to-month,Yes,Bank transfer,45.3,2174.4,Yes,25–48 months,30–60
4612-SSVHJ,Female,1,No,No,20,Yes,No,Fiber optic,No,No,No,No,No,Yes,Month-to-month,Yes,Electronic check,81.45,1629.0,No,13–24 months,60–90
5168-MQQCA,Female,0,Yes,No,72,Yes,Yes,Fiber optic,No,Yes,Yes,Yes,Yes,Yes,One year,Yes,Bank transfer,108.5,7812.0,No,61+ months,Above 90
5949-XIKAE,Female,0,Yes,Yes,8,Yes,No,Fiber optic,No,Yes,No,No,Yes,Yes,Month-to-month,Yes,Electronic check,83.55,668.4,Yes,0–12 months,60–90
7971-HLVXI,Male,0,Yes,Yes,72,Yes,Yes,Fiber optic,No,No,No,No,No,No,Two year,Yes,Credit card,84.5,6084.0,No,61+ months,60–90
9094-AZPHK,Female,0,No,No,15,Yes,Yes,Fiber optic,No,Yes,No,No,Yes,Yes,Month-to-month,Yes,Electronic check,100.15,1502.25,No,13–24 months,Above 90
3649-JPUGY,Male,0,No,No,72,Yes,Yes,DSL,No,Yes,Yes,Yes,Yes,Yes,Two year,Yes,Bank transfer,88.6,6379.2,No,61+ months,60–90
4472-LVYGI,Female,0,Yes,Yes,0,No,No,DSL,Yes,No,Yes,Yes,Yes,Yes,Two year,Yes,Bank transfer,52.55,0.0,No,0–12 months,30–60
8372-JUXUI,Male,0,No,Yes,1,Yes,Yes,Fiber optic,No,No,No,No,No,No,Month-to-month,Yes,Electronic check,74.35,74.35,Yes,0–12 months,60–90
3552-CTCYF,Male,0,Yes,Yes,63,Yes,Yes,Fiber optic,No,Yes,Yes,No,Yes,No,Two year,Yes,Bank transfer,104.8,6602.4,No,61+ months,Above 90
6778-YSNIH,Female,0,No,No,2,Yes,No,DSL,No,Yes,No,No,Yes,Yes,Month-to-month,Yes,Electronic check,59.0,118.0,No,0–12 months,30–60
0388-EOPEX,Female,0,Yes,No,2,Yes,No,Fiber optic,Yes,No,No,No,No,No,Month-to-month,Yes,Electronic check,74.4,148.8,Yes,0–12 months,60–90
5756-OZRIO,Male,1,Yes,No,61,Yes,Yes,DSL,No,Yes,No,No,No,No,One year,No,Bank transfer,64.05,3907.05,No,61+ months,60–90
6579-JPICP,Male,0,No,No,1,Yes,No,No,No,No,No,No,No,Yes,Month-to-month,No,Mailed check,20.4,20.4,No,0–12 months,Below 30
8205-OTCHB,Male,0,No,No,22,No,No,DSL,No,Yes,Yes,No,No,No,One year,Yes,Bank transfer,43.75,962.5,Yes,13–24 months,30–60
4134-BSXLX,Male,0,Yes,No,28,Yes,No,DSL,Yes,Yes,No,Yes,No,Yes,Month-to-month,No,Mailed check,60.9,1705.2,No,25–48 months,60–90
0505-SPOOW,Female,0,Yes,No,70,Yes,No,No,No,No,No,No,No,No,Two year,No,Bank transfer,19.8,1386.0,No,61+ months,Below 30
6235-VDHOM,Female,1,No,No,5,No,No,DSL,No,Yes,No,No,No,No,Month-to-month,No,Electronic check,28.45,142.25,Yes,0–12 months,Below 30
7783-YKGDV,Female,0,No,No,12,Yes,Yes,Fiber optic,Yes,Yes,Yes,No,No,No,Month-to-month,Yes,Bank transfer,99.7,1196.4,Yes,0–12 months,Above 90
4374-YMUSQ,Male,0,No,No,34,Yes,Yes,Fiber optic,Yes,Yes,Yes,Yes,Yes,Yes,One year,No,Credit card,116.25,3952.5,No,25–48 months,Above 90
4513-CXYIX,Female,1,Yes,No,71,Yes,Yes,Fiber optic,Yes,No,No,No,No,Yes,Two year,Yes,Credit card,80.7,5729.7,No,61+ months,60–90
3957-HHLMR,Female,0,Yes,Yes,70,Yes,Yes,DSL,Yes,No,No,No,No,No,One year,No,Bank transfer,65.2,4564.0,No,61+ months,60–90
7803-XOCCZ,Female,0,Yes,Yes,52,Yes,No,Fiber optic,Yes,No,Yes,Yes,No,Yes,Month-to-month,Yes,Bank transfer,84.05,4370.6,No,49–60 months,60–90
5736-YEJAX,Male,0,No,Yes,69,Yes,Yes,DSL,Yes,Yes,Yes,Yes,Yes,No,Two year,Yes,Credit card,79.45,5482.05,No,61+ months,60–90
5609-CEBID,Female,1,No,No,20,Yes,Yes,Fiber optic,No,Yes,Yes,No,No,No,Month-to-month,Yes,Electronic check,94.1,1882.0,Yes,13–24 months,Above 90
8981-FJGLA,Male,0,No,Yes,11,Yes,Yes,Fiber optic,No,No,Yes,No,No,Yes,Month-to-month,Yes,Mailed check,78.0,858.0,No,0–12 months,60–90
7218-HKQFK,Male,0,Yes,No,2,Yes,No,Fiber optic,No,No,No,Yes,Yes,No,Month-to-month,Yes,Electronic check,94.2,188.4,Yes,0–12 months,Above 90
4636-QRJKY,Female,0,Yes,Yes,6,Yes,Yes,Fiber optic,No,No,No,Yes,No,Yes,Month-to-month,Yes,Electronic check,80.5,483.0,Yes,0–12 months,60–90
1135-LMECX,Female,0,No,No,1,Yes,No,No,No,No,No,No,No,No,Month-to-month,No,Mailed check,19.85,19.85,No,0–12 months,Below 30
4332-MUOEZ,Male,1,Yes,Yes,20,Yes,No,Fiber optic,Yes,No,Yes,Yes,No,No,One year,No,Credit card,94.3,1886.0,No,13–24 months,Above 90
8535-SFUTN,Male,0,No,No,61,Yes,Yes,Fiber optic,Yes,No,Yes,No,Yes,Yes,Month-to-month,Yes,Electronic check,106.45,6493.45,No,61+ months,Above 90
5956-VKDTT,Female,1,Yes,No,5,Yes,Yes,Fiber optic,No,No,No,No,No,Yes,Month-to-month,Yes,Electronic check,74.35,371.75,Yes,0–12 months,60–90
8677-HDZEE,Female,0,No,No,56,Yes,Yes,Fiber optic,No,Yes,No,Yes,Yes,No,Month-to-month,Yes,Bank transfer,105.45,5905.2,No,49–60 months,Above 90
2475-MROZF,Male,0,No,No,30,Yes,Yes,Fiber optic,Yes,Yes,Yes,Yes,No,Yes,Month-to-month,Yes,Credit card,95.0,2850.0,No,25–48 months,Above 90
9412-GHEEC,Male,0,No,No,40,Yes,Yes,Fiber optic,No,No,Yes,Yes,Yes,No,Month-to-month,No,Bank transfer,104.8,4192.0,Yes,25–48 months,Above 90
3482-ABPKK,Female,0,No,No,28,Yes,No,DSL,Yes,No,No,Yes,No,Yes,One year,No,Mailed check,54.3,1520.4,No,25–48 months,30–60
6705-LXORM,Female,1,Yes,No,5,Yes,No,Fiber optic,No,No,No,No,No,No,Month-to-month,No,Electronic check,70.05,350.25,No,0–12 months,60–90
0257-ZESQC,Female,1,Yes,No,27,Yes,No,Fiber optic,Yes,No,No,No,No,No,Month-to-month,Yes,Bank transfer,75.2,2030.4,Yes,25–48 months,60–90
7531-GQHME,Male,0,No,No,12,Yes,No,No,No,No,No,No,No,No,Month-to-month,No,Credit card,20.05,240.6,No,0–12 months,Below 30
5174-ITUMV,Male,0,Yes,Yes,67,Yes,Yes,Fiber optic,No,Yes,Yes,No,Yes,No,One year,Yes,Electronic check,105.4,7061.8,No,61+ months,Above 90
4109-CYRBD,Male,1,Yes,No,29,Yes,Yes,DSL,No,No,No,No,No,Yes,Month-to-month,Yes,Electronic check,51.6,1496.4,No,25–48 months,30–60
0913-XWSCN,Male,0,Yes,Yes,55,Yes,Yes,Fiber optic,No,No,No,No,No,No,Month-to-month,No,Bank transfer,85.5,4702.5,No,49–60 months,60–90
6825-UYPFK,Female,0,No,No,23,Yes,Yes,Fiber optic,No,No,No,No,No,Yes,Month-to-month,No,Bank transfer,75.6,1738.8,Yes,13–24 months,60–90
8397-MVTAZ,Male,0,Yes,No,34,Yes,Yes,Fiber optic,No,No,Yes,No,Yes,No,Month-to-month,Yes,Electronic check,100.05,3401.7,Yes,25–48 months,Above 90
0750-EBAIU,Male,0,No,No,52,Yes,No,Fiber optic,Yes,No,Yes,No,Yes,Yes,One year,No,Electronic check,91.25,4745.0,No,49–60 months,Above 90
8606-CIQUL,Male,1,Yes,Yes,72,Yes,Yes,Fiber optic,Yes,Yes,Yes,Yes,Yes,No,Two year,Yes,Credit card,115.75,8334.0,No,61+ months,Above 90
3571-DPYUH,Male,0,Yes,Yes,58,Yes,Yes,Fiber optic,No,Yes,No,Yes,Yes,Yes,One year,Yes,Credit card,94.7,5492.6,No,49–60 months,Above 90
7601-GNDYK,Male,0,Yes,Yes,35,Yes,No,No,No,No,No,No,No,No,Two year,No,Mailed check,19.6,686.0,No,25–48 months,Below 30
0356-OBMAC,Female,1,No,No,56,Yes,Yes,Fiber optic,No,Yes,Yes,Yes,Yes,No,Two year,Yes,Bank transfer,99.9,5594.4,No,49–60 months,Above 90
8067-NIOYM,Female,0,Yes,Yes,24,Yes,No,No,No,No,No,No,No,No,Two year,Yes,Credit card,21.1,506.4,No,13–24 months,Below 30
1403-GYAFU,Male,0,Yes,Yes,70,Yes,No,No,No,No,No,No,No,No,Two year,No,Credit card,20.05,1403.5,No,61+ months,Below 30
4234-XTNEA,Male,0,No,No,2,Yes,No,Fiber optic,No,No,No,No,Yes,No,Month-to-month,Yes,Electronic check,79.95,159.9,No,0–12 months,60–90
1297-VQDRP,Male,1,Yes,Yes,68,Yes,Yes,Fiber optic,No,No,Yes,Yes,Yes,No,One year,Yes,Credit card,107.15,7286.2,No,61+ months,Above 90
9282-IZGQK,Female,0,No,No,1,Yes,Yes,Fiber optic,No,No,No,No,No,Yes,Month-to-month,Yes,Electronic check,85.0,85.0,Yes,0–12 months,60–90
5348-CAGXB,Male,0,No,No,12,Yes,Yes,Fiber optic,No,No,Yes,No,Yes,Yes,Month-to-month,Yes,Electronic check,89.55,1074.6,No,0–12 months,60–90
0621-HJWXJ,Female,0,Yes,No,63,Yes,Yes,Fiber optic,No,Yes,No,No,No,No,Month-to-month,Yes,Bank transfer,81.55,5137.65,No,61+ months,60–90
5844-QVTAT,Female,0,Yes,Yes,33,Yes,No,DSL,Yes,Yes,Yes,No,No,No,One year,Yes,Mailed check,58.45,1928.85,No,25–48 months,30–60
8905-IAZPF,Female,0,Yes,No,69,Yes,No,Fiber optic,No,Yes,No,No,Yes,No,One year,Yes,Credit card,95.65,6599.85,No,61+ months,Above 90
5394-MEITZ,Female,0,Yes,Yes,60,Yes,No,DSL,No,Yes,Yes,Yes,Yes,Yes,Two year,Yes,Bank transfer,80.6,4836.0,No,49–60 months,60–90
6859-QNXIQ,Female,0,Yes,Yes,72,Yes,Yes,Fiber optic,Yes,Yes,Yes,Yes,Yes,Yes,Two year,Yes,Bank transfer,113.1,8143.2,No,61+ months,Above 90
2782-LFZVW,Female,0,No,No,11,Yes,Yes,DSL,No,No,No,No,No,Yes,Month-to-month,Yes,Mailed check,58.95,648.45,No,0–12 months,30–60
2866-IKBTM,Female,0,No,No,1,Yes,No,No,No,No,No,No,No,Yes,Month-to-month,No,Mailed check,19.55,19.55,No,0–12 months,Below 30
1342-JPNKI,Male,0,No,No,10,Yes,Yes,Fiber optic,No,No,No,No,Yes,No,Month-to-month,Yes,Bank transfer,86.05,860.5,Yes,0–12 months,60–90
2817-NTQDO,Male,0,No,No,13,No,No,DSL,Yes,No,No,Yes,Yes,No,Month-to-month,Yes,Credit card,45.55,592.15,Yes,13–24 months,30–60
7129-AZJDE,Male,0,Yes,Yes,34,Yes,No,Fiber optic,No,No,No,No,No,No,One year,Yes,Bank transfer,78.95,2684.3,No,25–48 months,60–90
6986-IJDHX,Male,0,Yes,Yes,39,Yes,No,Fiber optic,No,Yes,No,No,Yes,Yes,Month-to-month,Yes,Mailed check,86.3,3365.7,Yes,25–48 months,60–90
2560-PPCHE,Female,0,No,No,65,Yes,Yes,Fiber optic,No,Yes,No,Yes,Yes,No,One year,Yes,Bank transfer,105.05,6828.25,No,61+ months,Above 90
4676-MQUEA,Male,1,Yes,No,50,Yes,Yes,Fiber optic,Yes,Yes,Yes,No,Yes,Yes,One year,Yes,Bank transfer,101.9,5095.0,No,49–60 months,Above 90
8138-EALND,Male,0,No,No,15,Yes,No,No,No,No,No,No,No,No,Month-to-month,No,Mailed check,19.75,296.25,No,13–24 months,Below 30
3580-HYCSP,Male,0,Yes,Yes,72,Yes,Yes,Fiber optic,Yes,Yes,Yes,No,Yes,No,Two year,Yes,Bank transfer,110.3,7941.6,No,61+ months,Above 90
1352-HNSAW,Female,0,Yes,Yes,72,Yes,Yes,Fiber optic,Yes,Yes,Yes,Yes,Yes,Yes,Two year,Yes,Bank transfer,115.6,8323.2,No,61+ months,Above 90
2075-PUEPR,Male,0,Yes,Yes,55,Yes,No,No,No,No,No,No,No,Yes,Two year,No,Bank transfer,19.35,1064.25,No,49–60 months,Below 30
1982-FEBTD,Female,0,Yes,Yes,23,Yes,Yes,No,No,No,No,No,No,No,Two year,Yes,Credit card,25.6,588.8,No,13–24 months,Below 30
5301-GAUUY,Male,0,No,No,32,Yes,Yes,Fiber optic,No,Yes,No,No,No,No,Month-to-month,Yes,Bank transfer,80.35,2571.2,Yes,25–48 months,60–90
5791-KAJFD,Female,0,Yes,Yes,56,Yes,Yes,DSL,Yes,No,Yes,No,No,No,One year,Yes,Bank transfer,68.75,3850.0,No,49–60 months,60–90
2654-VBVPB,Female,0,No,No,1,Yes,No,No,No,No,No,No,No,Yes,Month-to-month,No,Bank transfer,19.9,19.9,No,0–12 months,Below 30
1154-HYWWO,Male,0,No,No,38,Yes,No,DSL,Yes,Yes,No,Yes,Yes,No,One year,No,Mailed check,70.6,2682.8,No,25–48 months,60–90
2501-XWWTZ,Male,0,No,No,11,Yes,No,Fiber optic,No,No,No,No,No,No,Month-to-month,No,Electronic check,70.2,772.2,No,0–12 months,60–90
3716-UVSPD,Male,0,No,No,1,Yes,No,DSL,No,No,No,Yes,No,No,Month-to-month,Yes,Electronic check,49.3,49.3,No,0–12 months,30–60
6815-ABQFQ,Male,0,Yes,No,56,Yes,Yes,Fiber optic,No,Yes,No,Yes,Yes,No,One year,Yes,Electronic check,107.25,6006.0,No,49–60 months,Above 90
7343-EOBEU,Male,0,Yes,No,3,Yes,Yes,No,No,No,No,No,No,Yes,Month-to-month,Yes,Mailed check,23.6,70.8,No,0–12 months,Below 30
3701-SFMUH,Male,0,Yes,Yes,7,Yes,No,DSL,Yes,No,No,No,Yes,No,Month-to-month,No,Credit card,69.7,487.9,No,0–12 months,60–90
6103-LIANB,Male,0,Yes,Yes,59,Yes,Yes,Fiber optic,No,No,Yes,No,Yes,Yes,Two year,Yes,Credit card,99.5,5870.5,No,49–60 months,Above 90
7319-VENRZ,Male,0,No,No,7,Yes,No,DSL,No,No,Yes,Yes,Yes,Yes,Month-to-month,No,Bank transfer,64.3,450.1,No,0–12 months,60–90
5846-NEQVZ,Male,0,Yes,Yes,71,Yes,No,DSL,Yes,No,Yes,Yes,No,No,Two year,Yes,Credit card,70.85,5030.35,No,61+ months,60–90
6967-QIQRV,Male,0,Yes,Yes,15,Yes,No,Fiber optic,Yes,No,No,Yes,Yes,Yes,One year,No,Electronic check,101.9,1528.5,No,13–24 months,Above 90
5781-RFZRP,Male,0,Yes,No,71,Yes,Yes,DSL,Yes,Yes,No,Yes,Yes,Yes,Two year,No,Credit card,73.5,5218.5,No,61+ months,60–90
0939-YAPAF,Female,0,No,No,35,Yes,Yes,Fiber optic,No,No,Yes,No,Yes,No,Month-to-month,Yes,Electronic check,100.25,3508.75,Yes,25–48 months,Above 90
0308-IVGOK,Female,0,No,No,11,No,No,DSL,No,Yes,Yes,Yes,No,Yes,One year,Yes,Credit card,40.4,444.4,No,0–12 months,30–60
7293-LSCDV,Female,0,Yes,Yes,60,Yes,No,No,No,No,No,No,No,No,Two year,Yes,Credit card,19.25,1155.0,No,49–60 months,Below 30
7025-WCBNE,Male,1,No,No,47,Yes,Yes,DSL,No,Yes,No,Yes,No,No,Two year,No,Bank transfer,59.6,2801.2,No,25–48 months,30–60
5756-JYOJT,Female,0,No,No,11,Yes,No,DSL,No,No,Yes,Yes,No,No,One year,No,Credit card,64.9,713.9,No,0–12 months,60–90
4710-FDUIZ,Male,0,Yes,No,56,Yes,Yes,Fiber optic,No,Yes,No,No,Yes,Yes,One year,No,Credit card,100.3,5616.8,Yes,49–60 months,Above 90
6030-REHUX,Female,1,Yes,No,28,Yes,Yes,Fiber optic,No,Yes,Yes,Yes,Yes,Yes,Month-to-month,Yes,Electronic check,110.85,3103.8,No,25–48 months,Above 90
9548-LIGTA,Male,0,Yes,No,61,Yes,No,DSL,Yes,Yes,No,Yes,Yes,Yes,Two year,Yes,Mailed check,81.05,4944.05,No,61+ months,60–90
5150-LJNSR,Male,0,Yes,Yes,31,Yes,Yes,Fiber optic,Yes,No,Yes,No,Yes,Yes,One year,No,Bank transfer,98.05,3039.55,No,25–48 months,Above 90
8270-RKSAP,Male,0,No,No,9,Yes,No,Fiber optic,No,No,No,No,No,No,Month-to-month,Yes,Electronic check,70.5,634.5,No,0–12 months,60–90
6522-YRBXD,Male,1,Yes,No,35,Yes,Yes,Fiber optic,Yes,Yes,No,No,No,No,Month-to-month,Yes,Electronic check,94.55,3309.25,No,25–48 months,Above 90
2640-LYMOV,Male,0,No,No,2,Yes,No,No,No,No,No,No,No,Yes,Month-to-month,Yes,Mailed check,19.65,39.3,No,0–12 months,Below 30
1218-VKFPE,Female,0,Yes,Yes,12,Yes,No,No,No,No,No,No,No,No,Month-to-month,No,Mailed check,19.0,228.0,Yes,0–12 months,Below 30
3627-FHKBK,Female,0,No,No,1,Yes,No,Fiber optic,Yes,No,No,No,No,No,Month-to-month,No,Mailed check,75.3,75.3,Yes,0–12 months,60–90
2865-TCHJW,Female,1,No,No,4,Yes,Yes,Fiber optic,No,No,Yes,No,Yes,No,Month-to-month,Yes,Electronic check,89.2,356.8,Yes,0–12 months,60–90
1423-BMPBQ,Female,0,Yes,Yes,1,Yes,No,No,No,No,No,No,No,No,Month-to-month,Yes,Mailed check,19.0,19.0,No,0–12 months,Below 30
2393-DIVAI,Female,0,No,No,3,Yes,No,No,No,No,No,No,No,No,Month-to-month,Yes,Mailed check,20.0,60.0,No,0–12 months,Below 30
5192-EBGOV,Female,1,No,No,1,Yes,Yes,Fiber optic,No,No,No,No,Yes,No,Month-to-month,Yes,Electronic check,85.7,85.7,Yes,0–12 months,60–90
4568-KNYWR,Male,0,No,No,52,Yes,No,DSL,Yes,Yes,No,No,Yes,No,Two year,Yes,Credit card,63.25,3289.0,No,49–60 months,60–90
8752-IMQOS,Male,0,Yes,Yes,5,Yes,No,No,No,No,No,No,No,No,One year,No,Mailed check,20.1,100.5,No,0–12 months,Below 30
0742-LAFQK,Male,0,Yes,No,72,Yes,Yes,Fiber optic,Yes,Yes,Yes,No,No,No,Two year,Yes,Electronic check,99.15,7138.8,No,61+ months,Above 90
0795-LAFGP,Male,0,Yes,Yes,71,Yes,Yes,DSL,Yes,Yes,Yes,Yes,Yes,Yes,Two year,No,Electronic check,90.4,6418.4,No,61+ months,Above 90
0619-OLYUR,Male,0,Yes,No,72,Yes,Yes,Fiber optic,Yes,No,Yes,Yes,Yes,Yes,Two year,Yes,Credit card,111.9,8056.8,No,61+ months,Above 90
5512-IDZEI,Male,0,Yes,Yes,46,Yes,Yes,No,No,No,No,No,No,Yes,One year,No,Electronic check,24.9,1145.4,No,25–48 months,Below 30
0459-SPZHJ,Male,0,Yes,Yes,63,Yes,Yes,DSL,Yes,Yes,Yes,No,Yes,No,Two year,No,Credit card,83.5,5260.5,No,61+ months,60–90
0215-BQKGS,Male,0,No,No,30,Yes,No,Fiber optic,Yes,Yes,Yes,No,No,Yes,Month-to-month,Yes,Credit card,84.3,2529.0,No,25–48 months,60–90
9244-ZVAPM,Male,0,No,No,1,Yes,No,DSL,No,No,No,No,No,No,Month-to-month,No,Mailed check,45.6,45.6,No,0–12 months,30–60
0719-SYFRB,Female,0,No,No,12,Yes,Yes,DSL,Yes,No,Yes,Yes,No,No,Month-to-month,Yes,Mailed check,61.65,739.8,Yes,0–12 months,60–90
8208-EUMTE,Male,0,No,No,16,No,No,DSL,Yes,Yes,Yes,Yes,Yes,No,Two year,No,Mailed check,54.85,877.6,No,13–24 months,30–60
5172-MIGPM,Male,0,No,No,4,Yes,Yes,DSL,No,No,No,Yes,No,No,Month-to-month,No,Mailed check,65.55,262.2,No,0–12 months,60–90
1710-RCXUS,Male,0,Yes,No,51,Yes,Yes,Fiber optic,No,Yes,No,No,No,Yes,One year,Yes,Credit card,90.35,4607.85,No,49–60 months,Above 90
0374-FIUCA,Male,0,Yes,No,65,Yes,No,No,No,No,No,No,No,Yes,Two year,Yes,Credit card,20.4,1326.0,No,61+ months,Below 30
5839-SUYVZ,Male,0,No,No,16,Yes,No,Fiber optic,No,No,No,Yes,No,No,Month-to-month,Yes,Credit card,74.55,1192.8,No,13–24 months,60–90
5173-ZXXXL,Male,0,No,No,2,Yes,No,No,No,No,No,No,No,No,One year,No,Mailed check,19.95,39.9,No,0–12 months,Below 30
1096-ADRUX,Female,0,Yes,Yes,66,Yes,Yes,Fiber optic,No,No,No,No,No,No,One year,Yes,Bank transfer,74.25,4900.5,No,61+ months,60–90
2001-MCUUW,Male,0,No,No,46,Yes,Yes,Fiber optic,No,Yes,Yes,Yes,Yes,No,Two year,No,Electronic check,108.65,4997.9,No,25–48 months,Above 90
2731-GJRDG,Female,0,No,No,32,Yes,Yes,Fiber optic,Yes,No,Yes,Yes,Yes,Yes,One year,Yes,Bank transfer,109.55,3505.6,No,25–48 months,Above 90
4723-BEGSG,Male,0,Yes,No,72,Yes,Yes,DSL,Yes,No,Yes,Yes,Yes,Yes,Two year,No,Credit card,86.65,6238.8,No,61+ months,60–90
6516-NKQBO,Male,0,Yes,Yes,38,Yes,No,DSL,Yes,No,Yes,Yes,Yes,Yes,Two year,No,Credit card,81.0,3078.0,No,25–48 months,60–90
8672-OAUPW,Male,0,No,Yes,51,Yes,No,DSL,No,No,No,Yes,No,Yes,One year,No,Credit card,47.85,2440.35,No,49–60 months,30–60
8207-DMRVL,Male,0,Yes,Yes,72,Yes,Yes,Fiber optic,Yes,Yes,Yes,Yes,Yes,No,Two year,No,Bank transfer,114.55,8247.6,No,61+ months,Above 90
3419-SNJJD,Female,1,Yes,No,65,Yes,Yes,Fiber optic,Yes,No,Yes,No,Yes,Yes,Month-to-month,No,Bank transfer,105.25,6841.25,Yes,61+ months,Above 90
6543-CPZMK,Male,0,Yes,Yes,9,No,No,DSL,No,Yes,No,No,No,Yes,Month-to-month,Yes,Electronic check,29.95,269.55,Yes,0–12 months,Below 30
4765-OXPPD,Female,0,Yes,Yes,9,Yes,No,DSL,Yes,Yes,Yes,Yes,No,No,Month-to-month,No,Mailed check,65.0,585.0,Yes,0–12 months,60–90
2804-ETQDK,Male,0,No,Yes,66,Yes,No,No,No,No,No,No,No,No,Two year,No,Mailed check,20.55,1356.3,No,61+ months,Below 30
6689-VRRTK,Female,1,No,No,44,Yes,Yes,Fiber optic,Yes,Yes,Yes,No,Yes,No,One year,Yes,Credit card,109.8,4831.2,No,25–48 months,Above 90
7138-GIRSH,Male,0,No,No,50,Yes,Yes,DSL,No,No,Yes,Yes,No,Yes,Two year,No,Bank transfer,69.5,3475.0,No,49–60 months,60–90
9396-ZSFLL,Female,0,No,No,15,Yes,Yes,DSL,No,No,No,No,No,Yes,Month-to-month,No,Mailed check,48.85,732.75,No,13–24 months,30–60
6464-KEXXH,Male,0,No,No,8,No,No,DSL,No,No,No,No,No,No,Month-to-month,Yes,Credit card,25.25,202.0,No,0–12 months,Below 30
7134-MJPDY,Female,1,No,No,66,Yes,Yes,Fiber optic,No,No,Yes,Yes,Yes,No,One year,Yes,Credit card,102.85,6788.1,No,61+ months,Above 90
5240-CAOYT,Female,0,No,No,57,Yes,Yes,Fiber optic,Yes,Yes,No,Yes,No,Yes,Month-to-month,Yes,Bank transfer,87.55,4990.35,No,49–60 months,60–90
4059-IIEBK,Female,0,No,No,7,Yes,Yes,Fiber optic,No,Yes,No,No,No,No,Month-to-month,Yes,Bank transfer,78.55,549.85,No,0–12 months,60–90
4881-JVQOD,Male,1,Yes,Yes,10,No,No,DSL,No,No,No,No,No,No,Month-to-month,Yes,Bank transfer,34.55,345.5,No,0–12 months,30–60
0516-UXRMT,Female,0,No,No,62,Yes,Yes,Fiber optic,Yes,Yes,Yes,No,No,Yes,One year,Yes,Electronic check,92.05,5707.1,No,61+ months,Above 90
4851-BQDNX,Male,0,Yes,Yes,40,Yes,No,Fiber optic,No,No,Yes,No,Yes,No,One year,Yes,Electronic check,85.05,3402.0,No,25–48 months,60–90
5148-HKFIR,Female,0,No,No,20,Yes,No,No,No,No,No,No,No,No,Two year,No,Mailed check,19.7,394.0,No,13–24 months,Below 30
1009-IRMNA,Female,0,No,No,7,Yes,No,No,No,No,No,No,No,No,Month-to-month,No,Bank transfer,20.0,140.0,Yes,0–12 months,Below 30
3003-CMDUU,Female,0,Yes,No,25,Yes,No,Fiber optic,No,No,No,Yes,Yes,No,Month-to-month,Yes,Electronic check,95.15,2378.75,No,25–48 months,Above 90
5016-IBERQ,Male,0,Yes,No,23,Yes,Yes,Fiber optic,No,Yes,Yes,No,No,Yes,Month-to-month,No,Electronic check,84.25,1937.75,No,13–24 months,60–90
6797-UCJHZ,Female,1,Yes,No,66,Yes,Yes,Fiber optic,No,Yes,Yes,No,Yes,No,One year,No,Credit card,104.6,6903.6,No,61+ months,Above 90
2469-DTSGX,Female,1,No,No,72,Yes,Yes,Fiber optic,No,Yes,Yes,Yes,Yes,Yes,Two year,No,Electronic check,111.65,8038.8,No,61+ months,Above 90
4554-YGZIH,Male,1,Yes,No,49,Yes,Yes,Fiber optic,No,Yes,No,No,No,Yes,Month-to-month,No,Credit card,90.05,4412.45,Yes,49–60 months,Above 90
5099-BAILX,Male,1,Yes,Yes,43,Yes,Yes,Fiber optic,No,Yes,Yes,Yes,Yes,Yes,Month-to-month,Yes,Bank transfer,110.75,4762.25,Yes,25–48 months,Above 90
9931-KGHOA,Female,0,Yes,No,46,Yes,Yes,DSL,Yes,No,No,No,No,Yes,Month-to-month,No,Bank transfer,55.0,2530.0,No,25–48 months,30–60
1775-KWJKQ,Male,0,Yes,Yes,72,Yes,Yes,DSL,Yes,Yes,Yes,Yes,Yes,No,Two year,No,Credit card,89.85,6469.2,No,61+ months,60–90
7665-VIGUD,Male,0,No,No,10,Yes,No,No,No,No,No,No,No,Yes,One year,No,Mailed check,20.35,203.5,No,0–12 months,Below 30
9411-TPQQV,Female,0,No,No,40,No,No,DSL,Yes,No,No,Yes,Yes,No,One year,Yes,Bank transfer,54.55,2182.0,No,25–48 months,30–60
7207-RMRDB,Female,0,Yes,Yes,65,Yes,Yes,Fiber optic,No,Yes,Yes,No,Yes,Yes,Month-to-month,Yes,Electronic check,105.5,6857.5,Yes,61+ months,Above 90
7954-MLBUN,Male,0,No,No,31,Yes,No,Fiber optic,No,No,Yes,Yes,Yes,Yes,Two year,No,Bank transfer,99.45,3082.95,No,25–48 months,Above 90
2077-DDHJK,Female,0,Yes,No,68,Yes,Yes,DSL,Yes,Yes,Yes,Yes,No,Yes,Two year,No,Credit card,70.9,4821.2,No,61+ months,60–90
4913-EHYUI,Male,1,Yes,Yes,56,Yes,Yes,Fiber optic,Yes,No,Yes,No,Yes,No,One year,Yes,Bank transfer,104.55,5854.8,Yes,49–60 months,Above 90
0195-IESCP,Male,0,Yes,No,10,Yes,Yes,Fiber optic,No,No,No,No,No,Yes,Month-to-month,Yes,Electronic check,85.25,852.5,Yes,0–12 months,60–90
9574-BOSMD,Male,0,Yes,Yes,68,Yes,Yes,No,No,No,No,No,No,Yes,Two year,No,Bank transfer,25.4,1727.2,No,61+ months,Below 30
4580-TMHJU,Female,0,Yes,Yes,43,Yes,No,DSL,No,No,No,No,Yes,No,Month-to-month,No,Electronic check,56.15,2414.45,Yes,25–48 months,30–60
0970-ETWGE,Male,0,No,No,1,Yes,No,Fiber optic,No,No,No,No,Yes,No,Month-to-month,Yes,Electronic check,89.55,89.55,Yes,0–12 months,60–90
4908-XAXAY,Female,1,No,No,49,Yes,No,Fiber optic,No,Yes,Yes,No,No,Yes,One year,Yes,Bank transfer,89.85,4402.65,No,49–60 months,60–90
8404-VLQFB,Female,0,Yes,Yes,15,Yes,Yes,No,No,No,No,No,No,Yes,Month-to-month,Yes,Electronic check,25.25,378.75,No,13–24 months,Below 30
1626-ERCMM,Male,1,Yes,No,20,Yes,Yes,Fiber optic,No,No,No,No,Yes,No,Month-to-month,Yes,Electronic check,94.55,1891.0,Yes,13–24 months,Above 90
0887-HJGAR,Male,0,No,No,1,Yes,No,DSL,No,No,No,No,No,Yes,Month-to-month,Yes,Mailed check,45.7,45.7,Yes,0–12 months,30–60
2391-IPLOP,Male,0,Yes,Yes,50,Yes,Yes,DSL,No,No,Yes,Yes,Yes,No,One year,Yes,Electronic check,69.65,3482.5,No,49–60 months,60–90
5644-PDMZC,Female,1,No,No,2,Yes,Yes,Fiber optic,No,Yes,No,No,No,No,Month-to-month,No,Electronic check,89.5,179.0,Yes,0–12 months,60–90
3509-GWQGF,Male,1,No,No,24,Yes,No,Fiber optic,No,No,No,No,No,Yes,Month-to-month,No,Credit card,70.0,1680.0,No,13–24 months,60–90
9576-ANLXO,Female,0,No,No,3,Yes,No,Fiber optic,No,No,No,No,No,No,Month-to-month,Yes,Bank transfer,69.55,208.65,Yes,0–12 months,60–90
2024-BASKD,Female,0,No,No,1,Yes,No,Fiber optic,No,No,Yes,No,No,No,Month-to-month,Yes,Mailed check,74.6,74.6,Yes,0–12 months,60–90
5845-BZZIB,Male,0,Yes,Yes,35,Yes,No,No,No,No,No,No,No,No,Two year,No,Mailed check,20.1,703.5,No,25–48 months,Below 30
1140-UKVZG,Female,0,No,No,17,Yes,Yes,No,No,No,No,No,No,No,Month-to-month,No,Mailed check,24.8,421.6,No,13–24 months,Below 30
4160-AMJTL,Female,1,No,No,8,Yes,No,No,No,No,No,No,No,No,Month-to-month,No,Electronic check,19.65,157.2,Yes,0–12 months,Below 30
5183-SNMJQ,Male,0,No,No,10,Yes,No,Fiber optic,No,No,No,Yes,Yes,No,Month-to-month,Yes,Credit card,95.1,951.0,No,0–12 months,Above 90
8100-PNJMH,Male,0,Yes,Yes,68,Yes,Yes,DSL,Yes,Yes,Yes,Yes,Yes,Yes,Two year,Yes,Credit card,88.85,6041.8,No,61+ months,60–90
7838-LAZFO,Male,0,Yes,No,45,Yes,No,DSL,Yes,Yes,Yes,No,Yes,Yes,One year,No,Bank transfer,78.8,3546.0,No,25–48 months,60–90
4464-JCOLN,Male,0,Yes,Yes,2,Yes,No,No,No,No,No,No,No,Yes,One year,No,Mailed check,19.85,39.7,Yes,0–12 months,Below 30
2085-JVGAD,Male,0,Yes,No,37,Yes,No,No,No,No,No,No,No,No,Month-to-month,No,Bank transfer,20.35,752.95,No,25–48 months,Below 30
5650-VDUDS,Female,0,No,No,4,No,No,DSL,No,No,No,No,No,No,Month-to-month,Yes,Mailed check,24.25,97.0,Yes,0–12 months,Below 30
8095-WANWK,Female,0,No,No,10,Yes,No,DSL,No,No,No,No,No,No,Month-to-month,No,Mailed check,45.25,452.5,No,0–12 months,30–60
3030-ZKIWL,Male,0,No,No,1,Yes,No,No,No,No,No,No,No,No,Month-to-month,No,Mailed check,20.05,20.05,No,0–12 months,Below 30
9565-FLVCG,Male,0,Yes,Yes,65,Yes,Yes,DSL,Yes,Yes,No,No,No,No,Two year,Yes,Mailed check,69.55,4520.75,No,61+ months,60–90
8755-OGKNA,Female,0,Yes,Yes,57,Yes,No,No,No,No,No,No,No,Yes,Two year,No,Bank transfer,19.5,1111.5,No,49–60 months,Below 30
2800-VEQXM,Female,0,No,No,3,Yes,No,Fiber optic,No,No,Yes,No,No,No,Month-to-month,Yes,Mailed check,74.75,224.25,No,0–12 months,60–90
7538-GWHML,Female,0,No,No,2,Yes,No,Fiber optic,No,No,No,No,No,No,Month-to-month,No,Electronic check,69.65,139.3,Yes,0–12 months,60–90
5533-RJFTJ,Male,0,No,No,49,No,No,DSL,No,No,Yes,No,No,No,Month-to-month,Yes,Bank transfer,30.2,1479.8,No,49–60 months,30–60
3859-CVCET,Female,0,No,No,4,Yes,No,DSL,No,No,No,No,No,No,Month-to-month,No,Mailed check,45.65,182.6,Yes,0–12 months,30–60
0214-JHPFW,Female,0,Yes,No,70,No,No,DSL,No,Yes,Yes,Yes,Yes,No,Two year,No,Bank transfer,57.8,4046.0,No,61+ months,30–60
5642-MHDQT,Female,0,Yes,Yes,53,Yes,No,No,No,No,No,No,No,Yes,One year,Yes,Bank transfer,19.85,1052.05,No,49–60 months,Below 30
3088-FVYWK,Male,0,Yes,Yes,53,Yes,Yes,No,No,No,No,No,No,No,Two year,No,Credit card,25.55,1354.15,No,49–60 months,Below 30
3276-HDUEG,Female,0,No,No,1,Yes,Yes,Fiber optic,No,No,No,No,No,No,Month-to-month,Yes,Mailed check,75.05,75.05,Yes,0–12 months,60–90
9092-GDZKO,Male,0,No,No,22,Yes,Yes,No,No,No,No,No,No,No,Month-to-month,Yes,Credit card,24.85,546.7,No,13–24 months,Below 30
0823-HSCDJ,Male,1,No,No,52,No,No,DSL,No,Yes,No,No,Yes,No,Month-to-month,Yes,Electronic check,49.15,2555.8,Yes,49–60 months,30–60
3729-OWRVL,Male,1,No,No,65,Yes,Yes,Fiber optic,Yes,No,Yes,Yes,Yes,Yes,Two year,Yes,Electronic check,110.35,7172.75,No,61+ months,Above 90
2324-AALNO,Female,0,No,No,48,Yes,Yes,No,No,No,No,No,No,Yes,One year,No,Bank transfer,24.55,1178.4,No,25–48 months,Below 30
0822-GAVAP,Female,0,No,No,2,No,No,DSL,No,No,No,No,No,No,Month-to-month,Yes,Electronic check,34.7,69.4,Yes,0–12 months,30–60
5760-IFJOZ,Male,0,No,No,3,Yes,Yes,Fiber optic,No,Yes,Yes,No,Yes,Yes,Month-to-month,No,Mailed check,107.95,323.85,No,0–12 months,Above 90
2826-UWHIS,Male,0,Yes,No,45,Yes,Yes,Fiber optic,No,Yes,No,No,No,Yes,Month-to-month,No,Bank transfer,81.4,3663.0,No,25–48 months,60–90
1448-PWKYE,Male,0,Yes,Yes,1,Yes,No,Fiber optic,No,No,No,No,No,No,Month-to-month,No,Electronic check,80.0,80.0,Yes,0–12 months,60–90
7501-IWUNG,Female,0,Yes,Yes,61,Yes,No,DSL,No,No,Yes,Yes,Yes,Yes,Two year,Yes,Bank transfer,73.8,4501.8,No,61+ months,60–90
4957-TREIR,Male,0,No,No,3,Yes,No,DSL,Yes,No,No,Yes,Yes,Yes,Month-to-month,Yes,Credit card,64.4,193.2,No,0–12 months,60–90
7251-LJBQN,Female,1,No,No,40,Yes,Yes,Fiber optic,No,No,Yes,Yes,Yes,No,One year,Yes,Credit card,103.75,4150.0,No,25–48 months,Above 90
8040-MNRTF,Female,0,No,No,1,Yes,No,Fiber optic,No,No,No,No,No,Yes,Month-to-month,No,Mailed check,71.1,71.1,No,0–12 months,60–90
1536-HBSWP,Female,0,No,No,1,Yes,No,DSL,No,No,No,Yes,No,No,Month-to-month,Yes,Electronic check,49.9,49.9,No,0–12 months,30–60
5313-FPXWG,Male,0,No,No,51,Yes,Yes,No,No,No,No,No,No,No,One year,Yes,Bank transfer,24.6,1254.6,No,49–60 months,Below 30
0067-DKWBL,Male,1,No,No,2,Yes,No,DSL,Yes,No,No,No,No,No,Month-to-month,Yes,Electronic check,49.25,98.5,Yes,0–12 months,30–60
0946-FKYTX,Male,0,No,No,52,No,No,DSL,No,Yes,No,No,No,No,One year,No,Mailed check,30.1,1565.2,No,49–60 months,30–60
5076-YVXCM,Male,0,No,No,51,Yes,Yes,Fiber optic,No,No,No,No,No,No,Month-to-month,No,Bank transfer,83.4,4253.4,No,49–60 months,60–90
8262-COGGB,Male,0,No,No,1,Yes,No,No,No,No,No,No,No,Yes,Month-to-month,Yes,Mailed check,20.45,20.45,No,0–12 months,Below 30
6663-JOCQO,Male,0,Yes,Yes,31,Yes,Yes,DSL,Yes,Yes,No,Yes,No,No,One year,Yes,Bank transfer,75.25,2332.75,No,25–48 months,60–90
9620-QJREV,Male,0,No,Yes,47,Yes,No,No,No,No,No,No,No,Yes,One year,No,Credit card,20.55,965.85,No,25–48 months,Below 30
2276-YDAVZ,Female,0,No,No,3,Yes,Yes,Fiber optic,No,No,No,No,No,No,Month-to-month,Yes,Credit card,75.1,225.3,Yes,0–12 months,60–90
2682-KEVRP,Female,1,No,No,22,Yes,No,No,No,No,No,No,No,No,One year,Yes,Mailed check,20.05,441.1,No,13–24 months,Below 30
2480-JZOSN,Female,0,Yes,No,1,Yes,No,No,No,No,No,No,No,No,Month-to-month,Yes,Mailed check,20.65,20.65,No,0–12 months,Below 30
0078-XZMHT,Male,0,Yes,No,72,Yes,Yes,DSL,No,Yes,Yes,Yes,Yes,No,Two year,Yes,Bank transfer,85.15,6130.8,No,61+ months,60–90
5896-NPFWW,Male,0,Yes,Yes,3,Yes,No,DSL,No,No,Yes,No,No,Yes,Month-to-month,Yes,Electronic check,50.15,150.45,Yes,0–12 months,30–60
9978-HYCIN,Male,1,Yes,Yes,47,Yes,No,Fiber optic,No,Yes,No,No,Yes,No,One year,Yes,Bank transfer,84.95,3992.65,No,25–48 months,60–90
8338-QIUNR,Male,0,Yes,Yes,72,Yes,Yes,DSL,Yes,No,Yes,Yes,No,No,Two year,Yes,Credit card,66.5,4788.0,No,61+ months,60–90
1525-LNLOJ,Male,0,Yes,Yes,66,Yes,Yes,DSL,No,No,Yes,No,Yes,No,Two year,Yes,Bank transfer,63.3,4177.8,No,61+ months,60–90
9450-TRJUU,Male,0,No,No,35,Yes,Yes,Fiber optic,No,No,No,No,Yes,No,Month-to-month,No,Electronic check,83.15,2910.25,No,25–48 months,60–90
1766-GKNMI,Male,0,No,No,29,Yes,Yes,Fiber optic,No,No,No,No,No,No,Month-to-month,Yes,Electronic check,84.9,2462.1,No,25–48 months,60–90
6942-LBFDP,Female,0,No,No,2,Yes,No,No,No,No,No,No,No,Yes,Month-to-month,Yes,Mailed check,20.55,41.1,No,0–12 months,Below 30
1456-TWCGB,Male,0,No,No,4,Yes,No,DSL,No,Yes,No,No,No,No,Month-to-month,No,Mailed check,49.25,197.0,No,0–12 months,30–60
7133-VBDCG,Female,0,No,No,25,Yes,No,Fiber optic,Yes,Yes,No,No,No,No,Month-to-month,Yes,Bank transfer,79.85,1996.25,Yes,25–48 months,60–90
7596-ZYWBB,Female,0,No,No,65,Yes,No,DSL,Yes,Yes,No,Yes,No,No,Two year,Yes,Mailed check,59.6,3874.0,No,61+ months,30–60
8329-UTMVM,Male,1,No,No,27,Yes,Yes,Fiber optic,No,Yes,No,Yes,Yes,No,One year,Yes,Bank transfer,104.65,2825.55,No,25–48 months,Above 90
3014-WJKSM,Male,0,Yes,No,29,Yes,No,Fiber optic,No,No,Yes,No,No,Yes,Month-to-month,Yes,Credit card,75.3,2183.7,No,25–48 months,60–90
3347-YJZZE,Male,0,Yes,Yes,29,Yes,Yes,DSL,No,Yes,Yes,No,Yes,No,Month-to-month,No,Credit card,80.1,2322.9,No,25–48 months,60–90
1029-QFBEN,Male,0,No,No,1,Yes,No,No,No,No,No,No,No,Yes,Month-to-month,No,Mailed check,19.55,19.55,Yes,0–12 months,Below 30
7929-DMBCV,Female,0,Yes,No,20,Yes,No,Fiber optic,No,No,Yes,Yes,No,No,Month-to-month,Yes,Mailed check,81.0,1620.0,No,13–24 months,60–90
9661-JALZV,Female,0,No,No,58,Yes,Yes,No,No,No,No,No,No,No,Two year,Yes,Credit card,24.7,1432.6,No,49–60 months,Below 30
5433-KYGHE,Female,0,No,Yes,14,Yes,Yes,Fiber optic,Yes,No,No,Yes,No,No,Month-to-month,Yes,Mailed check,86.0,1204.0,No,13–24 months,60–90
4312-KFRXN,Male,0,Yes,No,72,Yes,Yes,No,No,No,No,No,No,No,Two year,No,Mailed check,25.4,1828.8,No,61+ months,Below 30
5575-TPIZQ,Male,0,No,No,46,Yes,Yes,Fiber optic,Yes,No,No,No,Yes,No,Month-to-month,Yes,Credit card,89.15,4100.9,No,25–48 months,60–90
0114-IGABW,Female,0,Yes,No,71,No,No,DSL,No,Yes,Yes,Yes,Yes,No,Two year,No,Bank transfer,58.25,4135.75,No,61+ months,30–60
9944-AEXBM,Male,0,No,No,32,Yes,Yes,Fiber optic,No,No,No,No,No,Yes,Month-to-month,Yes,Bank transfer,85.65,2740.8,No,25–48 months,60–90
1853-ARAAQ,Female,0,No,No,26,No,No,DSL,No,No,Yes,No,Yes,Yes,Month-to-month,Yes,Credit card,50.35,1309.1,No,25–48 months,30–60
6952-OMNWB,Male,1,Yes,No,68,Yes,Yes,Fiber optic,No,No,Yes,No,No,Yes,Month-to-month,Yes,Credit card,80.35,5463.8,No,61+ months,60–90
4697-LUPSU,Male,0,Yes,Yes,2,Yes,No,No,No,No,No,No,No,No,One year,No,Mailed check,20.2,40.4,No,0–12 months,Below 30
8434-VGEQQ,Male,0,Yes,Yes,61,Yes,No,No,No,No,No,No,No,No,Two year,No,Credit card,20.55,1253.55,No,61+ months,Below 30
4952-YSOGZ,Female,0,Yes,Yes,4,Yes,Yes,Fiber optic,No,No,No,No,No,No,Month-to-month,Yes,Electronic check,85.95,343.8,Yes,0–12 months,60–90
1589-AGTLK,Male,0,No,No,3,Yes,No,DSL,No,No,No,No,No,Yes,Month-to-month,Yes,Electronic check,45.35,136.05,Yes,0–12 months,30–60
5244-IRFIH,Male,1,Yes,No,33,Yes,Yes,Fiber optic,No,No,No,No,Yes,No,Month-to-month,Yes,Electronic check,94.5,3118.5,Yes,25–48 months,Above 90
6549-YMFAW,Male,1,Yes,No,9,Yes,No,No,No,No,No,No,No,Yes,Month-to-month,Yes,Mailed check,21.25,191.25,No,0–12 months,Below 30
4950-HKQTE,Female,0,No,No,22,Yes,Yes,No,No,No,No,No,No,No,Two year,No,Mailed check,26.25,577.5,No,13–24 months,Below 30
6786-OBWQR,Female,0,Yes,Yes,5,Yes,No,Fiber optic,No,No,No,No,Yes,No,Month-to-month,Yes,Electronic check,80.85,404.25,No,0–12 months,60–90
2684-EIWEO,Female,1,No,No,30,Yes,Yes,Fiber optic,Yes,Yes,Yes,No,No,No,Month-to-month,No,Credit card,91.7,2751.0,Yes,25–48 months,Above 90
2753-JMMCV,Male,0,No,No,65,Yes,Yes,DSL,No,Yes,Yes,Yes,No,No,Two year,Yes,Credit card,74.2,4823.0,No,61+ months,60–90
6439-GTPCA,Female,0,No,No,45,Yes,Yes,Fiber optic,No,No,Yes,Yes,No,Yes,Month-to-month,Yes,Electronic check,87.25,3926.25,Yes,25–48 months,60–90
6621-YOBKI,Male,0,No,No,5,Yes,No,No,No,No,No,No,No,No,Month-to-month,No,Mailed check,20.35,101.75,No,0–12 months,Below 30
1216-JWVUX,Male,0,Yes,Yes,25,Yes,No,Fiber optic,No,Yes,No,No,No,No,Month-to-month,Yes,Electronic check,75.5,1887.5,No,25–48 months,60–90
7564-GHCVB,Female,0,Yes,Yes,72,Yes,Yes,Fiber optic,Yes,No,No,No,No,No,Two year,No,Bank transfer,79.05,5691.6,No,61+ months,60–90
1173-NOEYG,Female,0,Yes,No,27,Yes,Yes,Fiber optic,No,No,Yes,No,No,No,Month-to-month,No,Bank transfer,90.15,2434.05,No,25–48 months,Above 90
7595-EHCDL,Male,0,Yes,Yes,32,No,No,DSL,No,No,Yes,No,Yes,Yes,Month-to-month,No,Credit card,50.6,1619.2,No,25–48 months,30–60
6647-ZEDXT,Female,0,No,No,30,Yes,Yes,Fiber optic,No,Yes,Yes,Yes,Yes,Yes,One year,No,Credit card,110.45,3313.5,No,25–48 months,Above 90
2521-NPUZR,Male,0,Yes,No,70,Yes,No,Fiber optic,Yes,Yes,Yes,Yes,No,Yes,Two year,No,Credit card,101.0,7070.0,No,61+ months,Above 90
1307-TVUFB,Male,1,No,No,42,Yes,Yes,Fiber optic,No,Yes,No,No,No,Yes,Month-to-month,Yes,Bank transfer,79.35,3332.7,No,25–48 months,60–90
7503-MIOGA,Female,1,Yes,No,72,Yes,Yes,DSL,Yes,Yes,Yes,Yes,Yes,No,Two year,Yes,Bank transfer,89.85,6469.2,No,61+ months,60–90
4381-MHQDC,Female,0,No,No,47,Yes,Yes,DSL,Yes,No,Yes,Yes,No,Yes,Two year,Yes,Mailed check,65.0,3055.0,No,25–48 months,60–90
6923-JHPMP,Female,0,No,No,2,Yes,No,Fiber optic,Yes,No,Yes,No,No,No,Month-to-month,Yes,Electronic check,80.45,160.9,No,0–12 months,60–90
5138-WVKYJ,Male,0,No,No,10,Yes,Yes,Fiber optic,Yes,No,No,No,Yes,No,Month-to-month,No,Electronic check,98.55,985.5,Yes,0–12 months,Above 90
4018-PPNDW,Female,0,Yes,Yes,61,Yes,Yes,No,No,No,No,No,No,Yes,Two year,Yes,Mailed check,24.1,1470.1,No,61+ months,Below 30
1635-FJFCC,Female,0,No,No,5,Yes,No,DSL,No,No,No,No,No,No,Month-to-month,Yes,Credit card,44.05,220.25,No,0–12 months,30–60
2499-AJYUA,Female,1,Yes,No,72,Yes,Yes,Fiber optic,No,Yes,Yes,Yes,Yes,No,Two year,Yes,Credit card,110.8,7977.6,No,61+ months,Above 90
6919-ELBGL,Male,1,Yes,Yes,72,Yes,Yes,Fiber optic,Yes,Yes,Yes,Yes,Yes,Yes,Two year,Yes,Bank transfer,114.95,8276.4,No,61+ months,Above 90
3966-HRMZA,Female,1,No,No,3,Yes,No,Fiber optic,No,No,Yes,No,No,Yes,Month-to-month,No,Mailed check,75.05,225.15,No,0–12 months,60–90
6425-JWTDV,Male,0,Yes,No,48,Yes,No,No,No,No,No,No,No,No,Two year,No,Mailed check,19.25,924.0,No,25–48 months,Below 30
8405-IGQFX,Female,0,No,No,63,Yes,No,Fiber optic,No,No,Yes,Yes,Yes,No,One year,Yes,Credit card,90.05,5673.15,No,61+ months,Above 90
8224-IVVPA,Female,0,No,No,27,Yes,No,DSL,Yes,Yes,No,No,No,No,Month-to-month,Yes,Mailed check,56.7,1530.9,No,25–48 months,30–60
9477-LGWQI,Male,0,Yes,Yes,70,Yes,No,DSL,Yes,Yes,Yes,No,Yes,No,Two year,Yes,Credit card,80.15,5610.5,No,61+ months,60–90
1410-RSCMR,Male,0,Yes,Yes,7,Yes,No,DSL,Yes,No,Yes,Yes,No,Yes,Month-to-month,Yes,Credit card,71.35,499.45,No,0–12 months,60–90
3115-CZMZD,Male,0,No,Yes,0,Yes,No,No,No,No,No,No,No,Yes,Two year,No,Mailed check,20.25,0.0,No,0–12 months,Below 30
0139-IVFJG,Female,0,Yes,No,2,Yes,No,Fiber optic,Yes,Yes,No,No,Yes,No,Month-to-month,No,Electronic check,90.35,180.7,No,0–12 months,Above 90
6683-VLCTZ,Male,1,No,No,20,Yes,Yes,Fiber optic,No,No,Yes,No,Yes,No,Month-to-month,Yes,Electronic check,98.55,1971.0,Yes,13–24 months,Above 90
5730-DBDSI,Male,0,No,No,66,Yes,No,No,No,No,No,No,No,Yes,Two year,No,Bank transfer,19.7,1300.2,No,61+ months,Below 30
0030-FNXPP,Female,0,No,No,3,Yes,No,No,No,No,No,No,No,No,Month-to-month,No,Mailed check,19.85,59.55,No,0–12 months,Below 30
2189-WWOEW,Female,0,No,Yes,15,Yes,No,Fiber optic,No,Yes,No,No,No,No,Month-to-month,Yes,Bank transfer,85.9,1288.5,Yes,13–24 months,60–90
5684-FJVYR,Female,0,Yes,Yes,72,Yes,Yes,Fiber optic,Yes,Yes,No,Yes,No,Yes,Two year,Yes,Bank transfer,90.35,6505.2,No,61+ months,Above 90
4013-GUXND,Male,0,No,No,1,Yes,No,No,No,No,No,No,No,No,Month-to-month,No,Mailed check,20.8,20.8,No,0–12 months,Below 30
1894-IGFSG,Female,0,No,No,22,Yes,No,Fiber optic,No,No,No,No,Yes,No,Month-to-month,No,Electronic check,89.25,1963.5,Yes,13–24 months,60–90
7379-POKDZ,Male,0,Yes,No,3,Yes,No,Fiber optic,No,No,No,No,No,Yes,Month-to-month,Yes,Electronic check,70.3,210.9,Yes,0–12 months,60–90
1266-NZYUI,Female,0,Yes,Yes,72,Yes,Yes,DSL,Yes,No,Yes,Yes,No,No,Two year,No,Bank transfer,66.85,4813.2,No,61+ months,60–90
7969-FFOWG,Male,0,Yes,Yes,65,Yes,No,No,No,No,No,No,No,No,Two year,No,Mailed check,19.9,1293.5,No,61+ months,Below 30
4718-DHSMV,Female,0,No,No,11,No,No,DSL,No,No,No,No,Yes,No,Month-to-month,Yes,Mailed check,35.8,393.8,No,0–12 months,30–60
5175-WLYXL,Male,0,No,No,22,Yes,Yes,Fiber optic,No,Yes,No,No,No,No,Month-to-month,Yes,Mailed check,78.85,1734.7,No,13–24 months,60–90
7817-OMJNA,Male,0,No,No,14,Yes,No,No,No,No,No,No,No,No,One year,No,Bank transfer,20.4,285.6,No,13–24 months,Below 30
8728-SKJLR,Male,0,No,No,41,Yes,No,Fiber optic,No,No,No,Yes,No,No,Month-to-month,Yes,Electronic check,74.25,3044.25,No,25–48 months,60–90
3137-NYQQI,Male,0,Yes,No,17,Yes,No,DSL,Yes,Yes,No,No,No,No,One year,No,Mailed check,64.8,1101.6,No,13–24 months,60–90
7706-DZNKK,Male,0,No,No,11,Yes,No,No,No,No,No,No,No,Yes,Month-to-month,Yes,Credit card,20.45,224.95,No,0–12 months,Below 30
0236-HFWSV,Male,0,No,No,15,Yes,Yes,Fiber optic,No,No,No,No,Yes,No,Month-to-month,Yes,Electronic check,93.35,1400.25,Yes,13–24 months,Above 90
3900-AQPHZ,Female,0,No,No,1,Yes,No,No,No,No,No,No,No,Yes,Month-to-month,No,Mailed check,19.9,19.9,Yes,0–12 months,Below 30
5842-POCOP,Female,0,Yes,No,5,Yes,No,Fiber optic,Yes,No,Yes,No,No,No,Month-to-month,Yes,Mailed check,88.9,444.5,Yes,0–12 months,60–90
2037-XJFUP,Male,0,Yes,No,33,Yes,No,Fiber optic,No,No,Yes,No,Yes,Yes,One year,Yes,Electronic check,95.8,3161.4,Yes,25–48 months,Above 90
8823-RLPWL,Female,0,Yes,No,72,Yes,Yes,Fiber optic,Yes,Yes,Yes,No,Yes,Yes,Two year,Yes,Credit card,110.65,7966.8,No,61+ months,Above 90
9505-SQFSW,Female,0,Yes,Yes,3,No,No,DSL,No,Yes,No,No,No,Yes,Month-to-month,No,Mailed check,40.3,120.9,No,0–12 months,30–60
7314-OXENN,Male,0,No,No,2,Yes,Yes,Fiber optic,No,Yes,No,No,No,Yes,Month-to-month,Yes,Electronic check,82.0,164.0,Yes,0–12 months,60–90
3758-CKOQL,Female,0,Yes,No,59,Yes,Yes,Fiber optic,Yes,Yes,Yes,Yes,No,No,One year,Yes,Credit card,107.0,6313.0,No,49–60 months,Above 90
0322-CHQRU,Male,0,No,No,2,Yes,No,DSL,No,No,No,No,No,Yes,Month-to-month,No,Electronic check,45.35,90.7,Yes,0–12 months,30–60
5676-CFLYY,Male,0,Yes,Yes,71,Yes,No,DSL,No,Yes,No,Yes,Yes,No,Two year,Yes,Credit card,73.35,5207.85,No,61+ months,60–90
7521-AFHAB,Female,0,Yes,Yes,5,Yes,No,DSL,No,No,No,No,No,Yes,Month-to-month,No,Mailed check,44.8,224.0,No,0–12 months,30–60
0285-INHLN,Male,0,Yes,Yes,27,Yes,No,DSL,Yes,Yes,No,No,No,No,Month-to-month,Yes,Credit card,54.75,1478.25,No,25–48 months,30–60
4678-DVQEO,Female,0,No,No,1,Yes,No,DSL,No,No,No,Yes,No,No,Month-to-month,Yes,Electronic check,52.2,52.2,Yes,0–12 months,30–60
5125-CNDSP,Male,0,No,Yes,63,No,No,DSL,Yes,Yes,No,Yes,No,No,One year,Yes,Bank transfer,40.6,2557.8,No,61+ months,30–60
0691-IFBQW,Female,1,No,No,46,Yes,Yes,Fiber optic,Yes,Yes,Yes,No,Yes,No,One year,Yes,Electronic check,110.0,5060.0,Yes,25–48 months,Above 90
4992-LTJNE,Male,0,Yes,Yes,72,Yes,Yes,DSL,Yes,No,No,No,No,Yes,Two year,No,Bank transfer,55.3,3981.6,No,61+ months,30–60
2202-OUTMO,Female,0,Yes,No,34,Yes,Yes,DSL,Yes,No,No,Yes,No,No,Month-to-month,Yes,Bank transfer,60.85,2068.9,No,25–48 months,60–90
0810-BDHAW,Female,0,Yes,Yes,24,Yes,Yes,DSL,Yes,Yes,No,No,Yes,No,One year,No,Electronic check,78.4,1881.6,No,13–24 months,60–90
0229-LFJAF,Male,0,No,No,72,Yes,Yes,DSL,Yes,Yes,Yes,Yes,No,Yes,Two year,No,Bank transfer,69.65,5014.8,No,61+ months,60–90
7131-ZQZNK,Female,0,Yes,Yes,60,No,No,DSL,Yes,No,Yes,Yes,Yes,No,Two year,No,Credit card,59.85,3591.0,No,49–60 months,30–60
3442-ZHHCC,Male,0,No,No,68,Yes,Yes,DSL,Yes,Yes,Yes,No,No,Yes,One year,Yes,Credit card,76.9,5229.2,No,61+ months,60–90
5726-CVNYA,Female,0,Yes,Yes,8,Yes,No,No,No,No,No,No,No,Yes,Two year,Yes,Mailed check,19.85,158.8,No,0–12 months,Below 30
9871-ELEYA,Female,0,No,Yes,34,Yes,No,DSL,Yes,No,Yes,Yes,Yes,No,Two year,No,Credit card,67.65,2300.1,No,25–48 months,60–90
4257-GAESD,Female,0,No,No,6,No,No,DSL,No,No,No,No,Yes,No,Month-to-month,No,Credit card,45.0,270.0,No,0–12 months,30–60
5173-WXOQV,Male,0,Yes,No,2,Yes,No,DSL,No,Yes,No,Yes,No,Yes,Month-to-month,Yes,Mailed check,64.2,128.4,No,0–12 months,60–90
2040-OBMLJ,Male,0,No,No,31,Yes,Yes,Fiber optic,No,No,No,Yes,No,Yes,One year,No,Credit card,81.7,2532.7,No,25–48 months,60–90
6286-ZHAOK,Female,0,Yes,Yes,20,Yes,Yes,No,No,No,No,No,No,No,Month-to-month,Yes,Bank transfer,25.55,511.0,No,13–24 months,Below 30
3807-XHCJH,Female,0,Yes,Yes,1,Yes,No,No,No,No,No,No,No,No,Month-to-month,No,Electronic check,20.0,20.0,No,0–12 months,Below 30
3009-JWMPU,Male,0,No,No,62,Yes,Yes,Fiber optic,No,No,Yes,No,Yes,No,One year,Yes,Electronic check,96.75,5998.5,Yes,61+ months,Above 90
5671-RQRLP,Female,1,Yes,No,70,Yes,Yes,Fiber optic,No,No,No,No,No,Yes,Two year,Yes,Credit card,75.65,5295.5,No,61+ months,60–90
1450-GALXR,Female,0,No,No,10,Yes,Yes,Fiber optic,No,No,No,Yes,Yes,No,Month-to-month,Yes,Electronic check,98.5,985.0,Yes,0–12 months,Above 90
8859-AXJZP,Male,0,Yes,Yes,39,Yes,Yes,No,No,No,No,No,No,Yes,Two year,Yes,Mailed check,23.8,928.2,No,25–48 months,Below 30
3174-AKMAS,Female,0,Yes,No,46,Yes,No,DSL,No,Yes,No,Yes,Yes,No,Two year,Yes,Credit card,64.2,2953.2,No,25–48 months,60–90
3138-BKYAV,Male,0,No,No,6,Yes,No,Fiber optic,No,Yes,No,No,Yes,No,Month-to-month,Yes,Electronic check,85.35,512.1,Yes,0–12 months,60–90
9926-PJHDQ,Female,0,Yes,Yes,72,Yes,Yes,DSL,No,No,Yes,No,Yes,No,Two year,Yes,Bank transfer,76.8,5529.6,No,61+ months,60–90
7382-DFJTU,Male,0,No,No,18,Yes,No,DSL,No,No,Yes,Yes,No,Yes,Month-to-month,No,Credit card,55.2,993.6,No,13–24 months,30–60
2798-NYLMZ,Male,0,Yes,No,71,Yes,Yes,Fiber optic,Yes,No,Yes,Yes,Yes,No,Two year,Yes,Credit card,108.55,7707.05,No,61+ months,Above 90
4289-DTDKW,Male,0,Yes,No,40,Yes,Yes,Fiber optic,No,Yes,No,No,Yes,Yes,Month-to-month,Yes,Electronic check,101.3,4052.0,Yes,25–48 months,Above 90
1820-TQVEV,Male,0,No,No,1,Yes,No,Fiber optic,No,No,No,No,No,Yes,Month-to-month,Yes,Electronic check,69.55,69.55,Yes,0–12 months,60–90
2239-JALAW,Male,0,No,No,58,Yes,Yes,Fiber optic,No,Yes,Yes,No,Yes,No,One year,Yes,Bank transfer,103.25,5988.5,Yes,49–60 months,Above 90
4853-RULSV,Male,0,No,No,70,Yes,Yes,Fiber optic,Yes,No,No,Yes,Yes,Yes,Two year,Yes,Credit card,104.0,7280.0,Yes,61+ months,Above 90
8098-TDCBU,Female,0,Yes,No,42,Yes,Yes,No,No,No,No,No,No,Yes,Two year,No,Electronic check,25.25,1060.5,No,25–48 months,Below 30
3551-GAEGL,Male,0,Yes,Yes,34,No,No,DSL,Yes,No,No,No,No,No,One year,No,Bank transfer,30.4,1033.6,No,25–48 months,30–60
4785-NKHCX,Male,1,No,No,5,Yes,No,No,No,No,No,No,No,No,Month-to-month,No,Bank transfer,20.05,100.25,No,0–12 months,Below 30
3196-NVXLZ,Female,0,No,No,25,Yes,Yes,Fiber optic,No,No,No,No,Yes,No,Month-to-month,Yes,Mailed check,84.6,2115.0,No,25–48 months,60–90
6275-YDUVO,Female,0,No,No,2,Yes,No,Fiber optic,No,No,Yes,No,No,No,Month-to-month,Yes,Mailed check,86.2,172.4,Yes,0–12 months,60–90
0036-IHMOT,Female,0,Yes,Yes,55,Yes,No,Fiber optic,No,Yes,Yes,Yes,Yes,Yes,One year,Yes,Bank transfer,103.7,5703.5,No,49–60 months,Above 90
0115-TFERT,Male,0,Yes,No,21,Yes,Yes,Fiber optic,No,Yes,Yes,Yes,Yes,Yes,Month-to-month,Yes,Electronic check,111.2,2335.2,Yes,13–24 months,Above 90
4178-EGMON,Male,0,Yes,No,70,Yes,Yes,Fiber optic,Yes,Yes,No,Yes,No,Yes,Two year,Yes,Credit card,88.0,6160.0,No,61+ months,60–90
4220-TINQT,Female,0,Yes,No,61,Yes,Yes,Fiber optic,No,No,Yes,Yes,Yes,No,Month-to-month,Yes,Electronic check,106.35,6487.35,No,61+ months,Above 90
5318-YKDPV,Male,0,Yes,Yes,43,Yes,No,DSL,Yes,No,Yes,Yes,Yes,Yes,Two year,Yes,Credit card,79.15,3403.45,No,25–48 months,60–90
7975-TZMLR,Male,0,No,No,47,Yes,Yes,Fiber optic,No,Yes,Yes,No,Yes,Yes,One year,Yes,Electronic check,103.1,4845.7,No,25–48 months,Above 90
0295-QVKPB,Male,0,No,No,5,Yes,No,DSL,No,No,Yes,Yes,Yes,Yes,Month-to-month,Yes,Credit card,63.95,319.75,No,0–12 months,60–90
4335-BSMJS,Female,0,No,No,62,Yes,Yes,No,No,No,No,No,No,No,Two year,Yes,Credit card,25.8,1599.6,No,61+ months,Below 30
2311-QYMUQ,Female,0,Yes,Yes,16,Yes,No,Fiber optic,No,Yes,Yes,No,Yes,No,Month-to-month,Yes,Credit card,89.45,1431.2,Yes,13–24 months,60–90
3643-AHCFP,Male,1,Yes,No,7,Yes,Yes,Fiber optic,No,No,No,No,Yes,No,Month-to-month,Yes,Bank transfer,95.6,669.2,Yes,0–12 months,Above 90
9146-JRIOX,Female,0,Yes,Yes,14,Yes,Yes,No,No,No,No,No,No,Yes,Month-to-month,No,Mailed check,25.55,357.7,No,13–24 months,Below 30
3104-OWCGK,Male,0,Yes,Yes,60,Yes,No,Fiber optic,No,Yes,Yes,No,Yes,No,One year,No,Electronic check,90.95,5457.0,Yes,49–60 months,Above 90
5337-IIWKZ,Male,0,Yes,Yes,34,No,No,DSL,No,No,Yes,Yes,Yes,No,Month-to-month,Yes,Electronic check,44.85,1524.9,No,25–48 months,30–60
9101-BWFSS,Female,0,Yes,No,50,Yes,Yes,Fiber optic,Yes,Yes,No,Yes,Yes,No,One year,No,Electronic check,108.55,5427.5,Yes,49–60 months,Above 90
9650-VBUOG,Male,0,Yes,Yes,38,Yes,Yes,No,No,No,No,No,No,Yes,Two year,No,Credit card,25.05,951.9,No,25–48 months,Below 30
3487-EARAT,Female,0,Yes,Yes,70,Yes,No,DSL,Yes,Yes,Yes,Yes,No,No,One year,No,Credit card,74.1,5187.0,No,61+ months,60–90
2672-TGEFF,Female,0,Yes,Yes,37,Yes,Yes,Fiber optic,No,Yes,No,No,Yes,Yes,Month-to-month,Yes,Electronic check,88.8,3285.6,No,25–48 months,60–90
9231-ZJYAM,Female,1,No,No,4,Yes,No,Fiber optic,No,No,No,No,Yes,No,Month-to-month,Yes,Electronic check,78.85,315.4,Yes,0–12 months,60–90
4250-WAROZ,Male,1,Yes,Yes,60,Yes,Yes,Fiber optic,Yes,Yes,No,No,No,No,Month-to-month,Yes,Electronic check,93.25,5595.0,No,49–60 months,Above 90
8184-WMOFI,Male,0,Yes,Yes,62,Yes,No,DSL,Yes,No,Yes,Yes,No,Yes,One year,No,Credit card,71.4,4426.8,No,61+ months,60–90
6982-SSHFK,Male,0,No,No,1,Yes,No,DSL,No,No,No,No,No,Yes,Month-to-month,No,Mailed check,44.4,44.4,Yes,0–12 months,30–60
6092-QZVPP,Male,0,No,No,36,Yes,No,DSL,Yes,No,Yes,Yes,Yes,No,Month-to-month,Yes,Credit card,79.2,2851.2,No,25–48 months,60–90
4625-LAMOB,Male,0,No,No,44,Yes,No,No,No,No,No,No,No,Yes,Two year,No,Credit card,20.4,897.6,No,25–48 months,Below 30
0727-BMPLR,Female,1,No,No,55,Yes,Yes,Fiber optic,No,No,Yes,No,Yes,No,One year,Yes,Electronic check,100.0,5500.0,Yes,49–60 months,Above 90
0392-BZIUW,Female,0,Yes,No,72,Yes,Yes,Fiber optic,Yes,No,Yes,No,Yes,Yes,Two year,Yes,Credit card,105.0,7560.0,No,61+ months,Above 90
1038-ZAGBI,Female,0,Yes,Yes,12,Yes,No,No,No,No,No,No,No,Yes,One year,No,Bank transfer,19.8,237.6,Yes,0–12 months,Below 30
6549-NNDYT,Female,0,No,No,13,No,No,DSL,Yes,No,No,No,No,No,Month-to-month,Yes,Bank transfer,30.85,401.05,No,13–24 months,30–60
3027-ZTDHO,Male,0,No,No,1,Yes,No,Fiber optic,No,No,No,No,Yes,No,Month-to-month,Yes,Electronic check,89.9,89.9,Yes,0–12 months,60–90
0422-OHQHQ,Female,0,Yes,Yes,15,Yes,No,No,No,No,No,No,No,Yes,One year,No,Mailed check,20.55,308.25,No,13–24 months,Below 30
6916-HIJSE,Female,0,No,No,65,Yes,No,DSL,Yes,Yes,Yes,Yes,Yes,No,Two year,Yes,Bank transfer,84.85,5515.25,No,61+ months,60–90
2316-ESMLS,Female,0,Yes,Yes,12,No,No,DSL,Yes,No,No,Yes,No,Yes,One year,No,Credit card,33.15,397.8,No,0–12 months,30–60
9778-OGKQZ,Male,0,Yes,No,72,Yes,Yes,DSL,Yes,Yes,Yes,Yes,Yes,No,Two year,Yes,Credit card,92.0,6624.0,No,61+ months,Above 90
7408-OFWXJ,Female,0,Yes,Yes,72,Yes,Yes,DSL,Yes,Yes,Yes,Yes,Yes,Yes,Two year,No,Credit card,89.8,6465.6,No,61+ months,60–90
6007-TCTST,Female,0,Yes,Yes,72,Yes,Yes,Fiber optic,Yes,Yes,Yes,Yes,Yes,Yes,Two year,Yes,Bank transfer,115.8,8337.6,No,61+ months,Above 90
2252-NKNSI,Male,0,No,Yes,52,Yes,Yes,DSL,Yes,Yes,No,Yes,Yes,Yes,Two year,Yes,Mailed check,85.15,4427.8,No,49–60 months,60–90
8713-IGZSO,Male,0,No,No,2,Yes,Yes,No,No,No,No,No,No,Yes,Month-to-month,No,Mailed check,24.85,49.7,No,0–12 months,Below 30
7905-TVXTA,Female,0,No,No,5,Yes,No,DSL,Yes,No,No,Yes,Yes,No,Month-to-month,Yes,Electronic check,64.35,321.75,No,0–12 months,60–90
7695-PKLCZ,Female,0,No,No,68,Yes,No,No,No,No,No,No,No,No,Two year,No,Credit card,20.5,1394.0,No,61+ months,Below 30
2382-BCKQJ,Female,0,No,Yes,62,Yes,Yes,Fiber optic,No,No,Yes,No,Yes,No,One year,Yes,Electronic check,100.15,6209.3,Yes,61+ months,Above 90
8374-UULRV,Male,0,No,No,72,Yes,Yes,DSL,Yes,Yes,No,Yes,Yes,Yes,Two year,No,Credit card,86.05,6195.6,No,61+ months,60–90
2207-NHRJK,Male,0,No,No,1,Yes,No,DSL,No,Yes,No,No,No,Yes,Month-to-month,No,Electronic check,50.8,50.8,Yes,0–12 months,30–60
3224-DFQNQ,Female,0,Yes,No,66,Yes,Yes,Fiber optic,Yes,Yes,No,Yes,No,No,One year,No,Electronic check,89.0,5874.0,No,61+ months,60–90
5275-PMFUT,Male,0,Yes,Yes,72,No,No,DSL,Yes,Yes,Yes,Yes,Yes,No,Two year,Yes,Credit card,64.8,4665.6,No,61+ months,60–90
4795-UXVCJ,Male,0,No,No,26,Yes,No,No,No,No,No,No,No,Yes,One year,No,Credit card,19.8,514.8,No,25–48 months,Below 30
9777-IQHWP,Male,0,Yes,Yes,64,Yes,Yes,Fiber optic,Yes,No,Yes,No,No,No,Two year,No,Bank transfer,93.4,5977.6,No,61+ months,Above 90
0947-MUGVO,Male,1,Yes,No,20,Yes,No,Fiber optic,No,Yes,No,No,No,Yes,Month-to-month,Yes,Electronic check,73.65,1473.0,Yes,13–24 months,60–90
9944-HKVVB,Female,0,No,No,3,Yes,No,Fiber optic,No,Yes,No,No,Yes,No,Month-to-month,Yes,Electronic check,95.1,285.3,Yes,0–12 months,Above 90
4124-MMETB,Male,0,No,No,22,Yes,Yes,Fiber optic,No,No,No,No,Yes,Yes,Month-to-month,Yes,Credit card,94.65,2082.3,Yes,13–24 months,Above 90
3671-SHRSP,Male,0,Yes,No,4,Yes,No,Fiber optic,No,No,Yes,Yes,No,Yes,Month-to-month,Yes,Mailed check,80.6,322.4,Yes,0–12 months,60–90
0979-MOZQI,Male,0,Yes,No,62,No,No,DSL,No,No,No,Yes,Yes,No,Two year,Yes,Bank transfer,39.0,2418.0,No,61+ months,30–60
2732-ISEZX,Female,0,No,No,5,Yes,No,No,No,No,No,No,No,No,Month-to-month,Yes,Mailed check,20.5,102.5,No,0–12 months,Below 30
3313-QKNKB,Male,0,Yes,No,59,Yes,Yes,Fiber optic,No,No,No,No,No,No,One year,No,Electronic check,85.55,5047.45,Yes,49–60 months,60–90
0323-XWWTN,Male,0,No,Yes,3,Yes,Yes,No,No,No,No,No,No,Yes,Two year,Yes,Mailed check,26.4,79.2,No,0–12 months,Below 30
1937-OTUKY,Female,0,Yes,No,72,Yes,Yes,Fiber optic,Yes,No,Yes,Yes,Yes,No,Two year,Yes,Bank transfer,98.2,7070.4,No,61+ months,Above 90
1573-LGXBA,Male,0,Yes,Yes,57,Yes,No,Fiber optic,No,Yes,Yes,No,Yes,No,One year,Yes,Credit card,97.55,5560.35,No,49–60 months,Above 90
1764-VUUMT,Male,0,No,Yes,66,Yes,No,No,No,No,No,No,No,Yes,Two year,No,Credit card,19.95,1316.7,No,61+ months,Below 30
5073-WXOYN,Female,0,No,No,60,No,No,DSL,No,Yes,No,No,Yes,No,Month-to-month,Yes,Electronic check,50.8,3048.0,Yes,49–60 months,30–60
4713-ZBURT,Male,0,No,Yes,45,Yes,Yes,Fiber optic,No,No,Yes,No,Yes,Yes,Two year,No,Bank transfer,99.7,4486.5,No,25–48 months,Above 90
3050-GBUSH,Female,0,No,No,3,No,No,DSL,No,No,No,No,Yes,Yes,Month-to-month,Yes,Credit card,34.8,104.4,No,0–12 months,30–60
0207-MDKNV,Female,0,No,No,15,Yes,No,Fiber optic,Yes,No,Yes,Yes,Yes,No,Month-to-month,No,Electronic check,105.1,1576.5,Yes,13–24 months,Above 90
7876-AEHIG,Female,0,No,Yes,51,No,No,DSL,Yes,No,Yes,Yes,Yes,Yes,One year,No,Bank transfer,60.15,3067.65,No,49–60 months,60–90
7945-HLKEA,Female,0,No,No,60,Yes,Yes,DSL,Yes,No,Yes,Yes,No,Yes,One year,No,Electronic check,64.75,3885.0,No,49–60 months,60–90
9342-VNIMQ,Male,0,No,No,33,Yes,Yes,DSL,No,Yes,No,No,No,No,Month-to-month,Yes,Bank transfer,54.65,1803.45,No,25–48 months,30–60
9851-KIELU,Male,0,No,No,10,Yes,No,Fiber optic,Yes,Yes,Yes,Yes,Yes,No,Month-to-month,Yes,Electronic check,110.1,1101.0,Yes,0–12 months,Above 90
3523-BRGUW,Male,1,No,No,26,Yes,No,No,No,No,No,No,No,Yes,One year,No,Credit card,19.3,501.8,No,25–48 months,Below 30
3908-BLSYF,Female,0,No,No,6,Yes,No,Fiber optic,No,No,Yes,No,No,No,Month-to-month,No,Electronic check,83.9,503.4,Yes,0–12 months,60–90
3199-NPKCN,Female,0,Yes,No,67,Yes,Yes,Fiber optic,Yes,No,Yes,Yes,Yes,Yes,One year,Yes,Electronic check,111.25,7453.75,No,61+ months,Above 90
5170-PTRKA,Female,0,Yes,Yes,49,No,No,DSL,Yes,No,No,Yes,No,Yes,One year,Yes,Credit card,35.8,1754.2,No,49–60 months,30–60
4661-NJEUX,Male,0,No,No,1,Yes,No,No,No,No,No,No,No,No,Month-to-month,Yes,Mailed check,20.05,20.05,No,0–12 months,Below 30
2123-AGEEN,Female,1,No,No,7,Yes,No,Fiber optic,No,No,Yes,No,Yes,No,Month-to-month,Yes,Electronic check,84.35,590.45,No,0–12 months,60–90
1258-YMZNM,Female,1,No,No,27,Yes,Yes,Fiber optic,Yes,Yes,Yes,No,Yes,No,One year,Yes,Bank transfer,110.5,2983.5,No,25–48 months,Above 90
0048-LUMLS,Male,0,Yes,Yes,37,Yes,No,Fiber optic,No,No,No,No,Yes,Yes,One year,No,Credit card,91.2,3374.4,No,25–48 months,Above 90
7549-MYGPK,Female,0,Yes,Yes,63,Yes,Yes,Fiber optic,Yes,Yes,Yes,No,Yes,Yes,Month-to-month,Yes,Electronic check,100.55,6334.65,Yes,61+ months,Above 90
5898-IGSLP,Male,0,Yes,Yes,31,Yes,Yes,Fiber optic,Yes,No,Yes,Yes,No,No,Month-to-month,No,Electronic check,89.3,2768.3,No,25–48 months,60–90
3804-RVTGV,Male,0,Yes,Yes,50,Yes,Yes,Fiber optic,No,Yes,Yes,No,Yes,No,Month-to-month,Yes,Bank transfer,103.85,5192.5,Yes,49–60 months,Above 90
6259-WJQLC,Male,1,No,No,32,Yes,Yes,Fiber optic,No,No,Yes,No,No,Yes,Month-to-month,Yes,Credit card,81.1,2595.2,No,25–48 months,60–90
9227-LUNBG,Female,0,No,No,1,No,No,DSL,No,No,No,No,No,No,Month-to-month,No,Electronic check,24.6,24.6,Yes,0–12 months,Below 30
7997-EASSD,Female,0,Yes,No,63,Yes,Yes,Fiber optic,No,No,No,Yes,No,No,One year,Yes,Credit card,81.2,5115.6,No,61+ months,60–90
0730-KOAVE,Male,0,No,No,30,Yes,Yes,Fiber optic,Yes,Yes,No,No,No,No,Month-to-month,Yes,Credit card,94.3,2829.0,No,25–48 months,Above 90
8975-SKGRX,Male,0,Yes,No,71,Yes,Yes,Fiber optic,Yes,Yes,Yes,Yes,Yes,Yes,Two year,Yes,Bank transfer,116.1,8243.1,No,61+ months,Above 90
0678-RLHVP,Female,0,No,No,53,Yes,Yes,Fiber optic,No,Yes,Yes,No,Yes,Yes,Two year,No,Electronic check,105.55,5594.15,No,49–60 months,Above 90
4315-MURBD,Female,0,No,No,12,Yes,No,Fiber optic,Yes,No,No,Yes,Yes,Yes,Month-to-month,Yes,Bank transfer,98.9,1186.8,Yes,0–12 months,Above 90
2267-FPIMA,Male,0,Yes,No,50,Yes,Yes,Fiber optic,Yes,Yes,No,No,No,Yes,Month-to-month,Yes,Credit card,94.4,4720.0,No,49–60 months,Above 90
1051-GEJLJ,Female,0,No,No,2,Yes,No,No,No,No,No,No,No,Yes,Month-to-month,No,Mailed check,19.5,39.0,No,0–12 months,Below 30
9734-YWGEX,Female,0,No,No,9,Yes,Yes,Fiber optic,No,No,Yes,No,Yes,No,Month-to-month,No,Credit card,98.3,884.7,Yes,0–12 months,Above 90
2719-BDAQO,Male,0,No,No,17,Yes,No,Fiber optic,Yes,No,No,No,Yes,Yes,Month-to-month,No,Electronic check,93.85,1595.45,Yes,13–24 months,Above 90
5285-MVEHD,Female,0,Yes,No,56,Yes,No,Fiber optic,Yes,Yes,Yes,No,Yes,Yes,One year,Yes,Credit card,105.6,5913.6,No,49–60 months,Above 90
0379-DJQHR,Male,0,Yes,Yes,67,Yes,No,DSL,Yes,Yes,Yes,No,Yes,Yes,Two year,No,Credit card,81.35,5450.45,No,61+ months,60–90
0781-LKXBR,Male,1,No,No,9,Yes,Yes,Fiber optic,No,No,Yes,No,Yes,Yes,Month-to-month,Yes,Electronic check,100.5,904.5,Yes,0–12 months,Above 90
5543-QDCRY,Male,0,No,No,4,Yes,No,DSL,No,No,No,No,Yes,Yes,Month-to-month,Yes,Electronic check,56.4,225.6,No,0–12 months,30–60
0297-RBCSG,Male,0,No,No,19,Yes,No,DSL,No,Yes,No,Yes,No,No,One year,Yes,Bank transfer,65.35,1241.65,No,13–24 months,60–90
4694-PHWFW,Female,0,No,Yes,8,Yes,No,No,No,No,No,No,No,Yes,Month-to-month,No,Mailed check,19.95,159.6,No,0–12 months,Below 30
0835-JKADZ,Female,0,No,No,71,Yes,Yes,Fiber optic,No,Yes,Yes,Yes,Yes,No,Two year,Yes,Electronic check,111.25,7898.75,No,61+ months,Above 90
1907-UBQFC,Male,1,No,No,10,Yes,No,Fiber optic,No,Yes,No,No,No,Yes,Month-to-month,Yes,Electronic check,72.85,728.5,Yes,0–12 months,60–90
7508-SMHXL,Female,1,No,No,15,Yes,Yes,Fiber optic,No,Yes,No,No,Yes,No,Month-to-month,No,Credit card,89.0,1335.0,No,13–24 months,60–90
3865-YIOTT,Male,0,Yes,Yes,72,Yes,Yes,Fiber optic,Yes,No,Yes,No,Yes,No,One year,Yes,Bank transfer,106.1,7639.2,No,61+ months,Above 90
5993-BQHEA,Male,0,No,No,12,Yes,No,No,No,No,No,No,No,Yes,One year,No,Credit card,20.05,240.6,No,0–12 months,Below 30
6024-RUGGH,Male,0,Yes,Yes,72,Yes,Yes,No,No,No,No,No,No,No,Two year,Yes,Bank transfer,25.2,1814.4,No,61+ months,Below 30
6513-EECDB,Male,1,Yes,No,1,Yes,Yes,Fiber optic,No,No,No,No,No,No,Month-to-month,Yes,Electronic check,73.55,73.55,Yes,0–12 months,60–90
3956-CJUST,Female,1,No,No,23,Yes,No,Fiber optic,Yes,No,No,No,No,No,Month-to-month,Yes,Bank transfer,75.4,1734.2,No,13–24 months,60–90
4079-WWQQQ,Male,0,No,No,72,No,No,DSL,Yes,Yes,Yes,Yes,Yes,No,Two year,Yes,Bank transfer,65.55,4719.6,No,61+ months,60–90
6103-BOCOU,Female,0,No,No,26,Yes,Yes,Fiber optic,No,No,Yes,No,No,Yes,Month-to-month,Yes,Electronic check,80.7,2098.2,No,25–48 months,60–90
5149-TGWDZ,Female,0,No,No,21,Yes,No,Fiber optic,No,Yes,Yes,Yes,Yes,No,One year,Yes,Mailed check,104.55,2195.55,No,13–24 months,Above 90
7471-WNSUF,Male,0,Yes,No,60,Yes,Yes,No,No,No,No,No,No,Yes,One year,No,Bank transfer,24.15,1449.0,No,49–60 months,Below 30
8942-DBMHZ,Male,0,No,No,12,Yes,No,No,No,No,No,No,No,No,Month-to-month,No,Mailed check,20.45,245.4,No,0–12 months,Below 30
4301-VVZKA,Male,0,Yes,No,16,Yes,Yes,Fiber optic,No,No,No,No,No,No,Month-to-month,Yes,Electronic check,75.4,1206.4,No,13–24 months,60–90
9199-PWQVC,Female,0,Yes,No,63,Yes,Yes,DSL,Yes,Yes,No,No,Yes,No,One year,Yes,Credit card,79.7,5021.1,No,61+ months,60–90
4824-GUCBY,Female,1,No,No,22,Yes,No,Fiber optic,Yes,Yes,No,No,No,Yes,Month-to-month,No,Electronic check,81.7,1797.4,No,13–24 months,60–90
5393-HJZSM,Female,0,Yes,Yes,32,Yes,No,DSL,Yes,Yes,Yes,Yes,No,No,Month-to-month,No,Bank transfer,76.3,2441.6,No,25–48 months,60–90
7074-IEVOJ,Female,1,No,No,3,Yes,Yes,Fiber optic,No,Yes,No,No,No,Yes,Month-to-month,Yes,Electronic check,79.4,238.2,Yes,0–12 months,60–90
9625-QSTYE,Female,0,No,No,13,Yes,No,Fiber optic,No,Yes,Yes,No,No,No,Month-to-month,Yes,Electronic check,81.15,1054.95,Yes,13–24 months,60–90
0862-PRCBS,Female,0,Yes,Yes,68,Yes,Yes,Fiber optic,No,Yes,No,Yes,Yes,No,Two year,Yes,Credit card,103.75,7055.0,No,61+ months,Above 90
8812-ZRHFP,Female,0,Yes,Yes,30,Yes,No,Fiber optic,No,No,Yes,No,No,Yes,One year,No,Electronic check,86.45,2593.5,No,25–48 months,60–90
5146-CBVOE,Female,0,No,No,16,Yes,No,Fiber optic,No,Yes,No,No,No,Yes,Month-to-month,No,Bank transfer,75.1,1201.6,No,13–24 months,60–90
0454-OKRCT,Male,0,No,No,33,Yes,No,Fiber optic,No,Yes,No,Yes,No,No,Two year,No,Bank transfer,80.6,2659.8,No,25–48 months,60–90
5787-KXGIY,Male,0,Yes,No,72,Yes,No,No,No,No,No,No,No,No,Two year,No,Credit card,19.3,1389.6,No,61+ months,Below 30
4750-ZRXIU,Female,1,No,No,4,Yes,Yes,Fiber optic,No,No,No,No,No,No,Month-to-month,Yes,Electronic check,84.6,338.4,Yes,0–12 months,60–90
4198-VFOEA,Female,0,No,No,12,No,No,DSL,Yes,No,No,Yes,No,Yes,One year,Yes,Mailed check,33.6,403.2,No,0–12 months,30–60
6630-UJZMY,Female,1,Yes,No,4,Yes,Yes,Fiber optic,No,No,No,No,Yes,No,Month-to-month,Yes,Electronic check,83.25,333.0,No,0–12 months,60–90
5709-LVOEQ,Female,0,Yes,Yes,0,Yes,No,DSL,Yes,Yes,Yes,No,Yes,No,Two year,No,Mailed check,80.85,0.0,No,0–12 months,60–90
6400-BWQKW,Female,0,No,No,6,Yes,Yes,Fiber optic,Yes,No,No,No,No,Yes,Month-to-month,Yes,Electronic check,79.05,474.3,Yes,0–12 months,60–90
2692-AQCPF,Female,0,Yes,No,65,Yes,Yes,Fiber optic,No,Yes,Yes,Yes,Yes,No,One year,Yes,Credit card,108.05,7023.25,No,61+ months,Above 90
0347-UBKUZ,Female,0,No,No,15,Yes,No,No,No,No,No,No,No,Yes,Month-to-month,No,Mailed check,19.9,298.5,No,13–24 months,Below 30
0835-DUUIQ,Female,0,No,Yes,24,Yes,No,No,No,No,No,No,No,No,One year,No,Bank transfer,21.05,505.2,No,13–24 months,Below 30
0811-GSDTP,Female,0,No,Yes,13,No,No,DSL,No,Yes,No,No,No,No,Month-to-month,No,Electronic check,30.15,391.95,No,13–24 months,30–60
7567-ECMCM,Male,0,No,No,24,Yes,No,Fiber optic,No,No,No,No,No,No,Month-to-month,Yes,Credit card,79.85,1916.4,No,13–24 months,60–90
6115-ZTBFQ,Female,0,Yes,No,72,No,No,DSL,Yes,Yes,Yes,Yes,Yes,Yes,Two year,No,Bank transfer,65.5,4716.0,No,61+ months,60–90
6353-BRMMA,Female,0,Yes,Yes,54,Yes,Yes,Fiber optic,Yes,Yes,No,No,Yes,Yes,Month-to-month,Yes,Bank transfer,104.1,5621.4,No,49–60 months,Above 90
6680-WKXRZ,Female,0,No,No,3,Yes,Yes,Fiber optic,No,No,No,No,No,Yes,Month-to-month,No,Bank transfer,74.4,223.2,Yes,0–12 months,60–90
6231-WFGFH,Male,0,Yes,Yes,4,Yes,No,No,No,No,No,No,No,No,Month-to-month,Yes,Mailed check,20.5,82.0,No,0–12 months,Below 30
9904-EHEVJ,Female,1,Yes,Yes,32,Yes,Yes,Fiber optic,No,No,Yes,No,Yes,No,Month-to-month,Yes,Mailed check,91.35,2923.2,No,25–48 months,Above 90
7028-DVOIQ,Male,1,No,No,35,Yes,Yes,Fiber optic,No,No,Yes,No,Yes,No,Month-to-month,Yes,Electronic check,99.05,3466.75,Yes,25–48 months,Above 90
6169-PPETC,Male,0,Yes,Yes,35,Yes,No,No,No,No,No,No,No,Yes,Two year,No,Bank transfer,20.5,717.5,No,25–48 months,Below 30
4208-UFFGW,Male,1,No,No,2,Yes,No,DSL,No,No,No,No,No,No,Month-to-month,No,Mailed check,44.95,89.9,Yes,0–12 months,30–60
8584-KMVXD,Female,0,No,No,8,Yes,No,Fiber optic,No,Yes,No,No,No,No,Month-to-month,No,Electronic check,75.6,604.8,No,0–12 months,60–90
8467-WYNSR,Male,0,No,No,22,Yes,No,DSL,Yes,No,No,Yes,No,No,Month-to-month,No,Mailed check,55.1,1212.2,No,13–24 months,30–60
0851-DFJKB,Female,0,No,No,15,Yes,No,DSL,Yes,No,Yes,Yes,No,No,Month-to-month,No,Electronic check,58.95,884.25,No,13–24 months,30–60
5382-SOYZL,Male,0,No,No,22,Yes,Yes,Fiber optic,No,No,No,No,Yes,No,Month-to-month,Yes,Electronic check,95.1,2092.2,No,13–24 months,Above 90
9448-REEVD,Male,0,Yes,No,1,Yes,No,DSL,No,No,No,No,No,Yes,Month-to-month,No,Credit card,44.7,44.7,Yes,0–12 months,30–60
3261-CQXOL,Female,0,Yes,Yes,71,Yes,Yes,No,No,No,No,No,No,No,Two year,No,Bank transfer,25.45,1806.95,No,61+ months,Below 30
8388-FYNPZ,Male,0,No,No,4,Yes,No,DSL,Yes,No,Yes,No,No,No,Month-to-month,No,Electronic check,56.75,227.0,No,0–12 months,30–60
4002-BQWPQ,Male,0,No,No,25,Yes,Yes,DSL,Yes,Yes,Yes,Yes,No,No,Month-to-month,No,Bank transfer,81.75,2043.75,No,25–48 months,60–90
5651-YLPRD,Female,0,Yes,Yes,32,Yes,No,Fiber optic,No,Yes,No,No,Yes,Yes,Month-to-month,Yes,Electronic check,86.1,2755.2,No,25–48 months,60–90
2826-DXLQO,Male,1,Yes,No,7,No,No,DSL,Yes,No,No,No,No,No,Month-to-month,No,Bank transfer,29.8,208.6,No,0–12 months,Below 30
4378-BZYFP,Male,0,No,No,17,Yes,No,No,No,No,No,No,No,No,One year,Yes,Mailed check,20.5,348.5,No,13–24 months,Below 30
9489-UTFKA,Male,1,Yes,No,8,Yes,No,DSL,Yes,No,No,No,Yes,No,Month-to-month,No,Bank transfer,60.9,487.2,No,0–12 months,60–90
4849-PYRLQ,Female,1,No,No,56,Yes,Yes,DSL,Yes,No,Yes,Yes,No,No,Two year,No,Bank transfer,73.25,4102.0,No,49–60 months,60–90
9117-SHLZX,Male,0,No,No,1,Yes,No,DSL,No,No,No,No,No,Yes,Month-to-month,Yes,Mailed check,45.7,45.7,Yes,0–12 months,30–60
9889-TMAHG,Male,1,No,No,8,Yes,No,Fiber optic,Yes,No,No,Yes,Yes,No,Month-to-month,No,Credit card,100.3,802.4,Yes,0–12 months,Above 90
4541-RMRLG,Male,0,No,No,7,Yes,No,No,No,No,No,No,No,Yes,Month-to-month,No,Electronic check,19.25,134.75,Yes,0–12 months,Below 30
7764-BDPEE,Male,0,No,Yes,3,Yes,No,No,No,No,No,No,No,No,Month-to-month,No,Mailed check,20.85,62.55,No,0–12 months,Below 30
3429-IFLEM,Female,0,No,No,71,Yes,No,DSL,Yes,Yes,Yes,Yes,Yes,No,Two year,No,Credit card,77.35,5491.85,No,61+ months,60–90
3158-MOERK,Female,0,No,No,2,Yes,Yes,Fiber optic,No,No,No,No,Yes,No,Month-to-month,Yes,Electronic check,96.0,192.0,Yes,0–12 months,Above 90
7294-TMAOP,Female,0,No,No,1,Yes,No,Fiber optic,No,No,No,No,Yes,Yes,Month-to-month,No,Electronic check,90.55,90.55,Yes,0–12 months,Above 90
5002-GCQFH,Male,0,Yes,No,49,Yes,Yes,Fiber optic,Yes,Yes,No,No,Yes,Yes,Month-to-month,Yes,Bank transfer,93.85,4598.65,No,49–60 months,Above 90
0556-FJEGU,Male,0,No,No,58,Yes,No,DSL,No,Yes,Yes,Yes,Yes,No,Two year,No,Bank transfer,70.1,4065.8,No,49–60 months,60–90
8919-FYFQZ,Male,1,Yes,No,44,No,No,DSL,No,Yes,No,No,No,No,Month-to-month,Yes,Electronic check,30.35,1335.4,Yes,25–48 months,30–60
0604-THJFP,Female,0,Yes,Yes,59,Yes,No,DSL,No,Yes,No,Yes,Yes,No,Two year,Yes,Credit card,75.95,4481.05,No,49–60 months,60–90
2834-JRTUA,Male,0,No,No,71,Yes,Yes,Fiber optic,Yes,No,Yes,Yes,Yes,Yes,Two year,Yes,Electronic check,108.05,7671.55,Yes,61+ months,Above 90
5875-YPQFJ,Male,0,No,No,1,Yes,No,Fiber optic,No,No,No,No,No,Yes,Month-to-month,Yes,Electronic check,69.9,69.9,Yes,0–12 months,60–90
5879-SESNB,Female,0,No,No,11,Yes,Yes,Fiber optic,No,No,No,No,No,No,Month-to-month,No,Electronic check,75.25,827.75,No,0–12 months,60–90
6646-QVXLR,Male,1,Yes,No,62,Yes,Yes,Fiber optic,No,Yes,Yes,No,Yes,No,One year,Yes,Electronic check,103.75,6432.5,Yes,61+ months,Above 90
6461-PPAXN,Female,0,Yes,Yes,35,Yes,No,DSL,Yes,No,No,Yes,No,Yes,One year,Yes,Bank transfer,54.95,1923.25,No,25–48 months,30–60
3318-ISQFQ,Female,0,No,No,20,Yes,No,No,No,No,No,No,No,No,Month-to-month,Yes,Bank transfer,19.5,390.0,No,13–24 months,Below 30
1106-HRLKZ,Male,0,Yes,Yes,40,Yes,No,No,No,No,No,No,No,No,Two year,No,Mailed check,19.6,784.0,No,25–48 months,Below 30
2483-XSSMZ,Female,0,No,No,39,Yes,No,DSL,Yes,No,No,No,No,No,One year,Yes,Electronic check,47.85,1866.15,No,25–48 months,30–60
8603-IJWDN,Male,0,No,No,1,Yes,Yes,Fiber optic,No,No,No,No,No,No,Month-to-month,Yes,Electronic check,86.6,86.6,Yes,0–12 months,60–90
8165-ZJRNM,Female,0,Yes,Yes,72,Yes,Yes,No,No,No,No,No,No,Yes,Two year,No,Bank transfer,23.75,1710.0,No,61+ months,Below 30
9369-XFEHK,Female,1,Yes,No,33,Yes,Yes,Fiber optic,No,Yes,No,No,No,No,Month-to-month,Yes,Bank transfer,80.6,2659.8,Yes,25–48 months,60–90
2604-XVDAM,Female,0,No,No,12,Yes,No,DSL,No,No,No,No,No,No,Month-to-month,No,Bank transfer,43.8,525.6,No,0–12 months,30–60
3717-OFRTN,Male,0,No,No,1,Yes,No,No,No,No,No,No,No,No,Month-to-month,No,Bank transfer,19.75,19.75,No,0–12 months,Below 30
9046-JBFWA,Male,0,No,Yes,27,Yes,No,No,No,No,No,No,No,No,Month-to-month,No,Mailed check,19.15,517.05,No,25–48 months,Below 30
3280-NMUVX,Male,0,Yes,Yes,34,Yes,No,No,No,No,No,No,No,No,One year,No,Credit card,19.6,666.4,No,25–48 months,Below 30
1206-EHBDD,Female,0,Yes,No,56,Yes,No,Fiber optic,Yes,No,Yes,No,No,No,Two year,No,Bank transfer,80.3,4496.8,No,49–60 months,60–90
8361-LBRDI,Female,0,No,No,58,Yes,Yes,No,No,No,No,No,No,No,Two year,No,Credit card,24.35,1412.3,No,49–60 months,Below 30
4883-KCPZJ,Female,0,Yes,Yes,22,Yes,Yes,No,No,No,No,No,No,No,Two year,No,Credit card,25.25,555.5,No,13–24 months,Below 30
9108-EQPNQ,Female,0,Yes,Yes,10,Yes,Yes,No,No,No,No,No,No,No,Two year,No,Credit card,26.1,261.0,No,0–12 months,Below 30
7277-KAMWT,Male,0,No,No,13,Yes,No,No,No,No,No,No,No,No,Two year,No,Credit card,20.0,260.0,No,13–24 months,Below 30
3842-IYKUE,Female,0,No,No,35,Yes,Yes,Fiber optic,No,Yes,No,Yes,No,No,Month-to-month,No,Credit card,85.3,2985.5,Yes,25–48 months,60–90
6641-XRPSU,Female,0,No,No,34,Yes,No,Fiber optic,No,No,No,No,No,No,Month-to-month,Yes,Credit card,70.0,2380.0,Yes,25–48 months,60–90
1374-DMZUI,Female,1,No,No,4,Yes,Yes,Fiber optic,No,No,No,No,Yes,No,Month-to-month,Yes,Electronic check,94.3,377.2,Yes,0–12 months,Above 90
2545-LXYVJ,Male,0,Yes,No,72,Yes,No,No,No,No,No,No,No,Yes,Two year,No,Bank transfer,20.7,1490.4,No,61+ months,Below 30
3234-VKACU,Male,0,No,No,2,Yes,No,DSL,No,No,No,Yes,Yes,No,Month-to-month,No,Electronic check,70.3,140.6,No,0–12 months,60–90
8357-EQXFO,Female,0,No,No,7,Yes,No,Fiber optic,No,No,Yes,No,Yes,Yes,Month-to-month,Yes,Electronic check,95.35,667.45,Yes,0–12 months,Above 90
1989-PRJHP,Male,1,Yes,No,27,Yes,Yes,Fiber optic,No,No,No,No,No,Yes,Month-to-month,Yes,Electronic check,75.5,2038.5,Yes,25–48 months,60–90
8120-JDCAM,Male,0,Yes,Yes,4,Yes,No,Fiber optic,No,No,No,No,No,No,Month-to-month,Yes,Mailed check,69.55,278.2,No,0–12 months,60–90
8917-FAEMR,Female,0,No,No,37,Yes,No,No,No,No,No,No,No,No,Two year,No,Mailed check,19.85,734.45,No,25–48 months,Below 30
7047-YXDMZ,Male,0,No,No,21,Yes,No,No,No,No,No,No,No,No,Month-to-month,No,Mailed check,20.0,420.0,No,13–24 months,Below 30
2858-EIMXH,Female,1,Yes,No,53,Yes,Yes,Fiber optic,No,No,No,No,Yes,No,One year,Yes,Credit card,95.85,5080.05,No,49–60 months,Above 90
9524-EGPJC,Female,0,No,No,18,Yes,Yes,Fiber optic,No,No,No,Yes,No,Yes,Month-to-month,Yes,Electronic check,90.1,1621.8,Yes,13–24 months,Above 90
6993-OHLXR,Female,0,No,No,2,Yes,No,Fiber optic,No,No,No,No,No,Yes,Month-to-month,No,Electronic check,68.95,137.9,Yes,0–12 months,60–90
8818-XYFCQ,Male,0,Yes,Yes,32,Yes,Yes,Fiber optic,Yes,No,No,No,Yes,No,Month-to-month,Yes,Credit card,99.55,3185.6,Yes,25–48 months,Above 90
6419-ZTTLE,Male,1,Yes,No,23,Yes,No,No,No,No,No,No,No,Yes,One year,Yes,Electronic check,20.75,477.25,No,13–24 months,Below 30
0929-HYQEW,Male,0,No,No,3,Yes,No,DSL,Yes,No,No,No,No,No,Month-to-month,Yes,Mailed check,50.15,150.45,No,0–12 months,30–60
6614-YOLAC,Female,0,Yes,Yes,71,No,No,DSL,Yes,Yes,No,Yes,Yes,No,Two year,No,Mailed check,58.65,4164.15,No,61+ months,30–60
7426-RHZGU,Male,0,No,No,9,Yes,No,Fiber optic,No,No,No,Yes,Yes,Yes,Month-to-month,Yes,Bank transfer,95.9,863.1,No,0–12 months,Above 90
4065-JJAVA,Female,0,No,No,1,Yes,No,DSL,No,Yes,No,No,No,Yes,Month-to-month,No,Electronic check,49.5,49.5,No,0–12 months,30–60
4695-VADHF,Male,0,Yes,Yes,18,Yes,No,DSL,No,No,Yes,No,No,No,Month-to-month,No,Electronic check,57.45,1034.1,Yes,13–24 months,30–60
3863-IUBJR,Male,0,Yes,Yes,12,Yes,No,DSL,No,No,No,No,No,Yes,One year,No,Credit card,53.65,643.8,Yes,0–12 months,30–60
7649-SIJJF,Male,0,Yes,No,71,Yes,Yes,DSL,Yes,Yes,Yes,Yes,No,Yes,Two year,Yes,Mailed check,80.1,5687.1,No,61+ months,60–90
9361-YNQWJ,Female,0,No,No,64,Yes,Yes,No,No,No,No,No,No,Yes,One year,Yes,Bank transfer,24.4,1561.6,No,61+ months,Below 30
3748-FVMZZ,Male,0,No,No,4,No,No,DSL,No,No,No,Yes,No,No,Month-to-month,Yes,Electronic check,40.05,160.2,No,0–12 months,30–60
9391-TTOYH,Female,0,No,No,23,Yes,No,No,No,No,No,No,No,Yes,Month-to-month,Yes,Mailed check,19.5,448.5,No,13–24 months,Below 30
1452-XRSJV,Female,0,Yes,Yes,39,Yes,No,DSL,Yes,No,No,No,No,No,Month-to-month,No,Credit card,51.05,1990.95,No,25–48 months,30–60
3422-WJOYD,Male,0,Yes,No,28,Yes,No,DSL,Yes,No,No,Yes,No,No,One year,No,Mailed check,54.35,1521.8,No,25–48 months,30–60
8242-SOQUO,Female,1,No,No,5,Yes,No,Fiber optic,No,Yes,No,No,Yes,No,Month-to-month,Yes,Electronic check,84.7,423.5,No,0–12 months,60–90
7460-ITWWP,Female,1,Yes,No,45,Yes,No,Fiber optic,No,No,Yes,No,No,No,Month-to-month,Yes,Electronic check,86.1,3874.5,No,25–48 months,60–90
7147-AYBAA,Male,0,No,No,37,Yes,No,Fiber optic,No,No,No,No,No,Yes,Month-to-month,Yes,Mailed check,70.35,2602.95,No,25–48 months,60–90
7868-TMWMZ,Female,1,Yes,No,60,Yes,No,Fiber optic,Yes,Yes,Yes,Yes,Yes,No,Two year,Yes,Bank transfer,110.0,6600.0,No,49–60 months,Above 90
4822-RVYBB,Male,1,No,No,8,Yes,Yes,Fiber optic,No,No,Yes,No,Yes,Yes,Month-to-month,Yes,Electronic check,100.6,804.8,Yes,0–12 months,Above 90
6732-FZUGP,Female,0,No,No,47,Yes,Yes,Fiber optic,Yes,No,Yes,No,Yes,Yes,One year,No,Credit card,94.9,4460.3,No,25–48 months,Above 90
8436-BJUMM,Male,0,Yes,Yes,26,Yes,Yes,Fiber optic,No,No,No,No,Yes,No,Month-to-month,Yes,Electronic check,83.75,2177.5,Yes,25–48 months,60–90
4184-TJFAN,Female,1,Yes,Yes,3,Yes,No,Fiber optic,Yes,No,No,Yes,Yes,No,Month-to-month,Yes,Mailed check,88.3,264.9,Yes,0–12 months,60–90
8329-GWVPJ,Female,0,Yes,Yes,50,Yes,No,Fiber optic,No,No,No,No,No,No,Month-to-month,Yes,Bank transfer,69.75,3487.5,No,49–60 months,60–90
1352-VHKAJ,Male,0,Yes,Yes,27,Yes,Yes,DSL,No,No,No,Yes,Yes,No,Month-to-month,No,Bank transfer,71.6,1933.2,No,25–48 months,60–90
4145-UQXUQ,Female,1,No,No,8,Yes,No,Fiber optic,No,No,Yes,No,Yes,Yes,Month-to-month,Yes,Electronic check,92.1,736.8,Yes,0–12 months,Above 90
2632-TACXW,Female,0,Yes,No,62,Yes,Yes,No,No,No,No,No,No,Yes,Two year,No,Bank transfer,23.65,1466.3,No,61+ months,Below 30
8146-QQKZH,Female,0,Yes,No,71,Yes,No,DSL,Yes,No,Yes,Yes,Yes,No,Two year,No,Bank transfer,81.85,5811.35,No,61+ months,60–90
1767-CJKBA,Male,0,No,No,66,Yes,Yes,No,No,No,No,No,No,Yes,Two year,No,Mailed check,25.1,1656.6,No,61+ months,Below 30
6445-TNRXS,Male,0,Yes,Yes,68,Yes,Yes,Fiber optic,Yes,Yes,Yes,Yes,Yes,No,Two year,Yes,Bank transfer,114.7,7799.6,No,61+ months,Above 90
4581-LNWUM,Female,0,No,No,13,No,No,DSL,No,No,Yes,No,Yes,Yes,Month-to-month,No,Electronic check,49.15,638.95,No,13–24 months,30–60
4869-EPIUS,Male,0,Yes,No,56,Yes,No,Fiber optic,No,No,No,No,No,Yes,One year,Yes,Electronic check,80.9,4530.4,No,49–60 months,60–90
9948-YPTDG,Male,0,Yes,No,38,Yes,No,Fiber optic,Yes,Yes,No,No,No,Yes,Month-to-month,Yes,Electronic check,79.45,3019.1,Yes,25–48 months,60–90
1236-WFCDV,Male,1,No,No,14,Yes,No,Fiber optic,No,No,No,No,Yes,No,Month-to-month,No,Credit card,90.45,1266.3,Yes,13–24 months,Above 90
1915-OAKWD,Female,0,No,Yes,16,Yes,No,No,No,No,No,No,No,Yes,One year,Yes,Bank transfer,19.3,308.8,No,13–24 months,Below 30
7296-PIXQY,Female,0,Yes,Yes,14,Yes,No,Fiber optic,No,No,No,No,No,No,Month-to-month,No,Electronic check,70.2,982.8,No,13–24 months,60–90
4883-QICIH,Male,0,Yes,Yes,32,Yes,No,Fiber optic,No,No,No,No,No,No,Month-to-month,Yes,Bank transfer,69.75,2232.0,Yes,25–48 months,60–90
3354-OADJP,Female,0,No,No,8,Yes,No,DSL,Yes,No,No,Yes,No,No,One year,No,Bank transfer,54.25,434.0,No,0–12 months,30–60
3524-WQDSG,Female,0,Yes,Yes,43,Yes,Yes,Fiber optic,No,No,Yes,No,Yes,No,Month-to-month,Yes,Bank transfer,99.3,4269.9,No,25–48 months,Above 90
0810-DHDBD,Female,0,No,No,52,Yes,Yes,DSL,Yes,No,Yes,Yes,Yes,Yes,One year,No,Credit card,74.0,3848.0,No,49–60 months,60–90
4026-SKKHW,Male,0,No,No,3,Yes,No,DSL,No,No,No,Yes,No,No,Month-to-month,Yes,Mailed check,50.25,150.75,No,0–12 months,30–60
2829-HYVZP,Male,0,No,No,29,Yes,No,No,No,No,No,No,No,No,One year,Yes,Mailed check,19.8,574.2,No,25–48 months,Below 30
8329-IBCTI,Female,0,No,No,1,Yes,No,No,No,No,No,No,No,No,Month-to-month,No,Mailed check,19.65,19.65,Yes,0–12 months,Below 30
1271-SJBGZ,Male,1,No,No,12,No,No,DSL,No,No,Yes,Yes,No,No,Month-to-month,Yes,Electronic check,43.65,523.8,Yes,0–12 months,30–60
3845-JHAMY,Female,0,Yes,Yes,16,No,No,DSL,No,No,No,No,No,Yes,Month-to-month,Yes,Credit card,35.5,568.0,No,13–24 months,30–60
7013-PSXHK,Female,0,No,No,40,Yes,Yes,DSL,No,No,Yes,Yes,Yes,Yes,One year,Yes,Mailed check,80.75,3230.0,No,25–48 months,60–90
5669-SRAIP,Female,0,No,No,5,No,No,DSL,No,No,Yes,No,No,Yes,Month-to-month,No,Electronic check,39.5,197.5,Yes,0–12 months,30–60
5981-ITEMU,Male,0,Yes,No,40,Yes,Yes,Fiber optic,No,No,No,No,Yes,Yes,Month-to-month,Yes,Bank transfer,97.1,3884.0,Yes,25–48 months,Above 90
3486-NPGST,Female,0,No,No,36,Yes,No,No,No,No,No,No,No,Yes,One year,No,Mailed check,19.55,703.8,No,25–48 months,Below 30
6941-PMGEP,Female,0,No,No,5,Yes,No,Fiber optic,No,No,No,No,No,No,Month-to-month,Yes,Electronic check,80.0,400.0,Yes,0–12 months,60–90
1624-WOIWJ,Female,0,No,No,10,Yes,No,Fiber optic,Yes,No,No,No,Yes,Yes,Month-to-month,Yes,Mailed check,84.7,847.0,Yes,0–12 months,60–90
2074-GKOWZ,Male,0,Yes,Yes,2,Yes,No,Fiber optic,No,No,No,No,Yes,No,Month-to-month,Yes,Bank transfer,89.55,179.1,Yes,0–12 months,60–90
0376-YMCJC,Male,0,No,No,23,Yes,Yes,Fiber optic,No,No,No,Yes,Yes,Yes,Month-to-month,Yes,Electronic check,90.6,2083.8,Yes,13–24 months,Above 90
6100-FJZDG,Male,0,Yes,Yes,26,Yes,No,No,No,No,No,No,No,No,One year,Yes,Bank transfer,20.05,521.3,No,25–48 months,Below 30
4829-ZLJTK,Female,1,Yes,No,72,Yes,Yes,Fiber optic,Yes,Yes,Yes,No,Yes,No,Two year,Yes,Electronic check,112.4,8092.8,No,61+ months,Above 90
1730-VFMWO,Female,0,Yes,No,34,Yes,No,DSL,No,No,No,Yes,No,Yes,Month-to-month,No,Bank transfer,50.2,1706.8,No,25–48 months,30–60
7143-BQIBA,Male,0,No,No,10,Yes,No,DSL,Yes,No,No,Yes,Yes,No,Month-to-month,No,Bank transfer,62.25,622.5,No,0–12 months,60–90
3800-LYTRK,Female,0,No,No,14,Yes,No,DSL,Yes,No,No,Yes,No,No,One year,No,Mailed check,55.7,779.8,No,13–24 months,30–60
0634-SZPQA,Female,0,No,No,23,Yes,Yes,Fiber optic,Yes,No,No,No,Yes,No,Month-to-month,Yes,Bank transfer,90.05,2071.15,Yes,13–24 months,Above 90
9646-NMHXE,Male,0,Yes,No,47,Yes,No,No,No,No,No,No,No,No,Two year,No,Mailed check,19.65,923.55,No,25–48 months,Below 30
7030-NJVDP,Male,0,Yes,No,24,Yes,No,Fiber optic,Yes,No,No,Yes,No,No,Month-to-month,Yes,Electronic check,89.25,2142.0,No,13–24 months,60–90
5536-RTPWK,Male,0,Yes,No,49,Yes,Yes,Fiber optic,No,Yes,No,No,Yes,Yes,Month-to-month,Yes,Bank transfer,99.05,4853.45,Yes,49–60 months,Above 90
8883-GRDWQ,Male,1,No,No,20,Yes,No,DSL,Yes,No,No,Yes,No,Yes,One year,No,Mailed check,54.0,1080.0,No,13–24 months,30–60
6166-ILMNY,Female,0,No,No,2,Yes,No,Fiber optic,No,No,No,No,No,No,Month-to-month,No,Bank transfer,69.75,139.5,Yes,0–12 months,60–90
3097-NNSPB,Female,0,No,No,2,Yes,No,DSL,No,Yes,No,No,No,No,Month-to-month,Yes,Credit card,49.05,98.1,Yes,0–12 months,30–60
7771-ZONAT,Male,0,No,No,22,No,No,DSL,No,No,Yes,Yes,Yes,No,Two year,No,Bank transfer,56.75,1248.5,No,13–24 months,30–60
0655-RBDUG,Male,0,No,No,7,Yes,Yes,Fiber optic,No,No,Yes,No,Yes,Yes,Month-to-month,Yes,Bank transfer,98.05,686.35,Yes,0–12 months,Above 90
2111-DWYHN,Male,0,No,No,1,Yes,No,No,No,No,No,No,No,Yes,Month-to-month,No,Mailed check,21.1,21.1,No,0–12 months,Below 30
4194-WHFCB,Female,0,Yes,Yes,59,Yes,Yes,Fiber optic,No,Yes,No,Yes,No,No,Month-to-month,Yes,Bank transfer,96.65,5702.35,No,49–60 months,Above 90
4121-AGSIN,Female,0,Yes,Yes,58,Yes,Yes,No,No,No,No,No,No,Yes,One year,Yes,Credit card,24.5,1421.0,No,49–60 months,Below 30
4361-BKAXE,Female,0,No,No,41,Yes,Yes,Fiber optic,Yes,Yes,Yes,Yes,Yes,No,Month-to-month,Yes,Bank transfer,114.5,4694.5,Yes,25–48 months,Above 90
9845-PEEKO,Female,1,No,No,59,Yes,Yes,Fiber optic,No,Yes,No,No,No,Yes,Two year,Yes,Credit card,79.2,4672.8,No,49–60 months,60–90
0455-XFASS,Female,0,Yes,Yes,3,Yes,No,Fiber optic,No,No,No,No,No,No,Month-to-month,Yes,Electronic check,69.55,208.65,No,0–12 months,60–90
0301-KOBTQ,Male,0,No,No,32,Yes,No,No,No,No,No,No,No,No,Two year,Yes,Bank transfer,20.05,641.6,No,25–48 months,Below 30
1751-NCDLI,Male,1,Yes,No,46,Yes,Yes,Fiber optic,No,No,Yes,No,Yes,No,Month-to-month,Yes,Electronic check,98.85,4547.1,No,25–48 months,Above 90
4367-NUYAO,Male,0,Yes,Yes,0,Yes,Yes,No,No,No,No,No,No,Yes,Two year,No,Mailed check,25.75,0.0,No,0–12 months,Below 30
9878-TNQGW,Male,0,No,No,2,Yes,No,Fiber optic,No,No,No,No,No,No,Month-to-month,Yes,Electronic check,80.95,161.9,Yes,0–12 months,60–90
9170-ARBTB,Female,0,Yes,Yes,52,Yes,No,No,No,No,No,No,No,Yes,One year,No,Credit card,19.6,1019.2,No,49–60 months,Below 30
4441-NIHPT,Female,1,No,No,13,Yes,No,Fiber optic,No,No,Yes,No,No,No,Month-to-month,Yes,Electronic check,74.3,965.9,Yes,13–24 months,60–90
8999-BOHSE,Female,1,No,No,11,Yes,No,Fiber optic,No,No,No,No,Yes,No,Month-to-month,No,Bank transfer,89.7,986.7,Yes,0–12 months,60–90
7241-AJHFS,Male,0,No,No,32,Yes,Yes,Fiber optic,Yes,No,No,Yes,No,Yes,Month-to-month,No,Bank transfer,87.65,2804.8,No,25–48 months,60–90
7029-RPUAV,Male,1,Yes,No,17,Yes,Yes,Fiber optic,No,No,Yes,No,Yes,No,Month-to-month,Yes,Credit card,100.45,1707.65,Yes,13–24 months,Above 90
4546-FOKWR,Female,0,No,No,16,Yes,Yes,Fiber optic,No,No,No,No,No,Yes,Month-to-month,Yes,Credit card,74.75,1196.0,No,13–24 months,60–90
9036-CSKBW,Female,0,No,No,51,Yes,Yes,Fiber optic,Yes,Yes,Yes,No,Yes,No,One year,No,Bank transfer,107.45,5479.95,No,49–60 months,Above 90
5832-TRLPB,Male,0,No,No,29,Yes,No,DSL,No,No,Yes,Yes,Yes,Yes,One year,Yes,Bank transfer,75.35,2185.15,No,25–48 months,60–90
8590-YFFQO,Male,0,Yes,No,70,Yes,No,DSL,Yes,Yes,Yes,Yes,No,Yes,Two year,No,Credit card,64.95,4546.5,No,61+ months,60–90
8659-IOOPU,Female,0,Yes,Yes,71,Yes,Yes,Fiber optic,Yes,No,Yes,Yes,No,No,Two year,No,Electronic check,100.45,7131.95,No,61+ months,Above 90
1338-CECEE,Male,0,Yes,Yes,41,Yes,Yes,DSL,No,Yes,Yes,No,Yes,Yes,One year,No,Bank transfer,68.5,2808.5,No,25–48 months,60–90
7439-DKZTW,Male,0,No,No,1,Yes,No,Fiber optic,No,No,No,No,Yes,No,Month-to-month,Yes,Electronic check,80.55,80.55,No,0–12 months,60–90
4646-QZXTF,Female,0,Yes,No,7,Yes,No,DSL,Yes,No,Yes,Yes,Yes,No,Month-to-month,No,Bank transfer,81.25,568.75,No,0–12 months,60–90
4607-CHPCA,Male,0,Yes,Yes,25,Yes,No,Fiber optic,No,No,No,No,Yes,Yes,One year,Yes,Electronic check,90.4,2260.0,Yes,25–48 months,Above 90
9742-XOKTS,Male,0,Yes,Yes,67,Yes,Yes,Fiber optic,Yes,Yes,No,Yes,No,Yes,One year,No,Electronic check,89.55,5999.85,No,61+ months,60–90
6921-OZMFH,Male,0,Yes,Yes,5,Yes,Yes,DSL,No,No,No,Yes,No,No,Month-to-month,Yes,Mailed check,55.7,278.5,No,0–12 months,30–60
9578-FOMUK,Male,0,No,Yes,15,Yes,Yes,No,No,No,No,No,No,No,Month-to-month,Yes,Electronic check,24.8,372.0,No,13–24 months,Below 30
4712-UYOOI,Female,0,Yes,Yes,20,Yes,No,No,No,No,No,No,No,No,Month-to-month,No,Electronic check,20.0,400.0,No,13–24 months,Below 30
8824-RWFXJ,Male,0,Yes,Yes,3,Yes,No,DSL,No,Yes,Yes,No,No,No,Month-to-month,Yes,Mailed check,56.15,168.45,Yes,0–12 months,30–60
7722-CVFXN,Male,0,Yes,Yes,54,Yes,Yes,Fiber optic,No,Yes,No,Yes,Yes,No,One year,Yes,Electronic check,105.2,5680.8,No,49–60 months,Above 90
8717-VCTXJ,Male,0,No,No,42,Yes,No,No,No,No,No,No,No,Yes,One year,Yes,Mailed check,19.55,821.1,No,25–48 months,Below 30
7363-QTBIW,Female,0,Yes,No,9,Yes,No,Fiber optic,No,No,No,No,No,No,Month-to-month,Yes,Electronic check,79.75,717.75,No,0–12 months,60–90
4159-NAAIX,Female,0,No,No,63,Yes,Yes,Fiber optic,No,Yes,No,No,Yes,Yes,Two year,No,Bank transfer,97.45,6139.35,No,61+ months,Above 90
0971-QIFJK,Female,0,Yes,No,69,Yes,Yes,No,No,No,No,No,No,Yes,Two year,No,Bank transfer,24.25,1673.25,No,61+ months,Below 30
9397-TZSHA,Female,0,No,No,69,Yes,Yes,No,No,No,No,No,No,No,Two year,No,Credit card,24.6,1697.4,No,61+ months,Below 30
3391-JSQEW,Male,0,Yes,No,40,Yes,No,DSL,No,Yes,No,No,No,No,Month-to-month,Yes,Mailed check,50.15,2006.0,No,25–48 months,30–60
0343-QLUZP,Male,0,No,No,60,No,No,DSL,Yes,Yes,Yes,No,No,No,Two year,No,Bank transfer,39.6,2376.0,No,49–60 months,30–60
9763-PDTKK,Female,0,No,No,4,Yes,No,Fiber optic,Yes,No,Yes,Yes,No,No,Month-to-month,Yes,Bank transfer,94.4,377.6,Yes,0–12 months,Above 90
2176-LVPNX,Female,1,No,No,71,Yes,Yes,DSL,Yes,Yes,Yes,Yes,Yes,Yes,Two year,No,Mailed check,89.85,6379.35,No,61+ months,60–90
7627-JKIAZ,Female,0,Yes,No,37,Yes,Yes,Fiber optic,No,No,Yes,No,No,Yes,Month-to-month,Yes,Credit card,78.95,2921.15,Yes,25–48 months,60–90
3312-UUMZW,Male,0,Yes,No,32,Yes,Yes,Fiber optic,No,Yes,No,No,Yes,No,Month-to-month,Yes,Credit card,98.85,3163.2,No,25–48 months,Above 90
1271-UODNO,Male,0,No,No,39,Yes,Yes,DSL,No,No,No,Yes,No,Yes,Two year,Yes,Credit card,53.85,2100.15,No,25–48 months,30–60
8461-EFQYM,Female,0,No,No,38,Yes,Yes,No,No,No,No,No,No,No,One year,Yes,Electronic check,24.25,921.5,No,25–48 months,Below 30
6900-RBKER,Male,0,No,No,52,Yes,Yes,Fiber optic,No,No,Yes,No,No,No,Two year,Yes,Credit card,89.45,4651.4,No,49–60 months,60–90
6891-JPYFF,Female,0,Yes,Yes,48,Yes,Yes,Fiber optic,Yes,Yes,No,No,Yes,Yes,Month-to-month,Yes,Credit card,105.25,5052.0,No,25–48 months,Above 90
1459-QNFQT,Male,0,Yes,Yes,70,No,No,DSL,Yes,No,Yes,Yes,Yes,Yes,Two year,No,Bank transfer,59.5,4165.0,No,61+ months,30–60
1047-NNCBF,Male,0,No,No,20,Yes,No,Fiber optic,No,No,No,No,No,Yes,Month-to-month,No,Credit card,70.55,1411.0,No,13–24 months,60–90
3696-XRIEN,Female,0,No,No,50,Yes,Yes,DSL,Yes,No,Yes,Yes,Yes,No,One year,Yes,Credit card,82.5,4125.0,No,49–60 months,60–90
4081-DYXAV,Female,0,No,No,19,No,No,DSL,No,No,No,No,Yes,Yes,One year,Yes,Credit card,44.85,852.15,Yes,13–24 months,30–60
0074-HDKDG,Male,0,Yes,Yes,25,Yes,No,DSL,Yes,Yes,Yes,No,No,Yes,One year,Yes,Bank transfer,61.6,1540.0,No,25–48 months,60–90
8791-GFXLZ,Male,0,No,No,12,Yes,No,DSL,No,Yes,No,No,No,No,Month-to-month,Yes,Bank transfer,49.05,588.6,No,0–12 months,30–60
8111-SLLHI,Male,1,Yes,No,39,Yes,Yes,Fiber optic,No,Yes,Yes,No,Yes,No,Month-to-month,Yes,Electronic check,105.65,4120.35,Yes,25–48 months,Above 90
0927-LCSMG,Male,0,No,No,7,Yes,No,Fiber optic,No,No,Yes,No,No,Yes,Month-to-month,No,Mailed check,74.65,522.55,Yes,0–12 months,60–90
9330-DHBFL,Female,0,Yes,Yes,23,Yes,No,DSL,Yes,Yes,Yes,Yes,No,No,One year,Yes,Mailed check,66.25,1523.75,No,13–24 months,60–90
0098-BOWSO,Male,0,No,No,27,Yes,No,No,No,No,No,No,No,No,Month-to-month,Yes,Electronic check,19.4,523.8,No,25–48 months,Below 30
3452-ABWRL,Male,1,No,No,47,Yes,Yes,Fiber optic,No,No,No,No,Yes,No,Month-to-month,Yes,Credit card,86.05,4044.35,No,25–48 months,60–90
5859-HZYLF,Male,0,Yes,Yes,26,Yes,No,No,No,No,No,No,No,No,Two year,Yes,Credit card,19.15,497.9,No,25–48 months,Below 30
8257-RZAHR,Female,0,Yes,No,14,Yes,Yes,DSL,Yes,No,No,No,Yes,No,Month-to-month,Yes,Bank transfer,64.7,905.8,Yes,13–24 months,60–90
5293-WXJAK,Female,1,Yes,No,11,Yes,Yes,Fiber optic,No,No,Yes,Yes,Yes,No,Month-to-month,Yes,Bank transfer,104.05,1144.55,Yes,0–12 months,Above 90
3156-QLHBO,Male,0,No,Yes,2,Yes,No,No,No,No,No,No,No,Yes,Month-to-month,No,Mailed check,19.25,38.5,No,0–12 months,Below 30
2208-NQBCT,Female,0,Yes,Yes,26,Yes,No,Fiber optic,Yes,Yes,No,No,No,No,Month-to-month,No,Electronic check,81.95,2130.7,No,25–48 months,60–90
1779-PWPMG,Female,1,Yes,No,72,Yes,Yes,Fiber optic,Yes,Yes,Yes,Yes,Yes,No,Two year,Yes,Bank transfer,114.65,8254.8,No,61+ months,Above 90
6621-NRZAK,Female,0,Yes,Yes,63,Yes,No,No,No,No,No,No,No,Yes,Two year,No,Credit card,20.0,1260.0,No,61+ months,Below 30
0831-JNISG,Male,0,Yes,Yes,71,Yes,No,No,No,No,No,No,No,No,Two year,No,Mailed check,19.8,1405.8,No,61+ months,Below 30
0774-IFUVM,Male,0,Yes,Yes,11,Yes,Yes,DSL,Yes,No,No,No,Yes,No,Month-to-month,Yes,Bank transfer,65.15,716.65,No,0–12 months,60–90
3082-WQRVY,Male,1,Yes,No,14,Yes,No,No,No,No,No,No,No,No,One year,No,Mailed check,19.65,275.1,No,13–24 months,Below 30
9553-DLCLU,Female,0,No,Yes,13,Yes,Yes,DSL,Yes,Yes,Yes,Yes,Yes,No,Two year,No,Credit card,88.95,1156.35,No,13–24 months,60–90
1641-BYBTK,Male,0,No,Yes,6,Yes,No,No,No,No,No,No,No,Yes,Month-to-month,Yes,Mailed check,20.2,121.2,No,0–12 months,Below 30
2460-NGXBJ,Male,1,Yes,Yes,11,Yes,Yes,Fiber optic,No,No,No,No,No,No,Month-to-month,Yes,Credit card,75.2,827.2,No,0–12 months,60–90
2446-ZKVAF,Male,0,Yes,No,18,Yes,Yes,DSL,No,Yes,No,No,No,No,Month-to-month,No,Credit card,56.8,1022.4,No,13–24 months,30–60
0841-NULXI,Male,0,No,No,1,No,No,DSL,No,No,No,No,No,No,Month-to-month,Yes,Electronic check,35.55,35.55,Yes,0–12 months,30–60
3522-CDKHF,Female,0,Yes,No,32,Yes,No,Fiber optic,Yes,No,No,No,No,Yes,Month-to-month,Yes,Bank transfer,75.5,2416.0,No,25–48 months,60–90
1430-SFQSA,Male,0,No,No,29,No,No,DSL,Yes,No,No,Yes,No,No,One year,No,Mailed check,35.6,1032.4,No,25–48 months,30–60
0411-EZJZE,Female,0,No,No,3,Yes,Yes,DSL,No,No,No,No,Yes,No,Month-to-month,Yes,Electronic check,60.25,180.75,No,0–12 months,60–90
7851-WZEKY,Female,0,No,No,2,Yes,Yes,Fiber optic,No,No,No,No,Yes,No,Month-to-month,Yes,Electronic check,95.15,190.3,Yes,0–12 months,Above 90
8844-TONUD,Male,0,Yes,Yes,13,Yes,No,Fiber optic,No,No,Yes,No,Yes,Yes,Month-to-month,Yes,Mailed check,96.65,1256.45,Yes,13–24 months,Above 90
8807-ARQET,Female,0,No,No,41,No,No,DSL,No,Yes,No,No,No,Yes,Month-to-month,Yes,Electronic check,40.35,1654.35,No,25–48 months,30–60
8992-CEUEN,Female,0,No,No,1,Yes,No,No,No,No,No,No,No,Yes,Month-to-month,No,Electronic check,18.85,18.85,No,0–12 months,Below 30
4320-QMLLA,Male,0,No,No,7,Yes,No,DSL,No,No,No,No,Yes,No,Month-to-month,No,Mailed check,54.85,383.95,No,0–12 months,30–60
8777-PVYGU,Female,0,Yes,No,52,Yes,No,DSL,Yes,No,Yes,No,Yes,No,One year,Yes,Mailed check,64.3,3343.6,No,49–60 months,60–90
8292-ITGYJ,Female,0,Yes,Yes,45,Yes,Yes,No,No,No,No,No,No,No,Two year,Yes,Bank transfer,24.65,1109.25,No,25–48 months,Below 30
6870-ZWMNX,Male,0,Yes,No,70,Yes,Yes,DSL,No,Yes,Yes,Yes,Yes,No,Two year,No,Credit card,76.1,5327.0,No,61+ months,60–90
0621-CXBKL,Female,0,No,No,53,Yes,No,No,No,No,No,No,No,No,Two year,No,Mailed check,18.7,991.1,No,49–60 months,Below 30
5268-DSMNQ,Female,1,Yes,No,62,Yes,Yes,Fiber optic,No,Yes,Yes,No,Yes,No,One year,Yes,Credit card,97.95,6072.9,No,61+ months,Above 90
5334-JLAXU,Female,0,Yes,No,60,Yes,Yes,Fiber optic,Yes,Yes,No,No,No,No,Month-to-month,Yes,Credit card,94.1,5646.0,No,49–60 months,Above 90
4086-YQSNZ,Female,1,Yes,No,3,Yes,No,Fiber optic,No,No,No,No,Yes,Yes,Month-to-month,Yes,Electronic check,80.4,241.2,Yes,0–12 months,60–90
6242-MBHPK,Female,1,Yes,No,23,Yes,No,Fiber optic,Yes,No,No,No,Yes,No,Month-to-month,Yes,Electronic check,95.1,2187.3,No,13–24 months,Above 90
5868-CZJDR,Male,0,No,Yes,1,No,No,DSL,No,Yes,No,No,No,Yes,Month-to-month,Yes,Mailed check,31.35,31.35,Yes,0–12 months,30–60
9359-UGBTK,Female,0,No,No,67,Yes,No,DSL,Yes,No,Yes,Yes,No,No,One year,Yes,Bank transfer,72.35,4847.45,No,61+ months,60–90
0135-NMXAP,Female,0,No,No,12,Yes,Yes,Fiber optic,No,Yes,No,No,Yes,Yes,Month-to-month,Yes,Bank transfer,89.75,1077.0,Yes,0–12 months,60–90
4782-OSFXZ,Female,1,Yes,No,71,Yes,Yes,DSL,Yes,Yes,Yes,Yes,No,No,Two year,Yes,Bank transfer,82.7,5871.7,No,61+ months,60–90
6479-OAUSD,Male,0,No,No,25,Yes,No,No,No,No,No,No,No,Yes,One year,No,Credit card,19.9,497.5,No,25–48 months,Below 30
7129-ACFOG,Female,0,No,No,5,Yes,Yes,DSL,Yes,No,No,No,No,No,Month-to-month,Yes,Electronic check,53.8,269.0,No,0–12 months,30–60
4189-NAKJS,Male,0,No,No,26,Yes,Yes,DSL,No,No,No,No,No,No,One year,Yes,Credit card,51.55,1340.3,No,25–48 months,30–60
5562-BETPV,Male,0,Yes,Yes,1,Yes,No,No,No,No,No,No,No,No,One year,No,Mailed check,19.65,19.65,No,0–12 months,Below 30
1282-IHQAC,Male,1,No,No,70,No,No,DSL,No,Yes,Yes,No,Yes,No,One year,Yes,Credit card,44.05,3083.5,No,61+ months,30–60
9127-FHJBZ,Male,0,Yes,Yes,72,Yes,Yes,Fiber optic,Yes,Yes,Yes,Yes,Yes,No,Two year,Yes,Electronic check,114.0,8208.0,No,61+ months,Above 90
6270-OMFIW,Male,0,Yes,No,60,Yes,No,Fiber optic,No,Yes,No,No,Yes,Yes,One year,Yes,Electronic check,94.4,5664.0,Yes,49–60 months,Above 90
1641-RQDAY,Female,1,Yes,Yes,32,Yes,Yes,Fiber optic,No,Yes,No,No,Yes,Yes,Month-to-month,Yes,Electronic check,100.4,3212.8,No,25–48 months,Above 90
0107-WESLM,Male,0,No,No,1,Yes,No,No,No,No,No,No,No,Yes,Month-to-month,Yes,Electronic check,19.85,19.85,Yes,0–12 months,Below 30
6994-ORCWG,Female,0,No,No,14,Yes,Yes,DSL,No,Yes,No,No,No,No,One year,Yes,Mailed check,54.25,759.5,No,13–24 months,30–60
1346-UFHAX,Female,0,No,No,13,Yes,Yes,Fiber optic,Yes,No,No,No,No,No,Month-to-month,Yes,Credit card,80.0,1040.0,No,13–24 months,60–90
3992-YWPKO,Female,0,No,No,6,Yes,Yes,Fiber optic,No,Yes,Yes,Yes,Yes,No,Month-to-month,Yes,Credit card,109.9,659.4,Yes,0–12 months,Above 90
2933-XEUJM,Female,0,No,No,46,Yes,Yes,DSL,Yes,No,Yes,No,Yes,Yes,Two year,No,Mailed check,79.2,3643.2,No,25–48 months,60–90
0125-LZQXK,Male,0,No,No,15,Yes,No,Fiber optic,No,No,Yes,Yes,Yes,Yes,Month-to-month,Yes,Electronic check,101.35,1520.25,Yes,13–24 months,Above 90
5461-QKNTN,Male,1,Yes,No,43,Yes,Yes,Fiber optic,No,Yes,No,Yes,Yes,Yes,Month-to-month,Yes,Electronic check,94.3,4054.9,No,25–48 months,Above 90
4835-YSJMR,Male,0,No,No,39,Yes,No,DSL,No,No,No,Yes,No,No,Two year,Yes,Bank transfer,49.8,1942.2,No,25–48 months,30–60
8399-YNDCH,Male,1,No,No,21,Yes,No,DSL,No,No,Yes,No,Yes,No,Month-to-month,Yes,Bank transfer,60.05,1261.05,Yes,13–24 months,60–90
3164-YAXFY,Male,0,No,No,57,No,No,DSL,Yes,No,Yes,No,Yes,No,Month-to-month,Yes,Electronic check,53.75,3063.75,No,49–60 months,30–60
0887-WBJVH,Female,0,Yes,No,53,Yes,No,Fiber optic,No,No,No,Yes,Yes,Yes,One year,Yes,Electronic check,93.45,4952.85,No,49–60 months,Above 90
4660-IRIBM,Male,0,Yes,Yes,18,Yes,No,Fiber optic,Yes,No,Yes,No,Yes,Yes,Month-to-month,Yes,Mailed check,87.9,1582.2,No,13–24 months,60–90
5673-FSSMF,Female,0,No,No,1,Yes,Yes,DSL,No,No,No,No,No,No,Month-to-month,Yes,Electronic check,60.15,60.15,Yes,0–12 months,60–90
7670-ZBPOQ,Female,0,Yes,No,58,Yes,Yes,DSL,Yes,No,No,Yes,No,Yes,One year,Yes,Bank transfer,61.05,3540.9,No,49–60 months,60–90
8089-UZWLX,Female,1,No,No,71,Yes,Yes,Fiber optic,No,No,Yes,No,Yes,No,Two year,No,Bank transfer,104.05,7387.55,No,61+ months,Above 90
0080-OROZO,Female,0,No,No,35,Yes,No,Fiber optic,No,No,Yes,Yes,Yes,Yes,One year,Yes,Electronic check,99.25,3473.75,No,25–48 months,Above 90
3916-NRPAP,Male,0,No,No,3,Yes,No,Fiber optic,No,No,Yes,No,No,Yes,Month-to-month,No,Credit card,85.7,257.1,No,0–12 months,60–90
6807-SIWJI,Male,0,No,No,38,Yes,Yes,Fiber optic,Yes,Yes,No,No,Yes,Yes,One year,Yes,Electronic check,104.85,3984.3,No,25–48 months,Above 90
8221-HVAYI,Male,0,Yes,Yes,35,Yes,Yes,DSL,Yes,Yes,Yes,Yes,No,Yes,Two year,Yes,Credit card,69.15,2420.25,No,25–48 months,60–90
1579-KLYDT,Male,0,No,No,7,Yes,Yes,Fiber optic,No,No,Yes,No,Yes,No,Month-to-month,Yes,Electronic check,90.45,633.15,Yes,0–12 months,Above 90
5232-NXPAY,Female,0,No,No,47,Yes,No,DSL,No,No,Yes,Yes,Yes,No,Two year,No,Mailed check,74.45,3499.15,No,25–48 months,60–90
8967-SZQAS,Female,0,No,No,14,Yes,No,DSL,No,Yes,No,No,No,Yes,Month-to-month,No,Electronic check,50.45,706.3,No,13–24 months,30–60
4468-KAZHE,Female,1,Yes,No,20,Yes,No,DSL,No,Yes,No,No,No,No,Month-to-month,Yes,Electronic check,60.0,1200.0,No,13–24 months,60–90
0455-ENTCR,Male,0,Yes,No,66,Yes,Yes,DSL,Yes,Yes,No,Yes,Yes,Yes,Two year,No,Electronic check,85.25,5626.5,No,61+ months,60–90
8944-AILEF,Male,0,Yes,No,15,Yes,No,No,No,No,No,No,No,Yes,Month-to-month,Yes,Credit card,19.45,291.75,No,13–24 months,Below 30
5542-NKVRU,Female,0,No,No,42,Yes,No,No,No,No,No,No,No,No,Two year,Yes,Bank transfer,20.75,871.5,No,25–48 months,Below 30
7126-RBHSD,Female,0,Yes,No,17,Yes,Yes,Fiber optic,Yes,No,No,No,No,No,Month-to-month,No,Electronic check,78.9,1341.3,No,13–24 months,60–90
5370-IIVVL,Male,0,No,No,37,Yes,Yes,Fiber optic,No,Yes,No,Yes,Yes,No,One year,Yes,Credit card,104.5,3866.5,No,25–48 months,Above 90
6789-HJBWG,Female,0,No,No,12,Yes,No,DSL,No,Yes,No,No,No,Yes,Month-to-month,Yes,Electronic check,49.4,592.8,No,0–12 months,30–60
3927-NLNRY,Male,0,Yes,No,53,Yes,No,Fiber optic,No,Yes,No,No,Yes,No,One year,Yes,Bank transfer,94.25,4995.25,Yes,49–60 months,Above 90
9087-EYCPR,Female,0,No,No,60,Yes,Yes,No,No,No,No,No,No,Yes,Two year,No,Mailed check,25.0,1500.0,No,49–60 months,Below 30
6791-YBNAK,Male,0,Yes,Yes,18,No,No,DSL,No,No,No,No,No,No,Month-to-month,No,Credit card,25.55,459.9,No,13–24 months,Below 30
6358-LYNGM,Male,0,No,No,1,Yes,Yes,Fiber optic,No,No,No,No,No,No,Month-to-month,Yes,Electronic check,74.9,74.9,Yes,0–12 months,60–90
6077-BDPXA,Female,0,No,No,3,Yes,No,Fiber optic,No,No,No,No,No,No,Month-to-month,Yes,Electronic check,70.15,210.45,No,0–12 months,60–90
0013-MHZWF,Female,0,No,Yes,9,Yes,No,DSL,No,No,No,Yes,Yes,No,Month-to-month,Yes,Credit card,69.4,624.6,No,0–12 months,60–90
5494-HECPR,Female,0,No,No,1,Yes,No,Fiber optic,No,No,No,No,Yes,Yes,Month-to-month,Yes,Electronic check,80.25,80.25,Yes,0–12 months,60–90
8268-YDIXR,Male,0,Yes,No,56,Yes,Yes,Fiber optic,Yes,Yes,Yes,No,No,No,One year,Yes,Electronic check,93.15,5216.4,No,49–60 months,Above 90
9824-BEMCV,Male,0,Yes,Yes,17,Yes,No,Fiber optic,No,No,No,No,No,No,Month-to-month,Yes,Electronic check,69.0,1173.0,Yes,13–24 months,60–90
1373-ORVIZ,Female,0,Yes,Yes,11,Yes,Yes,DSL,No,No,No,Yes,No,No,Month-to-month,Yes,Electronic check,66.35,729.85,Yes,0–12 months,60–90
4291-SHSBH,Male,0,No,No,7,Yes,No,Fiber optic,No,No,No,No,No,Yes,Month-to-month,Yes,Electronic check,69.55,486.85,No,0–12 months,60–90
6980-IMXXE,Female,0,Yes,Yes,69,Yes,No,No,No,No,No,No,No,No,Two year,No,Bank transfer,20.2,1393.8,No,61+ months,Below 30
9866-QEVEE,Male,0,No,No,19,Yes,Yes,Fiber optic,No,No,No,No,No,No,Month-to-month,Yes,Bank transfer,86.0,1634.0,Yes,13–24 months,60–90
9897-KXHCM,Female,0,Yes,Yes,3,Yes,No,Fiber optic,No,No,No,No,No,Yes,Month-to-month,Yes,Electronic check,80.3,240.9,Yes,0–12 months,60–90
0040-HALCW,Male,0,Yes,Yes,54,Yes,No,No,No,No,No,No,No,Yes,Two year,No,Credit card,20.4,1101.6,No,49–60 months,Below 30
0784-GTUUK,Male,0,Yes,No,62,Yes,Yes,No,No,No,No,No,No,No,One year,Yes,Credit card,23.75,1472.5,No,61+ months,Below 30
7979-CORPM,Male,0,No,No,24,Yes,Yes,Fiber optic,No,Yes,No,No,Yes,No,Month-to-month,Yes,Credit card,90.55,2173.2,Yes,13–24 months,Above 90
2294-DMMUS,Female,0,Yes,Yes,62,Yes,Yes,DSL,No,No,No,No,Yes,No,Month-to-month,Yes,Credit card,70.45,4367.9,No,61+ months,60–90
0872-JCPIB,Male,0,No,No,17,Yes,Yes,DSL,Yes,No,No,No,No,Yes,Month-to-month,No,Bank transfer,65.75,1117.75,No,13–24 months,60–90
3055-MJDSB,Male,0,No,No,9,No,No,DSL,No,No,No,No,No,Yes,Month-to-month,Yes,Mailed check,24.6,221.4,No,0–12 months,Below 30
9091-WTUUY,Male,0,Yes,Yes,64,Yes,No,DSL,Yes,No,Yes,Yes,Yes,No,Two year,No,Mailed check,69.25,4432.0,No,61+ months,60–90
1618-CFHME,Female,0,No,No,2,Yes,Yes,Fiber optic,No,No,No,No,No,No,Month-to-month,Yes,Electronic check,75.9,151.8,Yes,0–12 months,60–90
3165-HDOEW,Male,0,Yes,Yes,1,Yes,No,DSL,No,No,No,No,No,No,Month-to-month,Yes,Mailed check,45.85,45.85,Yes,0–12 months,30–60
6581-NQCBA,Female,0,Yes,No,16,No,No,DSL,No,No,No,Yes,Yes,No,Month-to-month,Yes,Electronic check,49.95,799.2,Yes,13–24 months,30–60
7115-IRDHS,Female,0,Yes,No,72,Yes,Yes,No,No,No,No,No,No,Yes,Two year,No,Bank transfer,24.65,1774.8,No,61+ months,Below 30
8496-DMZUK,Male,0,No,No,30,Yes,Yes,Fiber optic,Yes,Yes,Yes,No,No,No,One year,No,Bank transfer,90.4,2712.0,No,25–48 months,Above 90
2040-VZIKE,Female,0,Yes,No,49,Yes,Yes,Fiber optic,Yes,No,No,No,Yes,No,Month-to-month,Yes,Mailed check,100.85,4941.65,No,49–60 months,Above 90
9068-VPWQQ,Male,0,Yes,No,61,Yes,Yes,DSL,Yes,No,Yes,Yes,No,Yes,Two year,No,Credit card,75.35,4596.35,No,61+ months,60–90
0178-SZBHO,Male,0,Yes,Yes,47,Yes,Yes,Fiber optic,No,Yes,No,No,Yes,Yes,Month-to-month,No,Electronic check,87.2,4098.4,No,25–48 months,60–90
0384-RVBPI,Male,0,No,No,20,Yes,No,DSL,Yes,No,Yes,No,No,No,Month-to-month,No,Credit card,64.4,1288.0,No,13–24 months,60–90
1689-MRZQR,Male,0,Yes,Yes,34,Yes,No,Fiber optic,No,No,No,No,Yes,Yes,Month-to-month,No,Electronic check,78.3,2662.2,Yes,25–48 months,60–90
1299-AURJA,Female,0,Yes,Yes,70,Yes,Yes,No,No,No,No,No,No,No,Two year,No,Bank transfer,24.7,1729.0,No,61+ months,Below 30
4525-VZCZG,Male,0,No,Yes,54,Yes,No,Fiber optic,Yes,Yes,No,Yes,Yes,No,One year,Yes,Electronic check,105.85,5715.9,No,49–60 months,Above 90
1543-LLLFT,Male,1,Yes,No,61,Yes,Yes,Fiber optic,No,Yes,Yes,Yes,Yes,Yes,One year,Yes,Mailed check,98.3,5996.3,No,61+ months,Above 90
5835-BEQEU,Male,0,No,No,3,Yes,Yes,Fiber optic,No,No,No,No,No,No,Month-to-month,Yes,Electronic check,76.95,230.85,Yes,0–12 months,60–90
2788-CJQAQ,Male,0,No,No,13,Yes,No,No,No,No,No,No,No,No,One year,No,Mailed check,19.45,252.85,No,13–24 months,Below 30
5565-FILXA,Female,1,No,No,16,Yes,Yes,Fiber optic,No,No,No,No,Yes,No,Month-to-month,Yes,Electronic check,96.15,1538.4,Yes,13–24 months,Above 90
0319-QZTCO,Female,0,Yes,Yes,3,Yes,No,DSL,No,Yes,No,No,Yes,Yes,Month-to-month,Yes,Credit card,58.7,176.1,No,0–12 months,30–60
2120-SMPEX,Male,0,No,No,25,Yes,No,No,No,No,No,No,No,No,Month-to-month,Yes,Mailed check,20.15,503.75,No,25–48 months,Below 30
0096-FCPUF,Male,0,No,No,30,Yes,Yes,DSL,Yes,No,No,No,No,No,Month-to-month,Yes,Mailed check,64.5,1935.0,No,25–48 months,60–90
0668-OGMHD,Female,0,Yes,No,21,No,No,DSL,Yes,No,No,No,No,Yes,Month-to-month,No,Electronic check,28.5,598.5,No,13–24 months,Below 30
5552-ZNFSJ,Male,0,No,No,1,Yes,No,DSL,No,No,No,No,No,No,Month-to-month,No,Electronic check,45.3,45.3,Yes,0–12 months,30–60
2223-KAGMX,Female,0,No,No,15,Yes,No,No,No,No,No,No,No,No,Month-to-month,No,Bank transfer,19.4,291.0,Yes,13–24 months,Below 30
6507-ZJSUR,Male,1,Yes,No,23,Yes,No,Fiber optic,No,No,No,No,Yes,No,Month-to-month,Yes,Electronic check,90.45,2080.35,No,13–24 months,Above 90
9408-HRXRK,Female,0,Yes,Yes,45,Yes,Yes,Fiber optic,Yes,Yes,No,No,Yes,Yes,Month-to-month,Yes,Electronic check,105.15,4731.75,No,25–48 months,Above 90
5593-SUAOO,Female,0,Yes,Yes,24,Yes,Yes,Fiber optic,No,Yes,Yes,No,No,Yes,One year,No,Bank transfer,83.15,1995.6,No,13–24 months,60–90
7321-PKUYW,Female,0,No,No,11,Yes,Yes,Fiber optic,No,No,No,Yes,Yes,No,Month-to-month,No,Electronic check,90.15,991.65,Yes,0–12 months,Above 90
2833-SLKDQ,Male,0,No,No,1,Yes,No,DSL,No,No,No,No,No,No,Month-to-month,No,Mailed check,45.05,45.05,Yes,0–12 months,30–60
6766-HFKLA,Female,0,Yes,No,56,Yes,Yes,Fiber optic,No,No,Yes,Yes,Yes,No,Two year,No,Bank transfer,103.2,5779.2,No,49–60 months,Above 90
7595-EUIVN,Female,0,No,No,1,Yes,No,Fiber optic,No,Yes,No,No,No,Yes,Month-to-month,No,Electronic check,75.8,75.8,Yes,0–12 months,60–90
7617-EYGLW,Male,0,No,No,1,Yes,No,No,No,No,No,No,No,No,Month-to-month,No,Electronic check,19.45,19.45,No,0–12 months,Below 30
2026-TGDHM,Female,0,No,No,7,Yes,No,Fiber optic,No,No,No,No,No,No,Month-to-month,Yes,Electronic check,79.3,555.1,Yes,0–12 months,60–90
9220-ZNKJI,Female,1,Yes,No,55,Yes,No,Fiber optic,No,No,Yes,Yes,Yes,Yes,Two year,No,Credit card,88.8,4884.0,No,49–60 months,60–90
4030-VPZBD,Female,0,No,No,2,No,No,DSL,No,No,No,Yes,No,No,Month-to-month,Yes,Electronic check,30.9,61.8,Yes,0–12 months,30–60
2226-ICFDO,Female,0,Yes,Yes,72,Yes,Yes,DSL,Yes,No,Yes,Yes,Yes,No,Two year,Yes,Credit card,85.9,6184.8,No,61+ months,60–90
0723-VSOBE,Female,1,No,No,45,No,No,DSL,No,No,No,No,No,Yes,One year,No,Electronic check,34.2,1539.0,No,25–48 months,30–60
5529-GIBVH,Female,0,No,No,47,Yes,No,No,No,No,No,No,No,Yes,Two year,No,Mailed check,20.15,947.05,No,25–48 months,Below 30
4187-CINZD,Female,1,No,No,46,Yes,No,Fiber optic,No,Yes,No,No,Yes,No,One year,No,Credit card,95.25,4381.5,Yes,25–48 months,Above 90
9992-UJOEL,Male,0,No,No,2,Yes,No,DSL,No,Yes,No,No,No,Yes,Month-to-month,Yes,Mailed check,50.3,100.6,No,0–12 months,30–60
4741-WWJQZ,Female,0,Yes,No,2,Yes,No,Fiber optic,Yes,No,No,Yes,No,No,Month-to-month,Yes,Electronic check,80.15,160.3,No,0–12 months,60–90
6625-UTXEW,Female,0,Yes,No,12,Yes,No,DSL,No,Yes,No,No,No,No,Month-to-month,Yes,Electronic check,51.25,615.0,No,0–12 months,30–60
6818-WOBHJ,Female,1,Yes,No,68,Yes,Yes,Fiber optic,No,Yes,No,No,No,No,Month-to-month,Yes,Bank transfer,89.6,6092.8,Yes,61+ months,60–90
6244-BESBM,Male,0,Yes,Yes,69,Yes,No,Fiber optic,No,No,No,Yes,Yes,Yes,Two year,Yes,Credit card,95.2,6568.8,No,61+ months,Above 90
1004-NOZNR,Male,1,No,Yes,56,Yes,No,Fiber optic,Yes,No,No,No,Yes,Yes,One year,No,Credit card,94.8,5308.8,No,49–60 months,Above 90
1251-STYSZ,Female,1,No,No,4,Yes,Yes,Fiber optic,Yes,No,No,No,No,Yes,Month-to-month,Yes,Electronic check,80.25,321.0,No,0–12 months,60–90
2612-PHGOX,Male,0,Yes,No,64,Yes,Yes,DSL,No,Yes,Yes,Yes,Yes,No,Two year,Yes,Bank transfer,76.1,4870.4,No,61+ months,60–90
2408-TZMJL,Male,0,Yes,No,59,Yes,Yes,Fiber optic,Yes,Yes,Yes,No,Yes,No,One year,Yes,Electronic check,110.15,6498.85,Yes,49–60 months,Above 90
8480-PPONV,Male,0,Yes,Yes,62,Yes,Yes,Fiber optic,Yes,Yes,Yes,Yes,Yes,Yes,Two year,No,Bank transfer,115.55,7164.1,No,61+ months,Above 90
8780-IHCRN,Male,0,Yes,Yes,63,Yes,Yes,No,No,No,No,No,No,Yes,Two year,No,Credit card,24.65,1552.95,No,61+ months,Below 30
4598-ZADCK,Female,0,No,No,53,No,No,DSL,Yes,Yes,Yes,Yes,Yes,No,One year,Yes,Electronic check,53.6,2840.8,No,49–60 months,30–60
1257-SXUXQ,Male,0,Yes,Yes,5,Yes,No,No,No,No,No,No,No,No,Month-to-month,No,Mailed check,19.45,97.25,No,0–12 months,Below 30
9681-KYGYB,Male,1,Yes,No,49,Yes,Yes,Fiber optic,Yes,Yes,Yes,No,No,No,Month-to-month,Yes,Electronic check,88.2,4321.8,No,49–60 months,60–90
7182-OVLBJ,Female,0,Yes,Yes,62,Yes,Yes,Fiber optic,Yes,No,No,No,Yes,No,Two year,Yes,Bank transfer,101.15,6271.3,No,61+ months,Above 90
5095-ETBRJ,Female,0,Yes,No,55,Yes,No,DSL,Yes,Yes,No,Yes,No,Yes,Two year,No,Mailed check,56.8,3124.0,No,49–60 months,30–60
7005-CYUIL,Female,1,Yes,No,71,Yes,No,Fiber optic,Yes,Yes,Yes,Yes,Yes,No,Two year,Yes,Electronic check,99.4,7057.4,No,61+ months,Above 90
4821-WQOYN,Female,0,Yes,Yes,72,Yes,No,No,No,No,No,No,No,No,Two year,Yes,Credit card,20.1,1447.2,No,61+ months,Below 30
4730-AWNAU,Male,0,Yes,Yes,36,No,No,DSL,Yes,No,Yes,Yes,Yes,No,One year,No,Credit card,60.7,2185.2,No,25–48 months,60–90
3452-FLHYD,Male,0,Yes,No,25,Yes,No,No,No,No,No,No,No,Yes,One year,Yes,Bank transfer,20.95,523.75,No,25–48 months,Below 30
2388-LAESQ,Female,1,Yes,No,72,Yes,Yes,Fiber optic,Yes,Yes,Yes,Yes,Yes,No,Two year,Yes,Bank transfer,114.85,8269.2,No,61+ months,Above 90
9531-NSBMR,Female,0,No,No,36,Yes,No,No,No,No,No,No,No,Yes,One year,Yes,Bank transfer,19.25,693.0,No,25–48 months,Below 30
6260-ONULR,Male,0,No,No,1,Yes,No,DSL,No,No,No,No,Yes,No,Month-to-month,Yes,Mailed check,62.8,62.8,No,0–12 months,60–90
4389-UEFCZ,Female,0,Yes,No,72,Yes,Yes,Fiber optic,Yes,No,Yes,No,Yes,Yes,Two year,Yes,Electronic check,105.5,7596.0,No,61+ months,Above 90
8711-LOBKY,Male,0,Yes,Yes,59,Yes,No,No,No,No,No,No,No,Yes,Two year,No,Mailed check,19.85,1171.15,No,49–60 months,Below 30
9134-CEQMF,Male,1,Yes,No,7,Yes,No,Fiber optic,No,No,No,No,Yes,No,Month-to-month,Yes,Electronic check,89.5,626.5,Yes,0–12 months,60–90
8985-OOPOS,Female,0,No,No,1,Yes,No,DSL,No,No,Yes,Yes,Yes,Yes,One year,No,Credit card,74.1,74.1,No,0–12 months,60–90
8800-ZKRFW,Female,0,Yes,Yes,30,Yes,Yes,Fiber optic,No,Yes,Yes,Yes,Yes,Yes,Month-to-month,Yes,Electronic check,107.5,3225.0,No,25–48 months,Above 90
2616-FLVQC,Male,0,No,No,64,Yes,No,No,No,No,No,No,No,Yes,Two year,No,Mailed check,19.55,1251.2,No,61+ months,Below 30
9968-FFVVH,Male,0,No,No,63,Yes,Yes,DSL,Yes,Yes,Yes,Yes,No,No,One year,No,Bank transfer,68.8,4334.4,No,61+ months,60–90
3108-PCCGG,Male,1,Yes,No,72,Yes,Yes,DSL,Yes,Yes,Yes,No,Yes,No,Two year,No,Credit card,84.45,6080.4,No,61+ months,60–90
7993-PYKOF,Male,0,Yes,No,8,Yes,No,Fiber optic,Yes,No,No,No,No,Yes,Month-to-month,No,Electronic check,75.0,600.0,Yes,0–12 months,60–90
8390-FESFV,Female,0,No,No,62,Yes,Yes,DSL,No,Yes,Yes,Yes,Yes,No,Two year,No,Bank transfer,84.5,5239.0,No,61+ months,60–90
3022-BEXHZ,Male,0,Yes,Yes,67,Yes,Yes,Fiber optic,No,Yes,Yes,Yes,Yes,Yes,Two year,Yes,Bank transfer,111.2,7450.4,No,61+ months,Above 90
5027-XWQHA,Male,0,No,No,6,Yes,No,DSL,No,No,No,No,No,Yes,Month-to-month,No,Electronic check,44.75,268.5,Yes,0–12 months,30–60
6248-TKCQV,Female,0,Yes,Yes,70,Yes,Yes,DSL,Yes,No,No,Yes,Yes,No,Two year,Yes,Bank transfer,80.6,5642.0,No,61+ months,60–90
6729-GDNGC,Female,1,No,No,20,Yes,No,Fiber optic,No,No,No,No,Yes,Yes,Month-to-month,No,Bank transfer,80.7,1614.0,No,13–24 months,60–90
6198-ZFIOJ,Female,0,No,No,5,Yes,Yes,Fiber optic,No,No,No,No,No,No,Month-to-month,No,Electronic check,75.6,378.0,No,0–12 months,60–90
5989-OMNJE,Female,0,Yes,Yes,24,No,No,DSL,Yes,Yes,Yes,No,Yes,No,One year,No,Electronic check,57.6,1382.4,No,13–24 months,30–60
4566-QVRRW,Female,0,Yes,No,11,Yes,No,DSL,No,No,No,No,No,Yes,Month-to-month,Yes,Electronic check,44.05,484.55,Yes,0–12 months,30–60
1291-CUOCY,Male,0,Yes,No,72,Yes,Yes,Fiber optic,No,Yes,Yes,Yes,Yes,No,Two year,Yes,Credit card,110.6,7963.2,No,61+ months,Above 90
9795-SHUHB,Female,0,Yes,Yes,66,Yes,No,DSL,Yes,Yes,No,Yes,No,Yes,Two year,Yes,Credit card,58.2,3841.2,No,61+ months,30–60
3230-IUALN,Female,0,Yes,Yes,45,Yes,No,DSL,Yes,No,Yes,Yes,Yes,No,Two year,Yes,Mailed check,81.0,3645.0,No,25–48 months,60–90
0042-RLHYP,Female,0,Yes,Yes,69,Yes,No,No,No,No,No,No,No,Yes,Two year,No,Bank transfer,19.7,1359.3,No,61+ months,Below 30
8519-IMDHU,Male,1,Yes,No,15,Yes,Yes,Fiber optic,No,No,No,No,No,No,Month-to-month,Yes,Bank transfer,85.6,1284.0,Yes,13–24 months,60–90
4945-RVMTE,Female,0,No,No,28,Yes,No,DSL,No,No,Yes,No,Yes,Yes,Month-to-month,Yes,Bank transfer,59.55,1667.4,No,25–48 months,30–60
0201-OAMXR,Female,0,No,No,70,Yes,Yes,Fiber optic,Yes,Yes,Yes,Yes,Yes,No,One year,No,Credit card,115.55,8088.5,Yes,61+ months,Above 90
1866-NXPSP,Female,0,No,No,36,Yes,No,DSL,Yes,Yes,Yes,Yes,No,Yes,One year,Yes,Mailed check,75.55,2719.8,No,25–48 months,60–90
3372-KWFBM,Male,1,No,No,16,Yes,Yes,Fiber optic,No,No,No,No,Yes,Yes,Month-to-month,Yes,Electronic check,86.6,1385.6,Yes,13–24 months,60–90
7831-QGOXH,Female,0,No,No,18,Yes,Yes,Fiber optic,No,No,No,No,Yes,No,Month-to-month,Yes,Electronic check,85.2,1533.6,Yes,13–24 months,60–90
6393-WRYZE,Female,0,Yes,No,34,Yes,Yes,Fiber optic,No,No,No,No,Yes,No,Month-to-month,Yes,Electronic check,97.65,3320.1,Yes,25–48 months,Above 90
3941-XTSKM,Male,0,Yes,Yes,42,No,No,DSL,No,Yes,Yes,No,No,Yes,One year,Yes,Credit card,45.1,1894.2,No,25–48 months,30–60
1661-CZBAU,Male,0,No,No,48,Yes,Yes,DSL,Yes,No,No,Yes,No,Yes,One year,Yes,Bank transfer,70.95,3405.6,No,25–48 months,60–90
6599-RCLCJ,Male,0,Yes,No,47,Yes,Yes,Fiber optic,No,Yes,Yes,Yes,Yes,Yes,Month-to-month,Yes,Electronic check,109.55,5148.85,Yes,25–48 months,Above 90
9831-BPFRI,Female,0,Yes,Yes,39,Yes,Yes,Fiber optic,No,Yes,Yes,Yes,No,Yes,One year,Yes,Electronic check,89.55,3492.45,Yes,25–48 months,60–90
5158-RIVOP,Female,0,Yes,Yes,11,Yes,No,No,No,No,No,No,No,No,Two year,No,Credit card,20.9,229.9,No,0–12 months,Below 30
9788-YTFGE,Male,0,No,No,7,Yes,No,No,No,No,No,No,No,No,Month-to-month,Yes,Mailed check,19.95,139.65,No,0–12 months,Below 30
9277-JOOMO,Female,0,No,No,3,Yes,Yes,No,No,No,No,No,No,No,Month-to-month,No,Mailed check,24.6,73.8,No,0–12 months,Below 30
1907-YLNYW,Male,0,No,No,8,Yes,No,DSL,Yes,No,Yes,No,No,No,Month-to-month,Yes,Electronic check,66.7,533.6,No,0–12 months,60–90
1725-MIMXW,Male,0,No,Yes,1,Yes,No,No,No,No,No,No,No,Yes,Month-to-month,Yes,Mailed check,19.45,19.45,Yes,0–12 months,Below 30
8947-YRTDV,Male,0,Yes,Yes,32,Yes,No,Fiber optic,Yes,Yes,Yes,No,No,No,One year,No,Mailed check,94.8,3033.6,No,25–48 months,Above 90
3161-ONRWK,Male,0,Yes,Yes,60,Yes,No,DSL,Yes,Yes,Yes,Yes,No,Yes,One year,Yes,Bank transfer,65.85,3951.0,No,49–60 months,60–90
0114-RSRRW,Female,0,Yes,No,10,Yes,No,No,No,No,No,No,No,No,Month-to-month,Yes,Bank transfer,19.95,199.5,No,0–12 months,Below 30
4565-NLZBV,Female,0,Yes,No,71,Yes,Yes,No,No,No,No,No,No,No,Two year,Yes,Bank transfer,24.65,1750.15,No,61+ months,Below 30
0031-PVLZI,Female,0,Yes,Yes,4,Yes,No,No,No,No,No,No,No,No,Month-to-month,No,Mailed check,20.35,81.4,Yes,0–12 months,Below 30
7206-GZCDC,Female,1,No,No,1,Yes,No,Fiber optic,No,No,No,No,No,No,Month-to-month,Yes,Electronic check,69.25,69.25,Yes,0–12 months,60–90
6682-VCIXC,Female,0,Yes,Yes,43,No,No,DSL,Yes,Yes,No,Yes,Yes,No,One year,Yes,Bank transfer,51.25,2203.75,No,25–48 months,30–60
4791-QRGMF,Male,0,Yes,No,59,Yes,Yes,Fiber optic,No,No,Yes,No,Yes,No,One year,Yes,Bank transfer,99.5,5870.5,Yes,49–60 months,Above 90
6475-VHUIZ,Female,0,Yes,No,23,Yes,No,DSL,No,No,Yes,Yes,No,Yes,Month-to-month,No,Electronic check,54.25,1247.75,No,13–24 months,30–60
3910-MRQOY,Female,0,Yes,No,72,Yes,No,No,No,No,No,No,No,No,Two year,No,Bank transfer,19.4,1396.8,No,61+ months,Below 30
0661-WCQNQ,Male,0,Yes,No,22,Yes,No,DSL,Yes,No,No,Yes,No,No,One year,Yes,Credit card,56.25,1237.5,No,13–24 months,30–60
7537-RBWEA,Female,0,No,No,1,No,No,DSL,No,No,No,No,No,No,Month-to-month,Yes,Mailed check,25.15,25.15,No,0–12 months,Below 30
4656-CAURT,Male,0,No,No,69,Yes,Yes,No,No,No,No,No,No,No,Two year,No,Bank transfer,23.95,1652.55,No,61+ months,Below 30
0121-SNYRK,Male,0,No,No,50,No,No,DSL,Yes,No,No,Yes,No,No,One year,Yes,Mailed check,35.4,1770.0,No,49–60 months,30–60
1768-ZAIFU,Female,1,No,No,1,No,No,DSL,No,No,No,No,No,No,Month-to-month,Yes,Electronic check,25.2,25.2,Yes,0–12 months,Below 30
4671-LXRDQ,Male,0,No,No,2,Yes,No,DSL,No,No,No,No,No,No,Month-to-month,Yes,Mailed check,45.0,90.0,Yes,0–12 months,30–60
3733-LSYCE,Female,0,Yes,No,15,Yes,No,Fiber optic,No,Yes,No,No,No,No,Month-to-month,No,Bank transfer,75.35,1130.25,No,13–24 months,60–90
6265-FRMTQ,Male,0,No,No,31,Yes,No,No,No,No,No,No,No,No,Two year,No,Bank transfer,20.4,632.4,No,25–48 months,Below 30
1934-SJVJK,Male,0,No,No,1,Yes,No,No,No,No,No,No,No,No,Month-to-month,No,Mailed check,20.15,20.15,Yes,0–12 months,Below 30
3838-OZURD,Male,0,Yes,No,66,Yes,Yes,Fiber optic,No,Yes,Yes,No,Yes,No,Month-to-month,Yes,Credit card,105.0,6930.0,Yes,61+ months,Above 90
1371-DWPAZ,Female,0,Yes,Yes,0,No,No,DSL,Yes,Yes,Yes,Yes,Yes,Yes,Two year,No,Credit card,56.05,0.0,No,0–12 months,30–60
9269-CQOOL,Male,0,No,Yes,3,Yes,No,DSL,No,No,No,No,Yes,No,Month-to-month,Yes,Credit card,54.7,164.1,Yes,0–12 months,30–60
2017-CCBLH,Female,0,No,No,8,Yes,No,No,No,No,No,No,No,No,Two year,No,Mailed check,20.0,160.0,No,0–12 months,Below 30
7690-KPNCU,Male,0,Yes,Yes,64,Yes,No,DSL,Yes,No,Yes,No,Yes,No,One year,Yes,Credit card,73.05,4675.2,No,61+ months,60–90
0536-BGFMZ,Female,0,Yes,No,28,Yes,No,No,No,No,No,No,No,Yes,Month-to-month,No,Mailed check,20.5,574.0,No,25–48 months,Below 30
2293-IJWPS,Female,0,Yes,No,57,Yes,Yes,Fiber optic,No,No,Yes,No,Yes,No,One year,Yes,Credit card,100.75,5742.75,No,49–60 months,Above 90
2845-HSJCY,Female,0,Yes,Yes,14,Yes,Yes,Fiber optic,No,No,Yes,No,No,Yes,Month-to-month,Yes,Electronic check,87.25,1221.5,Yes,13–24 months,60–90
5469-NUJUR,Male,0,No,No,19,Yes,No,No,No,No,No,No,No,Yes,Two year,Yes,Mailed check,19.95,379.05,No,13–24 months,Below 30
1184-PJVDB,Male,0,Yes,No,10,Yes,No,Fiber optic,No,No,No,No,Yes,No,Month-to-month,Yes,Electronic check,79.95,799.5,Yes,0–12 months,60–90
2625-TRCZQ,Female,0,Yes,No,51,No,No,DSL,No,Yes,No,No,Yes,No,Month-to-month,Yes,Electronic check,49.65,2532.15,No,49–60 months,30–60
4102-HLENU,Female,0,Yes,No,67,Yes,Yes,DSL,Yes,Yes,Yes,No,No,Yes,Two year,No,Mailed check,65.65,4398.55,No,61+ months,60–90
7266-GSSJX,Male,0,Yes,Yes,11,Yes,No,No,No,No,No,No,No,No,Month-to-month,Yes,Electronic check,20.45,224.95,No,0–12 months,Below 30
7722-VJRQD,Male,0,Yes,Yes,72,No,No,DSL,Yes,No,Yes,Yes,Yes,No,Two year,No,Bank transfer,60.95,4388.4,No,61+ months,60–90
7073-QETQY,Male,0,Yes,Yes,66,Yes,No,No,No,No,No,No,No,Yes,One year,Yes,Electronic check,20.35,1343.1,No,61+ months,Below 30
9415-DPEWS,Female,0,No,No,18,Yes,Yes,Fiber optic,No,No,No,Yes,Yes,No,Month-to-month,Yes,Electronic check,88.35,1590.3,Yes,13–24 months,60–90
5624-RYAMH,Female,0,No,No,9,Yes,No,No,No,No,No,No,No,No,Month-to-month,Yes,Electronic check,19.5,175.5,No,0–12 months,Below 30
0196-JTUQI,Female,0,No,No,9,Yes,Yes,Fiber optic,No,No,No,No,No,No,Month-to-month,Yes,Credit card,75.2,676.8,No,0–12 months,60–90
7130-YXBRO,Male,0,Yes,No,48,Yes,Yes,Fiber optic,Yes,Yes,Yes,No,Yes,No,Month-to-month,Yes,Bank transfer,111.45,5349.6,No,25–48 months,Above 90
9272-LSVYH,Male,0,No,No,10,Yes,No,Fiber optic,No,No,No,No,No,Yes,Month-to-month,No,Mailed check,70.15,701.5,No,0–12 months,60–90
7943-RQCHR,Female,0,No,No,9,Yes,Yes,Fiber optic,No,No,No,No,Yes,No,Month-to-month,Yes,Electronic check,94.75,852.75,Yes,0–12 months,Above 90
3793-MMFUH,Female,1,No,No,13,Yes,Yes,Fiber optic,No,No,No,No,Yes,Yes,Month-to-month,Yes,Electronic check,95.05,1235.65,Yes,13–24 months,Above 90
3249-ZPQRG,Male,0,No,No,4,Yes,Yes,Fiber optic,No,Yes,No,No,No,Yes,Month-to-month,No,Electronic check,78.45,313.8,Yes,0–12 months,60–90
2568-BRGYX,Male,0,No,No,4,Yes,No,Fiber optic,No,No,No,No,No,No,Month-to-month,Yes,Electronic check,70.2,280.8,Yes,0–12 months,60–90
3084-DOWLE,Female,0,Yes,No,72,Yes,Yes,DSL,Yes,Yes,Yes,Yes,Yes,No,Two year,No,Bank transfer,92.0,6624.0,No,61+ months,Above 90
1084-MNSMJ,Female,0,Yes,Yes,51,Yes,No,DSL,Yes,Yes,Yes,Yes,Yes,Yes,Two year,No,Credit card,85.5,4360.5,No,49–60 months,60–90
7721-JXEAW,Male,0,Yes,No,59,No,No,DSL,No,Yes,No,No,No,Yes,Month-to-month,Yes,Bank transfer,41.05,2421.95,Yes,49–60 months,30–60
7249-WBIYX,Male,0,Yes,No,10,Yes,Yes,Fiber optic,No,No,No,No,Yes,Yes,Month-to-month,Yes,Electronic check,85.6,856.0,Yes,0–12 months,60–90
4238-HFHSN,Male,1,Yes,No,61,Yes,Yes,Fiber optic,No,Yes,No,No,No,No,Month-to-month,Yes,Electronic check,82.15,5011.15,No,61+ months,60–90
6250-CGGUN,Male,0,No,No,54,Yes,No,Fiber optic,Yes,No,Yes,Yes,No,No,One year,No,Electronic check,84.4,4557.6,No,49–60 months,60–90
5478-JJVZK,Female,0,No,No,33,Yes,Yes,DSL,Yes,Yes,No,No,No,No,Month-to-month,Yes,Mailed check,60.9,2009.7,No,25–48 months,60–90
7596-IIWYC,Female,0,No,No,27,Yes,No,No,No,No,No,No,No,No,Two year,Yes,Bank transfer,20.25,546.75,No,25–48 months,Below 30
6567-HOOPW,Female,1,No,No,1,Yes,No,Fiber optic,No,No,No,No,Yes,No,Month-to-month,Yes,Electronic check,79.2,79.2,Yes,0–12 months,60–90
9793-WECQC,Male,0,No,No,23,Yes,No,Fiber optic,No,Yes,No,No,Yes,No,Month-to-month,No,Mailed check,95.3,2191.9,No,13–24 months,Above 90
4291-HPAXL,Male,0,No,Yes,1,Yes,No,No,No,No,No,No,No,Yes,Month-to-month,No,Mailed check,19.85,19.85,No,0–12 months,Below 30
8999-YPYBV,Male,0,Yes,Yes,45,Yes,No,DSL,Yes,Yes,Yes,Yes,Yes,No,Two year,Yes,Mailed check,84.35,3795.75,No,25–48 months,60–90
1839-FBNFR,Female,0,Yes,Yes,39,Yes,No,No,No,No,No,No,No,Yes,Two year,Yes,Bank transfer,19.85,774.15,No,25–48 months,Below 30
3164-AALRN,Male,0,No,No,5,Yes,No,DSL,No,No,Yes,No,Yes,No,One year,Yes,Mailed check,70.0,350.0,Yes,0–12 months,60–90
3071-MVJCD,Male,0,Yes,Yes,72,Yes,Yes,DSL,Yes,Yes,Yes,Yes,Yes,Yes,Two year,No,Bank transfer,82.3,5925.6,No,61+ months,60–90
1697-BCSHV,Female,0,Yes,Yes,58,Yes,Yes,DSL,No,Yes,No,No,Yes,No,Month-to-month,Yes,Bank transfer,66.8,3874.4,No,49–60 months,60–90
0562-KBDVM,Female,0,No,No,70,No,No,DSL,Yes,Yes,Yes,Yes,No,No,Two year,Yes,Bank transfer,44.6,3122.0,No,61+ months,30–60
1131-SUEKT,Male,0,Yes,Yes,61,Yes,No,Fiber optic,No,Yes,No,Yes,Yes,No,One year,Yes,Bank transfer,98.45,6005.45,No,61+ months,Above 90
3717-OEAUQ,Male,0,No,No,2,Yes,No,Fiber optic,No,No,No,No,No,Yes,Month-to-month,No,Mailed check,70.7,141.4,No,0–12 months,60–90
4538-WNTMJ,Female,0,Yes,Yes,46,Yes,Yes,No,No,No,No,No,No,No,One year,No,Mailed check,24.95,1147.7,No,25–48 months,Below 30
3334-CTHOL,Female,0,No,No,1,Yes,Yes,DSL,No,No,No,No,No,No,Month-to-month,Yes,Bank transfer,49.95,49.95,Yes,0–12 months,30–60
4704-ERYFC,Female,0,Yes,No,22,Yes,No,Fiber optic,No,No,No,No,No,No,Month-to-month,Yes,Electronic check,69.25,1523.5,Yes,13–24 months,60–90
9432-RUVSL,Female,0,No,No,48,Yes,No,Fiber optic,Yes,No,Yes,Yes,Yes,No,Two year,Yes,Credit card,102.5,4920.0,No,25–48 months,Above 90
8060-HIWJJ,Male,0,No,No,64,Yes,Yes,DSL,No,Yes,Yes,Yes,Yes,Yes,Two year,No,Credit card,86.55,5539.2,No,61+ months,60–90
7684-XSZIY,Male,0,Yes,Yes,72,Yes,Yes,No,No,No,No,No,No,Yes,Two year,No,Bank transfer,24.3,1749.6,No,61+ months,Below 30
9089-UOWJG,Female,0,Yes,Yes,12,Yes,No,DSL,No,No,Yes,No,Yes,No,Month-to-month,Yes,Credit card,58.35,700.2,No,0–12 months,30–60
8621-MNIHH,Female,1,Yes,No,34,Yes,Yes,Fiber optic,No,Yes,Yes,No,No,No,Month-to-month,Yes,Electronic check,94.25,3204.5,Yes,25–48 months,Above 90
8039-ACLPL,Female,0,Yes,Yes,72,Yes,No,DSL,Yes,Yes,Yes,No,No,Yes,Two year,No,Credit card,68.75,4950.0,No,61+ months,60–90
9885-AIBVB,Male,0,Yes,No,29,Yes,Yes,Fiber optic,No,Yes,Yes,No,No,Yes,Month-to-month,Yes,Electronic check,85.8,2488.2,No,25–48 months,60–90
1934-MKPXS,Male,0,Yes,Yes,33,Yes,No,No,No,No,No,No,No,No,One year,No,Credit card,20.1,663.3,No,25–48 months,Below 30
2592-YKDIF,Female,0,No,No,1,Yes,No,No,No,No,No,No,No,No,Month-to-month,No,Mailed check,20.35,20.35,No,0–12 months,Below 30
2272-JKMSI,Female,0,Yes,Yes,62,Yes,Yes,Fiber optic,No,Yes,Yes,Yes,Yes,No,One year,Yes,Electronic check,110.8,6869.6,No,61+ months,Above 90
0471-LVHGK,Male,0,Yes,No,41,Yes,Yes,DSL,No,No,Yes,No,Yes,Yes,One year,Yes,Electronic check,73.0,2993.0,Yes,25–48 months,60–90
9518-RWHZL,Female,0,No,No,64,Yes,Yes,Fiber optic,No,No,Yes,No,Yes,Yes,One year,Yes,Credit card,100.05,6403.2,Yes,61+ months,Above 90
8714-CTZJW,Female,0,No,No,4,Yes,No,Fiber optic,No,No,Yes,No,No,Yes,Month-to-month,Yes,Credit card,82.85,331.4,No,0–12 months,60–90
3569-EDBPQ,Female,0,No,No,24,Yes,Yes,Fiber optic,Yes,No,No,Yes,No,Yes,Month-to-month,Yes,Electronic check,84.35,2024.4,No,13–24 months,60–90
3131-NWVFJ,Female,0,Yes,Yes,14,Yes,No,No,No,No,No,No,No,No,One year,No,Mailed check,19.55,273.7,No,13–24 months,Below 30
7521-YXVZY,Male,0,No,Yes,3,Yes,No,No,No,No,No,No,No,No,Month-to-month,No,Mailed check,19.95,59.85,No,0–12 months,Below 30
5419-CONWX,Female,1,No,No,4,Yes,No,Fiber optic,No,Yes,Yes,No,Yes,No,Month-to-month,Yes,Credit card,99.8,399.2,Yes,0–12 months,Above 90
6240-EURKS,Female,0,No,Yes,18,No,No,DSL,No,No,No,No,No,Yes,Month-to-month,Yes,Electronic check,35.0,630.0,Yes,13–24 months,30–60
2373-NTKOD,Male,0,No,No,8,Yes,No,DSL,No,No,No,No,Yes,Yes,Month-to-month,Yes,Electronic check,66.25,530.0,No,0–12 months,60–90
1970-KKFWL,Female,0,No,No,35,Yes,Yes,No,No,No,No,No,No,Yes,Two year,No,Bank transfer,23.3,815.5,No,25–48 months,Below 30
6960-HVYXR,Female,0,No,No,1,Yes,Yes,Fiber optic,No,No,No,No,No,No,Month-to-month,No,Electronic check,76.0,76.0,Yes,0–12 months,60–90
9337-SRRNI,Male,0,No,Yes,66,Yes,Yes,No,No,No,No,No,No,No,Two year,Yes,Credit card,25.3,1669.8,No,61+ months,Below 30
0895-UADGO,Male,0,No,Yes,8,No,No,DSL,Yes,No,No,Yes,No,No,Two year,Yes,Mailed check,44.55,356.4,No,0–12 months,30–60
5678-VFNEQ,Female,0,Yes,No,71,Yes,Yes,Fiber optic,Yes,No,Yes,No,Yes,Yes,One year,Yes,Credit card,104.1,7391.1,No,61+ months,Above 90
5977-CKHON,Female,0,Yes,Yes,43,Yes,Yes,Fiber optic,No,No,Yes,No,No,Yes,Month-to-month,Yes,Bank transfer,92.55,3979.65,No,25–48 months,Above 90
7024-OHCCK,Female,1,No,No,2,Yes,Yes,Fiber optic,No,No,No,No,Yes,Yes,Month-to-month,Yes,Electronic check,93.85,187.7,Yes,0–12 months,Above 90
2692-BUCFV,Male,1,No,No,29,Yes,No,Fiber optic,No,Yes,Yes,No,Yes,Yes,Month-to-month,Yes,Bank transfer,101.45,2942.05,No,25–48 months,Above 90
7861-UVUFT,Female,0,Yes,No,15,Yes,No,Fiber optic,No,No,Yes,No,Yes,Yes,Month-to-month,Yes,Electronic check,84.3,1264.5,Yes,13–24 months,60–90
1830-GGFNM,Male,0,Yes,Yes,65,Yes,Yes,Fiber optic,Yes,Yes,Yes,Yes,No,No,Two year,No,Credit card,94.55,6145.75,No,61+ months,Above 90
5302-BDJNT,Male,0,No,No,35,Yes,Yes,Fiber optic,No,No,Yes,Yes,Yes,No,Month-to-month,No,Electronic check,95.5,3342.5,No,25–48 months,Above 90
5223-UZAVK,Male,0,No,No,64,Yes,No,Fiber optic,Yes,Yes,No,No,Yes,No,One year,Yes,Credit card,100.3,6419.2,No,61+ months,Above 90
4859-ZSRDZ,Female,0,Yes,Yes,58,No,No,DSL,No,No,Yes,Yes,Yes,Yes,Two year,Yes,Credit card,55.5,3219.0,No,49–60 months,30–60
5651-WYIPH,Female,1,No,No,18,Yes,No,DSL,No,Yes,No,No,No,Yes,Month-to-month,Yes,Credit card,49.85,897.3,No,13–24 months,30–60
9350-VLHMB,Male,0,Yes,Yes,67,Yes,Yes,Fiber optic,No,Yes,No,No,No,No,Month-to-month,Yes,Bank transfer,89.55,5999.85,No,61+ months,60–90
3498-LZGQZ,Male,0,Yes,Yes,63,Yes,No,No,No,No,No,No,No,Yes,Two year,Yes,Mailed check,19.15,1206.45,No,61+ months,Below 30
8785-CJSHH,Female,0,Yes,No,60,Yes,Yes,Fiber optic,No,Yes,No,No,Yes,No,Month-to-month,Yes,Electronic check,99.8,5988.0,No,49–60 months,Above 90
5357-TZHPP,Male,1,No,No,9,Yes,Yes,Fiber optic,No,No,No,No,No,Yes,Month-to-month,Yes,Credit card,84.4,759.6,Yes,0–12 months,60–90
3870-SPZSI,Female,0,Yes,Yes,70,Yes,Yes,Fiber optic,Yes,Yes,Yes,Yes,Yes,Yes,Two year,Yes,Credit card,113.05,7913.5,No,61+ months,Above 90
0680-DFNNY,Male,0,Yes,No,15,Yes,Yes,Fiber optic,No,No,Yes,No,Yes,Yes,Month-to-month,Yes,Electronic check,101.1,1516.5,Yes,13–24 months,Above 90
7560-QRBXH,Female,0,No,Yes,48,Yes,No,No,No,No,No,No,No,Yes,One year,No,Mailed check,19.95,957.6,No,25–48 months,Below 30
7077-XJMET,Male,0,Yes,No,12,Yes,No,DSL,No,No,Yes,Yes,Yes,No,Month-to-month,Yes,Electronic check,74.15,889.8,No,0–12 months,60–90
8752-GHJFU,Male,1,Yes,No,71,Yes,Yes,Fiber optic,Yes,Yes,Yes,Yes,No,Yes,One year,Yes,Electronic check,92.0,6532.0,No,61+ months,Above 90
6896-SRVYQ,Male,1,No,No,44,Yes,No,Fiber optic,No,No,Yes,No,No,No,Month-to-month,No,Electronic check,73.85,3249.4,No,25–48 months,60–90
7767-UXAGJ,Male,0,No,No,1,Yes,Yes,DSL,No,No,No,No,No,No,Month-to-month,Yes,Electronic check,50.45,50.45,Yes,0–12 months,30–60
4652-ODEVH,Male,0,Yes,Yes,45,Yes,Yes,No,No,No,No,No,No,No,Two year,No,Mailed check,24.45,1100.25,No,25–48 months,Below 30
6510-UPNKS,Female,0,No,No,23,Yes,Yes,No,No,No,No,No,No,No,One year,No,Credit card,24.8,570.4,No,13–24 months,Below 30
6718-BDGHG,Female,0,Yes,No,43,Yes,Yes,DSL,No,No,No,Yes,Yes,No,One year,Yes,Bank transfer,64.85,2788.55,No,25–48 months,60–90
9046-DQMTP,Male,0,No,No,35,Yes,No,No,No,No,No,No,No,No,Month-to-month,No,Bank transfer,20.75,726.25,No,25–48 months,Below 30
6439-LAJXL,Male,0,Yes,No,9,Yes,No,DSL,Yes,Yes,No,Yes,Yes,No,Month-to-month,Yes,Mailed check,68.95,620.55,No,0–12 months,60–90
1571-SAVHK,Male,0,No,No,12,Yes,Yes,Fiber optic,No,No,No,Yes,Yes,No,Month-to-month,Yes,Mailed check,99.95,1199.4,Yes,0–12 months,Above 90
9052-VKDUW,Female,1,Yes,No,65,Yes,Yes,Fiber optic,Yes,Yes,Yes,No,Yes,Yes,Month-to-month,Yes,Credit card,109.4,7111.0,No,61+ months,Above 90
9546-CQJSU,Female,0,No,No,2,Yes,Yes,Fiber optic,No,No,Yes,No,Yes,Yes,Month-to-month,Yes,Electronic check,91.4,182.8,Yes,0–12 months,Above 90
1666-JZPZT,Male,0,No,No,27,Yes,Yes,DSL,No,No,No,No,No,No,Month-to-month,No,Mailed check,49.0,1323.0,No,25–48 months,30–60
5777-KJIRB,Female,0,No,No,40,Yes,No,DSL,No,No,Yes,No,No,No,One year,Yes,Mailed check,50.25,2010.0,No,25–48 months,30–60
0506-LVNGN,Female,1,No,No,5,Yes,No,Fiber optic,No,No,Yes,No,No,No,Month-to-month,Yes,Credit card,75.55,377.75,Yes,0–12 months,60–90
7677-SJJJK,Male,0,Yes,Yes,8,Yes,No,No,No,No,No,No,No,No,One year,No,Credit card,19.9,159.2,No,0–12 months,Below 30
2480-EJWYP,Female,1,Yes,No,58,Yes,Yes,Fiber optic,No,Yes,No,No,Yes,No,One year,Yes,Bank transfer,97.8,5672.4,No,49–60 months,Above 90
3253-HKOKL,Female,0,Yes,Yes,52,Yes,No,Fiber optic,Yes,No,Yes,No,Yes,Yes,One year,No,Electronic check,100.3,5215.6,No,49–60 months,Above 90
7055-HNEOJ,Male,0,Yes,No,3,Yes,No,DSL,No,No,Yes,Yes,No,Yes,Month-to-month,Yes,Mailed check,55.8,167.4,No,0–12 months,30–60
5514-YQENT,Male,0,No,Yes,41,Yes,No,Fiber optic,Yes,Yes,Yes,Yes,Yes,No,Two year,Yes,Electronic check,111.15,4557.15,No,25–48 months,Above 90
3211-AAPKX,Male,0,No,No,20,Yes,Yes,Fiber optic,No,No,No,Yes,Yes,Yes,Month-to-month,Yes,Mailed check,98.55,1971.0,No,13–24 months,Above 90
8445-DNBAE,Male,0,No,Yes,1,Yes,Yes,DSL,No,No,No,No,No,Yes,Month-to-month,Yes,Electronic check,50.05,50.05,No,0–12 months,30–60
2951-QOQTK,Male,0,No,Yes,4,Yes,Yes,Fiber optic,No,No,No,Yes,No,No,Month-to-month,No,Credit card,80.8,323.2,Yes,0–12 months,60–90
2958-NHPPS,Male,0,No,No,23,Yes,No,No,No,No,No,No,No,No,Month-to-month,No,Electronic check,20.85,479.55,No,13–24 months,Below 30
6806-YDEUL,Female,1,No,No,6,Yes,No,No,No,No,No,No,No,No,Month-to-month,No,Bank transfer,19.5,117.0,No,0–12 months,Below 30
1735-XMJVH,Male,0,Yes,Yes,8,Yes,No,No,No,No,No,No,No,No,Month-to-month,Yes,Mailed check,19.35,154.8,No,0–12 months,Below 30
6890-PFRQX,Male,0,No,No,18,Yes,Yes,DSL,Yes,No,Yes,No,Yes,No,Month-to-month,No,Mailed check,69.5,1251.0,No,13–24 months,60–90
0222-CNVPT,Male,1,No,No,52,No,No,DSL,Yes,No,No,No,Yes,No,Month-to-month,Yes,Credit card,48.8,2537.6,No,49–60 months,30–60
5899-OUVKV,Male,0,No,No,31,Yes,No,Fiber optic,No,Yes,No,No,Yes,Yes,Month-to-month,Yes,Electronic check,94.5,2929.5,No,25–48 months,Above 90
8681-ICONS,Male,0,Yes,Yes,29,Yes,No,No,No,No,No,No,No,Yes,Month-to-month,Yes,Mailed check,20.65,598.85,No,25–48 months,Below 30
1621-YNCJH,Female,0,Yes,No,36,Yes,Yes,Fiber optic,Yes,Yes,Yes,Yes,No,No,Two year,Yes,Credit card,106.05,3817.8,No,25–48 months,Above 90
3473-XIIIT,Female,0,Yes,No,16,Yes,Yes,Fiber optic,No,Yes,No,No,Yes,Yes,Month-to-month,Yes,Electronic check,100.0,1600.0,Yes,13–24 months,Above 90
6362-QHAFM,Male,0,Yes,No,42,Yes,Yes,Fiber optic,No,No,Yes,Yes,Yes,Yes,One year,Yes,Electronic check,108.3,4548.6,No,25–48 months,Above 90
7893-IXHRQ,Male,0,No,No,1,Yes,No,No,No,No,No,No,No,Yes,Month-to-month,No,Electronic check,20.55,20.55,Yes,0–12 months,Below 30
3070-BDOQC,Female,0,No,No,60,Yes,No,Fiber optic,No,Yes,Yes,No,Yes,No,Two year,Yes,Electronic check,99.65,5979.0,No,49–60 months,Above 90
2952-QAYZF,Male,0,No,No,5,Yes,Yes,Fiber optic,No,Yes,Yes,No,No,Yes,Month-to-month,Yes,Electronic check,85.3,426.5,Yes,0–12 months,60–90
6234-PFPXL,Male,0,Yes,No,22,Yes,Yes,Fiber optic,Yes,No,No,Yes,Yes,No,Month-to-month,No,Credit card,95.9,2109.8,No,13–24 months,Above 90
9824-QCJPK,Male,0,Yes,No,36,Yes,No,No,No,No,No,No,No,No,One year,No,Mailed check,20.0,720.0,No,25–48 months,Below 30
4763-PGDPO,Female,0,No,No,4,Yes,No,Fiber optic,No,No,No,No,No,No,Month-to-month,No,Electronic check,70.4,281.6,Yes,0–12 months,60–90
4283-IVYCI,Male,0,No,No,9,Yes,No,DSL,Yes,No,No,Yes,No,No,Month-to-month,No,Mailed check,64.95,584.55,No,0–12 months,60–90
1866-OBPNR,Male,0,Yes,Yes,1,Yes,No,Fiber optic,No,Yes,No,No,No,Yes,Month-to-month,No,Credit card,74.6,74.6,No,0–12 months,60–90
8205-MQUGY,Male,0,Yes,Yes,12,Yes,No,DSL,Yes,No,No,No,No,No,Month-to-month,Yes,Electronic check,49.2,590.4,No,0–12 months,30–60
8970-ANWXO,Female,0,No,No,23,Yes,Yes,DSL,No,No,No,Yes,Yes,No,One year,Yes,Mailed check,73.75,1696.25,No,13–24 months,60–90
9480-BQJEI,Male,0,No,No,62,Yes,Yes,Fiber optic,Yes,Yes,No,No,No,Yes,One year,Yes,Bank transfer,92.3,5722.6,No,61+ months,Above 90
5394-SVGJV,Male,0,No,No,37,Yes,Yes,Fiber optic,No,No,No,Yes,Yes,Yes,Month-to-month,No,Bank transfer,98.8,3655.6,Yes,25–48 months,Above 90
6979-TNDEU,Female,0,No,No,8,Yes,No,No,No,No,No,No,No,Yes,Month-to-month,No,Mailed check,19.2,153.6,No,0–12 months,Below 30
9777-WJJPR,Male,0,Yes,No,31,Yes,Yes,Fiber optic,No,No,Yes,No,Yes,No,Month-to-month,No,Credit card,88.65,2748.15,No,25–48 months,60–90
9283-LZQOH,Male,0,Yes,Yes,13,Yes,Yes,Fiber optic,No,No,No,No,No,No,Month-to-month,Yes,Credit card,74.4,967.2,Yes,13–24 months,60–90
7079-QRCBC,Female,0,No,No,24,Yes,Yes,Fiber optic,No,No,Yes,No,Yes,No,Month-to-month,Yes,Electronic check,98.75,2370.0,Yes,13–24 months,Above 90
9495-SKLKD,Male,0,Yes,Yes,45,Yes,Yes,Fiber optic,No,Yes,Yes,No,No,Yes,Month-to-month,Yes,Bank transfer,95.95,4317.75,No,25–48 months,Above 90
6048-UWKAL,Female,1,Yes,No,69,Yes,Yes,Fiber optic,No,Yes,No,Yes,Yes,Yes,Two year,No,Credit card,105.4,7272.6,No,61+ months,Above 90
5067-DGXLL,Male,0,No,No,2,Yes,No,No,No,No,No,No,No,Yes,Month-to-month,No,Mailed check,20.25,40.5,No,0–12 months,Below 30
5469-CTCWN,Male,0,Yes,Yes,61,Yes,Yes,Fiber optic,Yes,Yes,No,No,Yes,No,One year,Yes,Electronic check,106.0,6466.0,Yes,61+ months,Above 90
9851-QXEEQ,Male,0,No,No,41,Yes,Yes,Fiber optic,No,Yes,Yes,No,Yes,Yes,Month-to-month,Yes,Electronic check,104.7,4292.7,Yes,25–48 months,Above 90
6281-FKEWS,Female,0,No,No,44,No,No,DSL,No,No,Yes,No,Yes,Yes,One year,Yes,Electronic check,49.05,2158.2,No,25–48 months,30–60
8898-KASCD,Male,0,No,No,39,No,No,DSL,No,No,Yes,Yes,No,Yes,One year,No,Mailed check,35.55,1386.45,No,25–48 months,30–60
9242-TKFSV,Male,0,Yes,Yes,72,No,No,DSL,Yes,Yes,Yes,Yes,Yes,No,Two year,Yes,Credit card,65.1,4687.2,No,61+ months,60–90
9290-SHCMB,Female,1,No,No,13,Yes,No,Fiber optic,No,No,Yes,No,Yes,Yes,Month-to-month,Yes,Electronic check,96.85,1259.05,No,13–24 months,Above 90
0743-HNPFG,Female,0,Yes,Yes,51,Yes,No,DSL,Yes,Yes,No,Yes,No,Yes,One year,Yes,Credit card,69.75,3557.25,No,49–60 months,60–90
2277-BKJKN,Female,1,Yes,No,71,Yes,No,Fiber optic,No,Yes,Yes,No,Yes,Yes,Two year,Yes,Electronic check,99.2,7043.2,No,61+ months,Above 90
9809-IMGCQ,Male,1,No,No,22,Yes,Yes,Fiber optic,No,No,No,No,Yes,Yes,Month-to-month,Yes,Electronic check,96.7,2127.4,Yes,13–24 months,Above 90
5208-HFSBT,Female,0,No,No,2,Yes,No,DSL,No,Yes,No,Yes,No,Yes,Month-to-month,Yes,Credit card,55.05,110.1,Yes,0–12 months,30–60
5035-PGZXH,Female,0,No,No,56,Yes,Yes,Fiber optic,No,Yes,Yes,No,Yes,No,One year,Yes,Electronic check,106.8,5980.8,No,49–60 months,Above 90
8695-WDYEA,Male,0,No,No,1,Yes,No,DSL,Yes,No,No,No,No,Yes,Month-to-month,No,Mailed check,51.25,51.25,No,0–12 months,30–60
6543-JXSOO,Female,0,Yes,Yes,23,Yes,No,DSL,Yes,Yes,No,Yes,No,No,One year,Yes,Mailed check,57.75,1328.25,No,13–24 months,30–60
8016-ZMGMO,Female,1,Yes,No,66,Yes,Yes,DSL,No,Yes,Yes,No,Yes,No,One year,Yes,Bank transfer,70.85,4676.1,No,61+ months,60–90
8605-ITULD,Female,0,No,No,1,Yes,No,No,No,No,No,No,No,No,Month-to-month,No,Mailed check,19.55,19.55,No,0–12 months,Below 30
3254-YRILK,Male,1,No,No,19,Yes,Yes,Fiber optic,No,Yes,No,No,Yes,No,Month-to-month,Yes,Electronic check,88.2,1675.8,Yes,13–24 months,60–90
6416-YJTTB,Male,0,No,No,11,Yes,No,Fiber optic,Yes,No,Yes,No,No,No,Month-to-month,Yes,Bank transfer,79.5,874.5,No,0–12 months,60–90
2667-WYLWJ,Female,0,Yes,Yes,8,Yes,No,No,No,No,No,No,No,No,One year,Yes,Mailed check,19.75,158.0,Yes,0–12 months,Below 30
4472-VESGY,Female,0,Yes,Yes,52,Yes,Yes,Fiber optic,Yes,Yes,Yes,No,No,No,Month-to-month,No,Bank transfer,98.15,5103.8,No,49–60 months,Above 90
3195-TQDZX,Male,0,No,No,3,Yes,No,No,No,No,No,No,No,Yes,Month-to-month,Yes,Electronic check,20.25,60.75,No,0–12 months,Below 30
3128-YOVTD,Female,0,Yes,Yes,51,Yes,No,Fiber optic,Yes,Yes,No,No,No,No,Month-to-month,Yes,Bank transfer,79.15,4036.65,No,49–60 months,60–90
0529-ONKER,Male,1,No,No,15,Yes,Yes,Fiber optic,No,No,No,No,No,No,Month-to-month,No,Electronic check,75.65,1134.75,Yes,13–24 months,60–90
1728-CXQBE,Male,1,Yes,No,64,Yes,Yes,Fiber optic,No,Yes,Yes,No,No,No,Month-to-month,Yes,Electronic check,94.25,6032.0,No,61+ months,Above 90
7041-TXQJH,Female,0,No,No,37,No,No,DSL,No,No,Yes,No,No,Yes,Month-to-month,Yes,Credit card,40.2,1487.4,No,25–48 months,30–60
5014-GSOUQ,Male,0,No,No,13,Yes,No,No,No,No,No,No,No,Yes,Two year,No,Mailed check,19.95,259.35,No,13–24 months,Below 30
5724-BIDBU,Male,0,Yes,No,49,Yes,Yes,DSL,Yes,No,No,No,No,No,One year,Yes,Electronic check,55.35,2712.15,No,49–60 months,30–60
0481-SUMCB,Female,1,No,No,45,Yes,Yes,Fiber optic,No,No,Yes,No,Yes,No,One year,Yes,Bank transfer,102.15,4596.75,No,25–48 months,Above 90
1769-GRUIK,Female,0,No,No,18,Yes,No,Fiber optic,No,No,No,No,No,Yes,Month-to-month,Yes,Electronic check,71.1,1279.8,No,13–24 months,60–90
5240-IJOQT,Male,1,No,No,1,Yes,Yes,Fiber optic,No,No,No,No,No,No,Month-to-month,Yes,Electronic check,74.7,74.7,Yes,0–12 months,60–90
8819-WFGGJ,Male,0,Yes,No,68,No,No,DSL,Yes,No,Yes,No,Yes,No,Two year,Yes,Bank transfer,54.1,3678.8,No,61+ months,30–60
7427-AUFPY,Male,0,No,No,54,Yes,No,No,No,No,No,No,No,Yes,Two year,No,Credit card,19.65,1061.1,No,49–60 months,Below 30
2811-POVEX,Female,1,Yes,Yes,23,Yes,No,Fiber optic,No,Yes,Yes,No,No,No,Month-to-month,Yes,Bank transfer,88.45,2034.35,No,13–24 months,60–90
1092-GANHU,Male,0,No,No,17,Yes,No,Fiber optic,No,No,Yes,No,No,Yes,Month-to-month,Yes,Electronic check,76.65,1303.05,Yes,13–24 months,60–90
7898-PDWQE,Male,0,Yes,No,71,Yes,Yes,DSL,Yes,Yes,Yes,Yes,No,No,Two year,No,Credit card,80.4,5708.4,No,61+ months,60–90
9972-EWRJS,Female,0,Yes,Yes,67,Yes,No,No,No,No,No,No,No,Yes,Two year,Yes,Bank transfer,19.25,1289.75,No,61+ months,Below 30
9314-IJWSQ,Female,0,Yes,Yes,14,Yes,Yes,Fiber optic,No,No,No,No,Yes,No,Month-to-month,Yes,Electronic check,84.8,1187.2,No,13–24 months,60–90
0661-XEYAN,Female,1,No,No,1,No,No,DSL,No,No,No,No,No,No,Month-to-month,Yes,Mailed check,25.8,25.8,Yes,0–12 months,Below 30
5799-JRCZO,Female,0,No,Yes,63,Yes,No,No,No,No,No,No,No,No,Two year,No,Credit card,19.5,1228.5,No,61+ months,Below 30
1921-KYSAY,Female,0,No,No,41,Yes,Yes,DSL,No,No,Yes,Yes,No,No,One year,Yes,Electronic check,68.6,2812.6,No,25–48 months,60–90
6198-RTPMF,Female,0,Yes,No,17,Yes,Yes,Fiber optic,No,No,No,No,Yes,Yes,Month-to-month,No,Electronic check,92.6,1574.2,No,13–24 months,Above 90
2924-KHUVI,Male,0,Yes,No,56,Yes,Yes,Fiber optic,Yes,No,No,No,Yes,Yes,One year,Yes,Electronic check,100.55,5630.8,No,49–60 months,Above 90
1925-GMVBW,Female,0,No,No,5,Yes,No,No,No,No,No,No,No,Yes,Month-to-month,No,Credit card,20.55,102.75,No,0–12 months,Below 30
7881-EVUAD,Female,0,No,No,2,No,No,DSL,Yes,Yes,No,No,No,No,Month-to-month,Yes,Electronic check,42.6,85.2,Yes,0–12 months,30–60
6184-DYUOB,Female,0,Yes,No,3,Yes,No,No,No,No,No,No,No,Yes,Month-to-month,Yes,Mailed check,19.6,58.8,No,0–12 months,Below 30
9207-ZPANB,Male,0,No,No,37,Yes,Yes,DSL,Yes,Yes,Yes,Yes,No,No,One year,No,Electronic check,67.45,2495.65,No,25–48 months,60–90
5766-XQXMQ,Female,0,No,No,29,Yes,No,DSL,Yes,Yes,Yes,No,No,No,Month-to-month,Yes,Bank transfer,68.85,1996.65,Yes,25–48 months,60–90
9327-QSDED,Male,0,No,No,8,Yes,No,DSL,No,No,No,No,No,Yes,Month-to-month,No,Mailed check,43.55,348.4,No,0–12 months,30–60
1656-DRSMG,Female,0,No,No,63,Yes,Yes,Fiber optic,No,Yes,Yes,Yes,Yes,No,Month-to-month,Yes,Credit card,109.85,6920.55,No,61+ months,Above 90
3012-VFFMN,Female,0,Yes,Yes,7,Yes,No,No,No,No,No,No,No,Yes,Month-to-month,No,Mailed check,20.65,144.55,No,0–12 months,Below 30
2984-AFWNC,Female,0,No,No,3,Yes,No,Fiber optic,No,Yes,No,No,Yes,No,Month-to-month,No,Electronic check,95.4,286.2,No,0–12 months,Above 90
0640-YJTPY,Male,0,Yes,Yes,72,Yes,No,No,No,No,No,No,No,Yes,Two year,No,Bank transfer,21.0,1512.0,No,61+ months,Below 30
8096-LOIST,Female,0,No,No,19,Yes,No,DSL,No,No,No,No,No,No,Month-to-month,Yes,Electronic check,56.2,1067.8,No,13–24 months,30–60
9764-REAFF,Female,0,Yes,No,59,Yes,No,No,No,No,No,No,No,Yes,Two year,No,Bank transfer,18.4,1085.6,No,49–60 months,Below 30
3703-VAVCL,Male,0,Yes,Yes,2,Yes,No,Fiber optic,No,No,Yes,Yes,No,No,Month-to-month,No,Credit card,90.0,180.0,Yes,0–12 months,Above 90
7107-UBYKY,Female,0,Yes,Yes,35,Yes,Yes,No,No,No,No,No,No,Yes,Month-to-month,Yes,Electronic check,25.75,901.25,No,25–48 months,Below 30
4881-GQJTW,Male,0,No,No,14,Yes,No,No,No,No,No,No,No,No,Month-to-month,No,Credit card,19.6,274.4,No,13–24 months,Below 30
8519-QJGJD,Female,0,No,No,14,Yes,No,Fiber optic,No,No,Yes,No,No,No,Month-to-month,No,Electronic check,75.35,1054.9,Yes,13–24 months,60–90
7876-DNYAP,Female,0,Yes,Yes,69,Yes,No,No,No,No,No,No,No,No,Two year,No,Credit card,19.8,1366.2,No,61+ months,Below 30
7905-NJMXS,Male,1,Yes,No,7,Yes,Yes,DSL,Yes,Yes,No,Yes,No,No,Month-to-month,No,Electronic check,64.2,449.4,No,0–12 months,60–90
2882-WDTBA,Male,0,Yes,Yes,69,Yes,No,DSL,Yes,Yes,Yes,Yes,Yes,No,Two year,Yes,Bank transfer,75.75,5226.75,No,61+ months,60–90
2091-GPPIQ,Female,0,Yes,Yes,72,Yes,Yes,DSL,No,Yes,No,Yes,Yes,No,Two year,Yes,Electronic check,78.95,5684.4,No,61+ months,60–90
6326-MTTXK,Male,0,No,No,8,Yes,Yes,Fiber optic,No,Yes,No,No,Yes,Yes,Month-to-month,No,Electronic check,100.85,806.8,Yes,0–12 months,Above 90
5071-FBJFS,Female,0,Yes,Yes,4,Yes,No,DSL,Yes,No,No,No,No,Yes,Month-to-month,No,Electronic check,50.3,201.2,No,0–12 months,30–60
2796-UUZZO,Male,0,Yes,Yes,63,Yes,No,Fiber optic,No,Yes,Yes,No,No,No,Month-to-month,Yes,Credit card,80.3,5058.9,No,61+ months,60–90
2429-AYKKO,Male,0,No,No,72,Yes,No,No,No,No,No,No,No,No,Two year,No,Bank transfer,19.85,1429.2,No,61+ months,Below 30
9798-OPFEM,Female,0,No,No,46,Yes,No,No,No,No,No,No,No,No,Two year,Yes,Electronic check,21.1,970.6,No,25–48 months,Below 30
0330-IVZHA,Female,0,Yes,No,5,Yes,No,Fiber optic,No,No,No,No,No,No,Month-to-month,No,Electronic check,69.95,349.75,Yes,0–12 months,60–90
3794-NFNCH,Male,0,Yes,No,30,Yes,No,DSL,No,No,Yes,No,No,No,Month-to-month,Yes,Mailed check,50.0,1500.0,No,25–48 months,30–60
5193-QLVZB,Male,0,No,No,63,Yes,Yes,Fiber optic,No,Yes,Yes,No,Yes,No,Two year,Yes,Bank transfer,104.75,6599.25,No,61+ months,Above 90
7114-AEOZE,Female,0,No,No,60,Yes,No,No,No,No,No,No,No,Yes,Two year,No,Bank transfer,19.85,1191.0,No,49–60 months,Below 30
2886-KEFUM,Female,0,Yes,No,63,Yes,Yes,Fiber optic,No,Yes,Yes,No,Yes,No,One year,Yes,Electronic check,107.5,6772.5,Yes,61+ months,Above 90
5522-NYKPB,Male,0,Yes,Yes,25,Yes,No,Fiber optic,No,No,No,Yes,Yes,Yes,Month-to-month,No,Electronic check,85.9,2147.5,No,25–48 months,60–90
4237-RLAQD,Male,0,No,No,1,Yes,No,DSL,No,No,No,No,No,No,Month-to-month,Yes,Mailed check,45.85,45.85,Yes,0–12 months,30–60
9957-YODKZ,Male,1,Yes,No,6,Yes,Yes,Fiber optic,No,No,Yes,No,No,No,Month-to-month,Yes,Electronic check,80.8,484.8,No,0–12 months,60–90
6518-KZXCB,Male,0,No,No,22,Yes,Yes,No,No,No,No,No,No,No,Two year,No,Mailed check,25.25,555.5,No,13–24 months,Below 30
2245-ADZFJ,Female,0,Yes,Yes,31,Yes,Yes,DSL,No,Yes,No,Yes,Yes,No,Two year,No,Bank transfer,80.55,2497.05,No,25–48 months,60–90
7776-QGYJC,Female,0,Yes,Yes,39,Yes,No,Fiber optic,No,No,Yes,Yes,No,Yes,Month-to-month,Yes,Bank transfer,81.5,3178.5,No,25–48 months,60–90
9313-QOLTZ,Male,0,No,No,26,Yes,No,No,No,No,No,No,No,No,Month-to-month,No,Mailed check,20.9,543.4,No,25–48 months,Below 30
9651-GTSAQ,Female,0,Yes,No,53,Yes,No,Fiber optic,Yes,Yes,Yes,No,Yes,No,One year,Yes,Bank transfer,106.1,5623.3,Yes,49–60 months,Above 90
3186-BAXNB,Female,0,No,No,1,Yes,No,Fiber optic,No,Yes,No,Yes,Yes,Yes,Month-to-month,No,Electronic check,91.7,91.7,Yes,0–12 months,Above 90
4672-FOTSD,Male,0,No,No,12,Yes,Yes,DSL,Yes,Yes,No,Yes,No,No,Month-to-month,Yes,Electronic check,67.25,807.0,No,0–12 months,60–90
0637-YLETY,Female,0,No,No,16,Yes,Yes,Fiber optic,No,Yes,Yes,No,No,No,Month-to-month,Yes,Credit card,95.6,1529.6,Yes,13–24 months,Above 90
9818-XQCUV,Female,0,No,No,2,Yes,No,No,No,No,No,No,No,Yes,Month-to-month,No,Mailed check,20.35,40.7,No,0–12 months,Below 30
7338-ERIVA,Male,0,No,Yes,39,No,No,DSL,Yes,No,No,Yes,Yes,No,One year,No,Bank transfer,45.05,1756.95,No,25–48 months,30–60
1157-BQCUW,Male,0,No,No,1,Yes,Yes,Fiber optic,No,No,No,No,No,No,Month-to-month,Yes,Electronic check,74.95,74.95,Yes,0–12 months,60–90
8259-NFJTV,Female,0,Yes,Yes,7,No,No,DSL,Yes,No,No,Yes,No,No,Month-to-month,No,Mailed check,34.65,242.55,No,0–12 months,30–60
3223-DWFIO,Male,1,No,No,4,Yes,No,Fiber optic,No,No,No,No,No,No,Month-to-month,No,Electronic check,69.35,277.4,No,0–12 months,60–90
2660-EMUBI,Male,1,No,No,10,Yes,Yes,Fiber optic,No,No,No,No,Yes,No,Month-to-month,Yes,Electronic check,95.35,953.5,Yes,0–12 months,Above 90
6968-GMKPR,Female,0,No,No,55,Yes,No,Fiber optic,No,Yes,Yes,No,No,Yes,Month-to-month,Yes,Electronic check,81.55,4485.25,No,49–60 months,60–90
4751-ERMAN,Male,0,Yes,Yes,72,Yes,No,DSL,No,Yes,Yes,No,Yes,No,Two year,Yes,Bank transfer,75.4,5428.8,No,61+ months,60–90
1436-ZMJAN,Female,0,Yes,No,10,Yes,No,DSL,No,No,Yes,No,Yes,Yes,Month-to-month,Yes,Credit card,67.8,678.0,No,0–12 months,60–90
3292-PBZEJ,Male,1,No,No,11,Yes,Yes,Fiber optic,No,Yes,Yes,Yes,Yes,Yes,Month-to-month,Yes,Electronic check,111.4,1225.4,No,0–12 months,Above 90
0799-DDIHE,Female,0,Yes,Yes,15,Yes,No,DSL,No,No,No,No,No,Yes,Month-to-month,No,Electronic check,46.3,694.5,No,13–24 months,30–60
3070-FNFZQ,Female,0,Yes,Yes,23,Yes,No,No,No,No,No,No,No,No,Two year,No,Bank transfer,20.4,469.2,No,13–24 months,Below 30
2812-SFXMJ,Male,0,No,Yes,1,Yes,No,No,No,No,No,No,No,No,Month-to-month,No,Mailed check,20.05,20.05,No,0–12 months,Below 30
7675-OZCZG,Female,1,No,No,3,Yes,No,DSL,No,No,No,No,No,No,Month-to-month,No,Electronic check,45.0,135.0,Yes,0–12 months,30–60
5014-WUQMG,Male,0,Yes,Yes,47,Yes,No,Fiber optic,Yes,Yes,Yes,No,No,No,One year,Yes,Electronic check,96.1,4516.7,No,25–48 months,Above 90
5312-TSZVC,Female,0,No,Yes,15,Yes,No,No,No,No,No,No,No,Yes,One year,No,Mailed check,19.65,294.75,No,13–24 months,Below 30
2003-CKLOR,Male,0,No,No,66,Yes,No,Fiber optic,No,Yes,Yes,No,Yes,No,Month-to-month,No,Electronic check,99.5,6567.0,Yes,61+ months,Above 90
0993-OSGPT,Female,1,Yes,No,68,Yes,No,DSL,No,Yes,Yes,Yes,No,Yes,One year,Yes,Bank transfer,60.65,4124.2,No,61+ months,60–90
9254-RBFON,Female,0,Yes,Yes,17,Yes,No,Fiber optic,No,No,Yes,Yes,Yes,No,One year,No,Bank transfer,98.6,1676.2,Yes,13–24 months,Above 90
1205-WNWPJ,Female,0,No,No,7,Yes,No,DSL,No,No,No,Yes,Yes,Yes,Month-to-month,Yes,Mailed check,59.5,416.5,Yes,0–12 months,30–60
9391-EOYLI,Male,1,Yes,No,12,Yes,No,Fiber optic,No,No,No,No,No,No,Month-to-month,Yes,Electronic check,80.45,965.4,Yes,0–12 months,60–90
7108-DGVUU,Female,1,Yes,No,21,Yes,Yes,DSL,No,Yes,Yes,No,No,Yes,One year,No,Bank transfer,71.7,1505.7,No,13–24 months,60–90
2782-JEEBU,Male,0,No,No,21,No,No,DSL,No,Yes,No,Yes,No,Yes,Month-to-month,Yes,Mailed check,36.0,756.0,No,13–24 months,30–60
5127-BZENZ,Female,0,Yes,Yes,56,Yes,Yes,DSL,Yes,No,No,No,Yes,No,One year,No,Bank transfer,65.2,3651.2,No,49–60 months,60–90
2720-FVBQP,Female,0,Yes,Yes,6,Yes,Yes,DSL,No,No,No,No,No,No,Month-to-month,Yes,Credit card,48.95,293.7,No,0–12 months,30–60
9906-NHHVC,Female,1,No,No,65,No,No,DSL,No,Yes,Yes,No,Yes,No,Two year,Yes,Bank transfer,53.5,3477.5,No,61+ months,30–60
4522-XRWWI,Male,0,Yes,No,42,Yes,Yes,DSL,Yes,No,No,Yes,Yes,Yes,One year,No,Credit card,80.45,3378.9,No,25–48 months,60–90
3766-EJLFL,Female,0,Yes,Yes,68,Yes,Yes,Fiber optic,Yes,No,Yes,Yes,Yes,Yes,Two year,Yes,Bank transfer,109.05,7415.4,No,61+ months,Above 90
5939-SXWHM,Male,0,Yes,Yes,48,Yes,Yes,No,No,No,No,No,No,Yes,Two year,No,Bank transfer,26.3,1262.4,No,25–48 months,Below 30
8152-UOBNY,Female,1,No,No,50,Yes,Yes,Fiber optic,No,Yes,No,Yes,Yes,No,One year,Yes,Electronic check,106.8,5340.0,No,49–60 months,Above 90
7351-KYHQH,Female,1,No,No,7,Yes,No,DSL,No,Yes,Yes,No,Yes,Yes,Month-to-month,Yes,Electronic check,64.95,454.65,No,0–12 months,60–90
7643-RCHXS,Female,0,Yes,Yes,63,Yes,No,No,No,No,No,No,No,No,Two year,No,Electronic check,19.35,1219.05,No,61+ months,Below 30
8246-SHFGA,Male,0,No,No,17,Yes,No,No,No,No,No,No,No,No,Month-to-month,No,Credit card,21.1,358.7,No,13–24 months,Below 30
8387-MOJJT,Female,0,Yes,Yes,42,Yes,No,Fiber optic,No,No,No,No,Yes,No,Month-to-month,Yes,Credit card,77.95,3273.9,Yes,25–48 months,60–90
0620-XEFWH,Male,0,Yes,Yes,4,Yes,No,No,No,No,No,No,No,No,Month-to-month,No,Mailed check,18.85,75.4,No,0–12 months,Below 30
6485-QXWWE,Female,0,No,Yes,62,Yes,Yes,No,No,No,No,No,No,No,Two year,No,Bank transfer,26.0,1612.0,No,61+ months,Below 30
2761-OCIAX,Male,1,No,No,2,Yes,No,Fiber optic,No,Yes,No,No,No,No,Month-to-month,Yes,Electronic check,74.7,149.4,Yes,0–12 months,60–90
7321-VGNKU,Female,0,Yes,No,2,Yes,No,Fiber optic,No,No,No,No,No,No,Month-to-month,Yes,Electronic check,70.35,140.7,No,0–12 months,60–90
5327-CNLUQ,Male,0,Yes,No,48,Yes,Yes,Fiber optic,Yes,Yes,Yes,No,Yes,No,Two year,Yes,Bank transfer,96.9,4651.2,No,25–48 months,Above 90
7552-KEYGT,Male,0,Yes,No,27,Yes,No,No,No,No,No,No,No,No,Two year,No,Bank transfer,19.55,527.85,No,25–48 months,Below 30
5816-JMLGY,Female,0,Yes,Yes,70,Yes,No,DSL,No,Yes,Yes,Yes,Yes,No,Two year,Yes,Bank transfer,80.4,5628.0,No,61+ months,60–90
3068-OMWZA,Male,1,No,No,1,Yes,Yes,Fiber optic,No,No,Yes,No,Yes,Yes,Month-to-month,Yes,Electronic check,88.8,88.8,Yes,0–12 months,60–90
2927-QRRQV,Male,0,Yes,No,46,Yes,Yes,Fiber optic,No,Yes,Yes,No,Yes,No,One year,Yes,Electronic check,94.65,4353.9,No,25–48 months,Above 90
6032-KRXXO,Male,0,No,No,30,Yes,No,Fiber optic,No,No,No,No,Yes,No,Month-to-month,Yes,Electronic check,90.25,2707.5,Yes,25–48 months,Above 90
7459-RRWQZ,Female,0,No,No,15,Yes,Yes,DSL,Yes,No,No,No,No,Yes,Month-to-month,Yes,Bank transfer,64.65,969.75,Yes,13–24 months,60–90
6265-SXWBU,Male,0,Yes,Yes,69,Yes,Yes,Fiber optic,No,Yes,Yes,No,Yes,Yes,One year,No,Credit card,95.75,6606.75,No,61+ months,Above 90
7941-RCJOW,Male,0,No,No,65,Yes,No,No,No,No,No,No,No,No,Two year,Yes,Credit card,19.55,1270.75,No,61+ months,Below 30
6374-NTQLP,Male,1,Yes,Yes,72,Yes,No,Fiber optic,Yes,No,Yes,Yes,Yes,No,Two year,Yes,Credit card,104.1,7495.2,No,61+ months,Above 90
4154-AQUGT,Male,1,Yes,No,13,Yes,No,Fiber optic,No,Yes,No,Yes,No,Yes,Month-to-month,Yes,Bank transfer,89.05,1157.65,Yes,13–24 months,60–90
2387-KDZQY,Male,0,No,No,17,Yes,No,No,No,No,No,No,No,Yes,One year,Yes,Mailed check,20.1,341.7,No,13–24 months,Below 30
3584-WKTTW,Male,0,Yes,No,51,Yes,Yes,Fiber optic,Yes,No,Yes,Yes,Yes,No,One year,Yes,Electronic check,111.55,5689.05,No,49–60 months,Above 90
3399-BMLVW,Male,0,Yes,Yes,51,Yes,No,DSL,Yes,Yes,No,Yes,No,Yes,Two year,No,Credit card,60.5,3085.5,No,49–60 months,60–90
1971-DTCZB,Female,0,Yes,No,72,Yes,Yes,DSL,Yes,Yes,Yes,Yes,Yes,No,Two year,Yes,Bank transfer,90.95,6548.4,No,61+ months,Above 90
3092-IGHWF,Male,0,Yes,Yes,67,Yes,Yes,Fiber optic,No,Yes,Yes,No,No,Yes,One year,No,Electronic check,87.4,5855.8,Yes,61+ months,60–90
3374-PZLXD,Male,0,No,No,34,Yes,No,No,No,No,No,No,No,No,Month-to-month,No,Mailed check,19.7,669.8,No,25–48 months,Below 30
3813-DHBBB,Male,0,Yes,No,67,No,No,DSL,Yes,Yes,No,Yes,No,No,Two year,Yes,Bank transfer,50.95,3413.65,No,61+ months,30–60
2812-REYAT,Female,0,Yes,No,49,Yes,No,No,No,No,No,No,No,Yes,One year,Yes,Bank transfer,20.05,982.45,No,49–60 months,Below 30
6518-PPLMZ,Male,0,Yes,Yes,53,Yes,No,No,No,No,No,No,No,No,Two year,Yes,Mailed check,19.4,1028.2,No,49–60 months,Below 30
4939-KYYPY,Male,0,No,No,27,Yes,Yes,DSL,No,No,Yes,Yes,No,No,Month-to-month,No,Electronic check,59.45,1605.15,No,25–48 months,30–60
8017-LXHFA,Female,1,No,No,23,Yes,No,Fiber optic,No,Yes,No,No,Yes,No,Month-to-month,Yes,Electronic check,94.75,2179.25,Yes,13–24 months,Above 90
5930-GBIWP,Male,0,No,No,69,Yes,Yes,DSL,Yes,Yes,Yes,Yes,No,Yes,Two year,Yes,Credit card,81.5,5623.5,No,61+ months,60–90
6022-KOUQO,Female,0,Yes,Yes,2,No,No,DSL,No,No,No,Yes,No,Yes,Month-to-month,No,Bank transfer,29.05,58.1,No,0–12 months,Below 30
6352-TWCAU,Female,0,No,No,35,Yes,Yes,Fiber optic,No,No,No,No,Yes,No,Month-to-month,Yes,Electronic check,86.45,3025.75,Yes,25–48 months,60–90
2361-UPSND,Female,0,Yes,No,46,Yes,No,DSL,Yes,Yes,No,Yes,No,No,One year,No,Mailed check,70.6,3247.6,No,25–48 months,60–90
6035-RIIOM,Female,0,No,No,54,Yes,Yes,Fiber optic,No,Yes,No,No,Yes,Yes,Two year,Yes,Bank transfer,97.2,5248.8,No,49–60 months,Above 90
2929-QNSRW,Female,0,Yes,No,56,Yes,Yes,Fiber optic,No,Yes,No,No,Yes,Yes,One year,Yes,Electronic check,98.25,5502.0,Yes,49–60 months,Above 90
1262-OPMFY,Female,0,Yes,No,9,Yes,No,Fiber optic,No,No,Yes,No,No,Yes,Month-to-month,Yes,Bank transfer,75.75,681.75,Yes,0–12 months,60–90
9504-DSHWM,Male,0,No,No,20,Yes,Yes,DSL,Yes,No,No,Yes,No,No,Month-to-month,No,Bank transfer,59.2,1184.0,No,13–24 months,30–60
5035-BVCXS,Male,0,No,No,11,Yes,No,Fiber optic,No,Yes,No,No,No,No,Month-to-month,Yes,Mailed check,75.9,834.9,No,0–12 months,60–90
6267-DCFFZ,Female,1,Yes,No,30,Yes,Yes,Fiber optic,No,Yes,No,No,Yes,No,Month-to-month,Yes,Electronic check,90.05,2701.5,No,25–48 months,Above 90
3533-UVMOM,Male,0,Yes,No,68,Yes,No,DSL,Yes,Yes,Yes,No,No,No,Two year,No,Bank transfer,70.95,4824.6,No,61+ months,60–90
2439-LYPMQ,Male,1,Yes,No,38,Yes,Yes,Fiber optic,No,Yes,Yes,No,Yes,Yes,Month-to-month,Yes,Electronic check,102.6,3898.8,No,25–48 months,Above 90
4248-QPAVC,Female,1,Yes,No,17,Yes,Yes,Fiber optic,Yes,No,Yes,No,No,Yes,Month-to-month,Yes,Bank transfer,85.35,1450.95,Yes,13–24 months,60–90
1899-VXWXM,Male,0,No,No,48,Yes,Yes,Fiber optic,No,Yes,Yes,No,Yes,No,One year,Yes,Credit card,106.1,5092.8,Yes,25–48 months,Above 90
1478-VPOAD,Female,0,No,No,1,Yes,No,DSL,No,No,No,No,No,Yes,Month-to-month,No,Electronic check,43.8,43.8,No,0–12 months,30–60
9995-HOTOH,Male,0,Yes,Yes,63,No,No,DSL,Yes,Yes,Yes,No,Yes,No,Two year,No,Electronic check,59.0,3717.0,No,61+ months,30–60
2988-PLAHS,Female,0,No,No,3,Yes,No,DSL,No,No,Yes,No,Yes,Yes,One year,Yes,Electronic check,69.95,209.85,No,0–12 months,60–90
1371-OJCEK,Female,0,No,No,48,Yes,Yes,No,No,No,No,No,No,Yes,One year,No,Bank transfer,24.35,1168.8,No,25–48 months,Below 30
4999-IEZLT,Male,0,No,No,66,No,No,DSL,No,No,No,Yes,No,No,One year,No,Credit card,29.45,1943.7,No,61+ months,Below 30
8883-ANODQ,Female,0,Yes,Yes,68,Yes,Yes,Fiber optic,No,Yes,Yes,No,No,No,Two year,Yes,Credit card,84.4,5739.2,No,61+ months,60–90
4690-LLKUA,Male,1,No,No,17,Yes,No,DSL,No,No,No,No,No,No,Month-to-month,Yes,Electronic check,45.05,765.85,Yes,13–24 months,30–60
2351-RRBUE,Female,0,Yes,Yes,7,Yes,No,No,No,No,No,No,No,No,One year,No,Mailed check,20.65,144.55,No,0–12 months,Below 30
5980-BDHPY,Male,0,Yes,No,72,Yes,Yes,DSL,Yes,Yes,Yes,Yes,Yes,No,Two year,Yes,Bank transfer,87.1,6271.2,No,61+ months,60–90
1498-DQNRX,Female,0,Yes,No,29,Yes,No,No,No,No,No,No,No,Yes,Month-to-month,No,Mailed check,19.85,575.65,No,25–48 months,Below 30
9469-WEJBT,Male,0,Yes,No,37,Yes,No,Fiber optic,No,No,Yes,Yes,No,No,Month-to-month,Yes,Electronic check,90.35,3342.95,No,25–48 months,Above 90
3331-HQDTW,Female,0,No,No,34,Yes,Yes,Fiber optic,Yes,Yes,Yes,No,Yes,Yes,Month-to-month,Yes,Mailed check,109.8,3733.2,Yes,25–48 months,Above 90
9490-DFPMD,Female,1,No,No,42,Yes,Yes,Fiber optic,No,No,No,No,Yes,Yes,Month-to-month,Yes,Electronic check,84.65,3555.3,Yes,25–48 months,60–90
2581-VKIRT,Female,0,Yes,Yes,59,Yes,Yes,DSL,Yes,Yes,No,Yes,No,No,One year,No,Mailed check,65.5,3864.5,No,49–60 months,60–90
5442-XSDCW,Male,0,Yes,Yes,11,Yes,No,Fiber optic,No,No,No,No,Yes,No,Month-to-month,Yes,Bank transfer,79.5,874.5,Yes,0–12 months,60–90
7426-WEIJX,Male,1,Yes,Yes,60,Yes,Yes,Fiber optic,Yes,No,No,No,No,No,Month-to-month,Yes,Electronic check,80.95,4857.0,No,49–60 months,60–90
2851-MMUTZ,Female,0,No,No,27,Yes,No,DSL,No,Yes,No,Yes,No,No,Month-to-month,Yes,Mailed check,56.15,1516.05,No,25–48 months,30–60
3049-NDXFL,Female,0,No,No,1,Yes,Yes,Fiber optic,No,No,No,No,No,No,Month-to-month,No,Mailed check,85.8,85.8,Yes,0–12 months,60–90
8580-AECUZ,Male,1,No,No,1,Yes,No,Fiber optic,No,No,No,No,Yes,Yes,Month-to-month,Yes,Electronic check,79.1,79.1,Yes,0–12 months,60–90
3307-TLCUD,Male,0,Yes,No,17,No,No,DSL,Yes,No,Yes,No,No,No,Month-to-month,No,Mailed check,34.4,584.8,No,13–24 months,30–60
6625-FLENO,Male,0,Yes,No,58,Yes,No,No,No,No,No,No,No,No,Two year,No,Mailed check,20.75,1203.5,No,49–60 months,Below 30
2967-MXRAV,Male,0,Yes,Yes,1,Yes,No,No,No,No,No,No,No,No,One year,No,Mailed check,18.8,18.8,No,0–12 months,Below 30
7963-GQRMY,Female,0,Yes,Yes,3,Yes,No,DSL,No,No,No,No,No,No,Month-to-month,No,Mailed check,44.3,132.9,Yes,0–12 months,30–60
8189-HBVRW,Female,0,No,No,53,Yes,Yes,Fiber optic,Yes,Yes,Yes,No,No,No,Month-to-month,No,Electronic check,90.8,4812.4,No,49–60 months,Above 90
4163-KIUHY,Male,0,No,No,35,Yes,Yes,No,No,No,No,No,No,No,Month-to-month,Yes,Electronic check,25.6,896.0,No,25–48 months,Below 30
1228-FZFRV,Male,0,Yes,Yes,50,Yes,Yes,Fiber optic,Yes,No,Yes,No,Yes,No,Month-to-month,No,Credit card,105.95,5297.5,Yes,49–60 months,Above 90
3500-NSDOA,Male,0,Yes,Yes,68,Yes,Yes,DSL,No,Yes,No,Yes,No,Yes,Two year,No,Credit card,70.8,4814.4,No,61+ months,60–90
1171-TYKUR,Male,0,Yes,No,47,Yes,Yes,No,No,No,No,No,No,Yes,Month-to-month,No,Electronic check,25.4,1193.8,No,25–48 months,Below 30
3761-FLYZI,Female,1,Yes,No,65,Yes,Yes,Fiber optic,No,Yes,Yes,No,Yes,No,Month-to-month,Yes,Bank transfer,108.8,7072.0,No,61+ months,Above 90
2058-DCJBE,Male,0,No,No,5,Yes,No,Fiber optic,No,No,No,No,No,Yes,Month-to-month,Yes,Electronic check,69.75,348.75,Yes,0–12 months,60–90
5364-XYIRR,Male,0,Yes,No,51,Yes,Yes,Fiber optic,No,No,No,No,Yes,No,Month-to-month,Yes,Electronic check,94.65,4827.15,Yes,49–60 months,Above 90
4829-AUOAX,Female,0,No,No,46,Yes,Yes,Fiber optic,No,No,No,No,Yes,Yes,Month-to-month,No,Bank transfer,96.05,4418.3,Yes,25–48 months,Above 90
1219-NNDDO,Female,0,No,No,9,Yes,Yes,Fiber optic,No,No,No,No,No,Yes,Month-to-month,Yes,Electronic check,76.85,691.65,No,0–12 months,60–90
8388-DMKAE,Female,0,No,No,8,Yes,No,No,No,No,No,No,No,No,Two year,No,Mailed check,20.25,162.0,No,0–12 months,Below 30
4403-BWPAY,Male,0,No,No,14,Yes,Yes,No,No,No,No,No,No,No,One year,Yes,Credit card,24.8,347.2,No,13–24 months,Below 30
9659-QEQSY,Female,0,No,No,45,Yes,Yes,Fiber optic,Yes,Yes,Yes,Yes,Yes,No,Month-to-month,Yes,Electronic check,115.65,5204.25,No,25–48 months,Above 90
5405-ZMYXQ,Female,0,No,No,8,Yes,Yes,Fiber optic,No,No,No,No,No,Yes,Month-to-month,Yes,Credit card,74.6,596.8,No,0–12 months,60–90
5047-LHVLY,Male,1,No,Yes,1,Yes,No,DSL,No,No,Yes,No,No,No,Month-to-month,Yes,Mailed check,50.15,50.15,Yes,0–12 months,30–60
1442-OKRJE,Male,0,Yes,Yes,66,Yes,No,Fiber optic,Yes,Yes,Yes,No,Yes,No,One year,Yes,Bank transfer,103.15,6807.9,No,61+ months,Above 90
4737-AQCPU,Male,0,Yes,Yes,72,Yes,Yes,DSL,Yes,Yes,Yes,Yes,No,Yes,Two year,No,Credit card,72.1,5191.2,No,61+ months,60–90
9158-VCTQB,Female,0,Yes,No,41,Yes,Yes,Fiber optic,Yes,Yes,Yes,Yes,Yes,No,Month-to-month,Yes,Bank transfer,113.6,4657.6,Yes,25–48 months,Above 90
2808-CHTDM,Female,0,Yes,Yes,23,Yes,Yes,No,No,No,No,No,No,Yes,Two year,No,Mailed check,25.1,577.3,No,13–24 months,Below 30
6311-UEUME,Female,0,No,No,29,Yes,No,Fiber optic,No,No,No,No,Yes,No,Month-to-month,Yes,Electronic check,78.9,2288.1,Yes,25–48 months,60–90
0793-TWELN,Female,0,No,No,4,Yes,Yes,Fiber optic,Yes,No,No,No,No,No,Month-to-month,Yes,Electronic check,80.15,320.6,No,0–12 months,60–90
3283-WCWXT,Male,0,Yes,Yes,6,Yes,Yes,No,No,No,No,No,No,No,Two year,No,Mailed check,25.4,152.4,No,0–12 months,Below 30
1060-ENTOF,Female,1,Yes,No,67,Yes,Yes,Fiber optic,Yes,Yes,Yes,Yes,No,No,One year,Yes,Credit card,105.4,7061.8,No,61+ months,Above 90
0999-QXNSA,Male,1,No,Yes,7,Yes,No,DSL,No,No,No,No,No,Yes,Month-to-month,Yes,Mailed check,45.75,320.25,No,0–12 months,30–60
5451-MHQOF,Male,0,Yes,Yes,56,Yes,Yes,No,No,No,No,No,No,No,One year,Yes,Mailed check,24.45,1369.2,No,49–60 months,Below 30
4836-WNFNO,Female,0,Yes,No,72,Yes,Yes,No,No,No,No,No,No,No,Two year,No,Credit card,25.0,1800.0,No,61+ months,Below 30
9225-BZLNZ,Male,0,Yes,No,72,Yes,Yes,DSL,Yes,Yes,Yes,No,Yes,No,Two year,Yes,Electronic check,85.25,6138.0,No,61+ months,60–90
0354-VXMJC,Male,0,Yes,Yes,23,Yes,No,No,No,No,No,No,No,Yes,Two year,No,Credit card,19.6,450.8,No,13–24 months,Below 30
4422-QVIJA,Female,0,No,Yes,35,Yes,Yes,DSL,No,No,No,No,No,No,Month-to-month,No,Mailed check,50.15,1755.25,No,25–48 months,30–60
9365-SRSZE,Male,1,Yes,No,27,Yes,No,Fiber optic,No,No,No,No,No,No,Month-to-month,Yes,Electronic check,70.55,1904.85,No,25–48 months,60–90
6839-ITVZJ,Female,0,Yes,Yes,26,Yes,Yes,DSL,No,Yes,No,Yes,No,No,Month-to-month,Yes,Electronic check,60.05,1561.3,Yes,25–48 months,60–90
8332-OSJDW,Male,0,Yes,Yes,12,Yes,Yes,No,No,No,No,No,No,No,One year,No,Mailed check,26.4,316.8,No,0–12 months,Below 30
4735-BJKOU,Female,0,No,No,40,Yes,No,No,No,No,No,No,No,No,Two year,No,Mailed check,20.15,806.0,No,25–48 months,Below 30
0274-JKUJR,Male,0,Yes,Yes,7,No,No,DSL,Yes,Yes,Yes,No,Yes,No,Month-to-month,No,Mailed check,58.85,411.95,No,0–12 months,30–60
5740-YHGTW,Male,0,Yes,Yes,70,Yes,Yes,Fiber optic,Yes,Yes,No,No,Yes,Yes,Month-to-month,Yes,Credit card,97.55,6828.5,No,61+ months,Above 90
8917-SZTTJ,Male,0,Yes,Yes,60,Yes,No,No,No,No,No,No,No,No,Two year,No,Credit card,19.65,1179.0,No,49–60 months,Below 30
1696-MZVAU,Male,0,Yes,Yes,39,No,No,DSL,No,No,No,No,No,No,One year,Yes,Credit card,25.25,984.75,No,25–48 months,Below 30
7359-WWYJV,Male,0,Yes,No,72,Yes,Yes,Fiber optic,Yes,Yes,Yes,Yes,Yes,No,Two year,No,Credit card,114.45,8240.4,No,61+ months,Above 90
0375-HVGXO,Female,0,No,No,1,No,No,DSL,No,No,No,No,Yes,Yes,Month-to-month,Yes,Electronic check,34.7,34.7,Yes,0–12 months,30–60
4906-ZHGPK,Male,0,Yes,Yes,54,Yes,Yes,DSL,No,Yes,No,Yes,Yes,No,One year,Yes,Electronic check,70.7,3817.8,No,49–60 months,60–90
8593-WHYHV,Male,0,No,No,3,Yes,Yes,Fiber optic,No,No,No,No,No,No,Month-to-month,Yes,Electronic check,85.3,255.9,Yes,0–12 months,60–90
3795-GWTRD,Female,0,Yes,Yes,63,Yes,No,DSL,Yes,Yes,Yes,Yes,Yes,Yes,Two year,No,Credit card,75.55,4759.65,No,61+ months,60–90
1298-PHBTI,Male,0,Yes,Yes,71,Yes,Yes,Fiber optic,No,Yes,No,Yes,No,No,Two year,Yes,Electronic check,84.8,6020.8,No,61+ months,60–90
6223-DHJGV,Female,0,No,No,42,Yes,No,No,No,No,No,No,No,No,One year,Yes,Mailed check,20.65,867.3,No,25–48 months,Below 30
6961-MJKBO,Male,0,No,No,47,Yes,No,No,No,No,No,No,No,No,Two year,No,Bank transfer,20.45,961.15,No,25–48 months,Below 30
6097-EQISJ,Female,0,Yes,Yes,66,Yes,Yes,Fiber optic,No,Yes,Yes,No,Yes,No,One year,Yes,Credit card,102.45,6761.7,Yes,61+ months,Above 90
4423-YLHDV,Female,0,Yes,No,21,Yes,Yes,Fiber optic,Yes,No,Yes,No,Yes,Yes,Month-to-month,Yes,Bank transfer,104.4,2192.4,Yes,13–24 months,Above 90
8158-WPEZG,Male,0,No,No,11,No,No,DSL,No,Yes,No,Yes,No,Yes,Month-to-month,Yes,Electronic check,35.65,392.15,No,0–12 months,30–60
0107-YHINA,Male,0,No,Yes,1,Yes,Yes,Fiber optic,No,No,Yes,No,Yes,No,Month-to-month,Yes,Electronic check,99.75,99.75,Yes,0–12 months,Above 90
4918-FYJNT,Female,1,Yes,No,55,Yes,Yes,Fiber optic,No,Yes,Yes,Yes,No,Yes,Month-to-month,No,Electronic check,90.45,4974.75,No,49–60 months,Above 90
0727-BNRLG,Male,0,No,No,69,Yes,Yes,Fiber optic,No,Yes,Yes,Yes,Yes,No,Two year,Yes,Credit card,97.65,6737.85,No,61+ months,Above 90
4854-CIDCF,Female,1,No,No,3,Yes,No,Fiber optic,No,No,Yes,No,No,No,Month-to-month,No,Electronic check,73.85,221.55,No,0–12 months,60–90
8640-SDGKB,Male,0,No,No,4,Yes,No,DSL,No,No,Yes,Yes,Yes,No,Month-to-month,Yes,Electronic check,74.4,297.6,Yes,0–12 months,60–90
3280-MRDOF,Male,1,No,No,30,Yes,Yes,DSL,No,No,Yes,Yes,Yes,Yes,Two year,Yes,Credit card,69.1,2073.0,No,25–48 months,60–90
6435-SRWBJ,Female,0,No,No,5,Yes,Yes,Fiber optic,No,No,Yes,Yes,No,No,Month-to-month,Yes,Electronic check,82.75,413.75,No,0–12 months,60–90
9964-WBQDJ,Female,0,Yes,No,71,Yes,Yes,No,No,No,No,No,No,No,Two year,Yes,Credit card,24.4,1732.4,No,61+ months,Below 30
6303-KFWSL,Female,0,No,No,29,Yes,Yes,DSL,No,Yes,No,No,No,No,One year,Yes,Electronic check,55.25,1602.25,No,25–48 months,30–60
1702-CCFNJ,Male,0,Yes,No,52,Yes,Yes,DSL,No,Yes,No,Yes,No,No,Month-to-month,No,Bank transfer,61.35,3190.2,No,49–60 months,60–90
8932-CZHRQ,Male,0,No,No,68,Yes,Yes,DSL,Yes,Yes,Yes,No,No,No,One year,No,Credit card,76.75,5219.0,No,61+ months,60–90
0386-CWRGM,Female,0,Yes,Yes,46,Yes,No,No,No,No,No,No,No,Yes,Two year,No,Mailed check,19.4,892.4,No,25–48 months,Below 30
5515-RUGKN,Male,0,No,No,8,Yes,No,DSL,No,No,No,No,No,No,Month-to-month,Yes,Credit card,54.75,438.0,No,0–12 months,30–60
0404-AHASP,Male,0,Yes,No,72,Yes,No,No,No,No,No,No,No,Yes,Two year,No,Credit card,19.7,1418.4,No,61+ months,Below 30
7279-NMVJC,Female,0,No,No,17,Yes,No,No,No,No,No,No,No,No,One year,No,Bank transfer,19.9,338.3,No,13–24 months,Below 30
2081-VEYEH,Male,0,No,No,3,Yes,No,Fiber optic,No,Yes,Yes,Yes,Yes,No,Month-to-month,Yes,Electronic check,107.95,323.85,No,0–12 months,Above 90
6407-UTSLV,Female,1,No,No,2,Yes,No,Fiber optic,No,Yes,No,No,Yes,Yes,Month-to-month,Yes,Bank transfer,83.8,167.6,No,0–12 months,60–90
4116-TZAQJ,Female,0,No,No,9,Yes,No,Fiber optic,Yes,No,No,No,No,No,Month-to-month,Yes,Credit card,74.25,668.25,Yes,0–12 months,60–90
9060-HJJRW,Female,0,No,No,51,No,No,DSL,No,Yes,Yes,No,Yes,No,One year,Yes,Credit card,56.4,2876.4,No,49–60 months,30–60
2587-YNLES,Female,0,Yes,Yes,6,Yes,No,No,No,No,No,No,No,Yes,Two year,No,Mailed check,20.1,120.6,No,0–12 months,Below 30
7398-SKNQZ,Female,0,Yes,No,3,Yes,Yes,Fiber optic,No,No,No,No,Yes,No,Month-to-month,No,Electronic check,94.9,284.7,No,0–12 months,Above 90
5935-FCCNB,Female,1,No,No,17,Yes,Yes,Fiber optic,No,No,No,No,Yes,Yes,Month-to-month,Yes,Electronic check,94.2,1601.4,No,13–24 months,Above 90
1958-RNRKS,Male,0,Yes,No,30,Yes,Yes,DSL,No,No,No,No,No,Yes,Month-to-month,No,Electronic check,49.9,1497.0,No,25–48 months,30–60
5136-RGMZO,Male,0,No,No,31,Yes,Yes,DSL,No,Yes,No,Yes,Yes,No,Month-to-month,Yes,Electronic check,71.05,2202.55,No,25–48 months,60–90
8345-MVDYC,Female,0,No,No,45,Yes,No,DSL,Yes,No,Yes,Yes,Yes,No,Two year,No,Bank transfer,81.65,3674.25,No,25–48 months,60–90
8226-BXGES,Male,0,Yes,No,64,Yes,Yes,Fiber optic,Yes,Yes,Yes,No,No,Yes,One year,No,Bank transfer,89.45,5724.8,No,61+ months,60–90
3877-JRJIP,Male,0,No,No,1,Yes,Yes,DSL,No,No,No,No,Yes,No,Month-to-month,Yes,Electronic check,59.85,59.85,Yes,0–12 months,30–60
8375-DKEBR,Female,1,No,No,1,Yes,No,Fiber optic,No,No,No,No,No,No,Month-to-month,Yes,Electronic check,69.6,69.6,Yes,0–12 months,60–90
9705-IOVQQ,Male,1,Yes,Yes,61,Yes,Yes,Fiber optic,No,Yes,No,No,Yes,No,One year,No,Electronic check,99.0,6039.0,No,61+ months,Above 90
1015-OWJKI,Male,0,No,No,1,Yes,No,No,No,No,No,No,No,Yes,Month-to-month,No,Mailed check,19.05,19.05,No,0–12 months,Below 30
7511-YMXVQ,Male,0,No,No,9,No,No,DSL,No,No,No,No,Yes,No,Month-to-month,Yes,Electronic check,45.4,408.6,Yes,0–12 months,30–60
2040-XBAVJ,Male,0,Yes,Yes,72,Yes,Yes,Fiber optic,Yes,Yes,Yes,Yes,Yes,Yes,Two year,No,Bank transfer,114.45,8240.4,No,61+ months,Above 90
7551-JOHTI,Female,0,No,No,1,Yes,No,No,No,No,No,No,No,Yes,Month-to-month,No,Mailed check,19.5,19.5,Yes,0–12 months,Below 30
8887-IPQNC,Female,0,Yes,No,7,Yes,No,DSL,No,No,No,No,No,No,Month-to-month,Yes,Mailed check,44.25,309.75,No,0–12 months,30–60
8646-JCOMS,Female,0,Yes,No,66,Yes,Yes,Fiber optic,No,Yes,Yes,Yes,No,No,One year,Yes,Bank transfer,90.55,5976.3,No,61+ months,Above 90
9804-ICWBG,Male,0,No,No,1,Yes,No,Fiber optic,No,No,No,No,No,No,Month-to-month,Yes,Electronic check,69.9,69.9,Yes,0–12 months,60–90
1222-KJNZD,Male,0,Yes,Yes,40,Yes,No,No,No,No,No,No,No,No,Month-to-month,Yes,Bank transfer,20.4,816.0,No,25–48 months,Below 30
0106-GHRQR,Male,0,No,No,16,Yes,Yes,DSL,No,Yes,Yes,No,No,No,Month-to-month,Yes,Bank transfer,71.4,1142.4,No,13–24 months,60–90
5318-IXUZF,Female,0,No,No,2,Yes,No,Fiber optic,No,Yes,No,No,Yes,Yes,Month-to-month,Yes,Bank transfer,87.15,174.3,Yes,0–12 months,60–90
3768-VHXQO,Male,0,Yes,No,67,Yes,Yes,No,No,No,No,No,No,No,Two year,No,Credit card,24.85,1664.95,No,61+ months,Below 30
8952-WCVCD,Female,0,Yes,No,41,Yes,No,Fiber optic,Yes,Yes,Yes,No,Yes,No,One year,Yes,Bank transfer,104.45,4282.45,No,25–48 months,Above 90
2418-TPEUN,Female,0,Yes,Yes,56,Yes,No,No,No,No,No,No,No,Yes,Two year,Yes,Credit card,19.8,1108.8,No,49–60 months,Below 30
3963-RYFNS,Female,0,No,No,72,Yes,Yes,Fiber optic,Yes,Yes,Yes,Yes,Yes,No,Two year,Yes,Bank transfer,116.45,8384.4,No,61+ months,Above 90
3198-VELRD,Female,0,Yes,Yes,3,Yes,Yes,Fiber optic,No,No,No,No,No,Yes,Month-to-month,Yes,Bank transfer,84.75,254.25,Yes,0–12 months,60–90
8540-ZQGEA,Female,0,Yes,No,54,Yes,No,No,No,No,No,No,No,Yes,Two year,No,Credit card,20.05,1082.7,No,49–60 months,Below 30
1320-REHCS,Male,1,No,No,52,Yes,Yes,Fiber optic,No,Yes,Yes,Yes,Yes,No,Month-to-month,Yes,Electronic check,110.75,5759.0,No,49–60 months,Above 90
4137-JOPHL,Female,0,No,No,50,Yes,No,Fiber optic,No,No,Yes,Yes,No,Yes,Two year,Yes,Bank transfer,89.7,4485.0,No,49–60 months,60–90
9436-ZBZCT,Male,0,No,No,14,Yes,Yes,Fiber optic,No,No,No,Yes,Yes,Yes,Month-to-month,Yes,Electronic check,89.95,1259.3,Yes,13–24 months,60–90
7801-CEDNV,Male,0,Yes,No,27,Yes,No,DSL,Yes,No,No,No,No,No,One year,No,Credit card,48.7,1314.9,No,25–48 months,30–60
2057-BOYKM,Female,1,Yes,No,72,Yes,Yes,Fiber optic,Yes,Yes,Yes,Yes,No,No,Two year,Yes,Bank transfer,96.6,6955.2,No,61+ months,Above 90
3658-QQJYD,Male,0,No,No,62,Yes,No,DSL,Yes,Yes,No,No,Yes,No,One year,Yes,Credit card,74.3,4606.6,No,61+ months,60–90
1803-BGNBD,Female,0,No,No,12,Yes,No,DSL,No,Yes,No,Yes,No,Yes,Month-to-month,Yes,Electronic check,54.3,651.6,No,0–12 months,30–60
0134-XWXCE,Female,1,No,No,44,Yes,No,DSL,No,No,Yes,Yes,Yes,No,One year,No,Bank transfer,74.85,3293.4,No,25–48 months,60–90
6950-TWMYB,Male,0,Yes,Yes,54,Yes,No,Fiber optic,No,Yes,No,Yes,No,Yes,Two year,Yes,Bank transfer,79.95,4317.3,No,49–60 months,60–90
5848-FHRFC,Female,0,No,No,68,Yes,No,No,No,No,No,No,No,No,Two year,No,Bank transfer,20.05,1363.4,No,61+ months,Below 30
2243-FNMMI,Male,0,No,No,20,Yes,No,No,No,No,No,No,No,No,Month-to-month,No,Mailed check,19.4,388.0,No,13–24 months,Below 30
2511-MORQY,Male,0,Yes,Yes,50,Yes,Yes,DSL,No,No,Yes,No,No,No,One year,No,Bank transfer,54.9,2745.0,No,49–60 months,30–60
5356-KZCKT,Male,0,No,No,58,Yes,Yes,No,No,No,No,No,No,No,Two year,Yes,Credit card,24.45,1418.1,No,49–60 months,Below 30
9470-XCCEM,Male,0,Yes,Yes,35,Yes,Yes,Fiber optic,No,Yes,No,No,Yes,No,Month-to-month,Yes,Bank transfer,89.65,3137.75,No,25–48 months,60–90
6519-CFDBX,Female,0,No,No,2,Yes,No,DSL,No,No,No,No,No,No,Month-to-month,Yes,Electronic check,45.4,90.8,No,0–12 months,30–60
3902-MIVLE,Male,0,Yes,Yes,63,Yes,Yes,DSL,Yes,No,Yes,Yes,No,No,Two year,No,Mailed check,75.7,4769.1,No,61+ months,60–90
0409-WTMPL,Female,0,Yes,No,58,Yes,Yes,Fiber optic,Yes,Yes,Yes,No,Yes,Yes,One year,Yes,Credit card,110.65,6417.7,No,49–60 months,Above 90
8763-KIAFH,Female,0,Yes,Yes,27,Yes,No,No,No,No,No,No,No,Yes,One year,Yes,Mailed check,20.55,554.85,No,25–48 months,Below 30
3669-WHAFY,Female,0,Yes,No,71,Yes,Yes,Fiber optic,Yes,Yes,Yes,Yes,Yes,No,Two year,Yes,Credit card,115.15,8175.65,No,61+ months,Above 90
3055-VTCGS,Female,0,No,No,63,Yes,No,DSL,No,No,Yes,No,No,Yes,One year,No,Credit card,58.55,3688.65,No,61+ months,30–60
3144-KMTWZ,Male,0,Yes,No,71,Yes,Yes,Fiber optic,No,Yes,Yes,No,No,Yes,Month-to-month,Yes,Bank transfer,93.25,6620.75,No,61+ months,Above 90
7279-BUYWN,Female,1,No,No,41,Yes,Yes,Fiber optic,Yes,Yes,Yes,No,Yes,Yes,Month-to-month,Yes,Electronic check,113.2,4641.2,Yes,25–48 months,Above 90
7156-MHUGY,Male,1,No,No,13,Yes,No,Fiber optic,No,No,No,No,Yes,Yes,Month-to-month,Yes,Electronic check,90.5,1176.5,Yes,13–24 months,Above 90
7198-GLXTC,Male,0,No,No,2,Yes,No,Fiber optic,No,No,No,No,Yes,Yes,Month-to-month,No,Electronic check,79.0,158.0,Yes,0–12 months,60–90
2007-QVGAW,Female,0,Yes,Yes,68,Yes,No,No,No,No,No,No,No,No,Two year,Yes,Bank transfer,19.35,1315.8,No,61+ months,Below 30
5207-PLSTK,Male,0,Yes,Yes,1,Yes,No,DSL,Yes,No,No,No,No,No,Month-to-month,Yes,Mailed check,48.75,48.75,No,0–12 months,30–60
2307-FYNNL,Male,1,No,No,65,Yes,Yes,Fiber optic,Yes,No,Yes,Yes,Yes,No,Two year,Yes,Electronic check,109.05,7088.25,No,61+ months,Above 90
5605-XNWEN,Male,1,Yes,No,72,Yes,Yes,No,No,No,No,No,No,Yes,Two year,Yes,Bank transfer,25.0,1800.0,No,61+ months,Below 30
2155-AMQRX,Female,0,No,No,28,Yes,Yes,DSL,No,No,No,Yes,No,No,Month-to-month,Yes,Credit card,54.9,1537.2,No,25–48 months,30–60
6181-AXXYF,Male,0,Yes,Yes,72,Yes,Yes,No,No,No,No,No,No,No,Two year,No,Credit card,24.75,1782.0,No,61+ months,Below 30
5091-HFAZW,Female,0,No,No,2,Yes,No,Fiber optic,Yes,Yes,No,No,Yes,No,Month-to-month,Yes,Electronic check,91.15,182.3,No,0–12 months,Above 90
0516-VRYBW,Female,0,No,Yes,18,Yes,No,No,No,No,No,No,No,No,One year,No,Bank transfer,20.15,362.7,Yes,13–24 months,Below 30
2519-LBNQL,Male,1,Yes,No,60,Yes,Yes,Fiber optic,No,Yes,Yes,No,Yes,No,One year,Yes,Electronic check,104.35,6261.0,No,49–60 months,Above 90
8623-ULFNQ,Female,1,No,No,26,Yes,Yes,DSL,No,No,No,Yes,No,Yes,Month-to-month,Yes,Electronic check,66.05,1717.3,No,25–48 months,60–90
8380-PEFPE,Male,0,No,Yes,1,Yes,No,Fiber optic,No,No,No,No,No,Yes,Month-to-month,Yes,Electronic check,71.65,71.65,Yes,0–12 months,60–90
5687-DKDTV,Female,0,No,No,4,Yes,No,No,No,No,No,No,No,No,Month-to-month,No,Mailed check,20.35,81.4,Yes,0–12 months,Below 30
1568-LJSZU,Male,0,Yes,Yes,68,Yes,Yes,DSL,Yes,Yes,Yes,Yes,Yes,No,Two year,Yes,Credit card,92.2,6269.6,No,61+ months,Above 90
7530-HDYDS,Female,0,No,No,38,Yes,No,Fiber optic,No,Yes,Yes,Yes,No,Yes,Month-to-month,Yes,Credit card,84.25,3201.5,Yes,25–48 months,60–90
7789-HKSBS,Female,1,Yes,No,42,Yes,Yes,Fiber optic,Yes,No,Yes,No,Yes,No,One year,Yes,Bank transfer,105.2,4418.4,No,25–48 months,Above 90
7416-CKTEP,Female,0,Yes,No,57,Yes,No,No,No,No,No,No,No,Yes,Two year,Yes,Bank transfer,19.6,1117.2,No,49–60 months,Below 30
2586-CWXVV,Male,0,Yes,No,54,No,No,DSL,No,Yes,No,No,No,No,Month-to-month,No,Electronic check,30.4,1641.6,No,49–60 months,30–60
3096-IZETN,Female,0,No,No,12,Yes,No,Fiber optic,No,No,No,No,No,No,Month-to-month,No,Bank transfer,78.1,937.2,Yes,0–12 months,60–90
2348-KCJLT,Female,0,Yes,No,44,Yes,No,DSL,Yes,Yes,Yes,No,No,Yes,One year,Yes,Mailed check,61.5,2706.0,No,25–48 months,60–90
8401-EMUWF,Male,0,Yes,Yes,42,Yes,Yes,DSL,Yes,Yes,No,No,Yes,No,Month-to-month,Yes,Bank transfer,69.4,2914.8,No,25–48 months,60–90
4193-IBKSW,Male,0,Yes,Yes,72,Yes,Yes,No,No,No,No,No,No,No,Two year,No,Bank transfer,24.75,1782.0,No,61+ months,Below 30
5377-NDTOU,Female,0,Yes,Yes,71,Yes,Yes,DSL,Yes,Yes,Yes,Yes,Yes,No,Two year,No,Mailed check,91.05,6464.55,No,61+ months,Above 90
5922-ABDVO,Female,0,Yes,No,19,Yes,Yes,Fiber optic,No,No,Yes,No,No,Yes,Month-to-month,No,Mailed check,89.65,1703.35,Yes,13–24 months,60–90
2474-LCNUE,Female,0,Yes,No,23,Yes,Yes,DSL,No,No,No,Yes,Yes,Yes,Month-to-month,Yes,Credit card,73.65,1693.95,No,13–24 months,60–90
0839-QNXME,Female,0,No,No,30,Yes,No,No,No,No,No,No,No,Yes,Two year,No,Credit card,19.4,582.0,No,25–48 months,Below 30
3506-OVLKD,Male,0,No,No,35,Yes,Yes,No,No,No,No,No,No,No,One year,No,Bank transfer,26.2,917.0,No,25–48 months,Below 30
9172-ANCRX,Female,0,No,No,10,Yes,Yes,Fiber optic,Yes,No,No,No,Yes,No,Month-to-month,Yes,Electronic check,98.7,987.0,Yes,0–12 months,Above 90
6650-VJONK,Male,0,No,No,1,Yes,No,DSL,No,No,No,No,No,Yes,Month-to-month,Yes,Bank transfer,43.85,43.85,No,0–12 months,30–60
2178-PMGCJ,Male,0,No,No,22,Yes,No,Fiber optic,No,No,No,No,No,No,Month-to-month,Yes,Mailed check,69.7,1533.4,No,13–24 months,60–90
7492-TAFJD,Male,0,Yes,Yes,7,No,No,DSL,Yes,Yes,Yes,No,No,No,Two year,No,Mailed check,38.55,269.85,No,0–12 months,30–60
2773-MADBQ,Female,0,No,No,36,No,No,DSL,Yes,Yes,Yes,Yes,No,No,Two year,Yes,Mailed check,53.1,1911.6,No,25–48 months,30–60
6016-LVTJQ,Female,0,Yes,Yes,34,Yes,No,No,No,No,No,No,No,Yes,Month-to-month,No,Mailed check,20.65,702.1,No,25–48 months,Below 30
7860-KSUGX,Male,0,Yes,Yes,72,Yes,Yes,DSL,Yes,Yes,Yes,No,No,No,Two year,No,Credit card,64.45,4640.4,No,61+ months,60–90
8966-KZXXA,Male,0,Yes,Yes,36,Yes,Yes,No,No,No,No,No,No,No,Two year,No,Credit card,25.1,903.6,No,25–48 months,Below 30
6910-HADCM,Female,0,No,No,1,Yes,No,Fiber optic,No,No,Yes,No,No,No,Month-to-month,No,Electronic check,76.35,76.35,Yes,0–12 months,60–90
4816-LXZYW,Female,0,No,No,23,Yes,Yes,Fiber optic,No,Yes,No,No,No,No,Month-to-month,Yes,Electronic check,79.15,1820.45,Yes,13–24 months,60–90
9606-PBKBQ,Male,1,Yes,No,32,Yes,Yes,Fiber optic,No,No,No,No,No,No,Month-to-month,Yes,Electronic check,85.0,2720.0,Yes,25–48 months,60–90
5149-QYTTU,Female,0,Yes,Yes,71,Yes,Yes,Fiber optic,Yes,Yes,Yes,Yes,No,Yes,One year,Yes,Credit card,95.15,6755.65,No,61+ months,Above 90
2070-XYMFH,Female,1,No,No,23,Yes,Yes,Fiber optic,No,No,Yes,No,No,No,Month-to-month,Yes,Mailed check,79.35,1825.05,No,13–24 months,60–90
2085-BOJKI,Male,0,Yes,No,17,Yes,No,Fiber optic,No,No,Yes,No,Yes,No,One year,Yes,Bank transfer,96.65,1643.05,No,13–24 months,Above 90
0817-HSUSE,Male,0,No,No,1,Yes,No,DSL,No,No,Yes,Yes,Yes,Yes,Month-to-month,Yes,Electronic check,75.5,75.5,No,0–12 months,60–90
5442-PPTJY,Male,0,Yes,Yes,12,Yes,No,No,No,No,No,No,No,Yes,Two year,No,Mailed check,19.7,236.4,No,0–12 months,Below 30
1927-QEWMY,Female,0,Yes,No,72,Yes,No,No,No,No,No,No,No,No,Two year,No,Credit card,20.5,1476.0,No,61+ months,Below 30
1663-MHLHE,Male,0,No,No,1,Yes,No,No,No,No,No,No,No,No,Month-to-month,No,Mailed check,19.2,19.2,No,0–12 months,Below 30
5663-QBGIS,Male,1,Yes,No,72,Yes,Yes,Fiber optic,No,Yes,No,No,Yes,No,Two year,No,Bank transfer,98.35,7081.2,No,61+ months,Above 90
4450-MDZFX,Male,0,Yes,Yes,60,Yes,Yes,Fiber optic,No,No,No,No,No,Yes,Month-to-month,No,Bank transfer,74.35,4461.0,No,49–60 months,60–90
6701-DHKWQ,Female,0,Yes,Yes,61,No,No,DSL,No,Yes,Yes,Yes,Yes,No,Two year,No,Credit card,51.35,3132.35,No,61+ months,30–60
7554-AKDQF,Female,0,Yes,No,6,Yes,No,DSL,No,No,No,No,No,No,Month-to-month,No,Mailed check,45.65,273.9,No,0–12 months,30–60
3536-IQCTX,Male,1,Yes,No,32,Yes,Yes,Fiber optic,No,No,No,No,No,No,Month-to-month,No,Electronic check,85.3,2729.6,Yes,25–48 months,60–90
4911-BANWH,Female,0,No,Yes,31,Yes,Yes,Fiber optic,No,No,No,No,Yes,Yes,Month-to-month,Yes,Credit card,86.55,2683.05,Yes,25–48 months,60–90
8496-EJAUI,Male,0,No,No,19,Yes,No,Fiber optic,No,Yes,No,No,No,No,Month-to-month,Yes,Credit card,73.85,1403.15,Yes,13–24 months,60–90
0794-YVSGE,Male,0,Yes,Yes,72,Yes,No,No,No,No,No,No,No,No,Two year,No,Bank transfer,20.3,1461.6,No,61+ months,Below 30
5423-BHIXO,Female,0,No,No,32,Yes,Yes,DSL,No,Yes,No,No,No,No,Month-to-month,Yes,Electronic check,54.2,1734.4,No,25–48 months,30–60
6908-VVYHM,Male,0,Yes,No,65,Yes,Yes,Fiber optic,No,Yes,No,No,No,No,Month-to-month,Yes,Electronic check,90.65,5892.25,No,61+ months,Above 90
2959-EEXWB,Female,0,Yes,Yes,45,No,No,DSL,Yes,No,No,No,Yes,Yes,Month-to-month,Yes,Bank transfer,50.9,2290.5,No,25–48 months,30–60
1839-UMACK,Male,0,No,No,42,Yes,Yes,No,No,No,No,No,No,Yes,One year,No,Electronic check,25.05,1052.1,No,25–48 months,Below 30
3030-YDNRM,Male,0,No,No,8,Yes,Yes,Fiber optic,No,No,No,No,No,No,Month-to-month,Yes,Electronic check,74.85,598.8,No,0–12 months,60–90
7321-KKSDU,Male,0,No,Yes,32,Yes,No,No,No,No,No,No,No,No,Two year,No,Mailed check,20.5,656.0,No,25–48 months,Below 30
3402-XRIUO,Female,1,Yes,No,22,Yes,Yes,DSL,Yes,Yes,No,Yes,No,No,Month-to-month,Yes,Mailed check,63.55,1398.1,No,13–24 months,60–90
3132-TVFDZ,Male,1,Yes,No,57,No,No,DSL,No,No,No,No,Yes,No,Month-to-month,Yes,Electronic check,44.85,2556.45,Yes,49–60 months,30–60
8286-AFUYI,Male,0,No,No,1,Yes,No,DSL,Yes,No,No,No,No,Yes,Month-to-month,No,Electronic check,47.95,47.95,No,0–12 months,30–60
8080-DDEMJ,Male,1,No,No,1,Yes,No,DSL,No,No,No,No,No,No,Month-to-month,No,Electronic check,45.1,45.1,Yes,0–12 months,30–60
8356-WUAOJ,Female,0,Yes,No,1,Yes,No,DSL,No,No,No,No,No,No,Month-to-month,Yes,Electronic check,45.0,45.0,No,0–12 months,30–60
6365-MTGZX,Male,0,No,No,24,Yes,No,Fiber optic,No,No,No,Yes,Yes,No,Month-to-month,Yes,Electronic check,96.0,2304.0,Yes,13–24 months,Above 90
1349-WXNGG,Male,0,No,No,1,Yes,No,No,No,No,No,No,No,Yes,Month-to-month,No,Bank transfer,20.05,20.05,Yes,0–12 months,Below 30
8058-DMYRU,Male,1,No,No,54,Yes,Yes,Fiber optic,No,Yes,No,No,No,No,Month-to-month,Yes,Electronic check,90.05,4862.7,No,49–60 months,Above 90
9350-ZXYJC,Female,0,No,No,4,Yes,Yes,No,No,No,No,No,No,Yes,Two year,Yes,Credit card,25.3,101.2,No,0–12 months,Below 30
6990-YNRIO,Male,0,Yes,Yes,65,Yes,Yes,Fiber optic,Yes,No,Yes,Yes,Yes,No,Two year,No,Bank transfer,108.65,7062.25,Yes,61+ months,Above 90
8958-JPTRR,Female,0,Yes,No,56,Yes,Yes,No,No,No,No,No,No,Yes,One year,No,Electronic check,24.3,1360.8,No,49–60 months,Below 30
6959-GQEGV,Male,0,No,No,45,Yes,No,DSL,Yes,No,Yes,No,Yes,No,Month-to-month,Yes,Electronic check,75.95,3417.75,No,25–48 months,60–90
3173-WSSUE,Female,0,Yes,Yes,71,Yes,No,No,No,No,No,No,No,Yes,Two year,No,Credit card,19.7,1398.7,No,61+ months,Below 30
1265-HVPZB,Male,0,Yes,No,59,Yes,No,DSL,Yes,Yes,Yes,No,Yes,No,One year,No,Credit card,66.4,3917.6,No,49–60 months,60–90
4115-UMJFQ,Male,0,No,No,69,No,No,DSL,No,Yes,Yes,No,No,No,One year,Yes,Bank transfer,35.75,2466.75,No,61+ months,30–60
7369-TRPFD,Male,0,No,No,19,Yes,No,No,No,No,No,No,No,No,One year,No,Mailed check,18.8,357.2,No,13–24 months,Below 30
1098-KFQEC,Female,0,Yes,Yes,55,Yes,No,No,No,No,No,No,No,No,Two year,No,Credit card,19.4,1067.0,No,49–60 months,Below 30
7190-XHTWJ,Female,0,No,No,38,Yes,No,No,No,No,No,No,No,No,One year,No,Mailed check,19.3,733.4,No,25–48 months,Below 30
0621-TWIEM,Male,0,No,No,10,Yes,No,DSL,No,No,No,No,No,No,Month-to-month,Yes,Electronic check,45.55,455.5,Yes,0–12 months,30–60
3537-RYBHH,Female,1,Yes,No,47,Yes,Yes,DSL,Yes,Yes,Yes,No,No,No,Month-to-month,Yes,Credit card,67.45,3170.15,No,25–48 months,60–90
2485-ITVKB,Female,0,Yes,No,2,No,No,DSL,No,No,No,No,No,No,Month-to-month,Yes,Electronic check,35.1,70.2,Yes,0–12 months,30–60
3669-OYSJI,Male,0,No,No,1,Yes,No,DSL,No,No,No,No,No,Yes,Month-to-month,No,Credit card,46.2,46.2,Yes,0–12 months,30–60
1612-EOHDH,Female,0,No,No,1,Yes,No,DSL,No,No,No,No,No,No,Month-to-month,No,Electronic check,45.15,45.15,Yes,0–12 months,30–60
6702-OHFWR,Male,1,No,No,1,No,No,DSL,No,Yes,Yes,No,No,No,Month-to-month,Yes,Electronic check,43.3,43.3,Yes,0–12 months,30–60
5296-BFCYD,Male,0,Yes,Yes,46,Yes,No,No,No,No,No,No,No,Yes,Two year,Yes,Mailed check,20.1,924.6,No,25–48 months,Below 30
4510-PYUSH,Female,1,No,No,38,Yes,No,DSL,Yes,Yes,No,No,No,No,Month-to-month,Yes,Credit card,57.15,2171.7,Yes,25–48 months,30–60
9359-JANWS,Female,0,Yes,No,65,Yes,No,DSL,Yes,No,Yes,Yes,No,No,Two year,No,Credit card,58.9,3828.5,No,61+ months,30–60
7517-SAWMO,Female,0,Yes,No,19,Yes,No,Fiber optic,Yes,No,No,No,No,No,Month-to-month,Yes,Electronic check,73.2,1390.8,Yes,13–24 months,60–90
4143-HHPMK,Male,0,No,No,52,Yes,No,Fiber optic,No,Yes,No,No,No,No,Month-to-month,Yes,Electronic check,85.35,4438.2,Yes,49–60 months,60–90
3279-DYZQM,Male,0,Yes,Yes,71,Yes,No,No,No,No,No,No,No,Yes,Two year,No,Mailed check,19.45,1380.95,No,61+ months,Below 30
7054-LGEQW,Female,0,No,No,1,Yes,No,DSL,No,No,No,No,No,No,Month-to-month,No,Mailed check,45.95,45.95,Yes,0–12 months,30–60
0523-VNGTF,Female,1,No,No,52,No,No,DSL,No,Yes,Yes,Yes,Yes,No,Month-to-month,Yes,Electronic check,50.5,2626.0,No,49–60 months,30–60
9575-IWCAZ,Male,0,Yes,No,6,Yes,Yes,No,No,No,No,No,No,No,One year,No,Mailed check,25.1,150.6,No,0–12 months,Below 30
7105-MXJLL,Female,1,Yes,No,26,Yes,No,DSL,No,No,Yes,No,No,No,One year,No,Mailed check,60.7,1578.2,No,25–48 months,60–90
7064-FRRSW,Male,1,No,No,48,Yes,Yes,Fiber optic,No,Yes,No,No,Yes,Yes,One year,Yes,Electronic check,99.0,4752.0,No,25–48 months,Above 90
7940-UQQUG,Female,0,Yes,Yes,64,Yes,Yes,Fiber optic,Yes,No,No,Yes,Yes,Yes,One year,Yes,Bank transfer,104.4,6681.6,No,61+ months,Above 90
0923-PNFUB,Female,0,No,No,3,Yes,No,Fiber optic,No,Yes,No,No,Yes,Yes,Month-to-month,No,Electronic check,83.75,251.25,Yes,0–12 months,60–90
3961-SXAXY,Male,0,No,No,1,Yes,No,DSL,No,No,No,No,No,No,Month-to-month,Yes,Bank transfer,44.05,44.05,No,0–12 months,30–60
7010-BRBUU,Male,0,Yes,Yes,72,Yes,Yes,No,No,No,No,No,No,No,Two year,No,Credit card,24.1,1735.2,No,61+ months,Below 30
3566-HJGPK,Male,0,No,No,1,Yes,No,DSL,No,No,No,No,No,No,Month-to-month,Yes,Mailed check,45.55,45.55,No,0–12 months,30–60
3062-ICYZQ,Female,0,Yes,Yes,51,Yes,Yes,Fiber optic,Yes,Yes,No,No,No,No,Month-to-month,Yes,Electronic check,93.8,4783.8,No,49–60 months,Above 90
9938-PRCVK,Female,0,Yes,Yes,41,Yes,No,No,No,No,No,No,No,Yes,Two year,No,Bank transfer,19.7,807.7,No,25–48 months,Below 30
0973-KYVNF,Female,0,Yes,Yes,72,Yes,No,DSL,Yes,Yes,Yes,No,Yes,No,Two year,Yes,Credit card,70.65,5086.8,No,61+ months,60–90
5129-HHMZC,Female,0,Yes,No,43,Yes,Yes,DSL,Yes,Yes,No,Yes,Yes,No,Two year,No,Credit card,86.45,3717.35,No,25–48 months,60–90
9637-CDTKZ,Male,0,Yes,No,72,Yes,Yes,Fiber optic,Yes,Yes,Yes,Yes,Yes,Yes,Two year,Yes,Credit card,114.1,8215.2,No,61+ months,Above 90
3946-JEWRQ,Male,0,Yes,No,47,Yes,Yes,Fiber optic,No,No,No,No,Yes,Yes,One year,Yes,Credit card,95.2,4474.4,No,25–48 months,Above 90
7873-CVMAW,Male,0,No,No,72,Yes,Yes,DSL,Yes,Yes,Yes,Yes,Yes,Yes,Two year,No,Credit card,88.55,6375.6,No,61+ months,60–90
0463-WZZKO,Male,0,No,No,3,Yes,No,No,No,No,No,No,No,Yes,Month-to-month,Yes,Credit card,20.75,62.25,No,0–12 months,Below 30
3494-JCHRQ,Male,0,No,No,1,Yes,No,Fiber optic,No,No,No,No,No,No,Month-to-month,Yes,Electronic check,70.05,70.05,Yes,0–12 months,60–90
6474-FVJLC,Male,0,No,No,2,Yes,Yes,Fiber optic,No,No,No,No,No,No,Month-to-month,Yes,Electronic check,86.0,172.0,Yes,0–12 months,60–90
4524-QCSSM,Male,0,No,No,26,No,No,DSL,Yes,Yes,No,No,No,Yes,Month-to-month,Yes,Bank transfer,44.65,1160.9,No,25–48 months,30–60
5832-EXGTT,Male,0,Yes,Yes,29,Yes,No,DSL,Yes,No,No,No,No,Yes,Month-to-month,Yes,Mailed check,60.2,1745.8,No,25–48 months,60–90
8840-DQLGN,Female,1,Yes,No,35,Yes,Yes,Fiber optic,Yes,Yes,No,Yes,Yes,Yes,Month-to-month,Yes,Bank transfer,100.5,3517.5,Yes,25–48 months,Above 90
2039-JONDJ,Male,0,No,No,27,Yes,No,DSL,Yes,Yes,No,No,No,No,One year,No,Bank transfer,55.45,1497.15,No,25–48 months,30–60
7217-JYHOQ,Male,0,Yes,Yes,24,Yes,No,DSL,Yes,Yes,No,Yes,No,No,Month-to-month,Yes,Credit card,70.3,1687.2,No,13–24 months,60–90
6695-FRVEC,Male,0,Yes,Yes,67,Yes,No,DSL,Yes,No,Yes,Yes,No,Yes,Two year,Yes,Bank transfer,60.4,4046.8,No,61+ months,60–90
4547-LYTDD,Female,0,No,No,16,Yes,Yes,Fiber optic,No,No,No,No,No,No,Month-to-month,No,Electronic check,72.65,1162.4,Yes,13–24 months,60–90
9894-QMIMJ,Female,0,No,No,23,Yes,No,DSL,No,Yes,Yes,No,No,No,One year,No,Bank transfer,55.8,1283.4,No,13–24 months,30–60
8069-YQQAJ,Male,0,No,No,14,No,No,DSL,No,Yes,No,No,No,No,Month-to-month,Yes,Mailed check,31.1,435.4,No,13–24 months,30–60
6770-XUAGN,Female,0,Yes,Yes,1,Yes,No,No,No,No,No,No,No,No,Month-to-month,Yes,Electronic check,21.0,21.0,Yes,0–12 months,Below 30
4193-ORFCL,Female,1,No,No,1,Yes,No,DSL,No,No,No,No,No,No,Month-to-month,No,Mailed check,45.1,45.1,Yes,0–12 months,30–60
1636-NTNCO,Male,1,No,No,4,No,No,DSL,No,Yes,No,No,Yes,No,Month-to-month,Yes,Credit card,50.95,203.8,No,0–12 months,30–60
3466-WAESX,Male,0,No,Yes,16,Yes,Yes,DSL,Yes,Yes,No,No,No,Yes,Month-to-month,Yes,Electronic check,69.1,1105.6,No,13–24 months,60–90
9281-PKKZE,Female,0,Yes,No,46,No,No,DSL,No,No,No,No,Yes,Yes,Month-to-month,Yes,Electronic check,43.95,2021.7,No,25–48 months,30–60
3638-VBZTA,Male,0,No,Yes,68,Yes,Yes,DSL,Yes,Yes,No,Yes,Yes,Yes,Two year,Yes,Bank transfer,86.5,5882.0,No,61+ months,60–90
7459-IMVYU,Male,0,No,No,38,Yes,Yes,DSL,Yes,Yes,Yes,Yes,No,Yes,Month-to-month,No,Electronic check,69.95,2658.1,No,25–48 months,60–90
7776-QWNFX,Male,1,Yes,No,30,Yes,No,DSL,No,Yes,No,No,No,No,Month-to-month,Yes,Bank transfer,50.4,1512.0,Yes,25–48 months,30–60
6689-TCZHQ,Female,1,No,No,5,Yes,No,Fiber optic,No,No,No,No,No,No,Month-to-month,No,Electronic check,78.95,394.75,Yes,0–12 months,60–90
8563-OYMQY,Male,0,No,No,17,Yes,No,Fiber optic,No,Yes,Yes,No,No,Yes,Month-to-month,Yes,Credit card,90.95,1546.15,No,13–24 months,Above 90
0754-EEBDC,Male,0,Yes,Yes,4,Yes,No,No,No,No,No,No,No,Yes,Two year,No,Mailed check,19.9,79.6,No,0–12 months,Below 30
5777-ZPQNC,Female,0,No,No,12,Yes,No,No,No,No,No,No,No,No,One year,No,Electronic check,20.15,241.8,No,0–12 months,Below 30
1951-IEYXM,Male,0,Yes,Yes,72,Yes,Yes,DSL,Yes,Yes,Yes,Yes,Yes,No,Two year,Yes,Credit card,90.6,6523.2,No,61+ months,Above 90
3318-NMQXL,Male,0,No,No,3,Yes,No,Fiber optic,No,No,No,No,Yes,Yes,Month-to-month,Yes,Electronic check,92.0,276.0,No,0–12 months,Above 90
3143-ILDAL,Male,0,No,No,56,Yes,Yes,Fiber optic,No,Yes,No,Yes,No,Yes,Month-to-month,Yes,Electronic check,94.45,5289.2,Yes,49–60 months,Above 90
1022-RKXDR,Female,0,No,No,41,Yes,Yes,No,No,No,No,No,No,Yes,One year,Yes,Mailed check,24.85,1018.85,No,25–48 months,Below 30
2361-FJWNO,Male,0,No,No,40,No,No,DSL,No,Yes,No,Yes,No,No,One year,No,Credit card,36.0,1440.0,No,25–48 months,30–60
2272-UOINI,Female,0,No,No,7,Yes,No,DSL,Yes,Yes,No,Yes,Yes,No,Month-to-month,Yes,Electronic check,78.5,549.5,No,0–12 months,60–90
8232-UTFOZ,Male,0,No,No,69,Yes,No,No,No,No,No,No,No,Yes,Two year,No,Credit card,19.95,1376.55,No,61+ months,Below 30
3750-YHRYO,Male,0,Yes,Yes,7,Yes,No,No,No,No,No,No,No,No,One year,No,Mailed check,20.65,144.55,No,0–12 months,Below 30
6637-KYRCV,Female,0,Yes,Yes,5,No,No,DSL,No,Yes,No,No,No,No,Month-to-month,Yes,Electronic check,30.5,152.5,No,0–12 months,30–60
5668-MEISB,Female,0,Yes,Yes,72,Yes,Yes,Fiber optic,Yes,Yes,Yes,Yes,Yes,No,Two year,No,Credit card,106.1,7639.2,No,61+ months,Above 90
0129-QMPDR,Male,0,Yes,Yes,44,Yes,No,No,No,No,No,No,No,No,One year,Yes,Bank transfer,20.5,902.0,No,25–48 months,Below 30
7188-CBBBA,Female,0,No,No,65,Yes,Yes,Fiber optic,No,Yes,Yes,No,Yes,No,One year,Yes,Electronic check,95.5,6207.5,No,61+ months,Above 90
5356-CSVSQ,Female,0,No,No,3,Yes,Yes,DSL,No,No,No,Yes,Yes,No,Month-to-month,No,Electronic check,64.6,193.8,No,0–12 months,60–90
3221-CJMSG,Male,0,No,No,24,Yes,No,DSL,No,No,No,Yes,No,No,Month-to-month,Yes,Credit card,51.1,1226.4,No,13–24 months,30–60
4720-VSTSI,Female,0,No,No,44,Yes,Yes,Fiber optic,No,Yes,Yes,No,No,No,Month-to-month,Yes,Bank transfer,84.8,3731.2,Yes,25–48 months,60–90
3219-JQRSL,Female,1,Yes,No,72,Yes,Yes,DSL,Yes,Yes,Yes,Yes,Yes,No,Two year,No,Credit card,89.1,6415.2,No,61+ months,60–90
2801-NISEI,Male,0,No,No,24,Yes,No,DSL,Yes,No,No,Yes,No,Yes,Month-to-month,No,Electronic check,54.95,1318.8,No,13–24 months,30–60
3946-MHCZW,Male,0,No,No,1,Yes,No,DSL,No,No,Yes,No,No,No,Month-to-month,No,Mailed check,50.9,50.9,Yes,0–12 months,30–60
4623-ZKHLY,Male,0,Yes,No,22,Yes,No,No,No,No,No,No,No,No,Month-to-month,Yes,Bank transfer,20.45,449.9,No,13–24 months,Below 30
6732-VAILE,Male,0,Yes,Yes,70,Yes,Yes,DSL,No,Yes,Yes,Yes,Yes,No,Two year,Yes,Credit card,85.95,6016.5,No,61+ months,60–90
8201-AAXCB,Male,0,Yes,Yes,25,Yes,Yes,DSL,No,No,No,No,Yes,Yes,Month-to-month,No,Electronic check,60.35,1508.75,No,25–48 months,60–90
7696-CFTAT,Male,0,Yes,Yes,37,Yes,No,No,No,No,No,No,No,No,Two year,No,Bank transfer,19.8,732.6,No,25–48 months,Below 30
1845-CSBRZ,Female,1,Yes,Yes,22,Yes,Yes,Fiber optic,No,No,No,No,Yes,No,Month-to-month,No,Bank transfer,85.35,1877.7,No,13–24 months,60–90
2123-VSCOT,Female,0,Yes,Yes,59,Yes,Yes,DSL,No,No,Yes,Yes,Yes,No,Two year,Yes,Bank transfer,72.1,4253.9,No,49–60 months,60–90
6651-AZVTJ,Male,0,Yes,Yes,49,Yes,Yes,Fiber optic,No,No,Yes,No,Yes,No,Month-to-month,Yes,Electronic check,99.8,4890.2,Yes,49–60 months,Above 90
4566-GOLUK,Male,0,Yes,Yes,47,Yes,Yes,Fiber optic,No,No,Yes,Yes,Yes,Yes,Month-to-month,Yes,Bank transfer,107.35,5045.45,Yes,25–48 months,Above 90
2484-DGXPZ,Female,0,Yes,Yes,31,Yes,No,No,No,No,No,No,No,Yes,Month-to-month,Yes,Mailed check,19.55,606.05,Yes,25–48 months,Below 30
2018-QKYGT,Male,0,Yes,Yes,1,Yes,No,Fiber optic,No,No,No,No,No,No,Month-to-month,Yes,Electronic check,81.05,81.05,No,0–12 months,60–90
2792-VPPET,Male,0,No,No,3,Yes,No,No,No,No,No,No,No,Yes,Month-to-month,Yes,Electronic check,20.5,61.5,No,0–12 months,Below 30
7409-JURKQ,Female,0,Yes,No,53,Yes,Yes,Fiber optic,No,Yes,Yes,Yes,Yes,No,One year,Yes,Bank transfer,111.8,5925.4,No,49–60 months,Above 90
3247-MHJKM,Male,0,No,No,1,Yes,No,No,No,No,No,No,No,Yes,Month-to-month,No,Mailed check,20.2,20.2,No,0–12 months,Below 30
1964-SVLEA,Male,0,No,No,20,Yes,No,No,No,No,No,No,No,No,One year,Yes,Mailed check,19.7,394.0,No,13–24 months,Below 30
4587-NUKOX,Female,0,No,No,3,Yes,No,Fiber optic,Yes,Yes,No,No,No,No,Month-to-month,Yes,Electronic check,79.1,237.3,Yes,0–12 months,60–90
7297-DVYGA,Female,0,No,No,51,Yes,No,No,No,No,No,No,No,No,One year,Yes,Bank transfer,19.85,1012.35,No,49–60 months,Below 30
2239-CGBUZ,Female,0,Yes,No,51,Yes,No,DSL,Yes,Yes,No,Yes,No,No,One year,Yes,Bank transfer,60.5,3085.5,No,49–60 months,60–90
0854-UYHZD,Female,0,Yes,Yes,13,Yes,No,No,No,No,No,No,No,No,Two year,No,Mailed check,19.55,254.15,No,13–24 months,Below 30
7243-LCGGZ,Female,0,No,No,1,Yes,No,No,No,No,No,No,No,No,Month-to-month,No,Mailed check,20.9,20.9,No,0–12 months,Below 30
8267-KFGYD,Male,0,No,Yes,1,Yes,No,No,No,No,No,No,No,No,Month-to-month,Yes,Mailed check,21.05,21.05,No,0–12 months,Below 30
4890-VMUAV,Male,0,No,No,63,Yes,Yes,DSL,Yes,Yes,Yes,Yes,No,No,One year,No,Electronic check,71.5,4504.5,No,61+ months,60–90
9261-WDCAF,Male,0,No,No,3,Yes,No,DSL,No,No,No,No,No,No,Month-to-month,No,Mailed check,54.65,163.95,No,0–12 months,30–60
3764-MNMOI,Male,0,No,No,46,Yes,No,No,No,No,No,No,No,Yes,Two year,No,Credit card,19.2,883.2,No,25–48 months,Below 30
7442-YGZFK,Male,0,No,No,1,Yes,Yes,DSL,No,No,No,No,No,No,Month-to-month,Yes,Credit card,49.8,49.8,No,0–12 months,30–60
0420-BWTPW,Male,0,No,Yes,8,No,No,DSL,No,No,No,No,No,No,Month-to-month,No,Mailed check,25.5,204.0,Yes,0–12 months,Below 30
8229-BUJHX,Female,0,Yes,Yes,71,Yes,No,No,No,No,No,No,No,No,Two year,No,Bank transfer,20.5,1455.5,No,61+ months,Below 30
7449-HVPIV,Male,0,Yes,Yes,55,Yes,Yes,Fiber optic,No,No,Yes,No,Yes,No,Month-to-month,Yes,Credit card,90.4,4972.0,No,49–60 months,Above 90
5504-WSIUR,Female,0,No,No,70,Yes,Yes,Fiber optic,No,Yes,Yes,Yes,No,No,One year,Yes,Bank transfer,90.25,6317.5,No,61+ months,Above 90
8183-ONMXC,Female,0,No,No,2,Yes,No,Fiber optic,No,No,No,No,No,No,Month-to-month,No,Electronic check,80.75,161.5,Yes,0–12 months,60–90
8466-PZBLH,Male,0,Yes,Yes,67,Yes,Yes,Fiber optic,Yes,No,No,Yes,Yes,Yes,Two year,No,Bank transfer,104.6,7008.2,No,61+ months,Above 90
9614-RMGHA,Male,0,Yes,No,65,Yes,Yes,Fiber optic,No,Yes,No,No,Yes,Yes,Month-to-month,Yes,Bank transfer,91.85,5970.25,Yes,61+ months,Above 90
8735-IJJEG,Male,0,Yes,No,14,Yes,No,DSL,No,No,Yes,No,No,No,Month-to-month,No,Credit card,50.2,702.8,No,13–24 months,30–60
0564-MUUQK,Female,0,Yes,Yes,20,Yes,Yes,Fiber optic,No,No,Yes,Yes,No,No,Month-to-month,Yes,Bank transfer,95.5,1910.0,No,13–24 months,Above 90
5054-IEXZT,Male,0,No,Yes,1,Yes,No,Fiber optic,No,Yes,No,No,No,Yes,Month-to-month,Yes,Electronic check,75.35,75.35,Yes,0–12 months,60–90
5834-ASPWA,Male,0,No,No,1,Yes,Yes,Fiber optic,No,No,No,No,No,No,Month-to-month,Yes,Electronic check,75.45,75.45,Yes,0–12 months,60–90
0701-RFGFI,Female,0,Yes,Yes,49,Yes,Yes,Fiber optic,No,No,No,No,Yes,No,Month-to-month,Yes,Bank transfer,95.4,4674.6,No,49–60 months,Above 90
0019-EFAEP,Female,0,No,No,72,Yes,Yes,Fiber optic,Yes,Yes,Yes,No,Yes,Yes,Two year,Yes,Bank transfer,101.3,7293.6,No,61+ months,Above 90
5619-PTMIK,Female,0,Yes,No,46,Yes,Yes,DSL,Yes,No,No,No,No,No,Month-to-month,No,Electronic check,53.1,2442.6,No,25–48 months,30–60
3737-XBQDD,Male,0,No,No,24,Yes,Yes,Fiber optic,No,Yes,Yes,No,No,No,Month-to-month,Yes,Bank transfer,84.85,2036.4,No,13–24 months,60–90
5882-CMAZQ,Female,0,Yes,Yes,5,No,No,DSL,No,Yes,No,Yes,No,No,Month-to-month,No,Electronic check,34.25,171.25,No,0–12 months,30–60
5846-QFDFI,Female,0,Yes,Yes,33,Yes,Yes,Fiber optic,No,Yes,Yes,Yes,No,No,Month-to-month,No,Credit card,88.6,2923.8,No,25–48 months,60–90
4445-KWOKW,Female,0,No,No,42,Yes,Yes,DSL,Yes,Yes,No,No,No,No,One year,Yes,Bank transfer,60.15,2526.3,No,25–48 months,60–90
3511-APPBJ,Male,0,No,No,23,Yes,No,Fiber optic,Yes,No,Yes,No,Yes,No,One year,Yes,Credit card,99.95,2298.85,No,13–24 months,Above 90
7967-HYCDE,Male,0,No,No,8,Yes,No,Fiber optic,No,No,No,No,No,Yes,Month-to-month,No,Bank transfer,70.7,565.6,No,0–12 months,60–90
2430-RRYUW,Male,0,No,No,66,Yes,No,DSL,Yes,Yes,No,No,No,No,One year,Yes,Mailed check,54.8,3616.8,No,61+ months,30–60
3948-XHGNA,Male,0,No,No,24,Yes,No,DSL,Yes,No,No,No,No,No,Month-to-month,Yes,Bank transfer,49.55,1189.2,Yes,13–24 months,30–60
3723-BFBGR,Male,1,No,No,24,Yes,Yes,DSL,No,Yes,No,No,No,No,Month-to-month,No,Credit card,54.8,1315.2,No,13–24 months,30–60
0565-IYCGT,Male,0,No,No,69,Yes,Yes,DSL,Yes,Yes,Yes,Yes,No,No,One year,Yes,Credit card,78.6,5423.4,Yes,61+ months,60–90
5447-WZAFP,Female,0,No,No,53,Yes,No,Fiber optic,No,Yes,Yes,No,Yes,Yes,One year,Yes,Mailed check,100.3,5315.9,No,49–60 months,Above 90
5110-CHOPY,Female,0,No,No,60,No,No,DSL,Yes,No,Yes,No,Yes,Yes,Two year,No,Electronic check,53.6,3216.0,No,49–60 months,30–60
5445-UTODQ,Female,0,Yes,No,7,Yes,No,Fiber optic,No,No,No,No,Yes,Yes,Month-to-month,Yes,Electronic check,81.1,567.7,Yes,0–12 months,60–90
4425-OWHWB,Female,0,No,No,20,Yes,No,No,No,No,No,No,No,No,One year,Yes,Credit card,19.35,387.0,No,13–24 months,Below 30
7892-QVYKW,Female,0,Yes,Yes,23,Yes,Yes,Fiber optic,No,No,No,No,No,No,Month-to-month,No,Electronic check,85.6,1968.8,No,13–24 months,60–90
9675-ICXCT,Male,0,Yes,Yes,72,Yes,No,DSL,Yes,No,Yes,Yes,Yes,Yes,Two year,Yes,Electronic check,80.8,5817.6,No,61+ months,60–90
1024-VRZHF,Male,0,Yes,No,11,Yes,Yes,Fiber optic,No,No,No,No,No,Yes,Month-to-month,Yes,Electronic check,74.95,824.45,Yes,0–12 months,60–90
4703-MQYKT,Male,0,No,No,21,Yes,No,No,No,No,No,No,No,No,Two year,No,Mailed check,19.6,411.6,No,13–24 months,Below 30
9497-QCMMS,Male,1,No,No,1,Yes,Yes,Fiber optic,No,No,No,No,Yes,No,Month-to-month,Yes,Electronic check,93.55,93.55,Yes,0–12 months,Above 90
5692-ICXLW,Male,1,No,No,31,Yes,Yes,Fiber optic,No,Yes,No,No,Yes,Yes,Month-to-month,Yes,Electronic check,90.7,2811.7,No,25–48 months,Above 90
0602-DDUML,Female,0,No,No,57,Yes,No,DSL,No,Yes,Yes,Yes,Yes,No,Two year,No,Mailed check,69.75,3975.75,No,49–60 months,60–90
2208-MPXIO,Female,0,Yes,Yes,45,Yes,No,No,No,No,No,No,No,No,Two year,Yes,Bank transfer,20.0,900.0,No,25–48 months,Below 30
1960-UYCNN,Male,0,No,No,10,Yes,Yes,Fiber optic,No,Yes,Yes,No,No,No,Month-to-month,Yes,Electronic check,95.25,952.5,No,0–12 months,Above 90
0348-SDKOL,Female,0,Yes,No,58,Yes,Yes,Fiber optic,No,No,Yes,Yes,Yes,Yes,Month-to-month,Yes,Credit card,102.1,5921.8,Yes,49–60 months,Above 90
3190-FZATL,Male,0,No,Yes,14,Yes,No,No,No,No,No,No,No,Yes,Month-to-month,No,Mailed check,19.95,279.3,No,13–24 months,Below 30
7336-RLLRH,Male,0,Yes,No,27,Yes,Yes,DSL,Yes,No,No,Yes,Yes,No,One year,No,Mailed check,80.85,2182.95,No,25–48 months,60–90
4373-MAVJG,Female,0,Yes,Yes,14,Yes,Yes,Fiber optic,No,Yes,No,No,No,Yes,Month-to-month,Yes,Bank transfer,90.9,1272.6,Yes,13–24 months,Above 90
8901-HJXTF,Female,0,Yes,Yes,12,No,No,DSL,No,Yes,No,No,No,Yes,Month-to-month,No,Mailed check,29.2,350.4,Yes,0–12 months,Below 30
7710-JSYOA,Female,0,Yes,Yes,69,Yes,Yes,Fiber optic,No,Yes,No,Yes,No,No,Two year,Yes,Bank transfer,93.3,6437.7,No,61+ months,Above 90
5419-KLXBN,Female,0,Yes,Yes,25,Yes,No,Fiber optic,No,Yes,Yes,No,Yes,Yes,Month-to-month,Yes,Bank transfer,89.15,2228.75,Yes,25–48 months,60–90
3424-NMNBO,Male,1,Yes,No,58,Yes,Yes,Fiber optic,Yes,Yes,Yes,No,Yes,No,One year,Yes,Electronic check,108.85,6313.3,Yes,49–60 months,Above 90
9885-MFVSU,Female,0,Yes,Yes,35,No,No,DSL,Yes,No,No,Yes,Yes,Yes,Two year,Yes,Credit card,46.35,1622.25,No,25–48 months,30–60
4514-GFCFI,Female,1,No,No,16,Yes,Yes,Fiber optic,No,No,No,No,Yes,No,Month-to-month,Yes,Electronic check,84.75,1356.0,Yes,13–24 months,60–90
0607-MVMGC,Male,0,Yes,Yes,45,Yes,Yes,DSL,No,Yes,Yes,No,Yes,No,One year,No,Credit card,78.75,3543.75,No,25–48 months,60–90
3365-SAIGS,Female,0,No,No,17,Yes,No,Fiber optic,No,Yes,No,No,Yes,Yes,Month-to-month,Yes,Electronic check,83.55,1420.35,No,13–24 months,60–90
9828-AOQLM,Female,0,Yes,Yes,1,Yes,No,DSL,No,No,No,No,No,No,Month-to-month,Yes,Electronic check,45.7,45.7,Yes,0–12 months,30–60
8022-BECSI,Male,0,No,No,22,Yes,No,No,No,No,No,No,No,No,One year,No,Mailed check,19.6,431.2,No,13–24 months,Below 30
8000-REIQB,Female,1,No,No,1,Yes,No,Fiber optic,No,No,No,No,No,No,Month-to-month,Yes,Electronic check,69.95,69.95,Yes,0–12 months,60–90
9993-LHIEB,Male,0,Yes,Yes,67,Yes,No,DSL,Yes,No,Yes,Yes,No,No,Two year,No,Mailed check,67.85,4545.95,No,61+ months,60–90
0266-CLZKZ,Female,0,Yes,Yes,67,Yes,Yes,Fiber optic,No,No,Yes,Yes,Yes,Yes,Two year,Yes,Bank transfer,105.65,7078.55,No,61+ months,Above 90
7615-ESMYF,Female,0,Yes,No,2,No,No,DSL,No,No,No,No,Yes,Yes,Month-to-month,No,Electronic check,44.6,89.2,Yes,0–12 months,30–60
3858-VOBET,Male,0,No,No,23,Yes,Yes,Fiber optic,No,No,No,No,No,Yes,Month-to-month,Yes,Electronic check,74.95,1723.85,Yes,13–24 months,60–90
7020-OZKXZ,Female,1,No,No,9,Yes,No,Fiber optic,No,No,Yes,No,No,No,Month-to-month,No,Credit card,75.5,679.5,No,0–12 months,60–90
3977-QCRSL,Female,0,No,No,5,Yes,No,No,No,No,No,No,No,No,Month-to-month,No,Mailed check,20.15,100.75,No,0–12 months,Below 30
0017-DINOC,Male,0,No,No,54,No,No,DSL,Yes,No,No,Yes,Yes,No,Two year,No,Credit card,45.2,2440.8,No,49–60 months,30–60
1447-PJGGA,Female,0,No,No,57,Yes,No,Fiber optic,No,No,Yes,No,Yes,No,Two year,Yes,Electronic check,95.25,5429.25,Yes,49–60 months,Above 90
8565-CLBZW,Male,0,No,No,24,Yes,Yes,Fiber optic,No,No,Yes,No,Yes,Yes,Month-to-month,Yes,Mailed check,89.85,2156.4,Yes,13–24 months,60–90
9139-WQQDY,Female,0,Yes,Yes,49,Yes,Yes,Fiber optic,No,Yes,No,No,Yes,No,One year,No,Mailed check,100.45,4922.05,Yes,49–60 months,Above 90
0224-HJAPT,Male,0,No,No,5,Yes,Yes,DSL,No,No,No,No,No,Yes,Month-to-month,No,Electronic check,47.15,235.75,Yes,0–12 months,30–60
8086-OVPWV,Male,0,No,No,2,Yes,No,Fiber optic,No,No,No,No,No,No,Month-to-month,Yes,Electronic check,80.2,160.4,Yes,0–12 months,60–90
9430-FRQOC,Female,0,No,Yes,4,Yes,Yes,Fiber optic,No,No,Yes,Yes,No,Yes,Month-to-month,Yes,Mailed check,87.1,348.4,Yes,0–12 months,60–90
7639-OPLNG,Male,0,Yes,Yes,70,Yes,Yes,DSL,Yes,Yes,Yes,Yes,Yes,No,Two year,Yes,Bank transfer,79.25,5547.5,No,61+ months,60–90
3074-GQWYX,Male,0,No,No,5,Yes,Yes,Fiber optic,No,No,No,No,No,No,Month-to-month,Yes,Bank transfer,75.9,379.5,Yes,0–12 months,60–90
1492-QGCLU,Male,0,Yes,Yes,53,Yes,Yes,DSL,Yes,No,Yes,Yes,Yes,No,Month-to-month,No,Electronic check,85.7,4542.1,No,49–60 months,60–90
6845-RGTYS,Female,0,Yes,No,47,Yes,Yes,Fiber optic,Yes,Yes,Yes,No,Yes,Yes,Month-to-month,Yes,Electronic check,98.75,4641.25,Yes,25–48 months,Above 90
7328-OWMOM,Female,0,No,Yes,31,Yes,No,No,No,No,No,No,No,No,One year,No,Credit card,20.1,623.1,No,25–48 months,Below 30
4418-LZMSV,Male,0,Yes,Yes,13,Yes,No,DSL,No,Yes,Yes,Yes,No,No,Month-to-month,No,Bank transfer,61.8,803.4,No,13–24 months,60–90
5155-AZQPB,Female,0,Yes,Yes,28,Yes,Yes,DSL,No,No,No,No,No,No,Month-to-month,No,Mailed check,49.9,1397.2,No,25–48 months,30–60
8861-HGGKB,Female,0,No,No,10,Yes,Yes,Fiber optic,No,No,No,No,No,No,Month-to-month,No,Electronic check,86.45,864.5,Yes,0–12 months,60–90
1087-GRUYI,Male,0,Yes,No,38,Yes,No,No,No,No,No,No,No,Yes,Two year,No,Bank transfer,20.4,775.2,No,25–48 months,Below 30
7065-YUNRY,Female,0,No,No,1,Yes,No,DSL,No,No,No,No,No,No,Month-to-month,Yes,Mailed check,45.3,45.3,Yes,0–12 months,30–60
7694-VLBWQ,Male,0,Yes,No,67,Yes,Yes,Fiber optic,No,Yes,Yes,No,Yes,No,One year,No,Electronic check,104.1,6974.7,Yes,61+ months,Above 90
2546-KZAAT,Male,0,Yes,No,52,Yes,No,DSL,Yes,Yes,No,No,Yes,Yes,One year,Yes,Mailed check,75.4,3920.8,No,49–60 months,60–90
0181-RITDD,Male,0,Yes,Yes,62,Yes,No,Fiber optic,Yes,Yes,Yes,Yes,Yes,Yes,Two year,No,Mailed check,108.15,6705.3,No,61+ months,Above 90
5989-PGKJB,Female,0,No,No,16,Yes,No,Fiber optic,No,Yes,No,No,No,Yes,Month-to-month,Yes,Electronic check,86.25,1380.0,No,13–24 months,60–90
4795-KTRTH,Female,1,Yes,No,5,Yes,Yes,Fiber optic,No,Yes,No,No,No,Yes,Month-to-month,Yes,Electronic check,81.0,405.0,Yes,0–12 months,60–90
8272-ONJLV,Male,0,No,No,12,Yes,No,Fiber optic,No,No,Yes,No,Yes,No,One year,No,Electronic check,95.7,1148.4,No,0–12 months,Above 90
1488-PBLJN,Female,0,Yes,Yes,72,Yes,Yes,Fiber optic,Yes,Yes,Yes,Yes,Yes,Yes,Two year,Yes,Bank transfer,116.85,8413.2,No,61+ months,Above 90
0308-GIQJT,Male,1,No,No,71,Yes,Yes,Fiber optic,No,Yes,No,Yes,Yes,Yes,One year,No,Bank transfer,105.75,7508.25,No,61+ months,Above 90
3778-FOAQW,Female,0,Yes,No,24,Yes,No,No,No,No,No,No,No,Yes,One year,No,Mailed check,20.15,483.6,No,13–24 months,Below 30
4452-ROHMO,Female,0,No,No,15,Yes,No,No,No,No,No,No,No,No,Two year,No,Mailed check,19.6,294.0,No,13–24 months,Below 30
6481-OGDOO,Male,0,Yes,No,67,Yes,No,Fiber optic,Yes,Yes,No,No,No,No,One year,Yes,Credit card,90.6,6070.2,Yes,61+ months,Above 90
3090-LETTY,Male,0,No,Yes,2,Yes,Yes,DSL,Yes,Yes,No,No,No,Yes,Month-to-month,No,Bank transfer,60.95,121.9,No,0–12 months,60–90
5349-AZPEW,Female,0,Yes,Yes,5,No,No,DSL,No,No,No,No,No,No,Month-to-month,No,Mailed check,25.05,125.25,No,0–12 months,Below 30
3753-TSEMP,Female,0,Yes,No,15,Yes,No,Fiber optic,No,No,No,No,Yes,No,Month-to-month,No,Electronic check,88.15,1322.25,Yes,13–24 months,60–90
8305-VHZBZ,Male,0,No,No,1,Yes,No,No,No,No,No,No,No,Yes,Month-to-month,Yes,Mailed check,20.2,20.2,Yes,0–12 months,Below 30
9720-JJJOR,Male,0,Yes,Yes,41,Yes,No,DSL,Yes,Yes,Yes,No,No,No,One year,Yes,Bank transfer,60.3,2472.3,No,25–48 months,60–90
8100-HZZLJ,Female,0,No,Yes,43,Yes,No,DSL,Yes,Yes,No,No,No,No,Month-to-month,Yes,Electronic check,63.95,2749.85,No,25–48 months,60–90
8775-ERLNB,Male,1,Yes,No,1,Yes,Yes,Fiber optic,No,No,No,No,No,Yes,Month-to-month,No,Electronic check,74.3,74.3,No,0–12 months,60–90
8309-IEYJD,Female,1,No,No,1,Yes,No,Fiber optic,No,No,No,No,No,No,Month-to-month,Yes,Mailed check,70.6,70.6,No,0–12 months,60–90
9172-JITSM,Female,0,Yes,Yes,26,Yes,No,Fiber optic,No,No,No,No,Yes,No,Month-to-month,Yes,Electronic check,90.8,2360.8,Yes,25–48 months,Above 90
6298-QDFNH,Male,0,No,No,22,Yes,Yes,Fiber optic,No,Yes,No,No,No,Yes,Month-to-month,Yes,Electronic check,79.35,1745.7,Yes,13–24 months,60–90
7398-HPYZQ,Male,0,Yes,No,71,Yes,Yes,DSL,Yes,Yes,Yes,Yes,Yes,No,Two year,No,Bank transfer,90.55,6429.05,No,61+ months,Above 90
3546-GHEAE,Male,0,No,No,7,Yes,No,No,No,No,No,No,No,Yes,Two year,No,Mailed check,19.45,136.15,No,0–12 months,Below 30
7361-YPXFS,Female,1,No,No,28,Yes,Yes,DSL,No,Yes,Yes,Yes,No,No,Month-to-month,No,Bank transfer,64.45,1804.6,No,25–48 months,60–90
6557-BZXLQ,Male,1,No,No,16,Yes,No,Fiber optic,No,No,No,No,No,No,Month-to-month,No,Electronic check,69.65,1114.4,No,13–24 months,60–90
2550-QHZGP,Male,0,No,No,7,Yes,No,No,No,No,No,No,No,No,One year,No,Mailed check,19.5,136.5,No,0–12 months,Below 30
7519-JTWQH,Female,0,No,No,69,Yes,Yes,Fiber optic,No,Yes,Yes,Yes,Yes,No,Two year,Yes,Bank transfer,110.5,7624.5,No,61+ months,Above 90
2538-OIMXF,Female,0,No,Yes,1,No,No,DSL,No,No,No,No,No,Yes,Month-to-month,No,Mailed check,24.7,24.7,No,0–12 months,Below 30
8543-MSDMF,Male,0,No,No,3,Yes,No,DSL,Yes,No,Yes,No,Yes,No,Month-to-month,Yes,Electronic check,77.4,232.2,No,0–12 months,60–90
9961-JBNMK,Male,1,No,No,21,Yes,No,Fiber optic,No,No,Yes,No,Yes,Yes,Month-to-month,Yes,Bank transfer,96.8,2032.8,Yes,13–24 months,Above 90
1170-SASML,Female,0,Yes,No,69,Yes,Yes,Fiber optic,No,Yes,Yes,No,No,Yes,Month-to-month,Yes,Bank transfer,85.4,5892.6,No,61+ months,60–90
4872-JCVCA,Female,0,Yes,No,71,No,No,DSL,Yes,Yes,Yes,Yes,No,No,Two year,Yes,Bank transfer,47.6,3379.6,No,61+ months,30–60
5346-BZCHP,Female,0,Yes,Yes,69,Yes,No,No,No,No,No,No,No,No,Two year,No,Mailed check,19.4,1338.6,No,61+ months,Below 30
2038-LLMLM,Female,0,No,No,48,Yes,Yes,Fiber optic,No,No,Yes,Yes,Yes,No,Month-to-month,Yes,Electronic check,103.85,4984.8,No,25–48 months,Above 90
6173-ITPWD,Male,0,Yes,No,47,Yes,Yes,Fiber optic,No,Yes,Yes,No,No,Yes,Month-to-month,Yes,Bank transfer,83.35,3917.45,Yes,25–48 months,60–90
9734-UYXQI,Female,0,No,No,2,Yes,Yes,DSL,No,No,No,No,No,No,Month-to-month,Yes,Electronic check,49.4,98.8,Yes,0–12 months,30–60
1216-BGTSP,Male,0,No,No,45,Yes,Yes,Fiber optic,Yes,No,Yes,Yes,Yes,No,Month-to-month,Yes,Credit card,108.45,4880.25,No,25–48 months,Above 90
4138-NAXED,Male,0,No,No,51,Yes,Yes,Fiber optic,No,Yes,No,No,No,Yes,Month-to-month,No,Bank transfer,81.0,4131.0,No,49–60 months,60–90
2189-UXTKY,Female,0,Yes,No,22,Yes,Yes,DSL,Yes,No,No,Yes,Yes,No,Month-to-month,Yes,Electronic check,79.2,1742.4,Yes,13–24 months,60–90
0744-BIKKF,Male,0,No,No,72,Yes,Yes,DSL,Yes,Yes,Yes,Yes,Yes,Yes,Two year,No,Bank transfer,86.65,6238.8,No,61+ months,60–90
7483-IQWIB,Male,0,Yes,Yes,37,Yes,Yes,Fiber optic,No,Yes,Yes,No,Yes,Yes,Month-to-month,Yes,Electronic check,92.95,3439.15,No,25–48 months,Above 90
5248-KWLAR,Male,0,Yes,Yes,71,Yes,Yes,DSL,Yes,Yes,Yes,Yes,Yes,No,Two year,No,Electronic check,90.35,6414.85,No,61+ months,Above 90
4958-GZWIY,Male,0,Yes,Yes,7,Yes,No,DSL,No,No,Yes,No,No,Yes,Month-to-month,No,Electronic check,48.7,340.9,Yes,0–12 months,30–60
7996-MHXLW,Female,0,No,No,66,Yes,Yes,No,No,No,No,No,No,No,Two year,Yes,Credit card,25.15,1659.9,No,61+ months,Below 30
7833-PKIHD,Male,0,Yes,Yes,51,Yes,No,DSL,Yes,No,No,Yes,Yes,No,One year,Yes,Bank transfer,76.4,3896.4,No,49–60 months,60–90
7061-OVMIM,Female,0,Yes,Yes,30,Yes,No,No,No,No,No,No,No,Yes,One year,No,Bank transfer,19.55,586.5,No,25–48 months,Below 30
5153-RTHKF,Female,0,No,No,34,Yes,Yes,Fiber optic,No,No,No,No,Yes,No,Month-to-month,No,Electronic check,85.35,2901.9,No,25–48 months,60–90
1852-QSWCD,Male,0,Yes,Yes,64,Yes,Yes,No,No,No,No,No,No,No,Two year,Yes,Mailed check,24.8,1587.2,No,61+ months,Below 30
4832-VRBMR,Male,1,Yes,No,65,Yes,Yes,Fiber optic,No,Yes,Yes,No,Yes,No,One year,Yes,Bank transfer,103.15,6704.75,No,61+ months,Above 90
9079-LWTFD,Male,0,No,No,47,Yes,Yes,Fiber optic,Yes,Yes,No,Yes,Yes,Yes,Month-to-month,No,Mailed check,100.75,4735.25,No,25–48 months,Above 90
6356-ELRKD,Female,0,No,No,1,Yes,No,Fiber optic,Yes,No,No,No,Yes,No,Month-to-month,Yes,Electronic check,95.6,95.6,Yes,0–12 months,Above 90
8624-GIOUT,Female,0,No,No,49,Yes,Yes,DSL,Yes,Yes,No,No,No,Yes,Month-to-month,Yes,Credit card,59.75,2927.75,Yes,49–60 months,30–60
3392-EHMNK,Female,0,Yes,Yes,67,Yes,Yes,Fiber optic,No,Yes,No,Yes,Yes,No,Two year,No,Credit card,94.1,6304.7,No,61+ months,Above 90
5986-WWXDV,Male,0,No,Yes,39,Yes,No,No,No,No,No,No,No,No,One year,No,Bank transfer,19.35,754.65,No,25–48 months,Below 30
3061-BCKYI,Male,0,No,No,14,Yes,No,No,No,No,No,No,No,No,Month-to-month,No,Mailed check,19.9,278.6,No,13–24 months,Below 30
6179-GJPSO,Female,1,No,No,43,Yes,No,Fiber optic,Yes,Yes,No,Yes,Yes,No,Month-to-month,Yes,Credit card,108.15,4650.45,Yes,25–48 months,Above 90
7901-TBKJX,Male,1,No,No,56,Yes,Yes,Fiber optic,No,No,Yes,No,Yes,Yes,Month-to-month,Yes,Electronic check,101.05,5658.8,No,49–60 months,Above 90
7228-PAQPD,Female,0,No,No,14,Yes,No,DSL,No,No,No,Yes,No,Yes,One year,No,Credit card,59.1,827.4,No,13–24 months,30–60
3177-LASXD,Female,0,No,No,1,Yes,No,Fiber optic,No,No,No,No,No,Yes,Month-to-month,No,Electronic check,71.35,71.35,Yes,0–12 months,60–90
7746-QYVCO,Male,0,Yes,Yes,16,Yes,No,DSL,Yes,Yes,No,No,No,No,One year,Yes,Mailed check,55.85,893.6,No,13–24 months,30–60
5804-HYIEZ,Male,0,Yes,Yes,70,Yes,Yes,Fiber optic,Yes,Yes,No,No,Yes,No,Month-to-month,Yes,Electronic check,106.05,7423.5,No,61+ months,Above 90
9919-FZDED,Male,1,Yes,No,72,Yes,Yes,DSL,Yes,Yes,Yes,No,Yes,Yes,Two year,Yes,Credit card,84.1,6055.2,No,61+ months,60–90
5934-TSSAU,Female,0,Yes,Yes,23,Yes,No,Fiber optic,No,No,Yes,No,No,Yes,Month-to-month,Yes,Credit card,75.3,1731.9,No,13–24 months,60–90
3486-KHMLI,Male,0,No,Yes,21,Yes,Yes,No,No,No,No,No,No,No,Month-to-month,No,Mailed check,24.7,518.7,No,13–24 months,Below 30
4897-QSUYC,Female,0,No,No,1,Yes,No,No,No,No,No,No,No,No,Month-to-month,Yes,Mailed check,20.15,20.15,Yes,0–12 months,Below 30
1084-UQCHV,Male,0,No,Yes,1,Yes,No,Fiber optic,No,No,No,No,No,No,Month-to-month,No,Bank transfer,69.75,69.75,Yes,0–12 months,60–90
8290-YWKHZ,Female,1,Yes,No,32,Yes,Yes,Fiber optic,No,No,No,No,Yes,No,Month-to-month,Yes,Electronic check,93.2,2982.4,Yes,25–48 months,Above 90
2955-BJZHG,Male,0,Yes,Yes,17,Yes,No,Fiber optic,No,No,No,No,Yes,Yes,Month-to-month,No,Electronic check,80.85,1374.45,Yes,13–24 months,60–90
3806-DXQOM,Female,0,No,No,4,No,No,DSL,Yes,Yes,No,No,No,No,Month-to-month,Yes,Electronic check,33.65,134.6,Yes,0–12 months,30–60
6784-XYJAE,Female,0,No,No,36,Yes,Yes,DSL,No,No,Yes,No,No,No,One year,No,Electronic check,55.8,2008.8,No,25–48 months,30–60
3933-DQPWX,Female,0,No,No,50,No,No,DSL,No,Yes,Yes,Yes,No,No,Two year,No,Credit card,39.7,1985.0,No,49–60 months,30–60
6661-EIPZC,Female,0,Yes,Yes,48,No,No,DSL,No,No,No,Yes,No,No,Month-to-month,Yes,Credit card,29.5,1416.0,No,25–48 months,Below 30
8957-THMOA,Female,0,No,Yes,50,Yes,No,No,No,No,No,No,No,No,Two year,No,Credit card,20.15,1007.5,No,49–60 months,Below 30
2251-PYLPB,Male,0,Yes,No,72,Yes,Yes,DSL,Yes,Yes,Yes,Yes,No,No,Two year,No,Credit card,79.55,5727.6,No,61+ months,60–90
5555-RNPGT,Male,0,No,Yes,10,Yes,Yes,No,No,No,No,No,No,Yes,Month-to-month,No,Credit card,24.8,248.0,No,0–12 months,Below 30
1057-FOGLZ,Female,0,No,No,18,Yes,No,No,No,No,No,No,No,No,Month-to-month,No,Mailed check,19.65,353.7,No,13–24 months,Below 30
9300-RENDD,Male,0,No,No,1,Yes,No,Fiber optic,No,No,No,No,Yes,No,Month-to-month,Yes,Electronic check,79.95,79.95,Yes,0–12 months,60–90
0761-AETCS,Female,0,No,No,1,Yes,No,No,No,No,No,No,No,No,Month-to-month,No,Electronic check,19.3,19.3,Yes,0–12 months,Below 30
8087-LGYHQ,Male,0,No,No,9,Yes,No,Fiber optic,No,No,Yes,No,Yes,No,Month-to-month,Yes,Electronic check,94.05,846.45,No,0–12 months,Above 90
4137-BTIKL,Male,0,No,No,2,Yes,Yes,Fiber optic,Yes,No,No,No,No,Yes,Month-to-month,No,Mailed check,90.75,181.5,No,0–12 months,Above 90
2190-BCXEC,Female,0,Yes,No,40,Yes,Yes,Fiber optic,No,No,No,Yes,No,Yes,Month-to-month,Yes,Credit card,78.85,3154.0,No,25–48 months,60–90
6227-FBDXH,Male,0,Yes,No,69,Yes,Yes,Fiber optic,No,No,Yes,No,Yes,No,One year,No,Bank transfer,99.5,6865.5,No,61+ months,Above 90
2153-MREFK,Female,0,Yes,No,37,Yes,Yes,Fiber optic,Yes,No,Yes,Yes,No,Yes,One year,Yes,Electronic check,99.2,3670.4,Yes,25–48 months,Above 90
2911-WDXMV,Male,0,No,Yes,18,Yes,Yes,Fiber optic,No,No,Yes,No,No,Yes,Month-to-month,Yes,Credit card,80.55,1449.9,No,13–24 months,60–90
7206-PQBBZ,Male,1,Yes,No,11,Yes,No,Fiber optic,No,No,No,No,No,No,Month-to-month,Yes,Electronic check,70.2,772.2,No,0–12 months,60–90
3106-ULWFW,Female,0,Yes,No,8,Yes,Yes,Fiber optic,No,No,No,No,No,No,Month-to-month,Yes,Credit card,85.2,681.6,Yes,0–12 months,60–90
0925-VYDLG,Female,0,No,No,3,Yes,Yes,Fiber optic,No,No,No,No,No,Yes,Month-to-month,No,Electronic check,75.25,225.75,Yes,0–12 months,60–90
4547-FZJWE,Male,0,Yes,Yes,55,Yes,No,DSL,Yes,No,No,No,No,No,One year,No,Credit card,59.45,3269.75,No,49–60 months,30–60
7422-WNBTY,Male,0,Yes,No,33,Yes,Yes,Fiber optic,No,Yes,Yes,No,No,Yes,Month-to-month,Yes,Electronic check,93.35,3080.55,No,25–48 months,Above 90
0842-IWYCP,Female,0,No,No,46,Yes,No,DSL,No,No,No,No,No,Yes,Month-to-month,No,Bank transfer,44.95,2067.7,No,25–48 months,30–60
3521-HTQTV,Male,0,No,No,34,Yes,Yes,No,No,No,No,No,No,No,Two year,No,Bank transfer,26.1,887.4,No,25–48 months,Below 30
3744-ZBHON,Female,0,No,No,3,Yes,No,No,No,No,No,No,No,No,Month-to-month,No,Electronic check,20.2,60.6,No,0–12 months,Below 30
3373-DIUUN,Male,0,Yes,Yes,30,Yes,No,No,No,No,No,No,No,No,Two year,No,Mailed check,21.25,637.5,No,25–48 months,Below 30
8383-SGHJU,Female,0,No,No,33,Yes,Yes,DSL,Yes,No,No,Yes,No,No,One year,No,Electronic check,59.4,1960.2,No,25–48 months,30–60
7607-QKKTJ,Male,0,Yes,Yes,45,Yes,Yes,Fiber optic,No,Yes,Yes,No,No,No,One year,Yes,Credit card,95.0,4275.0,No,25–48 months,Above 90
7707-PYBBH,Male,0,No,No,40,Yes,No,DSL,Yes,Yes,No,Yes,No,Yes,Month-to-month,Yes,Mailed check,61.9,2476.0,No,25–48 months,60–90
8984-HPEMB,Female,0,No,No,71,Yes,Yes,Fiber optic,Yes,Yes,Yes,Yes,Yes,No,Two year,Yes,Electronic check,118.65,8424.15,No,61+ months,Above 90
4349-GFQHK,Male,0,No,No,1,Yes,Yes,DSL,No,No,Yes,No,No,Yes,Month-to-month,No,Electronic check,54.35,54.35,Yes,0–12 months,30–60
4139-DETXS,Female,0,Yes,Yes,72,No,No,DSL,Yes,Yes,Yes,Yes,Yes,No,Two year,No,Bank transfer,64.45,4640.4,No,61+ months,60–90
9779-DPNEJ,Female,0,Yes,Yes,22,Yes,No,Fiber optic,No,No,No,No,No,Yes,Month-to-month,Yes,Electronic check,80.15,1763.3,No,13–24 months,60–90
9805-FILKB,Male,0,Yes,Yes,46,Yes,No,No,No,No,No,No,No,Yes,One year,Yes,Bank transfer,20.2,929.2,No,25–48 months,Below 30
5793-YOLJN,Female,0,Yes,Yes,55,Yes,No,No,No,No,No,No,No,No,Two year,No,Mailed check,21.0,1155.0,No,49–60 months,Below 30
0673-IGUQO,Male,0,No,No,1,Yes,No,No,No,No,No,No,No,No,Month-to-month,No,Mailed check,20.45,20.45,No,0–12 months,Below 30
4123-FCVCB,Female,0,No,No,12,Yes,Yes,DSL,No,No,No,Yes,Yes,No,One year,Yes,Mailed check,75.85,910.2,No,0–12 months,60–90
8819-IMISP,Male,0,No,No,31,Yes,Yes,Fiber optic,No,Yes,No,No,No,Yes,Month-to-month,Yes,Electronic check,80.45,2493.95,No,25–48 months,60–90
7802-EFKNY,Male,0,Yes,No,5,No,No,DSL,No,No,No,No,No,No,Month-to-month,Yes,Electronic check,24.95,124.75,Yes,0–12 months,Below 30
8311-UEUAB,Female,0,Yes,Yes,67,Yes,Yes,DSL,Yes,No,No,No,Yes,No,Two year,Yes,Electronic check,75.5,5058.5,No,61+ months,60–90
5858-EAFCZ,Male,0,No,No,1,Yes,No,DSL,No,No,No,No,No,Yes,Month-to-month,No,Mailed check,44.45,44.45,No,0–12 months,30–60
8035-BUYVG,Male,0,Yes,No,40,No,No,DSL,Yes,Yes,Yes,No,No,No,One year,Yes,Electronic check,42.35,1694.0,Yes,25–48 months,30–60
1163-ONYEY,Male,0,Yes,Yes,41,Yes,Yes,DSL,Yes,Yes,Yes,No,Yes,No,Month-to-month,Yes,Credit card,74.55,3056.55,No,25–48 months,60–90
9787-XVQIU,Male,0,No,No,1,Yes,Yes,Fiber optic,No,No,No,No,No,No,Month-to-month,Yes,Electronic check,75.3,75.3,Yes,0–12 months,60–90
8945-MUQUF,Male,0,No,No,51,Yes,Yes,Fiber optic,Yes,Yes,No,No,Yes,No,One year,Yes,Electronic check,94.8,4834.8,Yes,49–60 months,Above 90
5656-MJEFC,Male,0,Yes,Yes,42,No,No,DSL,Yes,No,Yes,Yes,Yes,No,Two year,No,Credit card,48.15,2022.3,No,25–48 months,30–60
6082-OQFBA,Male,0,Yes,Yes,23,Yes,No,No,No,No,No,No,No,No,One year,No,Mailed check,19.65,451.95,No,13–24 months,Below 30
8051-HJRLT,Female,1,No,No,1,Yes,No,Fiber optic,No,No,No,No,No,No,Month-to-month,Yes,Electronic check,70.55,70.55,Yes,0–12 months,60–90
8974-OVACP,Female,0,No,No,1,Yes,No,No,No,No,No,No,No,No,Month-to-month,No,Mailed check,20.15,20.15,No,0–12 months,Below 30
4010-YLMVT,Female,0,No,No,56,Yes,Yes,Fiber optic,Yes,Yes,No,No,Yes,No,Month-to-month,Yes,Credit card,106.6,5969.6,No,49–60 months,Above 90
1379-FRVEB,Male,0,No,Yes,15,Yes,Yes,Fiber optic,No,Yes,No,No,Yes,Yes,Month-to-month,Yes,Electronic check,91.0,1365.0,No,13–24 months,Above 90
8612-GXIDD,Male,0,Yes,Yes,12,Yes,Yes,No,No,No,No,No,No,No,Two year,Yes,Bank transfer,25.4,304.8,No,0–12 months,Below 30
6288-CHQJB,Female,0,Yes,Yes,54,Yes,No,DSL,Yes,No,Yes,Yes,No,No,Two year,No,Bank transfer,69.95,3777.3,No,49–60 months,60–90
8160-HOWOX,Female,0,No,No,7,Yes,No,DSL,No,No,No,No,Yes,Yes,Month-to-month,Yes,Electronic check,66.85,467.95,No,0–12 months,60–90
3023-GFLBR,Female,0,Yes,Yes,33,Yes,Yes,Fiber optic,No,No,No,No,No,Yes,Month-to-month,No,Credit card,86.15,2842.95,Yes,25–48 months,60–90
6648-INWPS,Male,0,Yes,Yes,16,Yes,No,No,No,No,No,No,No,Yes,Month-to-month,No,Electronic check,20.15,322.4,No,13–24 months,Below 30
4223-BKEOR,Female,0,No,Yes,21,Yes,No,DSL,Yes,No,Yes,No,No,No,One year,No,Mailed check,64.85,1361.85,No,13–24 months,60–90
4079-VTGLK,Male,1,Yes,No,30,Yes,Yes,DSL,No,No,Yes,No,Yes,Yes,Two year,No,Electronic check,74.85,2245.5,No,25–48 months,60–90
1763-WQFUK,Male,0,No,No,3,Yes,No,DSL,No,No,No,Yes,No,Yes,Month-to-month,Yes,Mailed check,50.5,151.5,No,0–12 months,30–60
1391-UBDAR,Male,0,No,No,11,Yes,No,Fiber optic,No,No,Yes,No,No,No,Month-to-month,No,Electronic check,72.9,801.9,No,0–12 months,60–90
8894-JVDCV,Female,0,No,No,62,Yes,Yes,Fiber optic,Yes,Yes,Yes,Yes,Yes,No,One year,Yes,Credit card,115.05,7133.1,No,61+ months,Above 90
2023-VQFDL,Male,0,No,No,18,Yes,No,No,No,No,No,No,No,Yes,Month-to-month,No,Electronic check,19.0,342.0,No,13–24 months,Below 30
1345-GKDZZ,Male,0,No,Yes,6,Yes,No,No,No,No,No,No,No,No,Month-to-month,No,Mailed check,19.55,117.3,No,0–12 months,Below 30
2014-MKGMH,Female,0,No,No,46,Yes,Yes,Fiber optic,No,No,Yes,No,Yes,No,One year,Yes,Electronic check,101.1,4650.6,No,25–48 months,Above 90
5628-FCGYG,Male,0,No,No,21,Yes,Yes,Fiber optic,No,No,No,No,No,Yes,Month-to-month,Yes,Electronic check,84.1,1766.1,No,13–24 months,60–90
2560-WBWXF,Male,0,No,No,68,Yes,Yes,No,No,No,No,No,No,Yes,Two year,Yes,Bank transfer,24.15,1642.2,No,61+ months,Below 30
0248-IPDFW,Female,0,No,No,1,Yes,Yes,DSL,No,No,No,No,No,No,Month-to-month,Yes,Electronic check,50.1,50.1,No,0–12 months,30–60
7978-DKUQH,Female,0,Yes,No,25,Yes,No,Fiber optic,No,No,Yes,No,No,No,Month-to-month,Yes,Electronic check,74.6,1865.0,No,25–48 months,60–90
4335-UPJSI,Female,0,No,Yes,24,Yes,No,No,No,No,No,No,No,No,Two year,No,Mailed check,19.75,474.0,No,13–24 months,Below 30
0524-IAVZO,Female,0,Yes,No,30,Yes,Yes,Fiber optic,No,No,No,No,No,No,Month-to-month,Yes,Electronic check,85.0,2550.0,Yes,25–48 months,60–90
2737-YNGYW,Female,0,No,No,2,Yes,No,Fiber optic,No,No,No,No,No,Yes,Month-to-month,No,Electronic check,80.55,161.1,Yes,0–12 months,60–90
1784-EZDKJ,Male,0,Yes,No,51,Yes,Yes,Fiber optic,No,Yes,Yes,No,Yes,Yes,One year,Yes,Bank transfer,106.8,5446.8,No,49–60 months,Above 90
9297-FVVDH,Female,0,Yes,Yes,57,Yes,Yes,DSL,Yes,No,Yes,Yes,Yes,Yes,Two year,Yes,Electronic check,84.5,4816.5,No,49–60 months,60–90
8007-YYPWD,Female,0,No,No,15,Yes,Yes,No,No,No,No,No,No,Yes,Two year,No,Bank transfer,25.05,375.75,No,13–24 months,Below 30
7101-HRBLJ,Female,0,Yes,Yes,72,Yes,No,DSL,Yes,Yes,Yes,Yes,Yes,No,Two year,Yes,Bank transfer,83.7,6026.4,No,61+ months,60–90
5159-YFPKQ,Female,0,No,No,2,Yes,No,Fiber optic,No,No,Yes,No,No,Yes,Month-to-month,Yes,Electronic check,75.8,151.6,Yes,0–12 months,60–90
6635-CPNUN,Male,0,Yes,No,28,Yes,Yes,Fiber optic,No,Yes,Yes,No,Yes,No,Month-to-month,No,Credit card,96.6,2704.8,No,25–48 months,Above 90
4021-RQSNY,Male,1,Yes,No,29,Yes,Yes,Fiber optic,No,No,Yes,No,Yes,No,Month-to-month,Yes,Electronic check,98.5,2856.5,Yes,25–48 months,Above 90
5453-YBTWV,Male,0,Yes,Yes,70,Yes,No,Fiber optic,Yes,Yes,Yes,Yes,Yes,Yes,Two year,Yes,Credit card,101.1,7077.0,No,61+ months,Above 90
5039-LZRQT,Female,0,No,No,13,Yes,No,No,No,No,No,No,No,No,One year,No,Mailed check,20.2,262.6,No,13–24 months,Below 30
2931-VUVJN,Female,1,Yes,No,59,Yes,Yes,Fiber optic,Yes,Yes,Yes,Yes,No,No,One year,Yes,Electronic check,94.05,5548.95,No,49–60 months,Above 90
9061-TIHDA,Male,1,Yes,No,13,Yes,Yes,Fiber optic,No,No,No,No,Yes,No,Month-to-month,Yes,Electronic check,95.25,1238.25,Yes,13–24 months,Above 90
8699-ASUFO,Male,1,Yes,No,7,Yes,Yes,Fiber optic,No,No,No,No,No,Yes,Month-to-month,Yes,Mailed check,74.4,520.8,Yes,0–12 months,60–90
6418-PIQSP,Female,0,Yes,No,62,Yes,No,DSL,Yes,No,Yes,Yes,Yes,No,Two year,No,Mailed check,81.0,5022.0,No,61+ months,60–90
8220-OCUFY,Female,0,No,No,21,Yes,No,DSL,Yes,No,Yes,Yes,No,Yes,One year,Yes,Electronic check,60.25,1265.25,No,13–24 months,60–90
3995-WFCSM,Female,0,No,No,2,Yes,No,DSL,No,No,Yes,No,No,No,Month-to-month,No,Electronic check,60.85,121.7,No,0–12 months,60–90
1895-QTKDO,Female,0,No,No,1,Yes,No,DSL,No,No,No,No,No,Yes,Month-to-month,No,Credit card,43.95,43.95,No,0–12 months,30–60
2038-OEQZH,Male,0,No,No,4,Yes,No,Fiber optic,No,No,Yes,No,No,No,Month-to-month,No,Electronic check,86.05,344.2,No,0–12 months,60–90
1178-PZGAB,Female,0,No,No,19,Yes,No,No,No,No,No,No,No,Yes,One year,No,Credit card,20.25,384.75,No,13–24 months,Below 30
7927-AUXBZ,Female,0,No,No,30,Yes,No,Fiber optic,No,No,No,Yes,Yes,No,Month-to-month,No,Electronic check,85.15,2554.5,Yes,25–48 months,60–90
2626-VEEWG,Male,0,Yes,Yes,67,Yes,No,No,No,No,No,No,No,No,Two year,Yes,Credit card,19.4,1299.8,No,61+ months,Below 30
2878-RMWXY,Male,1,Yes,No,72,Yes,Yes,Fiber optic,Yes,Yes,Yes,No,No,No,Two year,Yes,Credit card,102.65,7390.8,No,61+ months,Above 90
1657-DYMBM,Male,0,Yes,No,53,Yes,No,No,No,No,No,No,No,Yes,Two year,No,Credit card,19.9,1054.7,No,49–60 months,Below 30
7311-MQJCH,Female,0,No,No,5,Yes,No,No,No,No,No,No,No,No,One year,No,Electronic check,19.55,97.75,No,0–12 months,Below 30
7375-WMVMT,Male,1,Yes,No,71,Yes,No,Fiber optic,No,Yes,Yes,Yes,No,No,Two year,Yes,Credit card,95.5,6780.5,No,61+ months,Above 90
1136-XGEQU,Female,0,Yes,Yes,50,Yes,Yes,DSL,No,Yes,Yes,Yes,Yes,Yes,One year,Yes,Credit card,84.15,4207.5,No,49–60 months,60–90
2530-FMFXO,Male,0,Yes,Yes,56,Yes,Yes,Fiber optic,No,No,Yes,Yes,Yes,Yes,Two year,Yes,Electronic check,103.2,5779.2,No,49–60 months,Above 90
6844-DZKRF,Male,0,No,No,2,Yes,No,DSL,No,No,No,Yes,No,Yes,Month-to-month,Yes,Credit card,50.2,100.4,No,0–12 months,30–60
4695-WJZUE,Female,1,No,No,2,Yes,Yes,Fiber optic,No,No,Yes,No,No,No,Month-to-month,Yes,Electronic check,88.55,177.1,Yes,0–12 months,60–90
7619-ODSGN,Male,0,Yes,Yes,24,Yes,Yes,DSL,Yes,No,No,No,No,Yes,Month-to-month,No,Electronic check,54.75,1314.0,Yes,13–24 months,30–60
5970-GHJAW,Male,0,Yes,Yes,46,Yes,No,No,No,No,No,No,No,No,Two year,No,Credit card,19.95,917.7,No,25–48 months,Below 30
8879-XUAHX,Male,0,Yes,No,71,Yes,Yes,Fiber optic,Yes,Yes,Yes,Yes,Yes,No,Two year,Yes,Electronic check,116.25,8253.75,No,61+ months,Above 90
3689-MOZGR,Female,0,No,No,29,No,No,DSL,No,No,No,Yes,No,Yes,Month-to-month,Yes,Electronic check,31.2,904.8,No,25–48 months,30–60
4195-PNGZS,Male,0,Yes,Yes,69,Yes,Yes,No,No,No,No,No,No,No,Two year,No,Bank transfer,24.45,1687.05,No,61+ months,Below 30
5003-XZWWO,Male,0,Yes,No,71,Yes,Yes,DSL,No,Yes,Yes,Yes,Yes,No,Two year,No,Credit card,84.2,5978.2,No,61+ months,60–90
3988-RQIXO,Female,1,No,No,1,Yes,No,Fiber optic,No,No,No,No,Yes,Yes,Month-to-month,Yes,Electronic check,91.3,91.3,Yes,0–12 months,Above 90
7622-FWGEW,Male,1,Yes,No,56,Yes,No,DSL,Yes,Yes,Yes,Yes,Yes,Yes,Two year,Yes,Bank transfer,85.65,4796.4,No,49–60 months,60–90
6922-NCEDI,Male,0,No,Yes,56,Yes,No,No,No,No,No,No,No,Yes,One year,Yes,Mailed check,21.2,1187.2,No,49–60 months,Below 30
2514-GINMM,Male,0,No,No,1,Yes,No,Fiber optic,No,No,No,No,Yes,No,Month-to-month,Yes,Electronic check,79.5,79.5,Yes,0–12 months,60–90
9891-NQDBD,Female,0,Yes,No,28,Yes,Yes,No,No,No,No,No,No,No,One year,No,Mailed check,25.55,715.4,No,25–48 months,Below 30
6131-IUNXN,Female,0,Yes,Yes,19,Yes,No,No,No,No,No,No,No,No,Month-to-month,No,Mailed check,20.2,383.8,No,13–24 months,Below 30
8548-AWOFC,Male,0,Yes,No,66,Yes,Yes,DSL,No,No,No,Yes,No,No,Month-to-month,No,Electronic check,63.85,4214.1,No,61+ months,60–90
9798-DRYDS,Female,0,Yes,Yes,17,Yes,Yes,DSL,No,No,Yes,Yes,No,Yes,One year,Yes,Mailed check,61.95,1053.15,No,13–24 months,60–90
8532-UEFWH,Male,0,Yes,Yes,52,Yes,Yes,No,No,No,No,No,No,No,Two year,No,Mailed check,25.75,1339.0,No,49–60 months,Below 30
6296-DDOOR,Female,0,No,No,19,Yes,No,DSL,No,Yes,No,No,Yes,No,One year,No,Electronic check,58.2,1105.8,No,13–24 months,30–60
7951-VRDVK,Female,0,No,No,36,Yes,No,DSL,Yes,Yes,Yes,Yes,Yes,No,One year,No,Bank transfer,85.85,3090.6,No,25–48 months,60–90
5931-FLJJF,Male,1,Yes,No,7,Yes,No,Fiber optic,No,No,No,No,No,Yes,Month-to-month,Yes,Mailed check,70.1,490.7,Yes,0–12 months,60–90
4815-YOSUK,Male,0,Yes,Yes,72,Yes,Yes,Fiber optic,Yes,Yes,Yes,Yes,No,No,One year,Yes,Credit card,104.9,7552.8,No,61+ months,Above 90
2659-VXMWZ,Male,0,Yes,Yes,67,Yes,Yes,Fiber optic,Yes,Yes,Yes,No,Yes,Yes,One year,Yes,Electronic check,111.3,7457.1,Yes,61+ months,Above 90
0380-NEAVX,Male,1,No,No,34,Yes,No,Fiber optic,No,Yes,Yes,No,Yes,Yes,One year,Yes,Electronic check,99.85,3394.9,No,25–48 months,Above 90
3207-OYBWH,Male,1,Yes,No,57,Yes,Yes,Fiber optic,No,Yes,Yes,No,No,Yes,Month-to-month,Yes,Bank transfer,95.25,5429.25,Yes,49–60 months,Above 90
4285-GYRQC,Female,0,Yes,No,7,Yes,No,Fiber optic,No,No,Yes,No,Yes,Yes,Month-to-month,Yes,Electronic check,86.25,603.75,Yes,0–12 months,60–90
7216-EWTRS,Female,1,Yes,No,1,Yes,Yes,Fiber optic,No,No,Yes,No,Yes,No,Month-to-month,Yes,Electronic check,100.8,100.8,Yes,0–12 months,Above 90
4365-MSDYN,Male,0,Yes,No,8,Yes,No,No,No,No,No,No,No,Yes,Month-to-month,Yes,Bank transfer,19.55,156.4,No,0–12 months,Below 30
7036-TYDEC,Female,0,No,No,69,Yes,Yes,Fiber optic,No,No,Yes,Yes,Yes,No,Two year,No,Electronic check,104.0,7176.0,No,61+ months,Above 90
5802-ADBRC,Female,0,Yes,No,50,Yes,Yes,Fiber optic,Yes,No,Yes,No,Yes,Yes,One year,Yes,Mailed check,104.4,5220.0,No,49–60 months,Above 90
8076-FEZKJ,Male,0,No,No,10,Yes,No,No,No,No,No,No,No,Yes,One year,No,Mailed check,19.5,195.0,No,0–12 months,Below 30
5197-YPYBZ,Female,0,Yes,Yes,12,Yes,Yes,No,No,No,No,No,No,No,Two year,No,Credit card,25.25,303.0,No,0–12 months,Below 30
8337-MSSXB,Female,0,No,No,14,Yes,No,Fiber optic,No,Yes,No,No,No,No,Month-to-month,Yes,Electronic check,86.3,1208.2,Yes,13–24 months,60–90
4312-GVYNH,Female,0,Yes,No,70,No,No,DSL,Yes,No,Yes,Yes,No,Yes,Two year,Yes,Bank transfer,49.85,3489.5,No,61+ months,30–60
8495-LJDFO,Female,1,No,No,64,Yes,Yes,Fiber optic,Yes,No,Yes,Yes,Yes,Yes,Month-to-month,Yes,Bank transfer,108.95,6972.8,No,61+ months,Above 90
0839-JTCUD,Female,0,Yes,Yes,66,Yes,Yes,DSL,Yes,Yes,Yes,Yes,Yes,Yes,Two year,No,Credit card,89.9,5933.4,No,61+ months,60–90
5494-WOZRZ,Female,0,Yes,Yes,71,Yes,No,DSL,Yes,No,Yes,Yes,Yes,Yes,Two year,Yes,Credit card,82.0,5822.0,No,61+ months,60–90
1302-UHBDD,Male,1,No,No,20,Yes,No,Fiber optic,No,No,No,No,Yes,Yes,Month-to-month,No,Electronic check,89.95,1799.0,No,13–24 months,60–90
2234-EOFPT,Male,0,Yes,No,72,Yes,No,DSL,Yes,Yes,No,Yes,Yes,Yes,Two year,Yes,Bank transfer,79.35,5713.2,No,61+ months,60–90
8619-IJNDK,Female,0,Yes,Yes,71,Yes,No,DSL,Yes,Yes,Yes,Yes,No,Yes,Two year,No,Credit card,64.05,4547.55,No,61+ months,60–90
8378-LKJAF,Male,0,Yes,Yes,38,Yes,Yes,Fiber optic,No,No,Yes,No,Yes,No,Month-to-month,Yes,Credit card,101.15,3843.7,No,25–48 months,Above 90
8182-BJDSI,Female,0,No,No,28,Yes,Yes,Fiber optic,No,Yes,No,No,No,Yes,Month-to-month,Yes,Electronic check,89.95,2518.6,Yes,25–48 months,60–90
2528-HFYZX,Male,1,Yes,No,17,Yes,No,Fiber optic,No,Yes,No,No,No,Yes,Month-to-month,Yes,Electronic check,76.45,1299.65,Yes,13–24 months,60–90
1153-GNOLC,Male,0,No,No,33,No,No,DSL,No,Yes,No,No,Yes,No,One year,Yes,Electronic check,39.1,1290.3,No,25–48 months,30–60
3298-QEICA,Female,0,Yes,Yes,23,No,No,DSL,Yes,No,No,Yes,No,No,Two year,No,Mailed check,34.6,795.8,No,13–24 months,30–60
0788-DXBFY,Male,0,Yes,Yes,58,Yes,No,No,No,No,No,No,No,No,One year,Yes,Electronic check,19.55,1133.9,No,49–60 months,Below 30
3597-YASZG,Female,1,Yes,No,70,Yes,Yes,Fiber optic,No,Yes,No,Yes,Yes,No,Two year,Yes,Bank transfer,104.45,7311.5,No,61+ months,Above 90
3496-LFSZU,Male,0,Yes,No,4,Yes,No,Fiber optic,No,No,No,No,No,Yes,Month-to-month,No,Electronic check,70.5,282.0,No,0–12 months,60–90
5242-UOWHD,Male,0,Yes,Yes,45,Yes,No,No,No,No,No,No,No,No,Two year,No,Mailed check,20.35,915.75,No,25–48 months,Below 30
2482-CZGBB,Male,0,No,No,10,Yes,No,Fiber optic,No,No,No,No,No,No,Month-to-month,Yes,Electronic check,70.0,700.0,Yes,0–12 months,60–90
6479-SZPLM,Male,0,Yes,Yes,36,Yes,No,No,No,No,No,No,No,No,Two year,No,Credit card,19.45,700.2,No,25–48 months,Below 30
8097-VBQTZ,Male,0,No,No,54,Yes,No,DSL,Yes,Yes,No,Yes,Yes,No,Month-to-month,Yes,Mailed check,69.9,3774.6,No,49–60 months,60–90
4500-HKANN,Male,0,Yes,Yes,23,Yes,Yes,DSL,No,Yes,No,Yes,No,No,Two year,No,Mailed check,59.7,1373.1,No,13–24 months,30–60
9917-KWRBE,Female,0,Yes,Yes,41,Yes,Yes,DSL,Yes,Yes,Yes,No,Yes,No,One year,Yes,Credit card,78.35,3212.35,No,25–48 months,60–90
3420-ZDBMA,Male,1,No,No,5,Yes,No,Fiber optic,No,No,No,No,No,No,Month-to-month,Yes,Mailed check,71.45,357.25,No,0–12 months,60–90
2212-LYASK,Male,0,Yes,Yes,27,No,No,DSL,No,Yes,Yes,No,No,No,One year,Yes,Credit card,45.85,1237.95,No,25–48 months,30–60
1393-IMKZG,Female,0,No,No,1,Yes,No,Fiber optic,No,No,No,Yes,Yes,Yes,Month-to-month,Yes,Electronic check,95.85,95.85,No,0–12 months,Above 90
8069-RHUXK,Female,0,Yes,Yes,67,No,No,DSL,Yes,No,No,Yes,No,Yes,Two year,No,Credit card,35.7,2391.9,No,61+ months,30–60
3398-GCPMU,Female,1,Yes,Yes,72,Yes,Yes,DSL,Yes,Yes,Yes,Yes,Yes,No,Two year,Yes,Credit card,89.55,6447.6,No,61+ months,60–90
2908-WGAXL,Female,0,Yes,Yes,56,Yes,Yes,No,No,No,No,No,No,Yes,Two year,Yes,Credit card,24.95,1397.2,No,49–60 months,Below 30
3378-AJRAO,Male,0,Yes,Yes,44,Yes,Yes,No,No,No,No,No,No,No,One year,No,Electronic check,24.85,1093.4,No,25–48 months,Below 30
1013-QCWAM,Female,1,Yes,No,66,Yes,Yes,Fiber optic,No,Yes,No,No,Yes,No,Month-to-month,Yes,Electronic check,100.8,6652.8,No,61+ months,Above 90
0866-QLSIR,Female,0,No,No,34,Yes,Yes,DSL,Yes,Yes,No,Yes,No,Yes,One year,Yes,Mailed check,64.4,2189.6,Yes,25–48 months,60–90
6050-FFXES,Female,0,Yes,No,69,Yes,Yes,Fiber optic,No,No,Yes,Yes,Yes,No,Two year,No,Bank transfer,105.35,7269.15,No,61+ months,Above 90
7181-BQYBV,Female,0,Yes,Yes,1,Yes,Yes,Fiber optic,Yes,No,Yes,No,Yes,Yes,Month-to-month,Yes,Electronic check,102.45,102.45,Yes,0–12 months,Above 90
0362-RAOQO,Female,0,No,No,40,Yes,No,No,No,No,No,No,No,Yes,Two year,No,Credit card,19.65,786.0,No,25–48 months,Below 30
9554-DFKIC,Male,0,Yes,Yes,30,Yes,Yes,DSL,Yes,No,No,No,No,No,Month-to-month,Yes,Bank transfer,54.45,1633.5,No,25–48 months,30–60
5527-ACHSO,Female,0,No,No,11,Yes,No,DSL,No,No,No,Yes,Yes,No,Month-to-month,No,Mailed check,70.5,775.5,No,0–12 months,60–90
0829-DDVLK,Female,0,No,No,15,Yes,No,No,No,No,No,No,No,Yes,One year,No,Credit card,20.1,301.5,No,13–24 months,Below 30
1399-UBQIU,Male,0,No,No,11,Yes,No,DSL,No,No,Yes,No,Yes,No,Month-to-month,Yes,Electronic check,69.35,762.85,No,0–12 months,60–90
1813-JLKWR,Female,0,Yes,Yes,64,Yes,No,No,No,No,No,No,No,Yes,One year,No,Bank transfer,19.8,1267.2,No,61+ months,Below 30
0336-PIKEI,Male,1,Yes,No,72,Yes,No,DSL,Yes,Yes,Yes,Yes,Yes,No,Two year,No,Bank transfer,74.4,5356.8,No,61+ months,60–90
7322-OCWHC,Male,1,Yes,No,72,Yes,Yes,Fiber optic,Yes,Yes,Yes,Yes,No,No,Two year,Yes,Bank transfer,93.05,6699.6,No,61+ months,Above 90
9537-VHDTA,Female,0,No,Yes,1,Yes,No,DSL,Yes,No,No,No,No,No,Month-to-month,No,Mailed check,51.2,51.2,No,0–12 months,30–60
4957-TIALW,Female,0,No,Yes,15,Yes,No,DSL,Yes,Yes,Yes,Yes,No,No,One year,No,Credit card,65.6,984.0,No,13–24 months,60–90
2054-PJOCK,Female,0,No,No,60,Yes,Yes,DSL,No,No,Yes,Yes,Yes,No,One year,No,Credit card,80.55,4833.0,No,49–60 months,60–90
9150-HEPMB,Male,0,No,No,56,Yes,No,DSL,Yes,No,Yes,No,No,Yes,One year,No,Mailed check,52.7,2951.2,No,49–60 months,30–60
9030-QGZNL,Female,0,No,No,8,Yes,No,No,No,No,No,No,No,No,Two year,No,Mailed check,20.85,166.8,No,0–12 months,Below 30
6204-IEUXJ,Female,0,No,No,3,Yes,No,Fiber optic,No,No,Yes,Yes,No,No,Month-to-month,No,Credit card,80.1,240.3,Yes,0–12 months,60–90
3126-WQMGH,Female,0,Yes,No,49,Yes,Yes,DSL,No,No,No,No,No,No,Month-to-month,Yes,Credit card,52.15,2555.35,No,49–60 months,30–60
4529-CKBCL,Female,0,No,No,2,Yes,No,Fiber optic,No,No,No,No,Yes,No,Month-to-month,Yes,Electronic check,80.2,160.4,Yes,0–12 months,60–90
2506-CLAKW,Female,0,No,No,6,Yes,No,Fiber optic,Yes,Yes,Yes,Yes,No,No,Month-to-month,Yes,Bank transfer,98.15,588.9,Yes,0–12 months,Above 90
7176-WRTNX,Male,0,No,No,70,Yes,Yes,Fiber optic,Yes,Yes,Yes,Yes,Yes,Yes,Two year,Yes,Bank transfer,114.95,8046.5,No,61+ months,Above 90
1583-IHQZE,Male,0,No,No,12,Yes,Yes,Fiber optic,No,Yes,Yes,Yes,Yes,Yes,Month-to-month,Yes,Mailed check,112.95,1355.4,Yes,0–12 months,Above 90
5732-IKGQH,Male,1,Yes,No,52,Yes,No,Fiber optic,Yes,No,Yes,Yes,Yes,Yes,One year,Yes,Bank transfer,104.45,5431.4,No,49–60 months,Above 90
9239-GZHZE,Female,0,Yes,No,72,Yes,Yes,Fiber optic,Yes,Yes,Yes,Yes,Yes,Yes,Two year,Yes,Credit card,113.65,8182.8,No,61+ months,Above 90
7205-BAIAD,Female,0,No,No,40,Yes,No,No,No,No,No,No,No,Yes,Two year,Yes,Bank transfer,20.6,824.0,No,25–48 months,Below 30
0151-ONTOV,Female,0,No,No,1,Yes,No,Fiber optic,No,No,No,No,No,No,Month-to-month,No,Mailed check,70.9,70.9,Yes,0–12 months,60–90
4140-MUHUG,Female,1,No,No,3,Yes,No,Fiber optic,No,No,Yes,No,Yes,No,Month-to-month,Yes,Electronic check,86.85,260.55,Yes,0–12 months,60–90
0093-EXYQL,Female,1,No,No,40,Yes,No,Fiber optic,No,No,No,No,Yes,No,Month-to-month,Yes,Electronic check,91.55,3662.0,No,25–48 months,Above 90
8064-RAVOH,Male,0,No,Yes,1,Yes,No,DSL,No,No,Yes,No,No,Yes,Month-to-month,Yes,Electronic check,49.85,49.85,No,0–12 months,30–60
0219-QAERP,Male,0,Yes,No,30,Yes,No,No,No,No,No,No,No,No,One year,No,Credit card,19.8,594.0,No,25–48 months,Below 30
0320-JDNQG,Male,0,Yes,Yes,23,Yes,No,Fiber optic,Yes,No,No,Yes,Yes,No,Month-to-month,Yes,Electronic check,99.85,2296.55,Yes,13–24 months,Above 90
7180-PISOG,Male,0,Yes,Yes,1,Yes,Yes,Fiber optic,No,No,No,No,No,Yes,Month-to-month,Yes,Electronic check,74.5,74.5,Yes,0–12 months,60–90
9168-INPSZ,Female,1,Yes,No,44,Yes,Yes,Fiber optic,No,No,Yes,Yes,Yes,No,Month-to-month,No,Electronic check,104.15,4582.6,No,25–48 months,Above 90
3571-RFHAR,Male,0,No,No,65,Yes,Yes,Fiber optic,No,Yes,Yes,Yes,Yes,Yes,Month-to-month,Yes,Electronic check,109.15,7094.75,Yes,61+ months,Above 90
0015-UOCOJ,Female,1,No,No,7,Yes,No,DSL,Yes,No,No,No,No,Yes,Month-to-month,Yes,Electronic check,48.2,337.4,No,0–12 months,30–60
5334-AFQJB,Male,1,No,No,72,Yes,Yes,No,No,No,No,No,No,No,Two year,Yes,Credit card,25.1,1807.2,No,61+ months,Below 30
2754-SDJRD,Female,1,No,No,8,Yes,Yes,Fiber optic,No,No,No,Yes,Yes,No,Month-to-month,Yes,Credit card,100.15,801.2,No,0–12 months,Above 90
9578-VRMNM,Female,0,No,No,16,Yes,Yes,DSL,No,No,Yes,No,No,Yes,Month-to-month,Yes,Credit card,65.2,1043.2,Yes,13–24 months,60–90
1587-FKLZB,Male,1,Yes,Yes,66,Yes,Yes,Fiber optic,No,No,Yes,No,Yes,Yes,Month-to-month,Yes,Credit card,99.5,6567.0,Yes,61+ months,Above 90
6140-QNRQQ,Male,0,No,No,1,Yes,No,Fiber optic,No,No,No,No,No,Yes,Month-to-month,Yes,Mailed check,71.55,71.55,Yes,0–12 months,60–90
8963-JLGJT,Male,0,No,Yes,3,Yes,No,DSL,Yes,No,Yes,No,No,No,Month-to-month,No,Mailed check,55.9,167.7,No,0–12 months,30–60
4307-KTUMW,Male,0,Yes,No,53,Yes,Yes,Fiber optic,Yes,No,Yes,No,No,No,Month-to-month,No,Electronic check,93.9,4976.7,Yes,49–60 months,Above 90
1465-LNTLJ,Male,1,Yes,No,8,Yes,No,DSL,No,No,Yes,Yes,No,Yes,Month-to-month,Yes,Credit card,64.4,515.2,No,0–12 months,60–90
5440-FLBQG,Male,1,Yes,No,69,Yes,Yes,Fiber optic,No,Yes,Yes,Yes,Yes,Yes,Two year,Yes,Bank transfer,108.4,7479.6,Yes,61+ months,Above 90
2135-DQWAQ,Female,0,No,No,5,Yes,No,Fiber optic,No,Yes,No,No,Yes,Yes,Month-to-month,Yes,Mailed check,85.3,426.5,No,0–12 months,60–90
4056-QHXHZ,Female,0,Yes,Yes,72,Yes,Yes,Fiber optic,Yes,No,Yes,Yes,Yes,No,Two year,No,Mailed check,107.45,7736.4,No,61+ months,Above 90
7470-MCQTK,Female,0,Yes,No,13,No,No,DSL,No,No,Yes,No,Yes,Yes,Month-to-month,Yes,Bank transfer,48.75,633.75,Yes,13–24 months,30–60
7488-MXJIV,Female,0,No,No,4,Yes,Yes,Fiber optic,No,No,No,No,Yes,Yes,Month-to-month,Yes,Electronic check,85.65,342.6,Yes,0–12 months,60–90
7401-JIXNM,Female,0,Yes,Yes,54,Yes,Yes,DSL,Yes,Yes,Yes,Yes,Yes,No,Two year,No,Credit card,91.3,4930.2,No,49–60 months,Above 90
9339-FIIJL,Male,0,Yes,No,72,Yes,Yes,DSL,No,Yes,Yes,Yes,Yes,Yes,Two year,No,Bank transfer,85.95,6188.4,No,61+ months,60–90
2027-FECZV,Male,0,No,No,12,Yes,Yes,Fiber optic,No,Yes,Yes,No,Yes,Yes,Month-to-month,Yes,Electronic check,106.7,1280.4,Yes,0–12 months,Above 90
2672-DZUOY,Male,0,No,No,1,No,No,DSL,No,No,No,No,No,Yes,Month-to-month,Yes,Electronic check,25.15,25.15,Yes,0–12 months,Below 30
4706-DGAHW,Male,1,No,No,1,Yes,No,DSL,No,No,No,No,No,No,Month-to-month,No,Electronic check,45.2,45.2,No,0–12 months,30–60
3870-MQAMG,Female,0,Yes,No,54,Yes,Yes,Fiber optic,No,Yes,Yes,Yes,Yes,No,One year,No,Electronic check,110.35,5958.9,Yes,49–60 months,Above 90
6670-MFRPK,Male,0,Yes,Yes,69,Yes,Yes,Fiber optic,No,No,Yes,No,No,Yes,Two year,Yes,Credit card,79.2,5464.8,No,61+ months,60–90
6177-PEVRA,Female,0,No,No,48,Yes,No,DSL,Yes,Yes,No,No,No,No,Two year,No,Credit card,55.5,2664.0,No,25–48 months,30–60
4800-CZMPC,Female,0,Yes,Yes,48,Yes,Yes,Fiber optic,Yes,Yes,No,No,Yes,No,One year,Yes,Credit card,103.25,4956.0,Yes,25–48 months,Above 90
4813-HQMGZ,Female,0,Yes,No,8,Yes,Yes,Fiber optic,No,No,No,Yes,No,Yes,Month-to-month,Yes,Electronic check,90.25,722.0,No,0–12 months,Above 90
7579-KKLOE,Male,0,Yes,Yes,71,Yes,Yes,DSL,Yes,Yes,Yes,Yes,Yes,Yes,Two year,Yes,Mailed check,91.25,6478.75,No,61+ months,Above 90
7377-DMMRI,Male,0,No,No,2,Yes,No,DSL,Yes,No,No,No,No,Yes,Month-to-month,Yes,Electronic check,47.8,95.6,Yes,0–12 months,30–60
8402-EIVQS,Male,0,Yes,No,67,Yes,No,Fiber optic,Yes,Yes,No,No,Yes,No,One year,Yes,Credit card,100.9,6760.3,No,61+ months,Above 90
4947-DSMXK,Male,0,Yes,Yes,34,Yes,Yes,Fiber optic,No,Yes,No,No,Yes,Yes,Month-to-month,Yes,Bank transfer,97.7,3321.8,No,25–48 months,Above 90
7245-NIIWQ,Female,0,No,No,3,Yes,No,Fiber optic,No,No,No,No,No,Yes,Month-to-month,Yes,Electronic check,69.85,209.55,No,0–12 months,60–90
0002-ORFBO,Female,0,Yes,Yes,9,Yes,No,DSL,No,Yes,No,Yes,Yes,No,One year,Yes,Mailed check,65.6,590.4,No,0–12 months,60–90
3324-OIRTO,Male,0,Yes,Yes,71,Yes,No,Fiber optic,Yes,Yes,Yes,No,Yes,No,One year,Yes,Bank transfer,104.65,7430.15,No,61+ months,Above 90
5414-OFQCB,Male,0,No,No,57,Yes,Yes,Fiber optic,No,No,No,Yes,Yes,Yes,Two year,Yes,Credit card,90.45,5155.65,No,49–60 months,Above 90
4967-WPNCF,Male,0,No,No,72,No,No,DSL,Yes,Yes,Yes,Yes,Yes,No,Two year,Yes,Bank transfer,63.7,4586.4,No,61+ months,60–90
8552-OBVRU,Female,1,Yes,Yes,48,Yes,No,Fiber optic,Yes,No,Yes,Yes,Yes,Yes,Month-to-month,Yes,Electronic check,104.5,5016.0,No,25–48 months,Above 90
8499-BRXTD,Male,0,No,No,18,Yes,No,No,No,No,No,No,No,Yes,One year,No,Mailed check,20.1,361.8,No,13–24 months,Below 30
9154-QDGTH,Male,0,Yes,Yes,43,Yes,Yes,Fiber optic,No,No,Yes,Yes,Yes,No,One year,Yes,Credit card,104.3,4484.9,No,25–48 months,Above 90
8197-BFWVU,Female,0,Yes,Yes,72,Yes,Yes,DSL,Yes,Yes,Yes,Yes,Yes,Yes,Two year,Yes,Bank transfer,93.25,6714.0,No,61+ months,Above 90
2577-GVSIL,Male,0,Yes,Yes,35,Yes,Yes,DSL,No,No,No,Yes,Yes,Yes,One year,Yes,Bank transfer,73.45,2570.75,No,25–48 months,60–90
9367-OIUXP,Male,0,No,No,4,Yes,No,No,No,No,No,No,No,Yes,Month-to-month,No,Mailed check,20.7,82.8,No,0–12 months,Below 30
6770-UAYGJ,Female,0,Yes,Yes,49,Yes,Yes,No,No,No,No,No,No,No,Two year,No,Mailed check,25.25,1237.25,No,49–60 months,Below 30
6463-HHXJR,Female,0,Yes,Yes,71,Yes,Yes,Fiber optic,Yes,Yes,Yes,No,Yes,No,Two year,No,Bank transfer,100.5,7135.5,No,61+ months,Above 90
7928-VJYAB,Male,0,Yes,Yes,11,Yes,No,Fiber optic,No,No,No,No,Yes,No,Month-to-month,No,Electronic check,90.6,996.6,No,0–12 months,Above 90
1187-WILMM,Male,0,Yes,Yes,63,Yes,Yes,DSL,Yes,Yes,Yes,Yes,Yes,Yes,Two year,Yes,Credit card,89.4,5632.2,No,61+ months,60–90
9776-OJUZI,Female,1,No,No,65,Yes,Yes,Fiber optic,No,Yes,Yes,No,Yes,Yes,Month-to-month,Yes,Bank transfer,95.45,6204.25,No,61+ months,Above 90
1306-RPWXZ,Female,0,No,Yes,49,Yes,No,No,No,No,No,No,No,No,Two year,No,Credit card,20.45,1002.05,No,49–60 months,Below 30
8949-JTMAY,Female,0,No,No,29,Yes,Yes,Fiber optic,No,No,Yes,No,Yes,No,Month-to-month,Yes,Credit card,98.6,2859.4,Yes,25–48 months,Above 90
2774-LVQUS,Female,1,Yes,No,15,Yes,Yes,Fiber optic,No,No,Yes,Yes,No,Yes,Month-to-month,Yes,Electronic check,83.05,1245.75,Yes,13–24 months,60–90
3097-PYWXL,Female,0,Yes,Yes,4,Yes,No,No,No,No,No,No,No,No,Month-to-month,Yes,Electronic check,19.95,79.8,No,0–12 months,Below 30
2266-SJNAT,Female,0,Yes,No,72,Yes,Yes,Fiber optic,No,Yes,Yes,Yes,Yes,No,One year,No,Credit card,109.15,7858.8,No,61+ months,Above 90
0869-PAPRP,Female,1,Yes,No,26,Yes,No,Fiber optic,No,No,Yes,No,Yes,Yes,Month-to-month,Yes,Credit card,85.7,2228.2,No,25–48 months,60–90
4238-JSSWH,Female,1,Yes,No,35,Yes,Yes,Fiber optic,No,No,Yes,No,Yes,No,Month-to-month,No,Bank transfer,102.05,3571.75,No,25–48 months,Above 90
2972-YDYUW,Female,0,No,No,57,Yes,Yes,Fiber optic,No,Yes,No,Yes,No,Yes,One year,No,Electronic check,94.7,5397.9,No,49–60 months,Above 90
1104-FEJAM,Male,0,Yes,Yes,28,Yes,Yes,DSL,No,Yes,No,No,No,Yes,Month-to-month,No,Electronic check,64.4,1803.2,No,25–48 months,60–90
2809-ILCYT,Female,0,Yes,No,25,Yes,Yes,No,No,No,No,No,No,Yes,One year,Yes,Mailed check,26.8,670.0,No,25–48 months,Below 30
5499-ECUTN,Female,0,Yes,No,47,Yes,No,DSL,Yes,No,Yes,No,Yes,No,One year,Yes,Credit card,66.05,3104.35,No,25–48 months,60–90
4981-FLTMF,Female,0,Yes,Yes,57,Yes,Yes,DSL,Yes,Yes,No,Yes,No,No,Month-to-month,No,Bank transfer,65.2,3716.4,No,49–60 months,60–90
9121-PHQSR,Male,1,Yes,No,16,Yes,Yes,Fiber optic,No,No,No,No,Yes,No,Month-to-month,Yes,Credit card,85.05,1360.8,No,13–24 months,60–90
3113-IWHLC,Male,0,No,No,5,Yes,No,DSL,Yes,No,Yes,No,No,No,Month-to-month,Yes,Mailed check,55.8,279.0,No,0–12 months,30–60
3211-ILJTT,Male,0,Yes,No,17,Yes,No,Fiber optic,No,No,No,No,No,No,Month-to-month,Yes,Bank transfer,70.4,1196.8,Yes,13–24 months,60–90
4612-THJBS,Female,1,No,No,56,Yes,Yes,Fiber optic,No,Yes,Yes,No,Yes,No,One year,Yes,Bank transfer,104.75,5866.0,Yes,49–60 months,Above 90
4277-BWBML,Male,0,Yes,Yes,72,Yes,No,No,No,No,No,No,No,Yes,Two year,No,Bank transfer,19.95,1436.4,No,61+ months,Below 30
4094-NSEDU,Female,1,No,No,21,Yes,Yes,Fiber optic,No,No,No,No,Yes,No,Month-to-month,Yes,Electronic check,94.25,1979.25,Yes,13–24 months,Above 90
0234-TEVTT,Female,0,Yes,Yes,48,No,No,DSL,Yes,No,Yes,No,No,Yes,One year,No,Credit card,45.0,2160.0,No,25–48 months,30–60
4304-TSPVK,Female,0,Yes,No,68,Yes,Yes,Fiber optic,Yes,Yes,Yes,Yes,Yes,Yes,Two year,No,Bank transfer,114.9,7813.2,No,61+ months,Above 90
1552-AAGRX,Female,0,No,No,30,Yes,Yes,Fiber optic,Yes,No,No,Yes,Yes,Yes,Month-to-month,No,Bank transfer,106.4,3192.0,No,25–48 months,Above 90
2637-FKFSY,Female,0,Yes,No,3,Yes,No,DSL,No,No,No,No,No,Yes,Month-to-month,Yes,Mailed check,46.1,138.3,No,0–12 months,30–60
9796-MVYXX,Female,1,No,No,14,No,No,DSL,Yes,No,Yes,Yes,No,No,Two year,No,Mailed check,39.7,555.8,No,13–24 months,30–60
7874-ECPQJ,Female,0,No,Yes,4,Yes,No,No,No,No,No,No,No,No,Month-to-month,Yes,Bank transfer,20.05,80.2,No,0–12 months,Below 30
0020-INWCK,Female,0,Yes,Yes,71,Yes,Yes,Fiber optic,No,Yes,Yes,No,No,No,Two year,Yes,Credit card,95.75,6798.25,No,61+ months,Above 90
7089-RKVSZ,Male,0,Yes,Yes,8,Yes,Yes,No,No,No,No,No,No,Yes,One year,No,Mailed check,24.4,195.2,No,0–12 months,Below 30
2683-JXWQQ,Male,0,Yes,Yes,61,No,No,DSL,Yes,No,Yes,No,No,No,Month-to-month,No,Bank transfer,33.6,2049.6,No,61+ months,30–60
9548-ZMVTX,Male,0,Yes,Yes,72,Yes,Yes,Fiber optic,No,Yes,Yes,Yes,No,No,Two year,No,Bank transfer,90.45,6512.4,No,61+ months,Above 90
8739-XNIKG,Female,0,No,No,5,Yes,Yes,Fiber optic,No,No,No,No,Yes,No,Month-to-month,Yes,Electronic check,84.0,420.0,No,0–12 months,60–90
9755-JHNMN,Female,0,No,No,49,Yes,No,DSL,Yes,Yes,Yes,Yes,No,No,Two year,No,Bank transfer,67.4,3302.6,No,49–60 months,60–90
3981-QSVQI,Male,0,No,No,8,Yes,No,No,No,No,No,No,No,No,Month-to-month,Yes,Bank transfer,19.7,157.6,No,0–12 months,Below 30
2789-HQBOU,Male,0,No,No,3,Yes,No,Fiber optic,No,No,No,No,No,No,Month-to-month,Yes,Electronic check,80.35,241.05,No,0–12 months,60–90
9424-CMPOG,Male,0,Yes,Yes,9,Yes,No,No,No,No,No,No,No,Yes,Two year,No,Mailed check,19.6,176.4,No,0–12 months,Below 30
5067-WJEUN,Male,0,Yes,Yes,67,Yes,No,DSL,Yes,Yes,No,No,No,No,Two year,Yes,Bank transfer,54.2,3631.4,No,61+ months,30–60
3450-WXOAT,Male,0,No,No,46,Yes,No,DSL,No,No,No,No,No,No,Month-to-month,Yes,Credit card,45.2,2079.2,No,25–48 months,30–60
9251-WNSOD,Female,0,Yes,No,67,Yes,Yes,DSL,Yes,Yes,Yes,No,No,No,One year,No,Mailed check,75.1,5031.7,No,61+ months,60–90
6974-DAFLI,Female,0,Yes,No,55,Yes,No,No,No,No,No,No,No,Yes,One year,No,Electronic check,19.7,1083.5,No,49–60 months,Below 30
2616-UUTFK,Male,0,Yes,No,33,Yes,Yes,DSL,Yes,Yes,Yes,No,Yes,No,Month-to-month,Yes,Bank transfer,72.75,2400.75,No,25–48 months,60–90
7064-JHXCE,Male,0,Yes,Yes,62,Yes,No,No,No,No,No,No,No,No,Two year,No,Credit card,20.05,1243.1,No,61+ months,Below 30
5103-MHMHY,Female,0,No,Yes,1,Yes,No,DSL,No,No,No,No,No,No,Month-to-month,No,Mailed check,45.95,45.95,Yes,0–12 months,30–60
7989-AWGEH,Male,0,Yes,Yes,49,No,No,DSL,Yes,No,No,No,No,No,Month-to-month,Yes,Electronic check,39.2,1920.8,No,49–60 months,30–60
4373-VVHQL,Male,0,No,No,1,Yes,No,DSL,No,No,No,No,No,Yes,Month-to-month,Yes,Electronic check,44.75,44.75,No,0–12 months,30–60
4559-UWIHT,Male,0,Yes,No,14,Yes,Yes,Fiber optic,No,Yes,Yes,No,No,No,Month-to-month,Yes,Electronic check,82.65,1157.1,No,13–24 months,60–90
7268-IGMFD,Male,1,No,No,18,Yes,Yes,Fiber optic,No,No,Yes,Yes,Yes,No,Month-to-month,No,Bank transfer,93.9,1690.2,No,13–24 months,Above 90
1846-XWOQN,Female,1,No,No,1,Yes,No,Fiber optic,No,No,No,No,No,No,Month-to-month,Yes,Electronic check,70.15,70.15,Yes,0–12 months,60–90
0235-KGSLC,Female,0,No,No,1,Yes,No,Fiber optic,No,No,Yes,No,Yes,No,Month-to-month,Yes,Credit card,85.55,85.55,Yes,0–12 months,60–90
6650-BWFRT,Female,0,Yes,No,72,Yes,Yes,Fiber optic,Yes,Yes,Yes,Yes,Yes,No,Two year,Yes,Credit card,117.15,8434.8,No,61+ months,Above 90
9570-KYEUA,Male,0,No,No,64,Yes,Yes,Fiber optic,Yes,No,Yes,Yes,No,Yes,Two year,No,Credit card,99.25,6352.0,No,61+ months,Above 90
6993-YGFJV,Male,0,Yes,No,69,Yes,Yes,Fiber optic,Yes,Yes,Yes,Yes,Yes,Yes,Two year,Yes,Bank transfer,112.55,7765.95,No,61+ months,Above 90
2712-SYWAY,Female,0,No,No,1,Yes,Yes,No,No,No,No,No,No,Yes,Month-to-month,Yes,Electronic check,25.7,25.7,No,0–12 months,Below 30
0730-BGQGF,Male,0,Yes,Yes,71,Yes,Yes,DSL,Yes,Yes,Yes,Yes,Yes,No,Two year,No,Credit card,90.3,6411.3,No,61+ months,Above 90
5498-IBWPI,Female,0,Yes,Yes,66,Yes,No,DSL,No,No,No,Yes,No,Yes,One year,Yes,Credit card,49.4,3260.4,No,61+ months,30–60
9101-NTIXF,Male,0,No,No,2,Yes,No,No,No,No,No,No,No,No,Month-to-month,No,Mailed check,19.4,38.8,No,0–12 months,Below 30
0013-SMEOE,Female,1,Yes,No,71,Yes,No,Fiber optic,Yes,Yes,Yes,Yes,Yes,No,Two year,Yes,Bank transfer,109.7,7788.7,No,61+ months,Above 90
9314-QDMDW,Male,0,No,No,11,Yes,No,DSL,No,Yes,No,No,Yes,Yes,One year,Yes,Electronic check,61.25,673.75,No,0–12 months,60–90
9308-ANMVE,Male,0,No,Yes,47,Yes,No,DSL,Yes,Yes,No,No,No,No,Month-to-month,Yes,Electronic check,55.3,2599.1,No,25–48 months,30–60
2884-GBPFB,Female,0,Yes,No,35,Yes,No,Fiber optic,No,No,No,No,No,No,Month-to-month,Yes,Electronic check,70.3,2460.5,Yes,25–48 months,60–90
3757-NJYBX,Male,1,Yes,No,32,Yes,Yes,Fiber optic,No,Yes,Yes,No,Yes,No,Month-to-month,No,Bank transfer,106.35,3403.2,Yes,25–48 months,Above 90
3413-DHLPB,Male,0,Yes,Yes,60,Yes,Yes,Fiber optic,No,Yes,No,Yes,Yes,Yes,Month-to-month,Yes,Bank transfer,103.75,6225.0,No,49–60 months,Above 90
7649-PHJVR,Male,0,No,No,11,Yes,No,No,No,No,No,No,No,Yes,One year,No,Mailed check,19.5,214.5,No,0–12 months,Below 30
6114-TCFID,Female,0,No,No,29,No,No,DSL,Yes,Yes,No,Yes,No,No,One year,No,Credit card,39.5,1145.5,No,25–48 months,30–60
3787-TRIAL,Male,0,Yes,Yes,21,No,No,DSL,No,No,No,No,No,No,Month-to-month,Yes,Electronic check,26.05,547.05,No,13–24 months,Below 30
2573-GYRUU,Male,1,Yes,No,48,Yes,Yes,Fiber optic,No,No,Yes,No,No,No,Month-to-month,Yes,Credit card,91.05,4370.4,No,25–48 months,Above 90
5156-UMKOW,Female,0,No,Yes,3,No,No,DSL,No,Yes,No,No,No,Yes,Month-to-month,No,Mailed check,29.65,88.95,No,0–12 months,Below 30
1247-QBVSH,Female,0,Yes,Yes,43,Yes,No,DSL,No,Yes,No,No,No,No,Month-to-month,No,Mailed check,50.2,2158.6,No,25–48 months,30–60
6734-GMPVK,Male,0,No,No,5,Yes,Yes,Fiber optic,No,Yes,Yes,No,Yes,No,Month-to-month,No,Electronic check,105.3,526.5,No,0–12 months,Above 90
9822-OAOVB,Female,0,No,No,1,Yes,No,DSL,No,No,No,No,No,Yes,Month-to-month,Yes,Electronic check,55.45,55.45,No,0–12 months,30–60
6161-ERDGD,Male,0,Yes,Yes,71,Yes,Yes,DSL,Yes,No,Yes,Yes,Yes,Yes,One year,No,Electronic check,85.45,6066.95,No,61+ months,60–90
1226-JZNKR,Female,0,Yes,Yes,8,Yes,No,No,No,No,No,No,No,Yes,One year,No,Electronic check,19.8,158.4,No,0–12 months,Below 30
7318-EIVKO,Male,0,No,No,8,Yes,Yes,DSL,No,No,No,No,Yes,No,Month-to-month,Yes,Electronic check,59.25,474.0,No,0–12 months,30–60
3771-PZOBW,Male,0,No,No,20,Yes,Yes,Fiber optic,No,No,Yes,No,Yes,No,Month-to-month,Yes,Credit card,90.7,1814.0,No,13–24 months,Above 90
5136-KCKGI,Female,0,Yes,Yes,33,Yes,Yes,Fiber optic,Yes,No,Yes,No,Yes,No,One year,Yes,Mailed check,103.7,3422.1,Yes,25–48 months,Above 90
8231-BSWXX,Male,0,No,No,71,Yes,Yes,Fiber optic,No,Yes,No,No,No,Yes,One year,Yes,Credit card,79.05,5612.55,No,61+ months,60–90
6486-LHTMA,Female,1,Yes,No,31,Yes,Yes,Fiber optic,No,No,Yes,No,Yes,No,One year,Yes,Electronic check,90.7,2811.7,No,25–48 months,Above 90
4083-BFNYK,Female,1,Yes,No,38,Yes,Yes,Fiber optic,Yes,Yes,No,No,No,No,One year,No,Credit card,95.0,3610.0,No,25–48 months,Above 90
3722-WPXTK,Male,0,No,No,1,Yes,No,Fiber optic,No,No,No,No,Yes,Yes,Month-to-month,Yes,Electronic check,88.35,88.35,Yes,0–12 months,60–90
7389-KBFIT,Female,0,Yes,Yes,2,No,No,DSL,No,Yes,No,No,No,Yes,Month-to-month,Yes,Mailed check,30.25,60.5,No,0–12 months,30–60
7176-WIONM,Female,0,Yes,No,12,No,No,DSL,No,No,Yes,No,Yes,No,Month-to-month,Yes,Bank transfer,49.85,598.2,No,0–12 months,30–60
5141-ZUVBH,Female,0,No,Yes,9,Yes,No,Fiber optic,Yes,No,Yes,Yes,No,Yes,Month-to-month,No,Bank transfer,93.0,837.0,No,0–12 months,Above 90
1089-HDMKP,Male,1,No,Yes,11,Yes,No,DSL,No,Yes,No,Yes,No,Yes,Month-to-month,Yes,Electronic check,54.55,600.05,No,0–12 months,30–60
7623-HKYRK,Male,0,No,Yes,6,Yes,No,No,No,No,No,No,No,No,Month-to-month,No,Mailed check,19.7,118.2,No,0–12 months,Below 30
0310-SUCIN,Female,0,Yes,No,71,Yes,No,DSL,Yes,Yes,Yes,Yes,Yes,No,One year,Yes,Bank transfer,84.8,6020.8,No,61+ months,60–90
5197-PYEPU,Female,0,Yes,Yes,42,Yes,Yes,Fiber optic,Yes,Yes,No,No,Yes,Yes,One year,Yes,Credit card,94.45,3966.9,No,25–48 months,Above 90
2929-ERCFZ,Female,0,Yes,Yes,8,Yes,No,Fiber optic,No,No,Yes,No,Yes,No,Month-to-month,Yes,Electronic check,94.2,753.6,Yes,0–12 months,Above 90
7548-SEPYI,Female,0,No,No,5,Yes,No,Fiber optic,No,Yes,No,No,Yes,Yes,Month-to-month,Yes,Electronic check,96.25,481.25,Yes,0–12 months,Above 90
8835-VSDSE,Female,0,Yes,No,2,Yes,No,Fiber optic,No,No,No,No,No,Yes,Month-to-month,Yes,Electronic check,70.7,141.4,Yes,0–12 months,60–90
6619-RPLQZ,Female,0,Yes,Yes,45,Yes,No,No,No,No,No,No,No,No,Two year,No,Mailed check,20.85,938.25,No,25–48 months,Below 30
3275-RHRNE,Male,0,Yes,Yes,28,No,No,DSL,No,Yes,Yes,Yes,Yes,No,One year,Yes,Credit card,60.0,1680.0,No,25–48 months,60–90
3503-TYDAY,Female,0,Yes,No,43,Yes,Yes,Fiber optic,No,Yes,No,No,No,Yes,Month-to-month,No,Electronic check,80.45,3459.35,No,25–48 months,60–90
6901-GOGZG,Male,0,No,Yes,60,Yes,Yes,DSL,Yes,No,Yes,Yes,Yes,No,Two year,Yes,Electronic check,84.95,5097.0,No,49–60 months,60–90
1623-NLDOT,Female,0,Yes,No,42,No,No,DSL,No,Yes,No,Yes,No,Yes,One year,No,Mailed check,33.55,1409.1,Yes,25–48 months,30–60
7021-XSNYE,Male,0,Yes,Yes,7,No,No,DSL,Yes,No,Yes,Yes,No,No,Two year,No,Credit card,49.65,347.55,No,0–12 months,30–60
9621-OUPYD,Female,0,Yes,No,25,Yes,No,No,No,No,No,No,No,Yes,One year,Yes,Bank transfer,20.2,505.0,No,25–48 months,Below 30
9898-KZQDZ,Female,1,Yes,Yes,40,Yes,Yes,Fiber optic,No,No,No,No,Yes,No,Month-to-month,Yes,Credit card,94.55,3782.0,Yes,25–48 months,Above 90
8982-NHAVY,Male,0,No,No,27,Yes,Yes,Fiber optic,No,No,Yes,No,Yes,Yes,One year,Yes,Bank transfer,100.5,2713.5,No,25–48 months,Above 90
4307-KWMXE,Male,0,No,No,10,No,No,DSL,No,Yes,No,Yes,No,Yes,Month-to-month,No,Electronic check,35.75,357.5,No,0–12 months,30–60
0141-YEAYS,Female,1,No,No,27,Yes,Yes,Fiber optic,No,Yes,Yes,No,No,No,Month-to-month,Yes,Bank transfer,86.45,2334.15,No,25–48 months,60–90
2450-ZKEED,Female,0,No,No,11,Yes,No,DSL,No,No,Yes,Yes,No,No,One year,No,Bank transfer,53.8,591.8,No,0–12 months,30–60
3694-DELSO,Male,0,Yes,Yes,4,No,No,DSL,Yes,No,No,No,Yes,No,Month-to-month,No,Credit card,38.55,154.2,No,0–12 months,30–60
3893-JRNFS,Male,0,No,No,68,No,No,DSL,No,No,Yes,No,No,No,Month-to-month,Yes,Bank transfer,39.9,2713.2,No,61+ months,30–60
9603-OAIHC,Male,1,No,No,1,Yes,No,Fiber optic,No,No,No,No,No,Yes,Month-to-month,Yes,Electronic check,70.05,70.05,No,0–12 months,60–90
1133-KXCGE,Female,0,No,No,18,Yes,No,No,No,No,No,No,No,No,One year,No,Mailed check,20.1,361.8,No,13–24 months,Below 30
5236-PERKL,Female,0,No,No,57,Yes,Yes,Fiber optic,Yes,Yes,Yes,No,Yes,No,Two year,Yes,Bank transfer,112.95,6438.15,Yes,49–60 months,Above 90
0142-GVYSN,Male,0,No,No,26,Yes,No,No,No,No,No,No,No,Yes,Month-to-month,Yes,Electronic check,20.3,527.8,No,25–48 months,Below 30
1049-FYSYG,Female,0,Yes,No,17,No,No,DSL,No,Yes,Yes,No,No,No,Month-to-month,Yes,Credit card,35.65,606.05,No,13–24 months,30–60
7854-FOKSF,Male,0,No,No,1,No,No,DSL,No,No,No,No,No,No,Month-to-month,No,Electronic check,35.9,35.9,Yes,0–12 months,30–60
2519-FAKOD,Male,0,No,Yes,38,Yes,Yes,Fiber optic,No,No,Yes,No,Yes,Yes,Month-to-month,Yes,Bank transfer,99.25,3771.5,Yes,25–48 months,Above 90
8406-LNMHF,Male,1,Yes,No,59,Yes,No,Fiber optic,Yes,Yes,Yes,No,No,Yes,One year,Yes,Credit card,82.95,4894.05,No,49–60 months,60–90
1821-BUCWY,Male,0,No,No,30,Yes,No,DSL,Yes,No,Yes,No,No,No,Two year,Yes,Mailed check,55.65,1669.5,No,25–48 months,30–60
8263-JQAIK,Male,1,No,No,2,No,No,DSL,No,No,No,No,No,No,Month-to-month,Yes,Mailed check,24.45,48.9,Yes,0–12 months,Below 30
0023-UYUPN,Female,1,Yes,No,50,Yes,Yes,No,No,No,No,No,No,No,One year,No,Electronic check,25.2,1260.0,No,49–60 months,Below 30
8314-DPQHL,Male,0,No,No,9,No,No,DSL,Yes,No,Yes,Yes,No,No,One year,No,Mailed check,50.8,457.2,No,0–12 months,30–60
1465-WCZVT,Female,0,Yes,Yes,3,Yes,No,No,No,No,No,No,No,Yes,Month-to-month,No,Mailed check,19.65,58.95,No,0–12 months,Below 30
9481-SFCQY,Female,0,No,Yes,14,Yes,No,DSL,No,No,Yes,No,Yes,No,Month-to-month,Yes,Credit card,59.8,837.2,No,13–24 months,30–60
6360-SVNWV,Female,1,No,No,31,Yes,No,Fiber optic,Yes,No,No,No,No,No,Month-to-month,Yes,Credit card,73.55,2280.05,No,25–48 months,60–90
0567-GGCAC,Female,0,No,No,7,Yes,No,DSL,Yes,Yes,Yes,No,No,No,Month-to-month,No,Electronic check,61.4,429.8,No,0–12 months,60–90
7089-IVVAZ,Female,0,No,No,8,Yes,Yes,Fiber optic,Yes,No,No,Yes,Yes,No,Month-to-month,Yes,Bank transfer,103.35,826.8,Yes,0–12 months,Above 90
8884-MRNSU,Male,0,Yes,Yes,17,Yes,No,No,No,No,No,No,No,Yes,One year,No,Bank transfer,19.9,338.3,No,13–24 months,Below 30
2171-UDMFD,Male,0,Yes,Yes,32,Yes,No,No,No,No,No,No,No,No,Month-to-month,Yes,Credit card,19.45,622.4,No,25–48 months,Below 30
9050-IKDZA,Female,1,No,No,2,Yes,No,Fiber optic,No,No,No,No,Yes,No,Month-to-month,No,Mailed check,81.5,163.0,No,0–12 months,60–90
2205-YMZZJ,Male,1,No,No,7,Yes,Yes,Fiber optic,No,No,No,No,Yes,No,Month-to-month,Yes,Electronic check,84.8,593.6,Yes,0–12 months,60–90
9802-CAQUT,Female,0,Yes,Yes,72,Yes,Yes,Fiber optic,Yes,Yes,Yes,No,Yes,No,Two year,No,Credit card,109.55,7887.6,No,61+ months,Above 90
1254-IZEYF,Female,1,No,No,31,Yes,Yes,Fiber optic,No,Yes,No,No,Yes,Yes,Month-to-month,Yes,Electronic check,99.95,3098.45,Yes,25–48 months,Above 90
0187-WZNAB,Female,0,Yes,Yes,27,Yes,No,Fiber optic,Yes,No,No,No,No,Yes,Month-to-month,No,Mailed check,74.4,2008.8,No,25–48 months,60–90
9492-TOKRI,Female,0,No,No,18,Yes,Yes,Fiber optic,No,Yes,No,No,Yes,No,Month-to-month,Yes,Credit card,90.0,1620.0,Yes,13–24 months,Above 90
1475-VWVDO,Male,0,No,No,7,Yes,No,Fiber optic,No,No,Yes,No,No,No,Month-to-month,Yes,Electronic check,74.9,524.3,No,0–12 months,60–90
9221-OTIVJ,Female,1,No,No,14,Yes,Yes,Fiber optic,No,Yes,Yes,No,Yes,No,Month-to-month,Yes,Electronic check,104.85,1467.9,Yes,13–24 months,Above 90
1357-MVDOZ,Male,0,Yes,Yes,11,Yes,No,DSL,No,No,Yes,No,Yes,Yes,Month-to-month,Yes,Bank transfer,59.65,656.15,No,0–12 months,30–60
7602-MVRMB,Female,0,Yes,Yes,72,Yes,Yes,Fiber optic,Yes,No,Yes,Yes,Yes,No,Two year,Yes,Bank transfer,110.45,7952.4,No,61+ months,Above 90
3325-FUYCG,Male,0,Yes,Yes,28,Yes,Yes,Fiber optic,Yes,Yes,No,No,Yes,Yes,One year,No,Electronic check,106.1,2970.8,Yes,25–48 months,Above 90
5908-QMGOE,Male,1,No,No,15,Yes,Yes,Fiber optic,No,No,No,No,No,Yes,Month-to-month,Yes,Credit card,74.2,1113.0,Yes,13–24 months,60–90
1197-BVMVG,Female,1,No,No,4,Yes,Yes,Fiber optic,No,No,No,No,No,No,Month-to-month,Yes,Electronic check,74.45,297.8,No,0–12 months,60–90
5406-KGRMX,Female,0,No,No,71,Yes,Yes,No,No,No,No,No,No,No,Two year,No,Electronic check,24.55,1743.05,No,61+ months,Below 30
8481-YYXWG,Female,0,No,No,5,Yes,No,Fiber optic,No,Yes,No,Yes,No,No,Month-to-month,Yes,Electronic check,89.35,446.75,Yes,0–12 months,60–90
5968-HYJRZ,Male,0,Yes,Yes,47,Yes,Yes,No,No,No,No,No,No,Yes,Two year,No,Mailed check,24.55,1153.85,No,25–48 months,Below 30
5198-EFNBM,Male,1,Yes,No,57,Yes,No,Fiber optic,No,Yes,Yes,No,Yes,No,One year,Yes,Electronic check,90.65,5167.05,No,49–60 months,Above 90
7516-GMHUV,Male,1,Yes,No,50,Yes,Yes,Fiber optic,Yes,No,Yes,No,Yes,No,Two year,Yes,Credit card,105.05,5252.5,No,49–60 months,Above 90
7140-ADSMJ,Male,0,No,No,8,Yes,No,No,No,No,No,No,No,Yes,Month-to-month,Yes,Credit card,20.45,163.6,No,0–12 months,Below 30
2230-XTUWL,Female,0,Yes,Yes,48,Yes,No,No,No,No,No,No,No,No,Two year,No,Mailed check,19.55,938.4,No,25–48 months,Below 30
7706-YLMQA,Female,0,No,No,70,Yes,No,No,No,No,No,No,No,No,One year,No,Bank transfer,19.7,1379.0,No,61+ months,Below 30
2585-KTFRE,Male,0,No,Yes,1,Yes,No,DSL,Yes,Yes,No,Yes,No,No,Month-to-month,Yes,Bank transfer,70.45,70.45,No,0–12 months,60–90
7994-UYIVZ,Male,0,Yes,No,8,Yes,Yes,Fiber optic,No,No,No,No,No,Yes,Month-to-month,Yes,Bank transfer,85.65,685.2,No,0–12 months,60–90
2609-IAICY,Female,0,No,No,1,Yes,Yes,Fiber optic,No,No,No,No,No,Yes,Month-to-month,Yes,Electronic check,77.15,77.15,Yes,0–12 months,60–90
1740-CSDJP,Male,0,No,No,1,No,No,DSL,No,No,No,No,No,No,Month-to-month,Yes,Bank transfer,35.25,35.25,Yes,0–12 months,30–60
7717-BICXI,Male,0,Yes,Yes,60,Yes,No,No,No,No,No,No,No,Yes,Two year,No,Mailed check,20.55,1233.0,No,49–60 months,Below 30
6559-RAKOZ,Male,0,Yes,Yes,49,Yes,Yes,Fiber optic,No,No,No,Yes,Yes,No,One year,Yes,Electronic check,97.95,4799.55,No,49–60 months,Above 90
2636-OHFMN,Male,0,Yes,No,4,No,No,DSL,No,Yes,No,No,Yes,Yes,Month-to-month,Yes,Electronic check,48.55,194.2,Yes,0–12 months,30–60
4716-MRVEN,Female,0,No,No,29,Yes,No,No,No,No,No,No,No,Yes,One year,No,Mailed check,20.0,580.0,No,25–48 months,Below 30
2143-LJULT,Female,0,Yes,No,67,Yes,Yes,No,No,No,No,No,No,No,Two year,Yes,Credit card,25.25,1691.75,No,61+ months,Below 30
1323-OOEPC,Female,0,Yes,No,53,Yes,Yes,Fiber optic,No,Yes,No,No,Yes,No,Month-to-month,Yes,Credit card,98.4,5215.2,Yes,49–60 months,Above 90
3200-MNQTF,Male,0,Yes,No,67,Yes,Yes,DSL,Yes,Yes,Yes,Yes,No,Yes,Two year,No,Credit card,70.9,4750.3,No,61+ months,60–90
6164-HXUGH,Female,0,Yes,Yes,6,Yes,No,No,No,No,No,No,No,No,Month-to-month,No,Mailed check,19.85,119.1,No,0–12 months,Below 30
5630-IXDXV,Female,0,No,No,47,Yes,Yes,Fiber optic,No,Yes,Yes,No,Yes,No,Month-to-month,Yes,Electronic check,106.35,4998.45,No,25–48 months,Above 90
0320-DWVTU,Female,0,No,No,53,Yes,No,Fiber optic,Yes,Yes,Yes,Yes,No,Yes,Two year,No,Mailed check,99.5,5273.5,No,49–60 months,Above 90
9135-MGVPY,Male,0,Yes,No,69,Yes,No,DSL,Yes,Yes,Yes,Yes,Yes,Yes,Two year,Yes,Mailed check,84.7,5844.3,No,61+ months,60–90
1212-GLHMD,Male,0,No,No,3,Yes,No,Fiber optic,Yes,No,No,No,No,Yes,Month-to-month,Yes,Mailed check,86.05,258.15,No,0–12 months,60–90
7878-JGDKK,Male,0,No,No,4,Yes,No,DSL,No,No,No,No,No,Yes,Month-to-month,No,Mailed check,44.55,178.2,No,0–12 months,30–60
1088-AUUZZ,Male,0,Yes,Yes,56,Yes,Yes,DSL,Yes,Yes,No,Yes,No,No,Two year,Yes,Credit card,75.85,4247.6,No,49–60 months,60–90
0397-GZBBC,Male,1,Yes,No,59,Yes,Yes,Fiber optic,No,No,No,No,Yes,Yes,Month-to-month,Yes,Bank transfer,93.85,5537.15,Yes,49–60 months,Above 90
6614-YWYSC,Male,1,Yes,No,61,Yes,Yes,No,No,No,No,No,No,Yes,Two year,No,Bank transfer,25.0,1525.0,No,61+ months,Below 30
9588-OZDMQ,Female,0,Yes,No,2,Yes,No,DSL,No,No,No,No,No,No,Month-to-month,Yes,Electronic check,45.0,90.0,No,0–12 months,30–60
7641-EUYET,Male,1,Yes,Yes,46,Yes,Yes,Fiber optic,Yes,Yes,Yes,No,Yes,No,Month-to-month,Yes,Electronic check,100.7,4632.2,Yes,25–48 months,Above 90
6476-EPYZR,Male,0,Yes,Yes,12,Yes,No,No,No,No,No,No,No,No,Month-to-month,No,Mailed check,20.5,246.0,No,0–12 months,Below 30
9921-ZVRHG,Female,0,No,No,14,Yes,Yes,Fiber optic,No,No,Yes,No,No,No,Month-to-month,Yes,Electronic check,80.45,1126.3,Yes,13–24 months,60–90
1174-FGIFN,Female,0,Yes,Yes,28,Yes,Yes,Fiber optic,No,No,No,Yes,No,No,One year,Yes,Electronic check,90.45,2532.6,No,25–48 months,Above 90
6620-HVDUJ,Male,0,No,No,24,Yes,No,DSL,Yes,Yes,No,Yes,No,Yes,Month-to-month,No,Bank transfer,60.45,1450.8,No,13–24 months,60–90
4701-MLJPN,Male,0,No,No,31,Yes,No,DSL,No,No,Yes,Yes,No,No,Month-to-month,Yes,Electronic check,55.25,1712.75,Yes,25–48 months,30–60
1032-MAELW,Female,0,Yes,Yes,68,Yes,Yes,DSL,Yes,Yes,Yes,Yes,No,No,One year,Yes,Electronic check,78.45,5334.6,No,61+ months,60–90
7641-TQFHN,Male,0,No,Yes,39,Yes,Yes,Fiber optic,No,No,No,Yes,Yes,Yes,Two year,No,Mailed check,100.55,3921.45,No,25–48 months,Above 90
1552-TKMXS,Female,0,Yes,No,42,Yes,No,No,No,No,No,No,No,Yes,Month-to-month,No,Credit card,20.35,854.7,No,25–48 months,Below 30
9206-GVPEQ,Male,0,Yes,No,13,No,No,DSL,Yes,No,No,Yes,Yes,No,Month-to-month,Yes,Electronic check,54.45,707.85,Yes,13–24 months,30–60
8622-ZLFKO,Female,0,Yes,No,6,Yes,Yes,Fiber optic,No,Yes,No,No,No,Yes,Month-to-month,Yes,Electronic check,90.75,544.5,No,0–12 months,Above 90
1596-BBVTG,Male,0,No,No,35,Yes,Yes,Fiber optic,No,No,No,No,No,Yes,Month-to-month,No,Credit card,75.35,2637.25,Yes,25–48 months,60–90
6188-UXBBR,Female,0,Yes,No,38,Yes,No,No,No,No,No,No,No,No,One year,Yes,Credit card,20.25,769.5,No,25–48 months,Below 30
2333-KWEWW,Male,0,No,No,18,Yes,No,No,No,No,No,No,No,No,Two year,No,Credit card,20.05,360.9,No,13–24 months,Below 30
5702-SKUOB,Female,0,Yes,No,4,Yes,No,No,No,No,No,No,No,No,Month-to-month,No,Mailed check,19.6,78.4,No,0–12 months,Below 30
1134-YWTYF,Male,0,Yes,No,27,Yes,No,DSL,No,Yes,No,Yes,No,No,Month-to-month,Yes,Electronic check,53.8,1452.6,No,25–48 months,30–60
6061-GWWAV,Male,0,No,Yes,41,Yes,No,DSL,Yes,Yes,Yes,No,Yes,No,One year,No,Mailed check,70.2,2878.2,No,25–48 months,60–90
0679-TDGAK,Male,0,Yes,Yes,50,Yes,No,DSL,Yes,No,No,Yes,Yes,No,One year,No,Electronic check,75.5,3775.0,No,49–60 months,60–90
6585-WCEWR,Male,0,Yes,Yes,72,Yes,No,No,No,No,No,No,No,Yes,Two year,No,Electronic check,20.35,1465.2,No,61+ months,Below 30
9067-YGSCA,Female,0,No,No,70,Yes,Yes,No,No,No,No,No,No,No,One year,No,Credit card,26.05,1823.5,No,61+ months,Below 30
9067-SQTNS,Male,0,Yes,Yes,44,Yes,No,No,No,No,No,No,No,No,One year,No,Bank transfer,20.6,906.4,No,25–48 months,Below 30
8433-WXGNA,Male,0,No,No,2,Yes,No,Fiber optic,Yes,No,No,No,No,No,Month-to-month,Yes,Electronic check,75.7,151.4,Yes,0–12 months,60–90
1776-SPBWV,Female,0,Yes,Yes,34,Yes,No,No,No,No,No,No,No,No,One year,Yes,Bank transfer,20.1,683.4,No,25–48 months,Below 30
8735-SDUFN,Female,1,Yes,No,72,Yes,Yes,No,No,No,No,No,No,No,Two year,No,Bank transfer,24.3,1749.6,No,61+ months,Below 30
9668-PUGNU,Male,0,Yes,No,71,Yes,Yes,No,No,No,No,No,No,No,Two year,Yes,Electronic check,24.5,1739.5,No,61+ months,Below 30
9405-GPBBG,Female,0,No,No,64,Yes,Yes,Fiber optic,No,Yes,Yes,Yes,Yes,No,Two year,Yes,Credit card,110.5,7072.0,No,61+ months,Above 90
1926-QUZNN,Female,0,Yes,No,72,Yes,Yes,No,No,No,No,No,No,Yes,Two year,Yes,Bank transfer,25.25,1818.0,No,61+ months,Below 30
3707-GNWHM,Male,0,No,No,1,Yes,Yes,Fiber optic,No,No,No,No,No,No,Month-to-month,Yes,Mailed check,74.25,74.25,Yes,0–12 months,60–90
7016-NVRIC,Male,1,Yes,No,29,Yes,No,Fiber optic,Yes,No,Yes,No,No,No,One year,No,Bank transfer,90.1,2612.9,No,25–48 months,Above 90
5829-NVSQN,Female,0,Yes,No,23,Yes,No,DSL,Yes,No,Yes,Yes,No,Yes,One year,Yes,Bank transfer,68.75,1581.25,No,13–24 months,60–90
9565-AXSMR,Male,0,Yes,Yes,52,Yes,No,No,No,No,No,No,No,Yes,Two year,No,Mailed check,19.2,998.4,No,49–60 months,Below 30
8922-LIEGH,Female,1,No,No,25,Yes,Yes,Fiber optic,No,Yes,No,No,No,No,Month-to-month,Yes,Electronic check,89.7,2242.5,Yes,25–48 months,60–90
8869-LIHMK,Female,0,No,No,64,Yes,Yes,Fiber optic,Yes,Yes,Yes,Yes,Yes,Yes,Two year,Yes,Bank transfer,115.1,7366.4,No,61+ months,Above 90
8245-UMPYT,Female,1,No,No,16,Yes,Yes,Fiber optic,No,No,No,No,Yes,Yes,Month-to-month,Yes,Electronic check,96.4,1542.4,Yes,13–24 months,Above 90
5186-SAMNZ,Male,1,No,No,1,Yes,No,Fiber optic,No,No,No,No,No,Yes,Month-to-month,Yes,Bank transfer,69.5,69.5,Yes,0–12 months,60–90
0447-RXSGD,Male,0,No,No,24,Yes,Yes,Fiber optic,No,Yes,No,No,Yes,No,Month-to-month,Yes,Bank transfer,99.65,2391.6,No,13–24 months,Above 90
4927-WWOOZ,Male,0,Yes,No,2,Yes,Yes,Fiber optic,No,No,Yes,No,Yes,Yes,Month-to-month,Yes,Electronic check,91.45,182.9,No,0–12 months,Above 90
5788-YPOEG,Female,0,Yes,Yes,34,Yes,No,DSL,Yes,Yes,Yes,Yes,Yes,No,Two year,No,Mailed check,84.75,2881.5,No,25–48 months,60–90
5373-SFODM,Male,1,Yes,No,36,Yes,Yes,Fiber optic,No,No,No,No,No,Yes,Month-to-month,Yes,Credit card,85.25,3069.0,Yes,25–48 months,60–90
0661-KBKPA,Male,0,Yes,Yes,53,Yes,Yes,DSL,No,No,Yes,Yes,Yes,Yes,One year,Yes,Mailed check,78.75,4173.75,No,49–60 months,60–90
9081-WWXKP,Female,0,Yes,Yes,47,Yes,No,No,No,No,No,No,No,Yes,Two year,No,Credit card,20.25,951.75,No,25–48 months,Below 30
0784-ZQJZX,Male,0,No,Yes,72,Yes,No,No,No,No,No,No,No,No,Two year,No,Credit card,19.9,1432.8,No,61+ months,Below 30
3133-PZNSR,Male,0,Yes,Yes,72,Yes,Yes,Fiber optic,Yes,Yes,No,Yes,No,No,Two year,Yes,Credit card,97.75,7038.0,No,61+ months,Above 90
5766-ZJYBB,Male,0,No,No,1,Yes,No,No,No,No,No,No,No,Yes,Month-to-month,No,Mailed check,19.4,19.4,Yes,0–12 months,Below 30
8931-GJJIQ,Female,0,No,No,9,Yes,Yes,Fiber optic,No,No,No,No,No,No,Month-to-month,Yes,Electronic check,83.3,749.7,Yes,0–12 months,60–90
4277-PVRAN,Female,0,No,No,8,Yes,No,Fiber optic,No,No,No,No,Yes,Yes,Month-to-month,Yes,Bank transfer,80.1,640.8,Yes,0–12 months,60–90
0022-TCJCI,Male,1,No,No,45,Yes,No,DSL,Yes,No,Yes,No,No,No,One year,No,Credit card,62.7,2821.5,Yes,25–48 months,60–90
0722-SVSFK,Female,0,No,No,7,Yes,No,Fiber optic,No,No,Yes,Yes,Yes,Yes,Month-to-month,Yes,Electronic check,100.4,702.8,No,0–12 months,Above 90
3612-YVGSJ,Female,0,Yes,No,71,Yes,Yes,No,No,No,No,No,No,Yes,Two year,Yes,Credit card,24.45,1735.95,No,61+ months,Below 30
9825-YCXWZ,Female,1,No,No,41,Yes,No,Fiber optic,No,No,Yes,Yes,Yes,No,One year,Yes,Bank transfer,101.1,4145.1,No,25–48 months,Above 90
5397-NSKQG,Male,0,Yes,Yes,67,No,No,DSL,Yes,No,No,No,Yes,Yes,Two year,No,Credit card,50.9,3410.3,No,61+ months,30–60
8565-HBFNN,Male,0,Yes,No,69,Yes,Yes,Fiber optic,Yes,Yes,Yes,Yes,No,Yes,One year,Yes,Credit card,107.2,7396.8,No,61+ months,Above 90
2000-DHJUY,Female,1,Yes,No,70,Yes,Yes,DSL,Yes,Yes,Yes,Yes,Yes,Yes,Two year,Yes,Bank transfer,92.2,6454.0,No,61+ months,Above 90
0203-HHYIJ,Male,0,No,No,25,Yes,Yes,No,No,No,No,No,No,Yes,One year,No,Bank transfer,25.3,632.5,Yes,25–48 months,Below 30
8670-ERCJH,Male,0,No,No,72,Yes,Yes,Fiber optic,Yes,Yes,Yes,Yes,Yes,No,Two year,No,Bank transfer,113.4,8164.8,No,61+ months,Above 90
7758-UJWYS,Male,0,Yes,Yes,34,No,No,DSL,No,No,No,Yes,Yes,Yes,Two year,Yes,Electronic check,40.55,1378.7,No,25–48 months,30–60
2050-ONYDQ,Female,0,Yes,Yes,65,Yes,Yes,No,No,No,No,No,No,No,Two year,No,Credit card,26.0,1690.0,No,61+ months,Below 30
7055-JCGNI,Female,0,No,No,70,Yes,Yes,Fiber optic,Yes,Yes,Yes,Yes,Yes,No,Two year,Yes,Credit card,111.95,7836.5,No,61+ months,Above 90
0739-UUAJR,Female,0,Yes,Yes,72,No,No,DSL,Yes,No,Yes,No,Yes,Yes,Two year,Yes,Credit card,53.8,3873.6,No,61+ months,30–60
4826-DXMUP,Male,0,No,Yes,35,Yes,No,DSL,No,No,No,Yes,Yes,Yes,One year,Yes,Mailed check,72.1,2523.5,No,25–48 months,60–90
0952-KMEEH,Male,0,No,No,13,Yes,Yes,Fiber optic,Yes,No,No,No,Yes,Yes,Month-to-month,No,Mailed check,98.15,1275.95,Yes,13–24 months,Above 90
7285-KLOTR,Female,0,Yes,No,12,Yes,Yes,DSL,Yes,No,Yes,No,Yes,Yes,One year,No,Electronic check,78.85,946.2,No,0–12 months,60–90
0654-PQKDW,Female,0,Yes,Yes,62,Yes,No,DSL,Yes,No,Yes,Yes,Yes,Yes,One year,Yes,Bank transfer,70.75,4386.5,No,61+ months,60–90
7175-NTIXE,Female,0,No,No,25,Yes,No,DSL,Yes,No,No,Yes,Yes,No,Month-to-month,Yes,Credit card,76.15,1903.75,No,25–48 months,60–90
7963-SHNDT,Female,0,No,No,52,No,No,DSL,Yes,Yes,No,Yes,No,Yes,Two year,No,Mailed check,39.1,2033.2,No,49–60 months,30–60
9796-BPKIW,Male,1,No,No,8,Yes,No,Fiber optic,No,No,No,No,No,No,Month-to-month,Yes,Credit card,69.95,559.6,No,0–12 months,60–90
0188-GWFLE,Male,0,No,No,2,Yes,No,No,No,No,No,No,No,No,Month-to-month,No,Mailed check,20.05,40.1,No,0–12 months,Below 30
8129-GMVGI,Female,0,Yes,Yes,56,Yes,No,No,No,No,No,No,No,No,Two year,No,Mailed check,20.05,1122.8,No,49–60 months,Below 30
2882-DDZPG,Female,0,No,No,12,Yes,No,No,No,No,No,No,No,No,Month-to-month,No,Bank transfer,19.45,233.4,No,0–12 months,Below 30
3547-LQRIK,Female,0,Yes,No,47,Yes,Yes,No,No,No,No,No,No,No,One year,No,Electronic check,26.9,1264.3,No,25–48 months,Below 30
9137-NOQKA,Male,1,No,No,2,Yes,No,No,No,No,No,No,No,No,Month-to-month,No,Electronic check,19.2,38.4,No,0–12 months,Below 30
5843-TTHGI,Female,0,No,No,18,Yes,No,DSL,No,No,Yes,No,No,No,Month-to-month,Yes,Mailed check,50.0,900.0,No,13–24 months,30–60
1849-RJYIG,Female,0,No,No,8,Yes,No,DSL,Yes,No,No,No,Yes,No,Month-to-month,Yes,Electronic check,60.0,480.0,No,0–12 months,60–90
8868-GAGIO,Male,0,Yes,No,45,Yes,Yes,Fiber optic,Yes,No,Yes,No,No,No,Month-to-month,Yes,Mailed check,84.55,3804.75,No,25–48 months,60–90
4061-UKJWL,Male,0,No,No,3,Yes,No,DSL,No,No,No,No,No,No,Month-to-month,No,Mailed check,45.45,136.35,No,0–12 months,30–60
5380-XPJNZ,Female,0,No,No,38,Yes,No,No,No,No,No,No,No,No,One year,No,Mailed check,20.05,761.9,No,25–48 months,Below 30
8263-QMNTJ,Male,0,Yes,No,72,Yes,Yes,Fiber optic,Yes,Yes,Yes,Yes,Yes,No,Two year,Yes,Electronic check,115.55,8319.6,No,61+ months,Above 90
8178-EYZUO,Male,0,No,No,46,Yes,Yes,Fiber optic,Yes,Yes,No,No,No,Yes,Month-to-month,Yes,Electronic check,93.7,4310.2,Yes,25–48 months,Above 90
3230-JCNZS,Female,0,Yes,Yes,71,Yes,Yes,Fiber optic,Yes,Yes,Yes,No,Yes,Yes,Two year,Yes,Credit card,99.0,7029.0,No,61+ months,Above 90
0277-ORXQS,Male,0,Yes,Yes,66,No,No,DSL,No,No,No,Yes,Yes,No,Two year,No,Bank transfer,50.55,3336.3,No,61+ months,30–60
5130-IEKQT,Male,1,No,No,25,Yes,Yes,Fiber optic,No,Yes,Yes,No,Yes,Yes,Month-to-month,No,Mailed check,105.95,2648.75,Yes,25–48 months,Above 90
3230-WYKIR,Male,0,No,No,18,Yes,Yes,DSL,No,No,Yes,Yes,Yes,Yes,One year,Yes,Credit card,82.0,1476.0,Yes,13–24 months,60–90
7996-BPXHY,Female,0,Yes,Yes,13,Yes,Yes,No,No,No,No,No,No,Yes,Two year,Yes,Bank transfer,25.0,325.0,No,13–24 months,Below 30
3227-WLKLI,Female,0,Yes,Yes,65,Yes,Yes,DSL,Yes,Yes,Yes,Yes,Yes,No,Two year,No,Bank transfer,91.55,5950.75,No,61+ months,Above 90
0407-BDJKB,Male,0,Yes,No,60,Yes,Yes,Fiber optic,No,Yes,Yes,No,Yes,Yes,Month-to-month,Yes,Electronic check,95.75,5745.0,Yes,49–60 months,Above 90
2266-FUBDZ,Male,0,Yes,Yes,15,Yes,No,No,No,No,No,No,No,No,Two year,No,Mailed check,19.35,290.25,No,13–24 months,Below 30
8237-ULIXL,Female,0,Yes,No,72,Yes,Yes,No,No,No,No,No,No,No,Two year,No,Credit card,24.85,1789.2,No,61+ months,Below 30
9600-UDOPK,Male,0,Yes,No,30,Yes,Yes,Fiber optic,No,No,No,No,Yes,No,Month-to-month,Yes,Credit card,94.05,2821.5,Yes,25–48 months,Above 90
8216-AZUUZ,Female,0,Yes,Yes,42,Yes,No,Fiber optic,No,No,Yes,Yes,Yes,Yes,Two year,Yes,Electronic check,100.4,4216.8,No,25–48 months,Above 90
9153-BTBVV,Female,0,Yes,No,71,Yes,Yes,No,No,No,No,No,No,Yes,Two year,No,Bank transfer,25.0,1775.0,No,61+ months,Below 30
4074-SJFFA,Female,0,No,No,1,Yes,No,DSL,No,No,No,No,No,No,Month-to-month,Yes,Mailed check,54.75,54.75,Yes,0–12 months,30–60
3269-ATYWD,Male,1,No,No,39,Yes,Yes,Fiber optic,No,No,No,No,Yes,Yes,Month-to-month,Yes,Bank transfer,95.65,3730.35,Yes,25–48 months,Above 90
5186-PEIZU,Female,0,No,No,35,Yes,No,No,No,No,No,No,No,Yes,Month-to-month,No,Bank transfer,19.25,673.75,No,25–48 months,Below 30
1074-AMIOH,Female,0,Yes,Yes,53,Yes,No,Fiber optic,No,Yes,Yes,Yes,Yes,No,Month-to-month,Yes,Bank transfer,108.25,5737.25,No,49–60 months,Above 90
4910-GMJOT,Female,0,No,No,1,Yes,Yes,Fiber optic,No,No,No,No,Yes,Yes,Month-to-month,Yes,Electronic check,94.6,94.6,Yes,0–12 months,Above 90
0354-WYROK,Female,1,Yes,Yes,31,Yes,No,Fiber optic,No,No,Yes,Yes,Yes,Yes,Month-to-month,Yes,Electronic check,98.9,3065.9,Yes,25–48 months,Above 90
4361-FEBGN,Male,0,No,No,48,Yes,No,No,No,No,No,No,No,Yes,Two year,No,Credit card,20.15,967.2,No,25–48 months,Below 30
7748-UMTRK,Female,1,No,Yes,30,Yes,Yes,Fiber optic,No,No,No,Yes,Yes,No,Month-to-month,Yes,Electronic check,101.3,3039.0,No,25–48 months,Above 90
0380-ZCSBI,Male,0,No,No,10,Yes,No,No,No,No,No,No,No,Yes,Month-to-month,No,Credit card,20.0,200.0,No,0–12 months,Below 30
7145-FEJWU,Female,0,No,Yes,12,Yes,Yes,Fiber optic,No,Yes,Yes,No,Yes,No,Month-to-month,Yes,Electronic check,105.3,1263.6,No,0–12 months,Above 90
6463-MVYRY,Female,1,No,No,57,Yes,No,DSL,Yes,No,Yes,Yes,Yes,Yes,Two year,No,Bank transfer,69.85,3981.45,No,49–60 months,60–90
3969-JQABI,Female,0,Yes,No,58,Yes,No,DSL,Yes,Yes,No,No,Yes,No,Month-to-month,Yes,Credit card,65.25,3784.5,No,49–60 months,60–90
9624-EGDEQ,Female,0,No,No,37,Yes,No,No,No,No,No,No,No,No,Two year,No,Mailed check,19.8,732.6,No,25–48 months,Below 30
1051-EQPZR,Female,0,Yes,Yes,44,Yes,No,No,No,No,No,No,No,No,Month-to-month,No,Mailed check,19.6,862.4,No,25–48 months,Below 30
5849-ASHZJ,Male,0,No,Yes,27,Yes,No,No,No,No,No,No,No,No,One year,No,Credit card,20.05,541.35,No,25–48 months,Below 30
5780-INQIK,Female,0,No,No,8,Yes,No,DSL,No,No,No,Yes,No,No,Month-to-month,No,Electronic check,49.4,395.2,No,0–12 months,30–60
7576-OYWBN,Male,1,No,No,3,Yes,Yes,Fiber optic,No,No,No,No,No,No,Month-to-month,Yes,Electronic check,76.05,228.15,Yes,0–12 months,60–90
4526-ZJJTM,Female,1,Yes,No,25,Yes,No,Fiber optic,No,Yes,Yes,No,No,No,Month-to-month,No,Bank transfer,88.4,2210.0,No,25–48 months,60–90
8384-FZBJK,Female,0,Yes,Yes,57,Yes,Yes,Fiber optic,No,Yes,No,No,Yes,Yes,Month-to-month,Yes,Electronic check,100.6,5734.2,No,49–60 months,Above 90
3750-RNQKR,Female,0,No,No,12,Yes,No,No,No,No,No,No,No,Yes,Month-to-month,No,Mailed check,19.45,233.4,No,0–12 months,Below 30
0962-CQPWQ,Female,0,Yes,Yes,62,Yes,No,No,No,No,No,No,No,No,Two year,No,Bank transfer,20.3,1258.6,No,61+ months,Below 30
3096-YXENJ,Female,0,Yes,No,65,Yes,Yes,Fiber optic,No,Yes,Yes,Yes,Yes,No,Two year,Yes,Bank transfer,107.65,6997.25,No,61+ months,Above 90
1265-BCFEO,Female,0,Yes,No,71,Yes,Yes,DSL,No,No,Yes,Yes,Yes,Yes,Two year,Yes,Bank transfer,80.45,5711.95,No,61+ months,60–90
5837-LXSDN,Female,0,Yes,Yes,21,Yes,No,DSL,No,Yes,No,No,Yes,Yes,One year,Yes,Credit card,58.85,1235.85,No,13–24 months,30–60
5945-AZYHT,Male,0,Yes,No,71,Yes,Yes,Fiber optic,Yes,Yes,Yes,No,Yes,No,One year,Yes,Electronic check,109.6,7781.6,No,61+ months,Above 90
8325-QRPZR,Female,0,No,No,7,Yes,No,Fiber optic,No,No,Yes,No,No,Yes,Month-to-month,Yes,Electronic check,75.15,526.05,No,0–12 months,60–90
6384-VMJHP,Female,0,No,No,72,Yes,No,DSL,Yes,Yes,Yes,Yes,No,No,Two year,Yes,Credit card,73.0,5256.0,No,61+ months,60–90
2262-SLNVK,Female,0,No,No,1,Yes,No,Fiber optic,No,No,No,No,No,Yes,Month-to-month,No,Electronic check,70.1,70.1,No,0–12 months,60–90
7730-CLDSV,Female,0,Yes,Yes,72,Yes,Yes,Fiber optic,No,Yes,Yes,Yes,No,No,Two year,Yes,Bank transfer,98.65,7102.8,No,61+ months,Above 90
1135-HIORI,Female,0,Yes,Yes,64,Yes,Yes,Fiber optic,No,Yes,Yes,Yes,Yes,Yes,One year,Yes,Electronic check,111.45,7132.8,No,61+ months,Above 90
0164-APGRB,Female,0,No,No,72,Yes,Yes,Fiber optic,Yes,Yes,Yes,Yes,Yes,Yes,Two year,Yes,Electronic check,114.9,8272.8,No,61+ months,Above 90
6481-ESCNL,Female,0,No,No,29,Yes,Yes,Fiber optic,No,No,Yes,No,Yes,Yes,Month-to-month,No,Bank transfer,100.55,2915.95,No,25–48 months,Above 90
1790-NESIO,Female,0,No,No,13,Yes,No,No,No,No,No,No,No,Yes,Two year,Yes,Mailed check,20.4,265.2,No,13–24 months,Below 30
1550-EENBN,Female,0,No,No,31,Yes,Yes,Fiber optic,Yes,Yes,No,No,Yes,No,Month-to-month,No,Electronic check,104.35,3234.85,No,25–48 months,Above 90
5539-TMZLF,Male,1,No,No,1,Yes,No,Fiber optic,No,No,No,No,No,Yes,Month-to-month,Yes,Electronic check,69.75,69.75,Yes,0–12 months,60–90
4323-SADQS,Male,0,Yes,Yes,7,No,No,DSL,Yes,No,No,Yes,No,No,Month-to-month,Yes,Electronic check,34.5,241.5,Yes,0–12 months,30–60
4446-BZKHU,Male,0,Yes,No,61,Yes,Yes,Fiber optic,No,Yes,Yes,No,Yes,No,Month-to-month,Yes,Electronic check,105.55,6438.55,Yes,61+ months,Above 90
5202-IVJNU,Female,0,No,Yes,39,No,No,DSL,No,No,Yes,No,No,Yes,Month-to-month,No,Credit card,30.1,1173.9,Yes,25–48 months,30–60
5976-JCJRH,Male,0,Yes,No,10,Yes,No,Fiber optic,No,No,No,No,No,No,Month-to-month,Yes,Electronic check,70.3,703.0,Yes,0–12 months,60–90
8198-RKSZG,Female,0,Yes,Yes,14,Yes,Yes,DSL,No,Yes,No,Yes,Yes,No,Month-to-month,No,Credit card,80.45,1126.3,No,13–24 months,60–90
0137-OCGAB,Female,0,No,No,1,Yes,Yes,Fiber optic,No,Yes,No,No,No,Yes,Month-to-month,Yes,Mailed check,80.2,80.2,Yes,0–12 months,60–90
3351-NQLDI,Female,0,Yes,Yes,67,Yes,Yes,Fiber optic,Yes,No,No,Yes,No,No,One year,Yes,Credit card,94.35,6321.45,Yes,61+ months,Above 90
9297-EONCV,Female,0,No,No,72,Yes,Yes,DSL,Yes,Yes,Yes,Yes,Yes,Yes,Two year,Yes,Bank transfer,91.35,6577.2,No,61+ months,Above 90
7593-JNWRU,Male,0,Yes,Yes,6,Yes,No,DSL,No,No,No,No,No,Yes,Month-to-month,Yes,Bank transfer,44.6,267.6,Yes,0–12 months,30–60
4588-YBNIB,Female,0,No,No,1,Yes,No,No,No,No,No,No,No,No,Month-to-month,Yes,Mailed check,19.6,19.6,Yes,0–12 months,Below 30
1069-QJOEE,Male,0,Yes,Yes,25,Yes,No,No,No,No,No,No,No,No,One year,No,Electronic check,19.9,497.5,No,25–48 months,Below 30
3336-JORSO,Female,1,No,No,33,Yes,Yes,Fiber optic,No,Yes,Yes,Yes,Yes,No,Month-to-month,Yes,Electronic check,110.45,3644.85,Yes,25–48 months,Above 90
7799-DSEWS,Male,0,No,No,18,Yes,No,DSL,Yes,No,Yes,Yes,Yes,Yes,Month-to-month,Yes,Electronic check,68.35,1230.3,No,13–24 months,60–90
8766-PAFNE,Male,0,Yes,No,71,Yes,No,DSL,No,Yes,Yes,Yes,Yes,No,Two year,Yes,Credit card,79.1,5616.1,No,61+ months,60–90
5315-CKEQK,Male,1,Yes,Yes,28,Yes,Yes,DSL,No,No,No,No,No,Yes,One year,Yes,Electronic check,51.0,1428.0,No,25–48 months,30–60
3130-ICDUP,Female,0,No,Yes,2,Yes,Yes,Fiber optic,Yes,No,No,No,No,No,Month-to-month,No,Credit card,80.55,161.1,No,0–12 months,60–90
0820-FNRNX,Male,0,Yes,Yes,17,Yes,Yes,DSL,No,Yes,Yes,Yes,No,No,Month-to-month,Yes,Mailed check,66.7,1133.9,No,13–24 months,60–90
0880-FVFWF,Male,0,No,No,56,Yes,Yes,Fiber optic,Yes,Yes,No,No,No,No,Month-to-month,Yes,Electronic check,86.4,4838.4,No,49–60 months,60–90
4611-ANLQC,Female,0,Yes,No,60,No,No,DSL,Yes,Yes,Yes,No,No,No,One year,No,Electronic check,50.05,3003.0,No,49–60 months,30–60
4213-HKBJO,Female,0,No,No,33,Yes,Yes,No,No,No,No,No,No,Yes,Two year,No,Credit card,25.7,848.1,No,25–48 months,Below 30
2792-LSHWX,Female,0,No,No,1,Yes,No,Fiber optic,Yes,Yes,No,Yes,No,No,Month-to-month,Yes,Mailed check,83.4,83.4,No,0–12 months,60–90
5028-GZLDO,Male,0,No,No,2,Yes,No,Fiber optic,No,No,No,No,No,No,Month-to-month,No,Credit card,70.7,141.4,Yes,0–12 months,60–90
0014-BMAQU,Male,0,Yes,No,63,Yes,Yes,Fiber optic,Yes,No,No,Yes,No,No,Two year,Yes,Credit card,84.65,5332.95,No,61+ months,60–90
6861-XWTWQ,Male,1,Yes,No,7,Yes,Yes,Fiber optic,No,No,Yes,No,Yes,No,Month-to-month,Yes,Electronic check,99.25,694.75,Yes,0–12 months,Above 90
9018-PCIOK,Female,0,No,No,55,Yes,No,DSL,No,Yes,Yes,No,No,Yes,Two year,Yes,Mailed check,64.75,3561.25,No,49–60 months,60–90
4837-QUSFT,Female,0,Yes,No,65,Yes,Yes,Fiber optic,Yes,Yes,No,Yes,Yes,Yes,One year,Yes,Bank transfer,100.15,6509.75,No,61+ months,Above 90
6877-TJMBR,Male,0,Yes,No,1,Yes,No,Fiber optic,No,No,No,Yes,Yes,No,Month-to-month,Yes,Electronic check,84.8,84.8,Yes,0–12 months,60–90
9953-ZMKSM,Male,0,No,No,63,Yes,Yes,No,No,No,No,No,No,No,Two year,No,Mailed check,25.25,1590.75,No,61+ months,Below 30
0907-HQNTS,Female,1,Yes,No,70,Yes,Yes,Fiber optic,Yes,Yes,Yes,Yes,Yes,No,Two year,Yes,Credit card,113.0,7910.0,No,61+ months,Above 90
7665-NKLAV,Female,0,Yes,Yes,36,No,No,DSL,Yes,No,Yes,Yes,No,Yes,Two year,No,Credit card,40.65,1463.4,No,25–48 months,30–60
6769-DCQLI,Male,0,No,No,52,Yes,No,Fiber optic,No,Yes,Yes,Yes,Yes,No,One year,Yes,Bank transfer,105.0,5460.0,Yes,49–60 months,Above 90
2433-KMEAS,Male,0,No,No,22,Yes,Yes,DSL,Yes,No,No,No,No,Yes,Month-to-month,Yes,Electronic check,54.45,1197.9,Yes,13–24 months,30–60
4391-LNRXK,Male,0,No,No,22,Yes,No,Fiber optic,No,Yes,Yes,Yes,No,No,Month-to-month,Yes,Bank transfer,94.95,2088.9,No,13–24 months,Above 90
8250-ZNGGW,Female,1,No,No,5,Yes,No,DSL,Yes,Yes,No,Yes,No,Yes,Month-to-month,No,Credit card,59.9,299.5,No,0–12 months,30–60
2195-ZRVAX,Female,0,Yes,No,47,Yes,No,Fiber optic,No,No,Yes,No,No,No,Month-to-month,Yes,Electronic check,85.3,4009.1,Yes,25–48 months,60–90
3550-SAHFP,Female,0,No,No,33,Yes,Yes,Fiber optic,No,No,No,No,No,Yes,Month-to-month,Yes,Electronic check,83.35,2750.55,Yes,25–48 months,60–90
2011-TRQYE,Male,0,No,No,18,No,No,DSL,No,Yes,Yes,No,No,Yes,Month-to-month,Yes,Credit card,33.5,603.0,Yes,13–24 months,30–60
8562-GHPPI,Female,0,No,No,1,Yes,No,No,No,No,No,No,No,No,Month-to-month,No,Credit card,19.8,19.8,No,0–12 months,Below 30
5893-PYOLZ,Male,0,No,No,56,Yes,No,DSL,No,Yes,Yes,Yes,Yes,No,Two year,Yes,Credit card,81.8,4580.8,No,49–60 months,60–90
4986-MXSFP,Female,0,No,No,2,Yes,No,No,No,No,No,No,No,Yes,Month-to-month,Yes,Mailed check,20.0,40.0,No,0–12 months,Below 30
6131-FOYAS,Male,0,No,No,35,Yes,Yes,DSL,Yes,No,Yes,No,No,No,Month-to-month,Yes,Electronic check,59.6,2086.0,No,25–48 months,30–60
3027-YNWZU,Female,0,Yes,No,64,Yes,Yes,No,No,No,No,No,No,No,Two year,No,Credit card,25.0,1600.0,No,61+ months,Below 30
5609-IMCGG,Female,0,No,No,15,Yes,Yes,Fiber optic,Yes,No,Yes,No,No,No,Month-to-month,Yes,Credit card,84.35,1265.25,No,13–24 months,60–90
4873-ILOLJ,Male,0,No,No,24,Yes,No,Fiber optic,No,No,No,No,Yes,No,Month-to-month,Yes,Electronic check,90.35,2168.4,Yes,13–24 months,Above 90
4727-MCYZG,Male,0,No,No,1,Yes,No,DSL,No,No,No,No,No,Yes,Month-to-month,No,Mailed check,55.55,55.55,No,0–12 months,30–60
9481-WHGWY,Female,0,Yes,Yes,70,Yes,No,DSL,Yes,No,No,Yes,Yes,Yes,Two year,No,Credit card,75.35,5274.5,No,61+ months,60–90
2725-KXXWT,Male,0,Yes,No,1,Yes,No,Fiber optic,No,No,No,No,Yes,Yes,Month-to-month,Yes,Electronic check,90.75,90.75,Yes,0–12 months,Above 90
9565-DJPIB,Female,0,No,Yes,4,Yes,Yes,Fiber optic,No,Yes,No,No,Yes,Yes,Month-to-month,No,Mailed check,89.6,358.4,Yes,0–12 months,60–90
4328-VUFWD,Female,0,No,No,39,Yes,No,DSL,No,No,No,Yes,No,No,One year,No,Electronic check,59.3,2312.7,No,25–48 months,30–60
3301-LSLWQ,Female,0,No,No,29,Yes,Yes,DSL,Yes,No,No,No,No,Yes,Month-to-month,Yes,Electronic check,66.1,1916.9,No,25–48 months,60–90
7473-ZBDSN,Female,0,Yes,Yes,14,Yes,No,No,No,No,No,No,No,Yes,Two year,No,Mailed check,18.8,263.2,No,13–24 months,Below 30
3166-PNEOF,Female,0,No,No,61,Yes,Yes,DSL,Yes,No,Yes,Yes,Yes,No,Two year,No,Credit card,86.45,5273.45,No,61+ months,60–90
5639-NTUPK,Male,0,No,Yes,13,Yes,No,DSL,Yes,No,No,No,No,Yes,Month-to-month,Yes,Credit card,52.1,677.3,No,13–24 months,30–60
8780-YRMTT,Female,0,No,No,66,No,No,DSL,Yes,Yes,Yes,Yes,No,No,Two year,Yes,Mailed check,47.4,3128.4,No,61+ months,30–60
8348-HFYIV,Male,0,No,No,2,No,No,DSL,No,No,Yes,No,Yes,No,Month-to-month,Yes,Electronic check,49.25,98.5,Yes,0–12 months,30–60
5140-FOMCQ,Female,0,Yes,No,59,Yes,Yes,Fiber optic,Yes,Yes,Yes,No,Yes,Yes,One year,Yes,Credit card,109.15,6439.85,No,49–60 months,Above 90
6242-SGYTS,Male,0,Yes,Yes,62,Yes,Yes,Fiber optic,Yes,Yes,No,No,Yes,Yes,One year,Yes,Credit card,94.95,5886.9,No,61+ months,Above 90
8166-ORCHU,Male,1,Yes,No,33,Yes,No,Fiber optic,Yes,Yes,No,Yes,No,No,One year,Yes,Electronic check,93.55,3087.15,No,25–48 months,Above 90
8414-OOEEL,Male,0,No,Yes,66,Yes,No,DSL,No,Yes,Yes,Yes,Yes,Yes,Two year,Yes,Credit card,79.5,5247.0,No,61+ months,60–90
8454-AATJP,Female,0,No,No,72,Yes,Yes,Fiber optic,Yes,Yes,Yes,Yes,Yes,Yes,Two year,No,Credit card,115.05,8283.6,No,61+ months,Above 90
6849-WLEYG,Male,0,No,Yes,1,Yes,No,No,No,No,No,No,No,Yes,Month-to-month,No,Mailed check,19.75,19.75,Yes,0–12 months,Below 30
4659-NZRUF,Female,0,No,No,19,Yes,Yes,Fiber optic,Yes,Yes,No,No,No,No,Month-to-month,Yes,Electronic check,95.15,1807.85,Yes,13–24 months,Above 90
4531-AUZNK,Female,0,Yes,Yes,51,Yes,Yes,Fiber optic,Yes,No,No,Yes,Yes,Yes,One year,Yes,Mailed check,95.15,4852.65,No,49–60 months,Above 90
4191-XOVOM,Male,0,No,No,63,Yes,Yes,Fiber optic,No,Yes,No,Yes,Yes,No,Month-to-month,No,Electronic check,105.4,6640.2,No,61+ months,Above 90
2150-OEGBV,Male,0,No,No,27,Yes,No,No,No,No,No,No,No,Yes,One year,No,Bank transfer,20.1,542.7,No,25–48 months,Below 30
8429-XIBUM,Male,0,No,No,22,Yes,Yes,Fiber optic,Yes,No,No,No,Yes,No,Month-to-month,Yes,Bank transfer,101.35,2229.7,Yes,13–24 months,Above 90
1855-CFULU,Female,1,No,No,4,Yes,No,No,No,No,No,No,No,Yes,Month-to-month,No,Mailed check,20.05,80.2,No,0–12 months,Below 30
4878-BUNFV,Male,0,Yes,Yes,42,Yes,No,No,No,No,No,No,No,No,Two year,No,Mailed check,20.7,869.4,No,25–48 months,Below 30
1872-EBWSC,Female,0,No,No,29,Yes,No,No,No,No,No,No,No,No,One year,No,Mailed check,20.35,590.15,No,25–48 months,Below 30
2608-BHKFN,Female,0,No,No,4,Yes,No,Fiber optic,No,No,No,No,No,No,Month-to-month,Yes,Credit card,70.05,280.2,Yes,0–12 months,60–90
7026-YMSBE,Male,0,No,No,30,Yes,No,No,No,No,No,No,No,No,One year,No,Mailed check,19.7,591.0,No,25–48 months,Below 30
7341-LXCAF,Male,0,Yes,No,4,Yes,Yes,Fiber optic,No,No,No,No,No,No,Month-to-month,Yes,Electronic check,74.65,298.6,Yes,0–12 months,60–90
6997-UVGOX,Male,0,Yes,Yes,71,Yes,No,DSL,Yes,Yes,Yes,Yes,Yes,No,Two year,No,Bank transfer,85.45,6066.95,No,61+ months,60–90
9674-EHPPG,Male,0,Yes,No,46,No,No,DSL,Yes,No,Yes,Yes,No,Yes,Two year,No,Credit card,40.4,1858.4,No,25–48 months,30–60
9462-MJUAW,Male,0,No,No,4,Yes,Yes,DSL,No,No,No,No,No,No,Month-to-month,No,Mailed check,50.4,201.6,Yes,0–12 months,30–60
8128-YVJRG,Female,0,No,No,7,Yes,Yes,Fiber optic,Yes,No,No,No,No,No,Month-to-month,Yes,Mailed check,79.65,557.55,Yes,0–12 months,60–90
5440-VHLUL,Male,0,No,No,69,Yes,Yes,Fiber optic,No,Yes,No,Yes,Yes,No,One year,Yes,Bank transfer,105.2,7258.8,No,61+ months,Above 90
5781-BKHOP,Female,0,Yes,No,72,Yes,Yes,Fiber optic,Yes,Yes,Yes,No,Yes,Yes,Two year,No,Bank transfer,100.65,7246.8,No,61+ months,Above 90
4283-FUTGF,Male,1,No,No,19,Yes,Yes,Fiber optic,No,No,Yes,No,No,No,Month-to-month,Yes,Electronic check,79.85,1517.15,Yes,13–24 months,60–90
5213-TWWJU,Male,0,No,No,28,Yes,No,Fiber optic,No,No,Yes,Yes,No,No,Month-to-month,No,Electronic check,91.0,2548.0,No,25–48 months,Above 90
1569-TTNYJ,Male,0,Yes,No,5,Yes,Yes,Fiber optic,No,Yes,No,No,No,Yes,Month-to-month,Yes,Electronic check,78.75,393.75,Yes,0–12 months,60–90
8628-MFKAX,Female,1,Yes,No,72,Yes,Yes,Fiber optic,Yes,Yes,Yes,Yes,Yes,No,Two year,Yes,Credit card,116.75,8406.0,No,61+ months,Above 90
2397-BRLOM,Male,1,Yes,Yes,8,Yes,No,Fiber optic,No,No,No,No,Yes,Yes,Month-to-month,Yes,Credit card,80.45,643.6,Yes,0–12 months,60–90
7629-WIXZF,Female,0,No,No,7,Yes,No,DSL,Yes,No,No,No,No,No,One year,Yes,Electronic check,59.1,413.7,No,0–12 months,30–60
5445-GLVOT,Female,0,No,No,22,Yes,No,DSL,Yes,No,No,No,No,Yes,Month-to-month,Yes,Electronic check,49.8,1095.6,No,13–24 months,30–60
3976-HXHCE,Male,0,No,No,72,Yes,No,No,No,No,No,No,No,No,Two year,No,Bank transfer,19.3,1389.6,No,61+ months,Below 30
2466-NEJOJ,Male,0,Yes,Yes,8,Yes,No,No,No,No,No,No,No,No,Month-to-month,No,Credit card,19.65,157.2,No,0–12 months,Below 30
0254-KCJGT,Male,0,Yes,No,52,Yes,Yes,DSL,Yes,Yes,Yes,Yes,No,No,One year,Yes,Credit card,81.4,4232.8,No,49–60 months,60–90
5472-CVMDX,Female,0,No,No,68,No,No,DSL,Yes,No,Yes,Yes,No,Yes,Two year,No,Mailed check,38.9,2645.2,No,61+ months,30–60
6461-SZMCV,Female,0,Yes,No,71,Yes,Yes,DSL,Yes,Yes,Yes,Yes,Yes,No,Two year,No,Bank transfer,87.95,6244.45,No,61+ months,60–90
8150-QUDFX,Male,0,No,No,2,Yes,No,No,No,No,No,No,No,Yes,Month-to-month,No,Mailed check,19.85,39.7,No,0–12 months,Below 30
9508-ILZDG,Female,1,No,No,34,Yes,Yes,Fiber optic,No,Yes,No,Yes,Yes,No,Month-to-month,Yes,Electronic check,96.35,3275.9,No,25–48 months,Above 90
2346-DJQTB,Female,0,No,No,35,No,No,DSL,No,No,No,No,No,No,Month-to-month,No,Electronic check,24.15,845.25,No,25–48 months,Below 30
1697-LYYYX,Female,0,Yes,Yes,61,Yes,No,No,No,No,No,No,No,No,One year,No,Credit card,19.1,1165.1,No,61+ months,Below 30
1942-OQFRW,Male,0,No,No,1,Yes,No,DSL,No,No,No,No,No,No,Month-to-month,No,Electronic check,44.0,44.0,No,0–12 months,30–60
4749-VFKVB,Female,0,No,No,1,Yes,Yes,DSL,No,No,No,No,No,No,Month-to-month,Yes,Mailed check,50.1,50.1,Yes,0–12 months,30–60
9640-ZSLDC,Female,0,Yes,Yes,53,Yes,No,DSL,No,No,Yes,No,No,No,One year,No,Credit card,60.6,3211.8,No,49–60 months,60–90
4231-LZUYM,Female,0,Yes,No,72,Yes,Yes,No,No,No,No,No,No,Yes,Two year,No,Bank transfer,25.65,1846.8,No,61+ months,Below 30
7598-UAASY,Male,0,Yes,No,2,Yes,No,Fiber optic,No,No,Yes,No,No,No,Month-to-month,No,Electronic check,76.4,152.8,Yes,0–12 months,60–90
7938-OUHIO,Male,0,No,No,3,Yes,No,Fiber optic,No,No,Yes,Yes,Yes,No,Month-to-month,Yes,Electronic check,98.7,296.1,Yes,0–12 months,Above 90
8510-AWCXC,Female,1,No,No,13,Yes,Yes,Fiber optic,Yes,No,No,No,Yes,Yes,Month-to-month,Yes,Electronic check,100.8,1310.4,Yes,13–24 months,Above 90
6128-AQBMT,Male,1,Yes,No,41,No,No,DSL,No,Yes,Yes,No,Yes,Yes,Month-to-month,Yes,Electronic check,53.95,2211.95,No,25–48 months,30–60
3594-BDSOA,Female,0,Yes,No,24,Yes,No,No,No,No,No,No,No,Yes,One year,No,Credit card,20.4,489.6,No,13–24 months,Below 30
0431-APWVY,Female,0,Yes,Yes,28,Yes,No,Fiber optic,No,No,No,No,Yes,No,One year,Yes,Bank transfer,90.1,2522.8,Yes,25–48 months,Above 90
5133-VRSAB,Male,0,No,No,8,No,No,DSL,Yes,No,No,No,No,Yes,Month-to-month,No,Mailed check,29.35,234.8,No,0–12 months,Below 30
5996-DAOQL,Male,0,No,No,1,Yes,No,No,No,No,No,No,No,No,Month-to-month,Yes,Mailed check,20.45,20.45,No,0–12 months,Below 30
6838-YAUVY,Female,0,No,No,54,Yes,Yes,Fiber optic,No,No,Yes,Yes,No,No,Two year,Yes,Bank transfer,95.1,5135.4,No,49–60 months,Above 90
0484-JPBRU,Male,0,No,No,41,Yes,Yes,No,No,No,No,No,No,Yes,Month-to-month,Yes,Bank transfer,25.25,1035.25,No,25–48 months,Below 30
7883-ROJOC,Female,0,Yes,No,19,Yes,No,DSL,No,No,No,No,No,No,Month-to-month,No,Mailed check,44.9,853.1,No,13–24 months,30–60
0244-LGNFY,Female,0,Yes,Yes,72,Yes,Yes,DSL,Yes,Yes,Yes,Yes,Yes,No,Two year,No,Bank transfer,92.65,6670.8,No,61+ months,Above 90
7274-CGTOD,Male,0,No,No,62,No,No,DSL,Yes,Yes,Yes,Yes,No,Yes,Two year,Yes,Bank transfer,43.7,2709.4,No,61+ months,30–60
4295-YURET,Female,1,Yes,Yes,56,Yes,No,DSL,Yes,No,No,Yes,Yes,No,Two year,Yes,Credit card,72.6,4065.6,No,49–60 months,60–90
3426-NIYYL,Male,0,No,No,15,Yes,Yes,DSL,No,No,No,No,No,Yes,Month-to-month,No,Electronic check,51.55,773.25,Yes,13–24 months,30–60
8225-BTJAU,Male,1,No,No,10,Yes,No,Fiber optic,No,No,No,No,No,No,Month-to-month,Yes,Electronic check,79.25,792.5,Yes,0–12 months,60–90
4635-EJYPD,Male,0,Yes,Yes,32,Yes,No,No,No,No,No,No,No,Yes,Two year,No,Mailed check,18.95,606.4,No,25–48 months,Below 30
1866-ZSLJM,Male,0,No,No,21,Yes,No,No,No,No,No,No,No,No,Month-to-month,No,Credit card,20.5,430.5,No,13–24 months,Below 30
4636-TVXVG,Male,0,Yes,Yes,62,Yes,No,No,No,No,No,No,No,No,One year,No,Bank transfer,19.95,1236.9,No,61+ months,Below 30
4236-UJPWO,Female,0,No,No,2,No,No,DSL,No,No,No,No,No,No,Month-to-month,No,Electronic check,24.5,49.0,No,0–12 months,Below 30
9392-XBGTD,Male,0,No,Yes,27,Yes,No,No,No,No,No,No,No,No,Two year,No,Mailed check,20.6,556.2,No,25–48 months,Below 30
3387-VATUS,Male,0,No,No,5,Yes,Yes,Fiber optic,No,No,No,No,Yes,No,Month-to-month,Yes,Bank transfer,94.85,474.25,Yes,0–12 months,Above 90
6402-SSEJG,Female,0,No,No,25,No,No,DSL,Yes,Yes,Yes,No,Yes,Yes,One year,No,Electronic check,61.05,1526.25,No,25–48 months,60–90
1143-NMNQJ,Female,0,No,No,2,Yes,Yes,Fiber optic,No,No,No,No,No,Yes,Month-to-month,Yes,Electronic check,85.7,171.4,Yes,0–12 months,60–90
1169-SAOCL,Male,0,No,No,49,Yes,Yes,Fiber optic,No,Yes,No,Yes,Yes,Yes,One year,Yes,Bank transfer,106.65,5225.85,No,49–60 months,Above 90
1110-KYLGQ,Female,0,No,No,63,Yes,Yes,Fiber optic,Yes,Yes,Yes,No,Yes,Yes,Month-to-month,No,Credit card,108.25,6819.75,No,61+ months,Above 90
9929-PLVPA,Female,0,No,Yes,4,Yes,No,No,No,No,No,No,No,Yes,Month-to-month,No,Credit card,20.4,81.6,No,0–12 months,Below 30
3518-PZXZQ,Female,0,Yes,No,1,Yes,No,DSL,No,No,No,No,Yes,No,Month-to-month,Yes,Mailed check,55.3,55.3,No,0–12 months,30–60
2371-JUNGC,Male,0,No,No,11,Yes,No,No,No,No,No,No,No,No,Month-to-month,No,Mailed check,20.25,222.75,No,0–12 months,Below 30
7693-QPEFS,Male,1,No,No,52,Yes,Yes,Fiber optic,No,No,No,No,No,No,Month-to-month,Yes,Bank transfer,72.95,3793.4,No,49–60 months,60–90
0924-BJCRC,Female,1,Yes,No,60,Yes,Yes,Fiber optic,No,Yes,No,No,No,No,Month-to-month,No,Electronic check,89.45,5367.0,No,49–60 months,60–90
5074-FBGHB,Male,0,No,No,64,Yes,Yes,Fiber optic,No,No,Yes,Yes,Yes,Yes,One year,Yes,Credit card,104.65,6697.6,No,61+ months,Above 90
2351-BKRZW,Female,0,Yes,Yes,43,Yes,No,DSL,Yes,No,Yes,No,Yes,Yes,Two year,No,Bank transfer,75.2,3233.6,No,25–48 months,60–90
4455-BFSPD,Female,0,Yes,No,61,Yes,Yes,Fiber optic,No,No,No,Yes,Yes,Yes,One year,No,Bank transfer,101.15,6170.15,No,61+ months,Above 90
0415-MOSGF,Female,0,No,No,1,Yes,No,DSL,No,No,No,No,No,Yes,Month-to-month,No,Mailed check,44.4,44.4,Yes,0–12 months,30–60
1724-BQUHA,Male,1,No,No,5,Yes,No,Fiber optic,No,No,No,No,Yes,No,Month-to-month,Yes,Electronic check,89.5,447.5,Yes,0–12 months,60–90
3948-KXDUF,Male,0,No,No,66,Yes,Yes,DSL,Yes,Yes,Yes,Yes,No,Yes,Two year,No,Bank transfer,68.75,4537.5,No,61+ months,60–90
2323-ARSVR,Male,0,Yes,No,67,Yes,No,Fiber optic,Yes,Yes,Yes,Yes,Yes,No,Two year,Yes,Electronic check,111.05,7440.35,No,61+ months,Above 90
0815-MFZGM,Female,0,Yes,No,42,Yes,No,Fiber optic,No,No,Yes,Yes,Yes,Yes,Two year,Yes,Credit card,99.0,4158.0,No,25–48 months,Above 90
4826-XTSOH,Male,1,Yes,No,1,Yes,Yes,Fiber optic,No,No,No,No,Yes,Yes,Month-to-month,Yes,Electronic check,86.05,86.05,Yes,0–12 months,60–90
5480-XTFFL,Female,0,Yes,Yes,31,Yes,No,No,No,No,No,No,No,No,Two year,No,Mailed check,21.0,651.0,No,25–48 months,Below 30
8295-FHIVV,Male,0,No,No,7,Yes,No,No,No,No,No,No,No,No,Month-to-month,Yes,Mailed check,19.4,135.8,No,0–12 months,Below 30
2495-INZWQ,Male,0,No,No,4,No,No,DSL,No,No,No,No,Yes,No,Month-to-month,Yes,Electronic check,44.55,178.2,Yes,0–12 months,30–60
9086-YJYXS,Male,0,Yes,Yes,34,Yes,Yes,DSL,No,No,Yes,No,Yes,Yes,One year,No,Bank transfer,77.2,2624.8,No,25–48 months,60–90
1179-INLAT,Male,0,No,No,3,Yes,No,No,No,No,No,No,No,Yes,One year,Yes,Mailed check,19.45,58.35,No,0–12 months,Below 30
7909-FIOIY,Female,0,Yes,Yes,19,No,No,DSL,No,No,No,No,No,No,Month-to-month,Yes,Mailed check,24.85,472.15,No,13–24 months,Below 30
4139-SUGLD,Male,0,Yes,Yes,31,No,No,DSL,Yes,No,No,Yes,No,No,Month-to-month,No,Bank transfer,35.4,1097.4,Yes,25–48 months,30–60
6857-VWJDT,Female,0,No,No,1,Yes,Yes,Fiber optic,No,No,No,No,Yes,No,Month-to-month,No,Mailed check,95.65,95.65,Yes,0–12 months,Above 90
6351-SCJKT,Male,0,No,No,3,No,No,DSL,Yes,No,Yes,Yes,No,Yes,Month-to-month,No,Mailed check,41.35,124.05,No,0–12 months,30–60
5468-BPMMO,Male,0,Yes,No,46,Yes,No,No,No,No,No,No,No,No,Month-to-month,No,Electronic check,19.6,901.6,No,25–48 months,Below 30
5624-BQSSA,Female,0,No,No,1,Yes,No,No,No,No,No,No,No,No,Month-to-month,No,Mailed check,20.95,20.95,Yes,0–12 months,Below 30
0197-PNKNK,Female,0,Yes,Yes,69,Yes,Yes,Fiber optic,Yes,No,Yes,No,No,No,One year,No,Bank transfer,84.45,5827.05,No,61+ months,60–90
2439-QKJUL,Male,0,No,No,5,Yes,No,No,No,No,No,No,No,No,Month-to-month,No,Mailed check,20.25,101.25,No,0–12 months,Below 30
1194-SPVSP,Male,0,No,No,1,Yes,No,No,No,No,No,No,No,No,Month-to-month,No,Bank transfer,19.65,19.65,No,0–12 months,Below 30
9534-NSXEM,Male,0,No,No,26,Yes,No,No,No,No,No,No,No,No,One year,Yes,Credit card,20.65,536.9,No,25–48 months,Below 30
2408-WITXK,Female,1,No,No,10,No,No,DSL,No,No,No,No,No,No,Month-to-month,Yes,Electronic check,34.7,347.0,Yes,0–12 months,30–60
8929-KSWIH,Male,0,No,No,25,Yes,No,Fiber optic,No,No,Yes,Yes,Yes,Yes,Two year,No,Bank transfer,99.3,2482.5,No,25–48 months,Above 90
2250-IVBWA,Male,0,Yes,Yes,64,Yes,No,Fiber optic,Yes,Yes,No,No,No,Yes,Month-to-month,No,Electronic check,81.05,5187.2,No,61+ months,60–90
1810-MVMAI,Male,0,Yes,Yes,30,Yes,Yes,DSL,Yes,Yes,Yes,Yes,No,No,Month-to-month,No,Electronic check,67.6,2028.0,No,25–48 months,60–90
9506-UXUSK,Male,0,No,No,13,Yes,No,Fiber optic,No,No,No,No,No,No,Month-to-month,Yes,Electronic check,70.15,911.95,No,13–24 months,60–90
1229-RCALF,Female,0,Yes,No,64,Yes,Yes,Fiber optic,Yes,Yes,Yes,Yes,Yes,No,One year,Yes,Electronic check,115.0,7360.0,No,61+ months,Above 90
3572-UOLYZ,Female,0,No,Yes,46,Yes,Yes,Fiber optic,No,No,Yes,Yes,No,Yes,Month-to-month,Yes,Bank transfer,84.8,3900.8,No,25–48 months,60–90
1429-UYJSV,Female,0,No,No,12,Yes,No,No,No,No,No,No,No,No,One year,No,Mailed check,19.7,236.4,No,0–12 months,Below 30
5577-OTWWW,Female,0,No,No,15,Yes,No,No,No,No,No,No,No,No,Month-to-month,No,Bank transfer,19.75,296.25,Yes,13–24 months,Below 30
6100-QQHEB,Male,0,Yes,Yes,17,Yes,Yes,Fiber optic,No,No,No,No,Yes,No,Month-to-month,Yes,Electronic check,92.55,1573.35,Yes,13–24 months,Above 90
6366-XIVKZ,Female,0,Yes,Yes,13,Yes,No,DSL,Yes,No,Yes,No,No,Yes,Month-to-month,Yes,Mailed check,63.15,820.95,No,13–24 months,60–90
3470-OBUET,Female,0,Yes,Yes,67,Yes,Yes,DSL,Yes,Yes,No,Yes,Yes,Yes,Two year,No,Credit card,74.0,4958.0,No,61+ months,60–90
2770-NSVDG,Male,0,Yes,No,24,No,No,DSL,No,No,Yes,No,No,No,Month-to-month,No,Electronic check,29.1,698.4,No,13–24 months,Below 30
9375-MHRRS,Male,0,No,No,6,Yes,No,DSL,No,No,No,Yes,No,No,Month-to-month,No,Mailed check,50.05,300.3,No,0–12 months,30–60
2634-HCZGT,Male,1,Yes,No,53,Yes,Yes,DSL,Yes,No,No,Yes,No,No,One year,Yes,Electronic check,60.05,3182.65,Yes,49–60 months,60–90
7503-QQRVF,Male,1,Yes,No,16,Yes,No,Fiber optic,No,Yes,No,No,No,No,Month-to-month,Yes,Credit card,74.3,1188.8,Yes,13–24 months,60–90
4860-YZGZM,Male,0,No,No,10,Yes,No,No,No,No,No,No,No,No,Month-to-month,No,Electronic check,20.0,200.0,No,0–12 months,Below 30
6599-GZWCM,Female,0,No,No,13,Yes,No,Fiber optic,No,Yes,No,No,No,No,One year,Yes,Mailed check,74.65,970.45,No,13–24 months,60–90
2691-NZETQ,Male,0,No,No,9,Yes,Yes,Fiber optic,No,No,No,No,Yes,No,Month-to-month,Yes,Electronic check,85.35,768.15,Yes,0–12 months,60–90
4404-HIBDJ,Female,0,No,No,25,Yes,No,DSL,Yes,Yes,Yes,Yes,Yes,No,One year,No,Mailed check,74.3,1857.5,Yes,25–48 months,60–90
5533-NHFRF,Male,1,No,No,7,No,No,DSL,No,Yes,No,Yes,No,No,Month-to-month,Yes,Electronic check,44.4,310.8,No,0–12 months,30–60
7037-MTYVW,Male,0,Yes,Yes,38,Yes,Yes,DSL,Yes,No,Yes,Yes,Yes,Yes,Two year,Yes,Bank transfer,85.4,3245.2,No,25–48 months,60–90
4760-THGOT,Female,0,Yes,No,43,Yes,Yes,Fiber optic,Yes,Yes,No,No,No,Yes,Month-to-month,Yes,Electronic check,94.1,4046.3,No,25–48 months,Above 90
7295-JOMMD,Female,0,No,Yes,4,Yes,No,Fiber optic,No,No,Yes,Yes,Yes,Yes,Month-to-month,Yes,Bank transfer,98.1,392.4,Yes,0–12 months,Above 90
4016-BJKTZ,Female,0,No,No,25,Yes,Yes,Fiber optic,No,Yes,Yes,Yes,Yes,Yes,Two year,No,Electronic check,108.9,2722.5,No,25–48 months,Above 90
6584-VQMYT,Male,0,No,Yes,27,Yes,No,DSL,Yes,Yes,No,No,No,Yes,One year,No,Mailed check,56.2,1517.4,No,25–48 months,30–60
9838-BFCQT,Male,0,Yes,Yes,72,Yes,Yes,No,No,No,No,No,No,No,Two year,No,Mailed check,26.1,1879.2,No,61+ months,Below 30
2790-XUYMV,Male,0,No,Yes,71,Yes,Yes,Fiber optic,Yes,Yes,No,No,No,No,One year,Yes,Credit card,85.45,6066.95,No,61+ months,60–90
0581-MDMPW,Female,0,No,No,24,Yes,Yes,Fiber optic,No,No,Yes,No,Yes,No,Month-to-month,Yes,Credit card,88.95,2134.8,No,13–24 months,60–90
5013-SBUIH,Female,0,No,No,50,Yes,Yes,Fiber optic,Yes,Yes,No,Yes,Yes,No,Two year,Yes,Electronic check,109.65,5482.5,Yes,49–60 months,Above 90
1023-BQXZE,Male,0,No,No,57,Yes,No,DSL,Yes,No,Yes,No,Yes,Yes,Two year,Yes,Bank transfer,74.35,4237.95,No,49–60 months,60–90
9163-GHAYE,Female,0,No,No,15,Yes,No,DSL,No,Yes,No,No,No,Yes,Month-to-month,No,Electronic check,48.85,732.75,No,13–24 months,30–60
3904-UKFRE,Male,0,No,No,4,Yes,Yes,Fiber optic,Yes,No,No,No,No,No,Month-to-month,Yes,Electronic check,80.1,320.4,No,0–12 months,60–90
5353-WILCI,Female,0,No,No,28,Yes,No,DSL,Yes,Yes,No,No,No,No,Month-to-month,No,Electronic check,56.05,1569.4,No,25–48 months,30–60
0709-TVGUR,Female,1,No,No,9,Yes,Yes,Fiber optic,No,No,No,No,No,No,Month-to-month,Yes,Electronic check,74.55,670.95,Yes,0–12 months,60–90
0058-EVZWM,Female,0,Yes,No,55,Yes,Yes,Fiber optic,Yes,No,No,No,Yes,No,Month-to-month,Yes,Bank transfer,89.8,4939.0,No,49–60 months,60–90
6023-YEBUP,Male,0,No,No,3,Yes,Yes,Fiber optic,No,No,Yes,No,Yes,No,Month-to-month,Yes,Electronic check,100.95,302.85,Yes,0–12 months,Above 90
7209-JCUDS,Male,0,No,No,10,Yes,No,Fiber optic,No,No,Yes,No,Yes,Yes,Month-to-month,Yes,Electronic check,94.9,949.0,Yes,0–12 months,Above 90
7009-PCARS,Male,0,No,Yes,55,Yes,No,No,No,No,No,No,No,Yes,One year,No,Bank transfer,19.1,1050.5,No,49–60 months,Below 30
0519-DRGTI,Female,0,Yes,Yes,20,Yes,No,No,No,No,No,No,No,No,Month-to-month,No,Mailed check,20.35,407.0,No,13–24 months,Below 30
1017-FBQMM,Female,0,Yes,Yes,62,Yes,Yes,Fiber optic,No,Yes,No,Yes,Yes,No,One year,Yes,Credit card,106.05,6575.1,No,61+ months,Above 90
3001-CBHLQ,Male,1,Yes,No,32,Yes,Yes,Fiber optic,No,No,Yes,Yes,Yes,Yes,Month-to-month,Yes,Electronic check,104.9,3356.8,Yes,25–48 months,Above 90
1985-MBRYP,Female,0,No,No,43,Yes,No,No,No,No,No,No,No,Yes,Two year,Yes,Bank transfer,19.65,844.95,No,25–48 months,Below 30
6158-DWPZT,Male,0,Yes,No,9,No,No,DSL,No,No,No,No,No,No,One year,No,Bank transfer,24.1,216.9,Yes,0–12 months,Below 30
9372-TXXPS,Female,0,Yes,No,60,Yes,No,DSL,Yes,Yes,No,Yes,No,No,Two year,No,Bank transfer,59.85,3591.0,No,49–60 months,30–60
3259-QMXUN,Male,0,Yes,No,58,Yes,Yes,DSL,Yes,Yes,Yes,No,Yes,No,Two year,Yes,Electronic check,86.1,4993.8,No,49–60 months,60–90
1015-JPFYW,Male,0,No,Yes,7,Yes,No,No,No,No,No,No,No,Yes,One year,No,Mailed check,19.45,136.15,No,0–12 months,Below 30
6645-MXQJT,Male,0,Yes,Yes,2,Yes,No,Fiber optic,Yes,No,No,No,Yes,No,Month-to-month,No,Electronic check,97.1,194.2,No,0–12 months,Above 90
4360-QRAVE,Male,1,No,No,37,No,No,DSL,No,Yes,Yes,No,No,Yes,Month-to-month,No,Electronic check,36.65,1356.05,No,25–48 months,30–60
8433-WPJTV,Female,1,Yes,Yes,65,Yes,Yes,Fiber optic,No,No,Yes,Yes,Yes,No,One year,Yes,Bank transfer,103.9,6753.5,No,61+ months,Above 90
5804-JMYIO,Female,0,Yes,Yes,39,Yes,No,No,No,No,No,No,No,Yes,Two year,No,Mailed check,19.75,770.25,No,25–48 months,Below 30
3763-GCZHZ,Male,0,Yes,No,66,Yes,Yes,Fiber optic,No,Yes,No,Yes,Yes,No,One year,Yes,Electronic check,104.05,6867.3,Yes,61+ months,Above 90
6484-LATFU,Male,0,No,No,68,Yes,Yes,No,No,No,No,No,No,Yes,Two year,No,Mailed check,24.55,1669.4,No,61+ months,Below 30
7599-NTMDP,Female,0,Yes,Yes,62,No,No,DSL,Yes,Yes,No,Yes,Yes,No,Two year,No,Bank transfer,48.7,3019.4,No,61+ months,30–60
0772-GYEQQ,Male,0,No,No,3,Yes,No,Fiber optic,No,No,Yes,Yes,Yes,No,Month-to-month,Yes,Mailed check,88.35,265.05,Yes,0–12 months,60–90
0536-ACXIP,Female,0,Yes,No,72,Yes,Yes,Fiber optic,Yes,Yes,Yes,No,Yes,No,Two year,Yes,Electronic check,109.55,7887.6,No,61+ months,Above 90
0936-NQLJU,Female,0,Yes,No,41,Yes,No,No,No,No,No,No,No,Yes,Two year,No,Credit card,20.65,846.65,No,25–48 months,Below 30
4831-EOBFE,Male,0,Yes,Yes,29,Yes,No,Fiber optic,Yes,No,No,No,Yes,No,Month-to-month,No,Credit card,94.65,2744.85,Yes,25–48 months,Above 90
1575-KRZZE,Female,0,No,No,4,Yes,No,DSL,Yes,Yes,No,No,No,Yes,Month-to-month,No,Electronic check,55.2,220.8,No,0–12 months,30–60
3251-YMVWZ,Male,0,No,No,53,Yes,Yes,No,No,No,No,No,No,No,One year,No,Bank transfer,24.05,1274.65,No,49–60 months,Below 30
4102-OQUPX,Male,1,Yes,No,1,Yes,Yes,Fiber optic,No,No,No,No,No,No,Month-to-month,Yes,Electronic check,74.4,74.4,Yes,0–12 months,60–90
9170-GYZJC,Female,0,Yes,Yes,41,Yes,Yes,DSL,Yes,Yes,Yes,Yes,No,No,Month-to-month,No,Credit card,79.9,3275.9,Yes,25–48 months,60–90
4884-LEVMQ,Male,0,Yes,No,39,Yes,No,No,No,No,No,No,No,Yes,Two year,Yes,Bank transfer,20.45,797.55,No,25–48 months,Below 30
8857-CUPFQ,Male,0,Yes,No,63,Yes,No,No,No,No,No,No,No,No,Two year,No,Mailed check,19.25,1212.75,No,61+ months,Below 30
7610-TVOPG,Male,0,No,No,15,Yes,Yes,No,No,No,No,No,No,No,Month-to-month,Yes,Electronic check,26.35,395.25,No,13–24 months,Below 30
3638-DIMPH,Female,0,Yes,No,13,Yes,No,DSL,No,No,No,No,No,No,One year,No,Electronic check,43.8,569.4,No,13–24 months,30–60
1845-ZLLIG,Male,0,No,No,1,Yes,No,DSL,No,Yes,No,No,No,No,Month-to-month,Yes,Mailed check,50.15,50.15,No,0–12 months,30–60
8559-WNQZS,Male,0,No,No,1,Yes,No,No,No,No,No,No,No,No,Two year,No,Mailed check,20.45,20.45,No,0–12 months,Below 30
3999-QGRJH,Male,1,No,No,8,Yes,No,Fiber optic,No,No,No,No,No,No,Month-to-month,Yes,Electronic check,69.7,557.6,Yes,0–12 months,60–90
1699-UOTXU,Male,0,No,No,60,Yes,No,DSL,Yes,Yes,Yes,No,No,No,Two year,No,Electronic check,61.4,3684.0,No,49–60 months,60–90
2454-RPBRZ,Female,1,Yes,No,12,Yes,Yes,Fiber optic,No,Yes,Yes,No,Yes,No,Month-to-month,Yes,Electronic check,98.1,1177.2,Yes,0–12 months,Above 90
0635-WKOLD,Male,0,Yes,No,40,Yes,Yes,DSL,No,Yes,No,Yes,Yes,No,One year,No,Credit card,70.75,2830.0,No,25–48 months,60–90
5993-JSUWV,Female,0,No,No,66,Yes,No,DSL,Yes,Yes,Yes,No,No,No,Two year,Yes,Bank transfer,61.15,4035.9,No,61+ months,60–90
4518-FZBSX,Male,0,Yes,Yes,42,Yes,No,No,No,No,No,No,No,No,One year,No,Mailed check,20.25,850.5,No,25–48 months,Below 30
5387-ASZNZ,Female,1,No,No,66,Yes,Yes,DSL,Yes,Yes,No,Yes,No,No,One year,Yes,Credit card,63.85,4214.1,No,61+ months,60–90
6988-CJEYV,Male,0,No,No,49,Yes,Yes,Fiber optic,No,Yes,No,No,Yes,No,Month-to-month,No,Electronic check,98.7,4836.3,No,49–60 months,Above 90
2002-MZHWP,Female,0,No,No,1,Yes,No,No,No,No,No,No,No,Yes,Month-to-month,No,Mailed check,20.5,20.5,Yes,0–12 months,Below 30
3097-FQTVJ,Female,0,No,No,41,Yes,No,No,No,No,No,No,No,No,Two year,No,Mailed check,20.0,820.0,No,25–48 months,Below 30
5465-BUBFA,Female,0,Yes,Yes,41,Yes,No,No,No,No,No,No,No,No,Two year,No,Bank transfer,19.3,791.3,No,25–48 months,Below 30
7299-GNVPL,Female,0,Yes,Yes,23,Yes,No,Fiber optic,Yes,Yes,No,Yes,No,No,Month-to-month,No,Mailed check,84.4,1941.2,No,13–24 months,60–90
9743-DQKQW,Male,0,No,No,3,No,No,DSL,No,No,No,No,No,No,Month-to-month,No,Electronic check,25.1,75.3,No,0–12 months,Below 30
1215-VFYVK,Female,0,No,No,4,No,No,DSL,Yes,No,Yes,Yes,No,No,Month-to-month,No,Mailed check,48.25,193.0,No,0–12 months,30–60
9371-BITHB,Female,0,Yes,Yes,52,Yes,No,No,No,No,No,No,No,Yes,Two year,No,Mailed check,19.85,1032.2,No,49–60 months,Below 30
2265-CYWIV,Female,1,Yes,No,4,Yes,Yes,Fiber optic,Yes,No,No,No,Yes,No,Month-to-month,Yes,Electronic check,99.6,398.4,Yes,0–12 months,Above 90
9093-FPDLG,Female,0,No,No,11,Yes,No,Fiber optic,No,Yes,Yes,Yes,No,Yes,Month-to-month,Yes,Electronic check,94.2,1036.2,No,0–12 months,Above 90
0541-FITGH,Female,0,Yes,No,2,Yes,No,DSL,Yes,No,No,No,No,Yes,Month-to-month,Yes,Mailed check,62.15,124.3,No,0–12 months,60–90
6985-HAYWX,Female,0,Yes,No,26,Yes,Yes,Fiber optic,No,Yes,No,No,No,Yes,Month-to-month,No,Bank transfer,79.3,2061.8,No,25–48 months,60–90
7508-KBIMB,Male,0,Yes,Yes,24,Yes,No,DSL,Yes,No,Yes,No,No,No,One year,Yes,Credit card,56.25,1350.0,No,13–24 months,30–60
6838-HVLXG,Female,0,No,No,12,Yes,No,No,No,No,No,No,No,No,Month-to-month,No,Mailed check,20.3,243.6,No,0–12 months,Below 30
2277-DJJDL,Male,1,Yes,No,60,Yes,Yes,Fiber optic,No,No,No,Yes,Yes,No,Month-to-month,Yes,Electronic check,99.0,5940.0,No,49–60 months,Above 90
1897-OKVMW,Female,0,Yes,Yes,64,Yes,Yes,DSL,Yes,Yes,Yes,Yes,Yes,Yes,Two year,Yes,Mailed check,90.6,5798.4,No,61+ months,Above 90
5485-ITNPC,Male,0,Yes,No,66,Yes,No,DSL,Yes,Yes,Yes,Yes,Yes,Yes,Two year,Yes,Bank transfer,85.9,5669.4,No,61+ months,60–90
0233-FTHAV,Female,0,No,No,60,Yes,Yes,Fiber optic,No,No,Yes,No,No,Yes,One year,Yes,Bank transfer,79.2,4752.0,No,49–60 months,60–90
4644-PIZRT,Male,0,Yes,Yes,17,Yes,Yes,DSL,Yes,No,Yes,No,Yes,No,One year,Yes,Bank transfer,70.35,1195.95,No,13–24 months,60–90
8922-NPKBJ,Male,0,Yes,Yes,42,Yes,No,No,No,No,No,No,No,No,Two year,No,Mailed check,19.35,812.7,No,25–48 months,Below 30
2740-TVLFN,Male,0,No,No,1,Yes,Yes,DSL,No,No,No,No,No,No,Month-to-month,Yes,Electronic check,50.15,50.15,No,0–12 months,30–60
7771-CFQRQ,Female,0,Yes,Yes,47,Yes,No,DSL,No,Yes,No,Yes,No,No,Two year,No,Bank transfer,63.8,2998.6,No,25–48 months,60–90
9512-PHSMG,Female,0,Yes,No,10,Yes,No,No,No,No,No,No,No,Yes,Month-to-month,Yes,Mailed check,20.55,205.5,No,0–12 months,Below 30
6963-EZQEE,Male,1,Yes,No,70,Yes,Yes,DSL,Yes,Yes,Yes,Yes,Yes,No,Two year,Yes,Credit card,88.55,6198.5,No,61+ months,60–90
2452-KDRRH,Male,1,No,No,67,Yes,Yes,Fiber optic,No,No,Yes,No,Yes,Yes,Month-to-month,Yes,Credit card,101.4,6793.8,No,61+ months,Above 90
2004-OCQXK,Female,0,No,No,1,Yes,No,Fiber optic,No,No,No,No,No,Yes,Month-to-month,Yes,Electronic check,81.95,81.95,Yes,0–12 months,60–90
5027-QPKTE,Male,0,Yes,No,7,Yes,No,Fiber optic,No,No,No,No,No,Yes,Month-to-month,Yes,Electronic check,69.35,485.45,Yes,0–12 months,60–90
4146-SVFUD,Male,0,No,No,1,Yes,No,DSL,No,No,No,No,No,No,Month-to-month,No,Mailed check,44.6,44.6,No,0–12 months,30–60
1564-HJUVY,Male,0,No,No,4,Yes,No,DSL,No,Yes,No,Yes,Yes,No,Month-to-month,Yes,Bank transfer,63.75,255.0,No,0–12 months,60–90
3617-XLSGQ,Female,0,Yes,Yes,66,Yes,Yes,Fiber optic,Yes,Yes,Yes,No,Yes,No,Two year,No,Bank transfer,109.25,7210.5,No,61+ months,Above 90
7517-LDMPS,Female,0,No,No,12,Yes,No,Fiber optic,No,Yes,No,No,No,Yes,Month-to-month,Yes,Electronic check,84.6,1015.2,No,0–12 months,60–90
7244-KXYZN,Female,0,No,No,24,Yes,No,No,No,No,No,No,No,Yes,One year,No,Credit card,20.45,490.8,No,13–24 months,Below 30
5226-NOZFC,Male,0,No,No,26,Yes,No,Fiber optic,No,Yes,No,No,Yes,No,Month-to-month,Yes,Electronic check,85.75,2229.5,No,25–48 months,60–90
2672-HUYVI,Female,0,No,No,6,Yes,No,Fiber optic,No,No,No,No,Yes,No,Month-to-month,Yes,Electronic check,91.1,546.6,Yes,0–12 months,Above 90
1400-WIVLL,Male,0,Yes,No,57,Yes,Yes,Fiber optic,No,No,Yes,Yes,Yes,Yes,Two year,No,Electronic check,107.95,6153.15,No,49–60 months,Above 90
7508-MYBOG,Male,0,Yes,No,14,Yes,Yes,Fiber optic,No,No,No,No,Yes,Yes,Month-to-month,Yes,Electronic check,86.1,1205.4,Yes,13–24 months,60–90
8148-NLEGT,Female,0,Yes,Yes,42,Yes,Yes,No,No,No,No,No,No,No,Two year,No,Electronic check,22.95,963.9,No,25–48 months,Below 30
0148-DCDOS,Male,0,No,No,25,Yes,Yes,Fiber optic,No,No,No,No,Yes,No,Month-to-month,Yes,Bank transfer,94.7,2367.5,Yes,25–48 months,Above 90
8347-GDTMP,Female,0,Yes,No,64,Yes,No,No,No,No,No,No,No,Yes,Two year,No,Credit card,19.45,1244.8,No,61+ months,Below 30
9992-RRAMN,Male,0,Yes,No,22,Yes,Yes,Fiber optic,No,No,No,No,No,No,Month-to-month,Yes,Electronic check,85.1,1872.2,Yes,13–24 months,60–90
6746-WAUWT,Male,0,No,No,19,Yes,No,No,No,No,No,No,No,Yes,One year,Yes,Credit card,19.7,374.3,No,13–24 months,Below 30
0310-MVLET,Female,0,Yes,Yes,61,Yes,Yes,Fiber optic,No,Yes,No,No,Yes,No,Month-to-month,Yes,Electronic check,99.15,6048.15,Yes,61+ months,Above 90
0428-IKYCP,Male,0,Yes,No,22,Yes,No,Fiber optic,No,No,Yes,No,Yes,Yes,Month-to-month,Yes,Bank transfer,87.0,1914.0,No,13–24 months,60–90
4550-VBOFE,Male,1,Yes,No,70,Yes,Yes,Fiber optic,No,Yes,Yes,No,Yes,No,Month-to-month,Yes,Electronic check,102.95,7206.5,Yes,61+ months,Above 90
2187-PKZAY,Male,0,No,No,12,Yes,No,Fiber optic,No,No,No,No,No,Yes,Month-to-month,Yes,Bank transfer,79.95,959.4,No,0–12 months,60–90
4003-OCTMP,Female,0,Yes,No,31,Yes,No,DSL,Yes,No,No,Yes,No,Yes,One year,Yes,Electronic check,64.0,1984.0,No,25–48 months,60–90
6652-YFFJO,Female,0,No,No,11,Yes,No,DSL,No,No,No,No,Yes,Yes,Month-to-month,Yes,Electronic check,64.9,713.9,No,0–12 months,60–90
7225-IILWY,Male,0,Yes,Yes,68,Yes,Yes,No,No,No,No,No,No,Yes,Two year,No,Mailed check,25.75,1751.0,No,61+ months,Below 30
5248-RPYWW,Female,1,Yes,Yes,72,Yes,Yes,DSL,Yes,Yes,Yes,Yes,Yes,No,Two year,Yes,Bank transfer,90.15,6490.8,No,61+ months,Above 90
7923-IYJWY,Male,1,No,No,67,Yes,Yes,Fiber optic,Yes,Yes,Yes,Yes,Yes,Yes,Two year,Yes,Credit card,116.1,7778.7,No,61+ months,Above 90
3170-GWYKC,Female,0,No,No,60,Yes,No,Fiber optic,Yes,No,Yes,Yes,Yes,Yes,Month-to-month,Yes,Bank transfer,104.95,6297.0,No,49–60 months,Above 90
5696-QURRL,Male,0,No,No,1,Yes,No,DSL,No,No,No,No,No,Yes,Month-to-month,Yes,Mailed check,45.05,45.05,Yes,0–12 months,30–60
7409-KIUTL,Female,1,No,Yes,1,Yes,No,Fiber optic,No,No,No,No,No,No,Month-to-month,Yes,Electronic check,71.0,71.0,Yes,0–12 months,60–90
9830-ECLEN,Male,0,Yes,Yes,58,No,No,DSL,Yes,Yes,Yes,No,Yes,No,One year,No,Mailed check,50.0,2900.0,No,49–60 months,30–60
1732-VHUBQ,Female,1,Yes,Yes,47,Yes,No,Fiber optic,No,No,No,No,No,No,Month-to-month,No,Bank transfer,70.55,3315.85,Yes,25–48 months,60–90
0495-RVCBF,Female,0,No,No,1,Yes,No,Fiber optic,No,No,No,No,No,No,Month-to-month,Yes,Electronic check,79.7,79.7,Yes,0–12 months,60–90
2668-TZSPS,Male,0,No,No,1,Yes,No,No,No,No,No,No,No,Yes,Month-to-month,No,Mailed check,20.45,20.45,No,0–12 months,Below 30
7854-EDSSA,Male,0,No,No,22,Yes,Yes,DSL,Yes,Yes,No,No,No,No,Month-to-month,No,Electronic check,59.0,1298.0,Yes,13–24 months,30–60
8869-TORSS,Female,0,No,No,48,Yes,No,DSL,Yes,No,Yes,Yes,No,No,One year,Yes,Credit card,60.35,2896.8,Yes,25–48 months,60–90
7446-SFAOA,Female,0,Yes,No,37,Yes,No,No,No,No,No,No,No,No,One year,Yes,Bank transfer,19.85,734.45,No,25–48 months,Below 30
9522-ZSINC,Male,0,No,No,13,Yes,No,No,No,No,No,No,No,No,One year,Yes,Electronic check,19.95,259.35,No,13–24 months,Below 30
8234-GSZYK,Male,0,No,No,43,Yes,Yes,No,No,No,No,No,No,No,Two year,No,Bank transfer,26.45,1137.35,No,25–48 months,Below 30
6505-OZNPG,Female,0,No,No,6,No,No,DSL,Yes,Yes,Yes,Yes,Yes,No,Two year,Yes,Mailed check,63.4,380.4,No,0–12 months,60–90
6164-HAQTX,Male,0,No,No,71,No,No,DSL,Yes,Yes,Yes,Yes,Yes,Yes,Two year,No,Bank transfer,53.95,3830.45,No,61+ months,30–60
0679-IDSTG,Female,1,Yes,Yes,1,Yes,No,Fiber optic,No,No,No,No,No,No,Month-to-month,Yes,Electronic check,69.25,69.25,Yes,0–12 months,60–90
7765-LWVVH,Female,0,Yes,Yes,72,Yes,Yes,Fiber optic,Yes,Yes,No,No,Yes,No,Two year,Yes,Electronic check,95.1,6847.2,No,61+ months,Above 90
1658-TJVOA,Female,1,No,No,6,Yes,No,Fiber optic,Yes,No,No,No,No,No,Month-to-month,Yes,Electronic check,74.1,444.6,No,0–12 months,60–90
0953-LGOVU,Male,0,Yes,Yes,12,No,No,DSL,No,Yes,No,Yes,No,No,Month-to-month,No,Mailed check,35.5,426.0,No,0–12 months,30–60
2115-BFTIW,Male,0,No,No,25,Yes,No,Fiber optic,No,No,No,No,No,No,Month-to-month,No,Mailed check,70.95,1773.75,Yes,25–48 months,60–90
4692-NNQRU,Female,0,Yes,No,21,Yes,No,Fiber optic,No,No,Yes,Yes,No,No,One year,No,Electronic check,79.2,1663.2,No,13–24 months,60–90
7742-MYPGI,Female,0,Yes,Yes,6,Yes,No,DSL,No,No,No,Yes,No,No,Month-to-month,Yes,Mailed check,48.8,292.8,No,0–12 months,30–60
0611-DFXKO,Male,0,Yes,No,20,Yes,No,Fiber optic,No,No,No,No,Yes,No,Month-to-month,Yes,Mailed check,89.0,1780.0,Yes,13–24 months,60–90
7780-OTDSO,Male,0,Yes,No,18,Yes,Yes,Fiber optic,Yes,No,No,No,Yes,Yes,Month-to-month,Yes,Electronic check,99.4,1789.2,Yes,13–24 months,Above 90
9619-GSATL,Female,0,No,No,43,Yes,No,DSL,No,Yes,No,Yes,No,Yes,One year,No,Electronic check,55.45,2384.35,No,25–48 months,30–60
5622-UEJFI,Female,0,Yes,Yes,35,Yes,Yes,No,No,No,No,No,No,No,Two year,Yes,Credit card,25.4,889.0,No,25–48 months,Below 30
9747-DDZOS,Female,0,No,No,1,Yes,No,Fiber optic,No,No,Yes,No,No,No,Month-to-month,No,Bank transfer,73.5,73.5,Yes,0–12 months,60–90
0674-DGMAQ,Male,1,Yes,No,32,Yes,Yes,Fiber optic,No,Yes,Yes,No,No,No,Month-to-month,Yes,Electronic check,93.5,2992.0,No,25–48 months,Above 90
6203-HBZPA,Male,0,No,No,52,No,No,DSL,Yes,Yes,Yes,Yes,Yes,Yes,Two year,No,Credit card,63.9,3322.8,No,49–60 months,60–90
0484-FFVBJ,Male,0,No,No,32,Yes,No,DSL,No,No,No,No,Yes,Yes,One year,Yes,Bank transfer,64.85,2075.2,No,25–48 months,60–90
0301-FIDRB,Female,0,Yes,Yes,72,No,No,DSL,Yes,Yes,Yes,Yes,Yes,Yes,Two year,Yes,Bank transfer,63.8,4593.6,No,61+ months,60–90
4139-JPIAM,Male,0,No,No,51,No,No,DSL,Yes,No,No,Yes,No,Yes,Month-to-month,Yes,Credit card,44.45,2266.95,No,49–60 months,30–60
2181-TIDSV,Male,0,Yes,Yes,68,Yes,No,No,No,No,No,No,No,Yes,Two year,Yes,Bank transfer,19.95,1356.6,No,61+ months,Below 30
2761-XECQW,Male,1,Yes,No,8,No,No,DSL,No,Yes,Yes,No,No,No,Month-to-month,Yes,Mailed check,43.35,346.8,No,0–12 months,30–60
1936-CZAKF,Male,0,Yes,No,49,No,No,DSL,No,Yes,No,No,Yes,Yes,Two year,No,Credit card,49.65,2432.85,No,49–60 months,30–60
9453-PATOS,Female,0,Yes,No,72,Yes,No,DSL,Yes,Yes,Yes,Yes,Yes,Yes,Two year,No,Mailed check,85.1,6127.2,No,61+ months,60–90
0564-JJHGS,Male,0,No,No,9,Yes,Yes,Fiber optic,No,No,No,No,Yes,Yes,Month-to-month,Yes,Electronic check,95.5,859.5,Yes,0–12 months,Above 90
3348-CFRNX,Female,0,Yes,No,28,Yes,No,Fiber optic,Yes,No,No,No,Yes,Yes,Month-to-month,Yes,Mailed check,92.35,2585.8,Yes,25–48 months,Above 90
4402-FTBXC,Male,0,No,No,54,Yes,No,Fiber optic,Yes,No,Yes,No,Yes,Yes,Month-to-month,No,Mailed check,89.8,4849.2,No,49–60 months,60–90
1428-GTBJJ,Male,0,No,No,11,Yes,No,Fiber optic,No,Yes,No,No,No,No,Month-to-month,Yes,Electronic check,74.55,820.05,Yes,0–12 months,60–90
2931-XIQBR,Female,0,Yes,Yes,50,Yes,No,Fiber optic,No,No,Yes,Yes,Yes,No,One year,No,Mailed check,103.05,5152.5,No,49–60 months,Above 90
0106-UGRDO,Female,0,Yes,No,69,Yes,Yes,Fiber optic,Yes,Yes,Yes,Yes,Yes,Yes,Two year,Yes,Electronic check,116.0,8004.0,No,61+ months,Above 90
5542-TBBWB,Male,0,No,No,1,Yes,No,Fiber optic,No,No,No,No,No,Yes,Month-to-month,Yes,Electronic check,69.9,69.9,No,0–12 months,60–90
1930-QPBVZ,Male,0,Yes,Yes,68,Yes,No,Fiber optic,Yes,Yes,No,Yes,No,No,Two year,No,Bank transfer,95.1,6466.8,No,61+ months,Above 90
2606-PKWJB,Male,0,No,Yes,40,No,No,DSL,Yes,Yes,No,Yes,No,Yes,One year,No,Mailed check,40.25,1610.0,No,25–48 months,30–60
5322-ZSMZY,Male,0,Yes,Yes,31,Yes,Yes,No,No,No,No,No,No,No,Two year,No,Mailed check,25.75,798.25,No,25–48 months,Below 30
8059-UDZFY,Female,1,No,Yes,33,Yes,Yes,Fiber optic,No,Yes,Yes,No,Yes,No,Month-to-month,Yes,Bank transfer,105.35,3476.55,No,25–48 months,Above 90
7740-BTPUX,Male,1,Yes,No,55,Yes,Yes,Fiber optic,No,Yes,Yes,Yes,Yes,Yes,Two year,Yes,Electronic check,113.6,6248.0,No,49–60 months,Above 90
5220-AGAAX,Male,0,Yes,Yes,68,Yes,Yes,No,No,No,No,No,No,Yes,Two year,Yes,Bank transfer,24.0,1632.0,No,61+ months,Below 30
0208-BPQEJ,Female,0,Yes,Yes,12,Yes,No,No,No,No,No,No,No,No,Month-to-month,No,Bank transfer,19.4,232.8,No,0–12 months,Below 30
9435-JMLSX,Male,0,Yes,No,71,Yes,No,DSL,Yes,Yes,Yes,Yes,Yes,No,Two year,Yes,Bank transfer,86.1,6113.1,No,61+ months,60–90
3352-ALMCK,Male,0,No,No,40,Yes,Yes,Fiber optic,No,Yes,Yes,No,Yes,Yes,Month-to-month,Yes,Mailed check,102.65,4106.0,No,25–48 months,Above 90
5312-IRCFR,Female,0,Yes,Yes,64,Yes,Yes,Fiber optic,No,Yes,Yes,No,No,Yes,One year,Yes,Electronic check,92.85,5942.4,No,61+ months,Above 90
5294-IMHHT,Male,0,Yes,No,53,Yes,Yes,Fiber optic,No,Yes,No,Yes,No,Yes,One year,No,Bank transfer,97.75,5180.75,No,49–60 months,Above 90
8802-UNOJF,Male,1,No,No,12,Yes,No,Fiber optic,No,Yes,Yes,Yes,No,Yes,Month-to-month,Yes,Mailed check,83.8,1005.6,Yes,0–12 months,60–90
6313-GIDIT,Male,1,No,No,53,No,No,DSL,No,Yes,Yes,No,Yes,No,Month-to-month,Yes,Electronic check,54.45,2885.85,Yes,49–60 months,30–60
6176-YJWAS,Male,0,Yes,No,72,Yes,Yes,Fiber optic,Yes,Yes,Yes,No,Yes,Yes,Two year,Yes,Credit card,97.95,7052.4,No,61+ months,Above 90
5310-NOOVA,Male,0,No,No,46,Yes,No,No,No,No,No,No,No,No,Two year,No,Electronic check,19.95,917.7,No,25–48 months,Below 30
4526-EXKKN,Male,0,No,No,40,Yes,Yes,No,No,No,No,No,No,No,Two year,Yes,Mailed check,24.6,984.0,No,25–48 months,Below 30
5311-IHLEI,Male,0,No,No,12,No,No,DSL,Yes,Yes,No,Yes,Yes,No,Month-to-month,Yes,Bank transfer,50.95,611.4,No,0–12 months,30–60
3987-KQDDU,Male,0,No,No,9,Yes,No,Fiber optic,Yes,No,No,No,No,No,Month-to-month,No,Electronic check,75.6,680.4,No,0–12 months,60–90
3404-JNXAX,Female,0,Yes,Yes,51,Yes,Yes,Fiber optic,No,No,No,Yes,No,No,Month-to-month,Yes,Electronic check,80.75,4118.25,No,49–60 months,60–90
5131-PONJI,Male,0,Yes,Yes,49,Yes,No,Fiber optic,No,Yes,Yes,No,Yes,No,Month-to-month,Yes,Credit card,90.4,4429.6,No,49–60 months,Above 90
2845-AFFTX,Male,1,Yes,No,41,Yes,Yes,Fiber optic,No,No,Yes,No,Yes,No,Month-to-month,Yes,Electronic check,99.8,4091.8,Yes,25–48 months,Above 90
3489-VSFRD,Female,0,No,No,56,Yes,No,DSL,Yes,No,Yes,Yes,No,Yes,One year,Yes,Credit card,60.25,3374.0,No,49–60 months,60–90
3345-JHUEO,Male,0,No,No,4,Yes,No,No,No,No,No,No,No,No,Month-to-month,Yes,Electronic check,20.2,80.8,No,0–12 months,Below 30
5815-HGGHV,Male,0,Yes,No,20,Yes,No,DSL,Yes,No,No,Yes,No,No,One year,Yes,Mailed check,64.15,1283.0,No,13–24 months,60–90
5260-UMPWX,Female,0,Yes,Yes,26,Yes,No,No,No,No,No,No,No,Yes,Month-to-month,Yes,Credit card,20.25,526.5,No,25–48 months,Below 30
2249-YPRNG,Female,0,Yes,Yes,20,Yes,Yes,Fiber optic,No,Yes,Yes,No,Yes,No,Month-to-month,Yes,Bank transfer,105.85,2117.0,Yes,13–24 months,Above 90
7410-YTJIK,Female,0,No,No,7,Yes,Yes,Fiber optic,No,No,No,No,No,Yes,Month-to-month,No,Mailed check,75.45,528.15,Yes,0–12 months,60–90
4626-GYCZP,Male,0,No,No,7,Yes,Yes,Fiber optic,No,No,No,No,Yes,No,Month-to-month,Yes,Electronic check,93.85,656.95,Yes,0–12 months,Above 90
5649-RXQTV,Male,0,No,No,51,Yes,No,Fiber optic,No,Yes,Yes,No,Yes,Yes,Month-to-month,Yes,Electronic check,99.0,5049.0,No,49–60 months,Above 90
2674-MIAHT,Female,0,No,No,4,Yes,Yes,Fiber optic,No,Yes,No,No,No,Yes,Month-to-month,Yes,Mailed check,80.3,321.2,No,0–12 months,60–90
2576-HXMPA,Female,0,No,No,1,Yes,No,No,No,No,No,No,No,No,Month-to-month,No,Credit card,19.55,19.55,No,0–12 months,Below 30
7587-AOVVU,Male,0,Yes,Yes,27,Yes,Yes,Fiber optic,Yes,Yes,No,Yes,Yes,No,Month-to-month,No,Electronic check,100.75,2720.25,No,25–48 months,Above 90
5590-BYNII,Male,0,No,No,22,Yes,Yes,Fiber optic,Yes,No,No,No,Yes,No,Month-to-month,Yes,Electronic check,100.75,2216.5,Yes,13–24 months,Above 90
6898-MDLZW,Male,0,No,No,12,Yes,No,DSL,No,Yes,No,Yes,No,Yes,Month-to-month,Yes,Mailed check,53.75,645.0,No,0–12 months,30–60
3237-AJGEH,Female,0,Yes,Yes,3,No,No,DSL,No,No,No,Yes,No,No,Month-to-month,Yes,Mailed check,31.0,93.0,Yes,0–12 months,30–60
4707-YNOQA,Female,0,Yes,Yes,34,Yes,Yes,No,No,No,No,No,No,No,One year,Yes,Credit card,25.6,870.4,No,25–48 months,Below 30
9357-UJRUN,Male,0,Yes,No,24,Yes,Yes,DSL,Yes,No,No,Yes,No,No,One year,Yes,Electronic check,58.35,1400.4,No,13–24 months,30–60
1591-NFNLQ,Male,0,No,No,51,Yes,Yes,Fiber optic,No,No,Yes,No,No,No,Month-to-month,No,Credit card,80.0,4080.0,Yes,49–60 months,60–90
8648-PFRMP,Female,1,No,No,14,No,No,DSL,No,No,No,No,Yes,No,Month-to-month,Yes,Electronic check,46.35,648.9,No,13–24 months,30–60
7663-CUXZB,Male,0,Yes,No,59,Yes,Yes,Fiber optic,Yes,Yes,Yes,Yes,Yes,Yes,Two year,No,Electronic check,113.75,6711.25,No,49–60 months,Above 90
0258-NOKBL,Male,0,No,No,3,Yes,No,Fiber optic,No,Yes,Yes,No,No,Yes,Month-to-month,No,Electronic check,90.4,271.2,No,0–12 months,Above 90
1163-VIPRI,Female,0,Yes,Yes,65,Yes,Yes,Fiber optic,Yes,No,Yes,Yes,Yes,Yes,Two year,No,Electronic check,109.3,7104.5,No,61+ months,Above 90
2815-CPTUL,Male,1,No,No,5,Yes,No,Fiber optic,No,No,No,No,No,Yes,Month-to-month,Yes,Mailed check,70.25,351.25,Yes,0–12 months,60–90
9348-ROUAI,Female,0,Yes,Yes,59,Yes,Yes,DSL,Yes,Yes,Yes,Yes,Yes,No,Two year,No,Credit card,90.3,5327.7,No,49–60 months,Above 90
9443-JUBUO,Male,0,Yes,Yes,72,No,No,DSL,Yes,Yes,Yes,Yes,Yes,Yes,Two year,Yes,Credit card,65.25,4698.0,No,61+ months,60–90
0596-BQCEQ,Female,0,Yes,Yes,62,Yes,No,Fiber optic,No,Yes,Yes,No,Yes,Yes,Month-to-month,Yes,Electronic check,100.15,6209.3,Yes,61+ months,Above 90
1481-ZUWZA,Male,0,No,No,28,Yes,Yes,Fiber optic,Yes,Yes,No,No,No,Yes,Month-to-month,Yes,Credit card,94.5,2646.0,Yes,25–48 months,Above 90
3043-TYBNO,Male,0,No,No,3,Yes,No,DSL,No,No,No,Yes,No,Yes,Month-to-month,No,Mailed check,60.65,181.95,No,0–12 months,60–90
4830-FAXFM,Male,0,No,Yes,19,Yes,Yes,No,No,No,No,No,No,Yes,Month-to-month,Yes,Credit card,24.1,457.9,No,13–24 months,Below 30
5906-BFOZT,Male,0,No,No,1,Yes,No,No,No,No,No,No,No,No,Month-to-month,Yes,Mailed check,19.5,19.5,No,0–12 months,Below 30
2960-NKRSO,Male,0,No,No,24,Yes,No,Fiber optic,No,Yes,Yes,Yes,No,No,Month-to-month,Yes,Electronic check,85.95,2062.8,No,13–24 months,60–90
8996-ZROXE,Male,1,No,No,57,Yes,No,DSL,No,No,Yes,Yes,No,No,One year,Yes,Electronic check,53.5,3049.5,No,49–60 months,30–60
5598-IKHQQ,Female,0,No,No,72,Yes,Yes,No,No,No,No,No,No,No,Two year,No,Credit card,25.45,1832.4,No,61+ months,Below 30
0397-ZXWQF,Male,0,No,No,67,Yes,No,No,No,No,No,No,No,No,Two year,No,Bank transfer,20.5,1373.5,No,61+ months,Below 30
5266-PFRQK,Male,0,Yes,Yes,52,Yes,No,No,No,No,No,No,No,No,One year,Yes,Credit card,20.85,1084.2,No,49–60 months,Below 30
4674-HGNUA,Male,0,Yes,Yes,71,Yes,Yes,DSL,Yes,Yes,Yes,Yes,Yes,No,Two year,No,Credit card,89.9,6382.9,No,61+ months,60–90
6765-MBQNU,Female,0,Yes,No,26,Yes,Yes,No,No,No,No,No,No,Yes,One year,No,Mailed check,26.0,676.0,No,25–48 months,Below 30
9786-IJYDL,Female,0,No,No,35,Yes,Yes,Fiber optic,Yes,Yes,Yes,Yes,Yes,No,Two year,Yes,Mailed check,113.2,3962.0,No,25–48 months,Above 90
1303-SRDOK,Female,0,Yes,Yes,55,Yes,No,Fiber optic,No,No,No,No,No,Yes,Two year,Yes,Credit card,69.05,3797.75,No,49–60 months,60–90
3769-MHZNV,Female,0,Yes,Yes,33,Yes,No,No,No,No,No,No,No,No,Two year,No,Mailed check,20.1,663.3,No,25–48 months,Below 30
6295-OSINB,Male,0,Yes,No,72,Yes,Yes,Fiber optic,Yes,Yes,Yes,No,Yes,No,Two year,Yes,Electronic check,109.65,7894.8,No,61+ months,Above 90
3308-MHOOC,Male,0,No,Yes,1,Yes,No,No,No,No,No,No,No,Yes,Month-to-month,Yes,Mailed check,19.2,19.2,No,0–12 months,Below 30
2309-OSFEU,Male,0,No,No,10,No,No,DSL,No,No,No,No,No,No,Month-to-month,Yes,Mailed check,33.9,339.0,Yes,0–12 months,30–60
2207-QPJED,Female,1,Yes,No,37,Yes,No,Fiber optic,No,No,Yes,Yes,Yes,Yes,Month-to-month,No,Electronic check,90.0,3330.0,No,25–48 months,Above 90
4177-JPDFU,Male,0,No,No,12,No,No,DSL,No,Yes,No,Yes,No,No,Month-to-month,No,Mailed check,34.0,408.0,No,0–12 months,30–60
2239-CFOUJ,Male,0,Yes,Yes,1,Yes,No,No,No,No,No,No,No,No,One year,No,Mailed check,20.4,20.4,No,0–12 months,Below 30
8046-DNVTL,Male,0,Yes,No,62,No,No,DSL,Yes,Yes,No,Yes,No,No,Two year,Yes,Credit card,38.6,2393.2,No,61+ months,30–60
2209-XADXF,Female,0,No,No,1,No,No,DSL,No,No,No,No,No,No,Month-to-month,No,Bank transfer,25.25,25.25,No,0–12 months,Below 30
6620-JDYNW,Female,0,No,No,18,Yes,Yes,DSL,Yes,No,Yes,No,No,No,Month-to-month,Yes,Mailed check,60.6,1090.8,No,13–24 months,60–90
1891-FZYSA,Male,1,Yes,No,69,Yes,Yes,Fiber optic,No,Yes,No,No,Yes,No,Month-to-month,Yes,Electronic check,89.95,6206.55,Yes,61+ months,60–90
4770-UEZOX,Male,0,No,No,2,Yes,No,Fiber optic,No,Yes,No,No,No,No,Month-to-month,Yes,Electronic check,74.75,149.5,No,0–12 months,60–90
1038-RQOST,Male,0,Yes,Yes,19,Yes,No,No,No,No,No,No,No,No,Month-to-month,No,Mailed check,20.6,391.4,No,13–24 months,Below 30
7613-LLQFO,Male,0,No,No,12,Yes,Yes,Fiber optic,No,No,No,No,Yes,No,Month-to-month,Yes,Electronic check,84.45,1013.4,Yes,0–12 months,60–90
4568-TTZRT,Male,0,No,No,9,Yes,No,No,No,No,No,No,No,No,Month-to-month,No,Mailed check,20.4,183.6,No,0–12 months,Below 30
9513-DXHDA,Male,0,No,No,27,Yes,No,DSL,Yes,No,Yes,Yes,Yes,No,One year,No,Electronic check,81.7,2205.9,No,25–48 months,60–90
2640-PMGFL,Male,0,No,Yes,27,Yes,Yes,Fiber optic,No,No,No,Yes,No,Yes,Month-to-month,Yes,Electronic check,79.5,2146.5,Yes,25–48 months,60–90
3801-HMYNL,Male,0,Yes,Yes,1,Yes,No,Fiber optic,No,No,No,No,Yes,No,Month-to-month,No,Mailed check,89.15,89.15,Yes,0–12 months,60–90
0516-QREYC,Female,1,No,No,24,Yes,No,No,No,No,No,No,No,Yes,Month-to-month,Yes,Mailed check,20.3,487.2,No,13–24 months,Below 30
9685-WKZGT,Male,1,No,No,14,Yes,Yes,Fiber optic,No,No,No,No,No,No,Month-to-month,Yes,Electronic check,74.95,1049.3,Yes,13–24 months,60–90
6022-UGGSO,Female,1,No,No,32,Yes,No,Fiber optic,No,Yes,No,No,No,No,Month-to-month,Yes,Electronic check,74.4,2380.8,Yes,25–48 months,60–90
8084-OIVBS,Female,0,No,No,11,Yes,No,No,No,No,No,No,No,No,One year,No,Mailed check,20.0,220.0,No,0–12 months,Below 30
8896-BQTTI,Male,0,No,No,1,Yes,Yes,No,No,No,No,No,No,No,Month-to-month,Yes,Mailed check,25.0,25.0,No,0–12 months,Below 30
3865-QBWSJ,Male,1,No,Yes,38,Yes,Yes,Fiber optic,Yes,No,No,No,No,No,Month-to-month,Yes,Mailed check,80.45,3057.1,No,25–48 months,60–90
3352-RICWQ,Female,0,Yes,Yes,9,Yes,No,No,No,No,No,No,No,No,Two year,No,Mailed check,19.75,177.75,No,0–12 months,Below 30
2160-GPFXD,Male,0,Yes,Yes,54,Yes,Yes,DSL,Yes,Yes,No,Yes,No,No,Two year,Yes,Credit card,65.65,3545.1,No,49–60 months,60–90
2065-MMKGR,Female,0,No,No,29,Yes,Yes,DSL,No,No,No,No,Yes,No,One year,Yes,Credit card,71.0,2059.0,No,25–48 months,60–90
5857-TYBCJ,Male,1,Yes,No,44,Yes,Yes,Fiber optic,No,No,Yes,No,Yes,Yes,Month-to-month,Yes,Electronic check,89.2,3924.8,No,25–48 months,60–90
1498-NHTLT,Male,0,Yes,Yes,59,Yes,No,DSL,Yes,Yes,Yes,Yes,Yes,No,Two year,Yes,Electronic check,86.75,5118.25,No,49–60 months,60–90
4484-CGXFK,Female,0,No,No,3,Yes,No,DSL,No,No,No,No,No,Yes,Month-to-month,Yes,Electronic check,55.3,165.9,Yes,0–12 months,30–60
1402-PTHGN,Female,0,Yes,Yes,18,Yes,No,DSL,Yes,Yes,No,Yes,No,Yes,One year,Yes,Mailed check,61.5,1107.0,No,13–24 months,60–90
4176-RELJR,Male,1,No,No,67,Yes,Yes,No,No,No,No,No,No,No,Two year,No,Credit card,25.1,1681.7,No,61+ months,Below 30
6214-EDAKZ,Female,0,Yes,Yes,22,Yes,No,DSL,No,Yes,No,Yes,No,No,Month-to-month,No,Electronic check,55.15,1213.3,Yes,13–24 months,30–60
5199-FPUSP,Male,0,No,Yes,33,No,No,DSL,Yes,No,No,Yes,No,No,One year,No,Credit card,34.05,1123.65,No,25–48 months,30–60
6377-KSLXC,Male,0,No,No,5,Yes,No,No,No,No,No,No,No,No,Month-to-month,No,Mailed check,19.95,99.75,No,0–12 months,Below 30
1796-JANOW,Female,0,No,No,2,Yes,No,No,No,No,No,No,No,No,Month-to-month,No,Mailed check,19.95,39.9,No,0–12 months,Below 30
0238-WHBIQ,Male,0,Yes,Yes,72,Yes,Yes,DSL,Yes,Yes,Yes,Yes,Yes,No,Two year,No,Credit card,89.7,6458.4,No,61+ months,60–90
8735-NBLWT,Male,0,No,Yes,9,Yes,No,No,No,No,No,No,No,Yes,Month-to-month,No,Mailed check,20.4,183.6,No,0–12 months,Below 30
6651-RLGGM,Male,0,Yes,Yes,67,Yes,Yes,No,No,No,No,No,No,No,Two year,No,Mailed check,26.3,1762.1,No,61+ months,Below 30
6127-ISGTU,Female,0,Yes,No,16,Yes,Yes,Fiber optic,No,No,No,No,Yes,No,Month-to-month,Yes,Electronic check,84.95,1359.2,Yes,13–24 months,60–90
1614-JBEBI,Female,0,No,No,8,Yes,No,No,No,No,No,No,No,No,Month-to-month,Yes,Mailed check,20.7,165.6,No,0–12 months,Below 30
8740-XLHDR,Male,0,No,No,5,No,No,DSL,Yes,Yes,Yes,Yes,No,No,Month-to-month,Yes,Mailed check,43.25,216.25,Yes,0–12 months,30–60
1208-DNHLN,Male,0,Yes,Yes,23,Yes,Yes,DSL,No,No,No,No,No,No,One year,Yes,Credit card,48.35,1112.05,Yes,13–24 months,30–60
1761-AEZZR,Male,0,No,No,1,Yes,No,Fiber optic,No,No,No,No,Yes,No,Month-to-month,Yes,Electronic check,79.55,79.55,Yes,0–12 months,60–90
3923-CSIHK,Female,1,Yes,No,50,Yes,No,Fiber optic,No,No,No,No,No,No,Month-to-month,Yes,Electronic check,71.05,3552.5,Yes,49–60 months,60–90
5696-EXCYS,Male,0,No,No,17,Yes,No,No,No,No,No,No,No,No,Two year,No,Credit card,19.45,330.65,No,13–24 months,Below 30
5795-KTGUD,Female,0,Yes,No,68,Yes,Yes,Fiber optic,Yes,Yes,Yes,No,Yes,No,Two year,Yes,Bank transfer,110.8,7534.4,No,61+ months,Above 90
7120-RFMVS,Male,0,No,No,1,Yes,Yes,Fiber optic,No,No,No,No,Yes,Yes,Month-to-month,No,Electronic check,84.5,84.5,Yes,0–12 months,60–90
7924-GJZFI,Female,1,Yes,No,25,Yes,No,Fiber optic,No,No,No,No,No,No,Month-to-month,Yes,Electronic check,69.3,1732.5,No,25–48 months,60–90
4702-HDRKD,Male,0,No,No,67,No,No,DSL,Yes,No,Yes,Yes,Yes,No,One year,Yes,Bank transfer,49.35,3306.45,No,61+ months,30–60
8512-WIWYV,Male,0,No,No,32,Yes,No,No,No,No,No,No,No,No,One year,No,Credit card,20.35,651.2,No,25–48 months,Below 30
5897-ZYEKH,Female,1,Yes,No,67,Yes,Yes,Fiber optic,Yes,Yes,No,No,Yes,No,One year,Yes,Electronic check,105.6,7075.2,No,61+ months,Above 90
5456-ITGIC,Male,1,Yes,No,72,No,No,DSL,Yes,Yes,Yes,Yes,Yes,Yes,Two year,Yes,Credit card,64.45,4640.4,No,61+ months,60–90
7317-GGVPB,Male,0,Yes,No,71,Yes,Yes,Fiber optic,No,Yes,Yes,Yes,Yes,Yes,Two year,Yes,Credit card,108.6,7710.6,Yes,61+ months,Above 90
1406-PUQVY,Male,0,No,Yes,1,Yes,No,DSL,No,Yes,No,No,No,Yes,Month-to-month,Yes,Electronic check,49.9,49.9,No,0–12 months,30–60
1322-AGOQM,Male,0,No,No,46,No,No,DSL,No,Yes,No,No,No,No,Month-to-month,No,Bank transfer,30.3,1393.8,Yes,25–48 months,30–60
3677-IYRBF,Female,1,No,No,2,No,No,DSL,No,No,Yes,No,No,No,Month-to-month,Yes,Electronic check,30.4,60.8,Yes,0–12 months,30–60
5692-FPTAH,Female,0,No,No,1,Yes,No,DSL,No,No,No,No,No,No,Month-to-month,Yes,Mailed check,45.4,45.4,Yes,0–12 months,30–60
9114-AAFQH,Female,0,Yes,No,48,Yes,No,DSL,No,Yes,Yes,No,No,No,One year,Yes,Electronic check,65.65,3151.2,No,25–48 months,60–90
8715-KKTFG,Female,0,Yes,No,61,Yes,Yes,Fiber optic,No,No,Yes,Yes,Yes,Yes,One year,Yes,Bank transfer,103.3,6301.3,No,61+ months,Above 90
1550-LOAHA,Female,0,Yes,No,32,Yes,No,Fiber optic,No,Yes,No,No,No,Yes,Month-to-month,No,Bank transfer,84.15,2692.8,Yes,25–48 months,60–90
1728-BQDMA,Female,0,No,No,2,Yes,No,DSL,No,No,No,No,No,Yes,Month-to-month,No,Electronic check,44.45,88.9,No,0–12 months,30–60
0268-QKIWO,Female,0,No,No,3,Yes,No,No,No,No,No,No,No,No,Month-to-month,No,Electronic check,19.75,59.25,Yes,0–12 months,Below 30
0876-WDUUZ,Female,0,No,No,5,Yes,No,Fiber optic,No,No,No,Yes,No,No,Month-to-month,Yes,Credit card,85.4,427.0,Yes,0–12 months,60–90
5117-ZSMHQ,Female,0,Yes,Yes,71,Yes,Yes,DSL,Yes,Yes,Yes,Yes,Yes,Yes,Two year,No,Bank transfer,89.9,6382.9,No,61+ months,60–90
5151-HQRDG,Male,0,Yes,No,37,Yes,Yes,DSL,Yes,No,No,No,No,Yes,Month-to-month,Yes,Mailed check,55.05,2036.85,No,25–48 months,30–60
0960-HUWBM,Male,0,Yes,Yes,65,Yes,Yes,Fiber optic,No,No,Yes,Yes,Yes,No,Two year,Yes,Bank transfer,104.1,6766.5,No,61+ months,Above 90
6465-GSRCL,Female,0,No,Yes,67,Yes,Yes,Fiber optic,No,Yes,No,Yes,Yes,Yes,One year,Yes,Bank transfer,106.6,7142.2,No,61+ months,Above 90
0617-FHSGK,Male,0,No,Yes,49,Yes,Yes,Fiber optic,No,No,No,No,No,Yes,Month-to-month,No,Credit card,75.2,3684.8,Yes,49–60 months,60–90
0263-FJTQO,Male,0,Yes,Yes,50,Yes,Yes,DSL,Yes,No,No,Yes,Yes,No,Two year,Yes,Credit card,70.5,3525.0,No,49–60 months,60–90
7319-ZNRTR,Male,0,Yes,Yes,25,Yes,No,No,No,No,No,No,No,No,One year,No,Electronic check,19.6,490.0,No,25–48 months,Below 30
2858-MOFSQ,Female,0,No,Yes,17,Yes,Yes,DSL,No,No,Yes,No,No,No,One year,Yes,Mailed check,55.85,949.45,Yes,13–24 months,30–60
7503-EPSZW,Female,0,Yes,Yes,64,Yes,Yes,No,No,No,No,No,No,No,Two year,Yes,Mailed check,24.05,1539.2,No,61+ months,Below 30
7089-XXAYG,Male,0,Yes,No,25,No,No,DSL,No,No,Yes,No,Yes,No,One year,Yes,Credit card,38.1,952.5,No,25–48 months,30–60
8118-LSUEL,Male,1,No,No,23,Yes,Yes,Fiber optic,No,Yes,Yes,No,Yes,No,Month-to-month,Yes,Electronic check,106.4,2447.2,Yes,13–24 months,Above 90
8070-AAWZP,Male,1,Yes,No,24,No,No,DSL,No,No,Yes,Yes,No,Yes,Month-to-month,No,Mailed check,34.25,822.0,No,13–24 months,30–60
1666-JXLKU,Female,0,No,No,37,Yes,Yes,Fiber optic,No,No,Yes,No,Yes,No,Month-to-month,Yes,Electronic check,100.05,3701.85,No,25–48 months,Above 90
7855-DIWPO,Female,0,No,No,21,Yes,No,Fiber optic,No,No,No,No,No,Yes,Month-to-month,Yes,Electronic check,68.65,1441.65,No,13–24 months,60–90
5133-POWUA,Male,0,No,No,1,Yes,No,DSL,No,No,No,No,No,No,Month-to-month,Yes,Mailed check,45.8,45.8,No,0–12 months,30–60
5652-MSDEY,Female,0,No,No,10,Yes,Yes,Fiber optic,No,No,No,No,No,No,Month-to-month,Yes,Mailed check,75.75,757.5,No,0–12 months,60–90
7005-CCBKV,Male,0,No,No,6,Yes,No,Fiber optic,No,Yes,No,No,No,No,Month-to-month,Yes,Electronic check,84.4,506.4,Yes,0–12 months,60–90
1810-BOHSY,Male,0,Yes,No,51,Yes,Yes,Fiber optic,Yes,Yes,No,No,No,Yes,One year,Yes,Credit card,96.4,4916.4,No,49–60 months,Above 90
1784-BXEFA,Female,0,No,No,10,Yes,No,No,No,No,No,No,No,Yes,Month-to-month,Yes,Mailed check,20.55,205.5,No,0–12 months,Below 30
7351-MHQVU,Female,0,No,No,6,No,No,DSL,Yes,Yes,No,Yes,No,No,Month-to-month,No,Credit card,50.95,305.7,No,0–12 months,30–60
9224-VTYID,Male,0,Yes,Yes,47,Yes,Yes,DSL,Yes,Yes,Yes,Yes,Yes,Yes,Two year,Yes,Mailed check,90.5,4253.5,No,25–48 months,Above 90
9500-IWPXQ,Female,0,Yes,Yes,61,Yes,Yes,DSL,Yes,Yes,Yes,Yes,No,Yes,One year,Yes,Electronic check,79.4,4843.4,No,61+ months,60–90
5762-TJXGK,Female,0,No,No,52,No,No,DSL,Yes,Yes,Yes,No,Yes,Yes,Two year,Yes,Bank transfer,58.75,3055.0,No,49–60 months,30–60
4504-YOULA,Female,0,Yes,Yes,35,Yes,Yes,DSL,Yes,Yes,No,No,No,Yes,Month-to-month,Yes,Credit card,59.45,2080.75,No,25–48 months,30–60
5569-IDSEY,Male,0,Yes,No,71,Yes,Yes,Fiber optic,No,Yes,Yes,No,Yes,No,One year,Yes,Bank transfer,105.7,7504.7,No,61+ months,Above 90
4250-FDVOU,Female,0,No,No,6,Yes,No,DSL,Yes,Yes,No,No,No,Yes,Month-to-month,No,Electronic check,56.25,337.5,Yes,0–12 months,30–60
7284-ZZLOH,Male,0,Yes,No,45,Yes,No,DSL,Yes,No,Yes,No,No,No,Two year,No,Credit card,53.3,2398.5,No,25–48 months,30–60
5277-ZLOOR,Female,1,No,No,2,Yes,Yes,Fiber optic,No,No,No,No,Yes,No,Month-to-month,Yes,Electronic check,85.55,171.1,Yes,0–12 months,60–90
2141-RRYGO,Female,0,No,No,4,Yes,No,DSL,No,Yes,No,No,Yes,No,Month-to-month,Yes,Bank transfer,68.65,274.6,Yes,0–12 months,60–90
1777-JYQPJ,Male,0,No,No,2,No,No,DSL,No,No,No,No,No,Yes,Month-to-month,No,Mailed check,24.3,48.6,No,0–12 months,Below 30
6376-GAHQE,Male,0,No,No,4,Yes,No,Fiber optic,No,No,No,No,Yes,No,Month-to-month,No,Electronic check,77.85,311.4,Yes,0–12 months,60–90
3401-URHDA,Male,0,No,No,51,Yes,Yes,DSL,Yes,No,No,Yes,No,No,One year,No,Credit card,59.9,3054.9,No,49–60 months,30–60
1599-EAHXY,Male,0,Yes,Yes,60,Yes,Yes,No,No,No,No,No,No,No,One year,No,Credit card,23.95,1437.0,No,49–60 months,Below 30
8631-XVRZL,Male,0,No,No,9,Yes,No,No,No,No,No,No,No,No,One year,Yes,Mailed check,20.15,181.35,No,0–12 months,Below 30
5052-PNLOS,Male,0,No,No,3,Yes,Yes,Fiber optic,No,Yes,Yes,No,Yes,No,Month-to-month,Yes,Bank transfer,105.35,316.05,Yes,0–12 months,Above 90
3853-LYGAM,Male,0,No,No,17,Yes,Yes,Fiber optic,No,No,Yes,Yes,No,Yes,Month-to-month,Yes,Bank transfer,95.65,1626.05,No,13–24 months,Above 90
6979-ZNSFF,Female,0,No,No,8,Yes,Yes,Fiber optic,No,No,No,No,Yes,Yes,Month-to-month,Yes,Electronic check,87.05,696.4,Yes,0–12 months,60–90
5751-USDBL,Male,0,Yes,Yes,46,Yes,No,DSL,Yes,No,Yes,Yes,Yes,No,Two year,No,Mailed check,81.0,3726.0,No,25–48 months,60–90
5680-LQOGP,Female,0,No,No,68,Yes,No,DSL,Yes,Yes,Yes,Yes,Yes,Yes,Two year,Yes,Credit card,82.45,5606.6,No,61+ months,60–90
2386-LAHRK,Male,0,No,No,1,Yes,No,DSL,No,No,No,No,Yes,Yes,Month-to-month,Yes,Mailed check,53.5,53.5,Yes,0–12 months,30–60
8189-DUKMV,Female,0,Yes,No,4,Yes,No,No,No,No,No,No,No,No,One year,No,Bank transfer,20.5,82.0,No,0–12 months,Below 30
6032-IGALN,Female,0,No,No,1,No,No,DSL,No,No,No,No,No,No,Month-to-month,Yes,Mailed check,25.1,25.1,Yes,0–12 months,Below 30
9931-DCEZH,Male,0,No,Yes,28,Yes,No,DSL,No,Yes,No,Yes,No,No,One year,Yes,Credit card,54.4,1523.2,No,25–48 months,30–60
1898-JSNDC,Female,0,No,No,39,Yes,No,DSL,No,Yes,No,No,Yes,No,One year,Yes,Credit card,58.6,2285.4,No,25–48 months,30–60
0315-LVCRK,Male,0,No,No,11,Yes,No,Fiber optic,No,No,Yes,No,No,No,Month-to-month,No,Electronic check,84.8,932.8,No,0–12 months,60–90
3911-RSNHI,Female,0,Yes,No,71,No,No,DSL,No,Yes,Yes,Yes,Yes,Yes,Two year,Yes,Credit card,61.4,4359.4,No,61+ months,60–90
2410-CIYFZ,Male,0,No,Yes,2,Yes,No,No,No,No,No,No,No,Yes,Month-to-month,No,Mailed check,20.4,40.8,No,0–12 months,Below 30
4248-HCETZ,Male,1,Yes,No,30,Yes,No,Fiber optic,No,Yes,Yes,No,No,No,Month-to-month,Yes,Mailed check,79.65,2389.5,Yes,25–48 months,60–90
5505-OVWQW,Female,0,No,No,17,Yes,No,No,No,No,No,No,No,No,One year,No,Mailed check,20.15,342.55,No,13–24 months,Below 30
7271-AJDTL,Female,0,Yes,No,55,Yes,Yes,Fiber optic,No,Yes,Yes,No,Yes,No,Month-to-month,Yes,Credit card,94.45,5194.75,No,49–60 months,Above 90
1867-TJHTS,Female,0,No,No,58,Yes,Yes,Fiber optic,Yes,No,No,No,No,No,Month-to-month,Yes,Bank transfer,79.8,4628.4,No,49–60 months,60–90
0516-WJVXC,Female,0,No,No,5,Yes,No,DSL,Yes,No,No,Yes,No,No,Month-to-month,No,Electronic check,54.2,271.0,Yes,0–12 months,30–60
9174-FKWZE,Female,1,No,No,1,Yes,No,No,No,No,No,No,No,No,Month-to-month,Yes,Electronic check,19.45,19.45,Yes,0–12 months,Below 30
6860-YRJZP,Male,1,No,No,9,Yes,Yes,Fiber optic,No,No,No,No,No,No,Month-to-month,Yes,Electronic check,74.05,666.45,No,0–12 months,60–90
4429-WYGFR,Male,0,No,No,26,Yes,No,DSL,No,No,No,Yes,No,No,Month-to-month,No,Bank transfer,49.15,1277.9,No,25–48 months,30–60
2817-LVCPP,Female,0,No,No,50,Yes,No,No,No,No,No,No,No,No,Two year,No,Credit card,19.4,970.0,No,49–60 months,Below 30
5038-ETMLM,Female,0,Yes,No,72,Yes,Yes,Fiber optic,Yes,Yes,Yes,Yes,Yes,No,Two year,Yes,Bank transfer,113.65,8182.8,No,61+ months,Above 90
5056-FIMPT,Female,0,No,Yes,43,Yes,No,Fiber optic,Yes,Yes,No,Yes,Yes,Yes,One year,Yes,Credit card,106.0,4558.0,No,25–48 months,Above 90
4521-WFJAI,Male,0,No,No,56,Yes,Yes,No,No,No,No,No,No,Yes,Two year,Yes,Bank transfer,25.95,1453.2,No,49–60 months,Below 30
6569-KTMDU,Female,0,No,No,1,Yes,No,No,No,No,No,No,No,No,Month-to-month,No,Mailed check,19.1,19.1,No,0–12 months,Below 30
8809-RIHDD,Male,0,Yes,Yes,72,Yes,Yes,Fiber optic,No,Yes,Yes,No,Yes,No,Two year,Yes,Electronic check,103.4,7444.8,Yes,61+ months,Above 90
8809-XKHMD,Male,0,Yes,No,72,Yes,Yes,Fiber optic,Yes,Yes,No,Yes,No,Yes,Two year,Yes,Bank transfer,100.55,7239.6,No,61+ months,Above 90
0396-YCHWO,Male,0,Yes,No,36,Yes,Yes,Fiber optic,No,No,No,No,Yes,Yes,Month-to-month,Yes,Electronic check,95.4,3434.4,No,25–48 months,Above 90
0867-LDTTC,Male,0,No,No,5,Yes,No,DSL,No,No,Yes,Yes,Yes,Yes,Month-to-month,No,Bank transfer,75.15,375.75,No,0–12 months,60–90
4822-NGOCH,Female,0,No,No,13,Yes,Yes,Fiber optic,No,Yes,Yes,No,No,Yes,Month-to-month,Yes,Electronic check,84.45,1097.85,Yes,13–24 months,60–90
9391-DXGGG,Female,1,No,No,44,Yes,No,Fiber optic,No,Yes,Yes,No,No,No,One year,No,Credit card,89.15,3922.6,No,25–48 months,60–90
9844-FELAJ,Female,1,Yes,Yes,70,Yes,Yes,Fiber optic,No,Yes,Yes,Yes,Yes,Yes,One year,Yes,Electronic check,107.9,7553.0,No,61+ months,Above 90
2122-SZZZD,Male,0,No,No,44,Yes,No,No,No,No,No,No,No,Yes,One year,No,Credit card,19.5,858.0,No,25–48 months,Below 30
5307-DZCVC,Female,1,Yes,No,32,Yes,Yes,Fiber optic,No,No,No,No,Yes,No,Month-to-month,Yes,Credit card,85.95,2750.4,Yes,25–48 months,60–90
3148-AOIQT,Female,0,Yes,No,69,Yes,Yes,No,No,No,No,No,No,No,Two year,Yes,Credit card,24.95,1721.55,No,61+ months,Below 30
8679-JOEVF,Female,1,No,No,16,Yes,No,DSL,No,No,No,Yes,Yes,No,Month-to-month,No,Electronic check,59.4,950.4,Yes,13–24 months,30–60
8395-ETZKQ,Male,1,Yes,Yes,68,Yes,No,No,No,No,No,No,No,No,One year,No,Bank transfer,19.5,1326.0,No,61+ months,Below 30
6692-YQHXC,Male,0,No,No,16,Yes,No,Fiber optic,No,No,No,No,No,No,Month-to-month,Yes,Credit card,69.95,1119.2,No,13–24 months,60–90
3889-VWBID,Male,0,Yes,Yes,68,Yes,No,DSL,Yes,Yes,No,Yes,Yes,No,Two year,No,Bank transfer,82.85,5633.8,No,61+ months,60–90
5222-JCXZT,Male,0,No,No,4,Yes,No,No,No,No,No,No,No,Yes,Month-to-month,No,Mailed check,19.0,76.0,No,0–12 months,Below 30
9754-CLVZW,Female,0,Yes,Yes,26,No,No,DSL,Yes,Yes,No,Yes,No,No,Month-to-month,No,Credit card,38.85,1010.1,No,25–48 months,30–60
1432-FPAXX,Female,0,No,No,29,No,No,DSL,No,Yes,No,No,No,No,Month-to-month,Yes,Electronic check,30.6,887.4,Yes,25–48 months,30–60
2739-CCZMB,Male,0,No,Yes,5,Yes,No,No,No,No,No,No,No,No,Month-to-month,No,Credit card,20.35,101.75,No,0–12 months,Below 30
7080-TNUWP,Male,0,Yes,No,70,Yes,Yes,Fiber optic,No,Yes,Yes,No,Yes,No,One year,Yes,Bank transfer,95.0,6650.0,No,61+ months,Above 90
0496-AHOOK,Male,0,Yes,No,24,Yes,No,DSL,Yes,No,No,Yes,Yes,No,One year,No,Bank transfer,74.4,1785.6,No,13–24 months,60–90
8336-TAVKX,Female,1,Yes,No,72,Yes,Yes,DSL,Yes,Yes,Yes,Yes,No,Yes,Two year,No,Bank transfer,78.45,5648.4,No,61+ months,60–90
2468-SJFLM,Male,0,No,No,1,Yes,No,Fiber optic,No,No,No,Yes,No,Yes,Month-to-month,Yes,Mailed check,74.3,74.3,No,0–12 months,60–90
3181-VTHOE,Male,0,Yes,No,70,No,No,DSL,No,Yes,Yes,Yes,No,No,One year,Yes,Bank transfer,51.05,3573.5,No,61+ months,30–60
7168-HDQHG,Female,0,Yes,Yes,36,Yes,No,No,No,No,No,No,No,Yes,Month-to-month,No,Bank transfer,19.2,691.2,No,25–48 months,Below 30
4803-AXVYP,Female,1,No,No,38,Yes,Yes,Fiber optic,No,No,No,Yes,Yes,No,Month-to-month,Yes,Electronic check,99.55,3782.9,Yes,25–48 months,Above 90
3884-HCSWG,Female,0,No,No,17,Yes,No,Fiber optic,No,No,No,No,No,Yes,Month-to-month,Yes,Electronic check,70.0,1190.0,Yes,13–24 months,60–90
4567-AKPIA,Female,0,Yes,Yes,41,Yes,Yes,Fiber optic,No,Yes,Yes,Yes,Yes,No,One year,Yes,Bank transfer,109.1,4473.1,No,25–48 months,Above 90
5077-DXTCG,Female,0,No,No,1,Yes,No,DSL,No,No,No,No,No,Yes,Month-to-month,Yes,Electronic check,45.3,45.3,Yes,0–12 months,30–60
1142-WACZW,Male,0,No,No,2,No,No,DSL,No,No,No,Yes,No,No,Month-to-month,No,Bank transfer,29.85,59.7,Yes,0–12 months,Below 30
7901-HXJVA,Male,0,No,No,14,Yes,No,Fiber optic,No,No,Yes,No,No,No,Month-to-month,No,Electronic check,76.45,1070.3,No,13–24 months,60–90
5649-ANRML,Male,1,No,No,2,Yes,No,Fiber optic,No,Yes,Yes,Yes,No,No,Month-to-month,Yes,Credit card,95.1,190.2,Yes,0–12 months,Above 90
4892-VLANZ,Male,0,No,No,1,Yes,No,No,No,No,No,No,No,Yes,Month-to-month,No,Mailed check,19.8,19.8,Yes,0–12 months,Below 30
5924-IFQTT,Male,0,Yes,Yes,13,Yes,Yes,DSL,No,Yes,Yes,Yes,Yes,No,Month-to-month,Yes,Electronic check,72.8,946.4,No,13–24 months,60–90
7968-QUXNS,Male,0,No,No,6,Yes,No,No,No,No,No,No,No,No,Month-to-month,No,Mailed check,18.95,113.7,No,0–12 months,Below 30
2919-HBCJO,Female,0,No,No,4,Yes,No,Fiber optic,No,Yes,No,No,No,No,Month-to-month,Yes,Bank transfer,76.65,306.6,Yes,0–12 months,60–90
4236-XPXAV,Female,0,Yes,Yes,5,Yes,No,Fiber optic,No,Yes,No,Yes,Yes,No,Month-to-month,Yes,Mailed check,99.15,495.75,Yes,0–12 months,Above 90
8903-WMRNW,Female,0,Yes,No,15,Yes,No,Fiber optic,Yes,No,Yes,No,Yes,Yes,Month-to-month,No,Electronic check,101.75,1526.25,No,13–24 months,Above 90
2452-SNHFZ,Female,0,No,No,47,Yes,No,Fiber optic,Yes,No,No,No,No,Yes,Month-to-month,No,Credit card,75.45,3546.15,No,25–48 months,60–90
3629-WEAAM,Female,0,No,No,8,Yes,No,DSL,No,No,Yes,Yes,No,No,Month-to-month,No,Mailed check,64.1,512.8,No,0–12 months,60–90
6029-CSMJE,Male,0,No,No,17,No,No,DSL,No,No,No,No,No,Yes,Month-to-month,Yes,Mailed check,25.65,436.05,No,13–24 months,Below 30
7993-NQLJE,Male,0,Yes,Yes,15,Yes,No,Fiber optic,Yes,No,No,No,No,No,Month-to-month,No,Mailed check,75.1,1126.5,No,13–24 months,60–90
9909-DFRJA,Female,0,No,No,26,Yes,No,Fiber optic,Yes,No,Yes,Yes,No,No,One year,Yes,Bank transfer,95.85,2492.1,No,25–48 months,Above 90
9099-FTUHS,Female,0,No,No,23,Yes,Yes,DSL,Yes,No,No,No,No,Yes,Month-to-month,No,Electronic check,54.4,1251.2,No,13–24 months,30–60
0581-BXBUB,Female,1,No,No,4,Yes,No,Fiber optic,No,Yes,No,No,No,No,Month-to-month,No,Electronic check,72.75,291.0,No,0–12 months,60–90
4962-CHQPW,Male,0,No,Yes,29,Yes,No,No,No,No,No,No,No,No,One year,No,Mailed check,19.85,575.65,No,25–48 months,Below 30
9467-ROOLM,Female,0,No,No,25,Yes,No,No,No,No,No,No,No,No,Month-to-month,No,Mailed check,19.05,476.25,No,25–48 months,Below 30
3030-YZADT,Male,0,No,No,9,Yes,No,DSL,No,No,No,No,No,No,Month-to-month,No,Mailed check,44.95,404.55,Yes,0–12 months,30–60
7410-KTVFV,Male,0,Yes,No,18,Yes,No,DSL,No,No,Yes,No,No,No,Month-to-month,Yes,Mailed check,49.55,891.9,Yes,13–24 months,30–60
5150-ITWWB,Male,1,No,No,3,Yes,Yes,Fiber optic,No,No,No,No,Yes,No,Month-to-month,Yes,Electronic check,94.85,284.55,No,0–12 months,Above 90
2253-KPMNB,Female,0,Yes,Yes,69,No,No,DSL,Yes,Yes,Yes,Yes,No,Yes,Two year,No,Bank transfer,46.25,3191.25,No,61+ months,30–60
1345-ZUKID,Male,0,No,No,14,Yes,No,No,No,No,No,No,No,No,One year,No,Mailed check,19.35,270.9,No,13–24 months,Below 30
6429-SHBCB,Male,0,No,No,19,Yes,Yes,DSL,No,No,No,No,Yes,No,Month-to-month,No,Mailed check,69.6,1322.4,No,13–24 months,60–90
9281-OFDMF,Male,1,No,No,39,Yes,Yes,Fiber optic,No,Yes,No,No,No,Yes,Month-to-month,No,Electronic check,90.7,3537.3,No,25–48 months,Above 90
2603-HVKCG,Male,0,No,No,31,Yes,No,Fiber optic,No,Yes,Yes,No,Yes,Yes,Month-to-month,Yes,Electronic check,101.4,3143.4,No,25–48 months,Above 90
1834-WULEG,Male,0,Yes,Yes,24,Yes,No,No,No,No,No,No,No,Yes,One year,No,Mailed check,20.25,486.0,No,13–24 months,Below 30
9097-ZUBYC,Male,0,Yes,No,14,Yes,No,DSL,No,No,No,Yes,No,No,Month-to-month,No,Bank transfer,48.8,683.2,No,13–24 months,30–60
5148-ORICT,Female,0,Yes,No,64,Yes,No,DSL,Yes,Yes,Yes,Yes,No,No,Two year,Yes,Mailed check,74.35,4758.4,No,61+ months,60–90
4893-GYUJU,Female,0,No,No,50,Yes,No,No,No,No,No,No,No,Yes,One year,Yes,Mailed check,19.35,967.5,No,49–60 months,Below 30
4578-PHJYZ,Male,0,Yes,Yes,52,Yes,No,DSL,No,Yes,Yes,Yes,Yes,No,One year,Yes,Electronic check,68.75,3575.0,No,49–60 months,60–90
7272-QDCKA,Male,0,No,No,28,Yes,Yes,Fiber optic,No,Yes,No,No,Yes,No,One year,No,Electronic check,100.2,2805.6,No,25–48 months,Above 90
8908-SLFCJ,Female,0,No,No,21,Yes,No,No,No,No,No,No,No,Yes,Two year,Yes,Credit card,20.85,437.85,No,13–24 months,Below 30
8393-DLHGA,Male,0,No,Yes,25,Yes,No,Fiber optic,No,Yes,No,No,Yes,No,Month-to-month,Yes,Electronic check,95.9,2397.5,Yes,25–48 months,Above 90
9766-HGEDE,Female,0,Yes,No,17,Yes,No,No,No,No,No,No,No,Yes,One year,No,Mailed check,19.35,328.95,No,13–24 months,Below 30
6968-MHOMU,Male,0,Yes,No,58,No,No,DSL,No,No,No,No,Yes,No,One year,Yes,Credit card,45.0,2610.0,No,49–60 months,30–60
7395-IGJOS,Male,1,Yes,No,17,Yes,No,Fiber optic,No,No,No,No,No,Yes,Month-to-month,No,Bank transfer,81.5,1385.5,Yes,13–24 months,60–90
5044-XDPYX,Female,0,Yes,No,51,Yes,Yes,No,No,No,No,No,No,Yes,Two year,No,Mailed check,25.5,1300.5,No,49–60 months,Below 30
1814-WFGVS,Male,0,Yes,Yes,72,No,No,DSL,Yes,No,Yes,Yes,Yes,No,Two year,No,Mailed check,48.9,3520.8,No,61+ months,30–60
2834-SPCJV,Male,0,Yes,No,52,Yes,No,Fiber optic,Yes,No,No,No,Yes,No,Month-to-month,No,Electronic check,84.1,4373.2,Yes,49–60 months,60–90
3721-WKIIL,Female,0,No,No,27,Yes,No,No,No,No,No,No,No,No,Two year,Yes,Mailed check,19.6,529.2,No,25–48 months,Below 30
6734-CKRSM,Female,0,No,No,3,Yes,No,No,No,No,No,No,No,No,Month-to-month,No,Mailed check,20.0,60.0,No,0–12 months,Below 30
1265-ZFOSD,Female,0,Yes,No,64,Yes,Yes,DSL,Yes,Yes,Yes,Yes,No,No,Two year,Yes,Mailed check,81.3,5203.2,No,61+ months,60–90
6568-POCUI,Female,0,Yes,No,45,Yes,No,Fiber optic,No,No,No,Yes,Yes,Yes,Two year,Yes,Credit card,95.2,4284.0,No,25–48 months,Above 90
7890-VYYWG,Male,1,Yes,No,3,No,No,DSL,No,No,No,No,Yes,Yes,Month-to-month,Yes,Mailed check,36.45,109.35,Yes,0–12 months,30–60
5197-LQXXH,Female,0,Yes,No,71,Yes,Yes,DSL,No,Yes,Yes,Yes,Yes,No,Two year,Yes,Credit card,83.3,5914.3,No,61+ months,60–90
9907-SWKKF,Female,1,No,No,1,No,No,DSL,No,No,No,No,No,Yes,Month-to-month,No,Mailed check,25.05,25.05,Yes,0–12 months,Below 30
3457-PQBYH,Female,0,Yes,Yes,58,Yes,No,No,No,No,No,No,No,No,Two year,No,Credit card,20.3,1177.4,No,49–60 months,Below 30
7682-AZNDK,Male,0,Yes,Yes,34,Yes,No,Fiber optic,No,Yes,Yes,No,Yes,No,Month-to-month,Yes,Electronic check,89.85,3054.9,No,25–48 months,60–90
0587-DMGBH,Female,0,No,No,8,Yes,No,DSL,Yes,No,No,No,No,No,Month-to-month,Yes,Electronic check,49.85,398.8,Yes,0–12 months,30–60
5384-ZTTWP,Female,0,Yes,Yes,15,Yes,No,No,No,No,No,No,No,No,Month-to-month,No,Mailed check,19.8,297.0,No,13–24 months,Below 30
3745-HRPHI,Male,0,Yes,Yes,66,No,No,DSL,No,No,Yes,Yes,Yes,No,Two year,No,Bank transfer,54.65,3606.9,No,61+ months,30–60
7636-OWBPG,Male,1,No,No,12,No,No,DSL,No,Yes,No,No,No,Yes,Month-to-month,Yes,Credit card,29.35,352.2,No,0–12 months,Below 30
1231-YNDEK,Male,0,No,No,58,Yes,No,No,No,No,No,No,No,No,Two year,Yes,Bank transfer,19.15,1110.7,No,49–60 months,Below 30
1407-DIGZV,Female,0,Yes,Yes,3,Yes,No,No,No,No,No,No,No,No,Two year,No,Mailed check,19.1,57.3,No,0–12 months,Below 30
6397-JNZZG,Female,1,Yes,No,43,No,No,DSL,No,Yes,Yes,No,Yes,No,Month-to-month,No,Credit card,55.55,2388.65,Yes,25–48 months,30–60
0570-BFQHT,Female,0,No,No,9,Yes,No,Fiber optic,No,Yes,Yes,No,No,Yes,Month-to-month,No,Electronic check,80.55,724.95,No,0–12 months,60–90
4393-OBCRR,Female,0,No,No,3,Yes,No,No,No,No,No,No,No,No,One year,No,Mailed check,20.25,60.75,No,0–12 months,Below 30
3523-QRQLL,Female,0,Yes,Yes,22,Yes,No,DSL,No,Yes,No,No,Yes,No,One year,Yes,Bank transfer,69.5,1529.0,Yes,13–24 months,60–90
8564-LDKFL,Male,0,Yes,No,40,Yes,Yes,Fiber optic,No,Yes,Yes,No,Yes,Yes,One year,Yes,Bank transfer,106.0,4240.0,No,25–48 months,Above 90
3696-DFHHB,Female,0,No,No,68,Yes,Yes,No,No,No,No,No,No,Yes,Two year,No,Bank transfer,25.5,1734.0,No,61+ months,Below 30
0895-DQHEW,Male,0,Yes,No,54,Yes,Yes,Fiber optic,No,Yes,Yes,No,Yes,No,Month-to-month,Yes,Electronic check,104.3,5632.2,Yes,49–60 months,Above 90
4717-GHADL,Female,0,No,No,50,Yes,Yes,DSL,No,Yes,No,Yes,Yes,Yes,Two year,Yes,Mailed check,79.6,3980.0,No,49–60 months,60–90
5501-TVMGM,Male,0,No,No,1,Yes,No,DSL,No,No,No,No,No,Yes,Month-to-month,Yes,Electronic check,55.25,55.25,No,0–12 months,30–60
5879-HMFFH,Female,0,Yes,No,72,Yes,Yes,DSL,Yes,Yes,Yes,Yes,Yes,Yes,Two year,No,Bank transfer,88.05,6339.6,No,61+ months,60–90
6772-WFQRD,Male,0,No,Yes,40,Yes,No,No,No,No,No,No,No,Yes,One year,Yes,Bank transfer,20.4,816.0,No,25–48 months,Below 30
3810-DVDQQ,Female,0,Yes,Yes,72,Yes,Yes,Fiber optic,Yes,Yes,Yes,Yes,Yes,No,Two year,Yes,Bank transfer,117.6,8467.2,No,61+ months,Above 90
6972-SNKKW,Female,0,No,No,6,Yes,No,No,No,No,No,No,No,Yes,Month-to-month,No,Mailed check,20.0,120.0,No,0–12 months,Below 30
3694-GLTJM,Female,0,No,No,5,Yes,No,No,No,No,No,No,No,No,Month-to-month,Yes,Credit card,19.65,98.25,No,0–12 months,Below 30
8550-XSXUQ,Male,0,Yes,No,48,Yes,Yes,DSL,No,Yes,Yes,No,No,No,One year,Yes,Credit card,70.55,3386.4,No,25–48 months,60–90
8149-RSOUN,Female,0,No,No,1,Yes,Yes,Fiber optic,No,No,No,No,Yes,Yes,Month-to-month,Yes,Electronic check,93.85,93.85,Yes,0–12 months,Above 90
9055-MOJJJ,Female,0,Yes,Yes,64,Yes,No,DSL,Yes,No,No,Yes,Yes,Yes,One year,No,Mailed check,65.8,4211.2,No,61+ months,60–90
4359-INNWN,Female,0,No,No,17,Yes,No,No,No,No,No,No,No,No,One year,No,Credit card,20.05,340.85,No,13–24 months,Below 30
0585-EGDDA,Male,0,Yes,No,40,Yes,No,Fiber optic,No,Yes,Yes,No,No,No,Month-to-month,Yes,Electronic check,80.0,3200.0,No,25–48 months,60–90
4032-RMHCI,Female,0,Yes,Yes,41,No,No,DSL,Yes,No,Yes,No,No,No,One year,No,Credit card,35.4,1451.4,No,25–48 months,30–60
0549-CYCQN,Male,1,No,No,51,Yes,Yes,Fiber optic,No,Yes,No,No,No,No,One year,Yes,Bank transfer,79.6,4059.6,No,49–60 months,60–90
3481-JHUZH,Male,0,Yes,No,41,Yes,Yes,Fiber optic,No,Yes,No,No,No,No,Month-to-month,Yes,Electronic check,80.25,3290.25,No,25–48 months,60–90
7250-EQKIY,Female,0,Yes,Yes,1,Yes,No,DSL,No,No,Yes,No,No,No,Month-to-month,No,Mailed check,50.45,50.45,Yes,0–12 months,30–60
3594-IVHJZ,Female,0,No,No,2,Yes,No,No,No,No,No,No,No,No,Month-to-month,Yes,Mailed check,20.45,40.9,No,0–12 months,Below 30
6869-FGJJC,Male,0,No,No,68,Yes,No,Fiber optic,No,Yes,Yes,No,No,No,One year,No,Credit card,79.6,5412.8,No,61+ months,60–90
3896-ZVNET,Female,0,Yes,Yes,24,Yes,Yes,No,No,No,No,No,No,No,Two year,No,Mailed check,24.7,592.8,No,13–24 months,Below 30
8205-VSLRB,Male,0,Yes,No,70,Yes,Yes,DSL,Yes,No,Yes,Yes,No,No,Two year,No,Credit card,77.3,5411.0,No,61+ months,60–90
5960-MVTUK,Male,0,No,No,3,No,No,DSL,No,No,No,Yes,No,Yes,Month-to-month,Yes,Electronic check,29.75,89.25,No,0–12 months,Below 30
6817-WTYHE,Male,0,No,No,2,Yes,No,DSL,No,No,No,No,No,No,Month-to-month,No,Bank transfer,44.9,89.8,No,0–12 months,30–60
3082-VQXNH,Male,0,Yes,No,3,No,No,DSL,No,Yes,No,No,No,No,Month-to-month,No,Credit card,29.8,89.4,No,0–12 months,Below 30
4013-UBXWQ,Female,0,No,No,7,Yes,Yes,DSL,No,No,No,Yes,Yes,No,Month-to-month,Yes,Electronic check,74.65,522.55,Yes,0–12 months,60–90
4931-TRZWN,Female,0,No,No,13,Yes,No,DSL,Yes,No,No,No,Yes,Yes,Month-to-month,Yes,Electronic check,71.95,935.35,No,13–24 months,60–90
0750-EKNGL,Male,0,No,No,7,Yes,No,No,No,No,No,No,No,Yes,Month-to-month,No,Mailed check,20.75,145.25,No,0–12 months,Below 30
7669-LCRSD,Male,0,Yes,Yes,12,Yes,No,DSL,No,No,No,No,Yes,No,Month-to-month,Yes,Mailed check,56.3,675.6,No,0–12 months,30–60
3567-PQTSO,Male,0,Yes,Yes,53,Yes,Yes,Fiber optic,No,Yes,Yes,No,Yes,No,One year,Yes,Electronic check,105.25,5578.25,No,49–60 months,Above 90
5519-NPHVG,Female,0,No,No,12,Yes,Yes,Fiber optic,No,No,No,No,Yes,Yes,Month-to-month,Yes,Electronic check,94.2,1130.4,Yes,0–12 months,Above 90
8043-PNYSD,Male,0,Yes,Yes,63,Yes,No,No,No,No,No,No,No,Yes,Two year,No,Mailed check,19.55,1231.65,No,61+ months,Below 30
9938-EKRGF,Female,0,No,No,15,Yes,No,DSL,Yes,Yes,Yes,Yes,Yes,No,Month-to-month,No,Mailed check,84.45,1266.75,No,13–24 months,60–90
2703-AMTUL,Male,0,Yes,Yes,36,Yes,No,DSL,Yes,Yes,No,No,No,Yes,One year,No,Mailed check,53.65,1931.4,No,25–48 months,30–60
0928-JMXNP,Male,1,Yes,No,4,No,No,DSL,No,No,Yes,No,No,No,Month-to-month,Yes,Electronic check,29.9,119.6,No,0–12 months,Below 30
8173-RXAYP,Female,0,Yes,Yes,24,Yes,No,No,No,No,No,No,No,No,Two year,No,Mailed check,19.7,472.8,No,13–24 months,Below 30
4825-XJGDM,Female,0,No,No,61,No,No,DSL,Yes,Yes,Yes,Yes,No,No,One year,No,Credit card,43.7,2665.7,No,61+ months,30–60
5402-HTOTQ,Male,0,No,No,16,Yes,Yes,DSL,No,Yes,No,No,No,No,Month-to-month,No,Electronic check,55.3,884.8,No,13–24 months,30–60
6734-JDTTV,Male,0,Yes,Yes,65,Yes,No,No,No,No,No,No,No,No,Two year,Yes,Credit card,19.85,1290.25,No,61+ months,Below 30
7850-THJMU,Female,0,Yes,Yes,26,Yes,No,No,No,No,No,No,No,No,Two year,No,Credit card,19.65,510.9,No,25–48 months,Below 30
3890-RTCMS,Male,0,No,No,16,Yes,No,DSL,No,No,No,Yes,No,No,Month-to-month,Yes,Mailed check,49.45,791.2,No,13–24 months,30–60
8849-GYOKR,Female,0,Yes,No,54,Yes,Yes,Fiber optic,Yes,Yes,No,No,Yes,No,One year,No,Bank transfer,106.55,5753.7,Yes,49–60 months,Above 90
3148-BLQJT,Male,0,No,No,1,Yes,No,No,No,No,No,No,No,Yes,Month-to-month,No,Mailed check,20.1,20.1,Yes,0–12 months,Below 30
3717-FDJFU,Male,0,No,Yes,5,Yes,No,No,No,No,No,No,No,No,Two year,No,Mailed check,20.45,102.25,No,0–12 months,Below 30
3665-JATSN,Female,0,No,No,19,No,No,DSL,No,Yes,No,No,No,No,Month-to-month,Yes,Electronic check,39.7,754.3,No,13–24 months,30–60
7966-YOTQW,Male,0,No,No,10,Yes,Yes,DSL,Yes,No,No,No,No,Yes,Month-to-month,Yes,Credit card,54.5,545.0,No,0–12 months,30–60
0461-CVKMU,Female,0,Yes,Yes,23,Yes,No,Fiber optic,No,Yes,Yes,Yes,No,No,Month-to-month,No,Electronic check,83.8,1927.4,Yes,13–24 months,60–90
8806-EAGWC,Male,0,No,No,3,Yes,No,DSL,No,No,No,No,Yes,No,Month-to-month,No,Mailed check,55.15,165.45,Yes,0–12 months,30–60
8853-TZDGH,Female,0,No,No,72,Yes,Yes,Fiber optic,No,Yes,Yes,Yes,Yes,No,Two year,Yes,Bank transfer,111.6,8035.2,No,61+ months,Above 90
7779-LGOVN,Male,1,Yes,No,10,Yes,Yes,Fiber optic,No,No,No,No,No,Yes,Month-to-month,Yes,Electronic check,86.65,866.5,Yes,0–12 months,60–90
4324-BZCKL,Female,0,Yes,Yes,10,Yes,No,DSL,No,Yes,Yes,No,No,Yes,Month-to-month,Yes,Mailed check,55.55,555.5,No,0–12 months,30–60
6924-TDGMT,Male,0,Yes,No,11,Yes,No,No,No,No,No,No,No,No,One year,Yes,Mailed check,20.55,226.05,No,0–12 months,Below 30
9710-ZUSHQ,Female,1,No,No,37,Yes,Yes,Fiber optic,Yes,Yes,No,No,Yes,No,Month-to-month,Yes,Bank transfer,106.75,3949.75,Yes,25–48 months,Above 90
1536-YHDOE,Male,0,Yes,Yes,17,Yes,Yes,DSL,Yes,No,No,Yes,No,Yes,One year,Yes,Mailed check,62.1,1055.7,No,13–24 months,60–90
8123-QBNAZ,Female,0,Yes,Yes,36,Yes,Yes,Fiber optic,Yes,No,Yes,No,Yes,No,Month-to-month,Yes,Credit card,104.5,3762.0,No,25–48 months,Above 90
3629-ZNKXA,Male,1,No,No,17,Yes,No,Fiber optic,No,Yes,Yes,No,Yes,Yes,Month-to-month,Yes,Electronic check,101.8,1730.6,No,13–24 months,Above 90
4827-LTQRJ,Female,1,Yes,Yes,66,Yes,Yes,Fiber optic,Yes,Yes,No,Yes,Yes,Yes,One year,Yes,Credit card,110.6,7299.6,No,61+ months,Above 90
7711-YIJWC,Male,0,Yes,Yes,61,Yes,No,DSL,Yes,Yes,Yes,Yes,Yes,Yes,One year,No,Bank transfer,84.9,5178.9,No,61+ months,60–90
5482-VXSXJ,Male,0,No,No,22,Yes,No,Fiber optic,No,Yes,No,No,Yes,Yes,Month-to-month,Yes,Mailed check,93.2,2050.4,No,13–24 months,Above 90
7365-BVCJH,Male,0,No,No,1,No,No,DSL,No,No,No,No,No,Yes,Month-to-month,Yes,Electronic check,24.4,24.4,No,0–12 months,Below 30
9620-ENEJV,Female,0,No,No,6,Yes,No,Fiber optic,No,No,No,No,No,No,Month-to-month,No,Credit card,70.55,423.3,No,0–12 months,60–90
4183-WCSEP,Male,0,No,No,31,Yes,No,Fiber optic,No,Yes,No,Yes,No,No,Month-to-month,Yes,Electronic check,78.45,2431.95,Yes,25–48 months,60–90
2378-YIZKA,Female,0,Yes,Yes,68,Yes,No,DSL,Yes,Yes,Yes,Yes,Yes,No,Two year,Yes,Credit card,85.0,5780.0,No,61+ months,60–90
5498-TXHLF,Female,0,Yes,Yes,34,Yes,Yes,Fiber optic,No,No,Yes,No,Yes,Yes,Month-to-month,No,Electronic check,87.45,2973.3,Yes,25–48 months,60–90
0689-DSXGL,Female,0,Yes,Yes,52,Yes,No,Fiber optic,No,Yes,Yes,Yes,No,No,Month-to-month,No,Bank transfer,85.8,4461.6,No,49–60 months,60–90
6818-DJXAA,Female,0,No,Yes,10,Yes,No,Fiber optic,No,No,Yes,Yes,Yes,No,Month-to-month,Yes,Electronic check,91.1,911.0,No,0–12 months,Above 90
9722-UJOJR,Male,0,Yes,Yes,29,Yes,No,Fiber optic,No,No,No,No,No,No,Month-to-month,Yes,Electronic check,70.75,2051.75,Yes,25–48 months,60–90
0464-WJTKO,Female,0,Yes,Yes,72,Yes,No,No,No,No,No,No,No,No,Two year,No,Bank transfer,20.1,1447.2,No,61+ months,Below 30
8902-ZEOVF,Male,0,Yes,Yes,47,Yes,No,No,No,No,No,No,No,No,One year,No,Mailed check,20.05,942.35,No,25–48 months,Below 30
6778-EICRF,Male,0,Yes,Yes,24,Yes,Yes,DSL,Yes,No,No,No,Yes,No,One year,No,Mailed check,74.8,1795.2,No,13–24 months,60–90
2662-NNTDK,Male,0,No,No,65,Yes,Yes,No,No,No,No,No,No,Yes,One year,No,Credit card,24.8,1612.0,No,61+ months,Below 30
4132-KALRO,Female,0,No,No,4,Yes,Yes,Fiber optic,No,No,No,Yes,Yes,No,Month-to-month,Yes,Mailed check,100.85,403.4,No,0–12 months,Above 90
3902-FOIGH,Male,1,Yes,No,12,Yes,Yes,Fiber optic,No,Yes,No,No,Yes,Yes,Month-to-month,Yes,Electronic check,101.35,1216.2,Yes,0–12 months,Above 90
6772-KSATR,Male,0,No,No,1,Yes,Yes,Fiber optic,Yes,No,No,No,No,Yes,Month-to-month,Yes,Electronic check,81.7,81.7,Yes,0–12 months,60–90
7112-OPOTK,Male,0,No,No,33,Yes,No,Fiber optic,No,No,No,No,No,No,Month-to-month,No,Electronic check,68.25,2252.25,Yes,25–48 months,60–90
2874-YXVVA,Female,0,No,No,34,Yes,No,Fiber optic,No,Yes,Yes,Yes,Yes,No,Month-to-month,Yes,Electronic check,105.1,3573.4,No,25–48 months,Above 90
1245-HARPS,Female,0,Yes,No,14,Yes,No,No,No,No,No,No,No,Yes,Two year,No,Mailed check,20.4,285.6,No,13–24 months,Below 30
4210-QFJMF,Female,0,No,No,4,Yes,No,Fiber optic,No,No,No,No,No,No,Month-to-month,Yes,Electronic check,79.15,316.6,Yes,0–12 months,60–90
4323-ELYYB,Male,0,Yes,Yes,13,Yes,No,No,No,No,No,No,No,Yes,One year,No,Mailed check,20.0,260.0,No,13–24 months,Below 30
4293-ETKAP,Female,0,Yes,Yes,65,Yes,Yes,DSL,No,Yes,No,Yes,Yes,No,Two year,Yes,Bank transfer,79.4,5161.0,No,61+ months,60–90
6064-PUPMC,Male,0,Yes,Yes,23,Yes,No,DSL,Yes,No,No,Yes,No,Yes,One year,No,Credit card,57.2,1315.6,No,13–24 months,30–60
6504-VBLFL,Male,0,Yes,No,55,Yes,No,DSL,Yes,Yes,Yes,No,No,No,Two year,No,Electronic check,58.6,3223.0,No,49–60 months,30–60
6322-PJJDJ,Male,0,Yes,No,49,Yes,No,Fiber optic,No,Yes,No,No,Yes,No,Two year,Yes,Electronic check,94.8,4645.2,No,49–60 months,Above 90
0330-BGYZE,Male,0,Yes,No,60,Yes,Yes,Fiber optic,No,Yes,Yes,No,Yes,Yes,One year,No,Bank transfer,102.5,6150.0,No,49–60 months,Above 90
1085-LDWAM,Female,0,Yes,Yes,69,Yes,No,No,No,No,No,No,No,Yes,One year,Yes,Credit card,20.35,1404.15,No,61+ months,Below 30
7586-ZATGZ,Male,0,No,No,40,Yes,Yes,Fiber optic,No,No,No,No,Yes,No,Month-to-month,Yes,Electronic check,84.9,3396.0,No,25–48 months,60–90
7197-VOJMM,Male,0,Yes,No,67,Yes,No,DSL,Yes,Yes,No,Yes,No,No,Two year,Yes,Credit card,69.2,4636.4,No,61+ months,60–90
3318-OSATS,Male,1,No,No,35,Yes,Yes,Fiber optic,No,No,No,No,Yes,Yes,Month-to-month,Yes,Electronic check,95.45,3340.75,Yes,25–48 months,Above 90
5828-AVIPD,Male,0,Yes,Yes,19,Yes,Yes,Fiber optic,No,No,No,Yes,Yes,Yes,One year,Yes,Electronic check,100.95,1918.05,Yes,13–24 months,Above 90
1843-TLSGD,Female,0,Yes,Yes,13,Yes,No,No,No,No,No,No,No,Yes,Two year,No,Mailed check,20.85,271.05,No,13–24 months,Below 30
9626-VFRGG,Female,0,No,Yes,41,Yes,Yes,Fiber optic,No,Yes,No,No,Yes,No,Month-to-month,Yes,Bank transfer,88.5,3628.5,No,25–48 months,60–90
7075-BNDVQ,Female,0,No,No,4,No,No,DSL,Yes,No,Yes,No,No,No,Month-to-month,No,Mailed check,35.0,140.0,No,0–12 months,30–60
9143-CANJF,Female,0,Yes,Yes,24,Yes,No,DSL,Yes,No,No,Yes,No,No,Month-to-month,No,Electronic check,55.15,1323.6,No,13–24 months,30–60
7284-BUYEC,Female,0,No,No,5,No,No,DSL,No,Yes,No,No,Yes,No,Month-to-month,Yes,Credit card,50.95,254.75,No,0–12 months,30–60
2041-JIJCI,Female,0,No,No,5,Yes,Yes,DSL,No,Yes,No,No,No,Yes,Month-to-month,Yes,Electronic check,64.0,320.0,No,0–12 months,60–90
1086-LXKFY,Female,0,Yes,Yes,1,Yes,No,Fiber optic,No,No,No,No,No,Yes,Month-to-month,Yes,Mailed check,69.1,69.1,Yes,0–12 months,60–90
4900-MSOMT,Female,0,Yes,Yes,72,Yes,Yes,DSL,Yes,Yes,Yes,Yes,Yes,No,Two year,No,Bank transfer,80.2,5774.4,No,61+ months,60–90
2229-VWQJH,Female,0,No,No,24,Yes,No,DSL,No,No,Yes,No,No,No,Month-to-month,Yes,Credit card,49.3,1183.2,No,13–24 months,30–60
9194-GFVOI,Female,0,Yes,No,42,Yes,Yes,DSL,Yes,No,Yes,Yes,Yes,No,Two year,No,Credit card,84.35,3542.7,No,25–48 months,60–90
1336-EZFZY,Female,0,No,No,4,Yes,No,No,No,No,No,No,No,Yes,Month-to-month,No,Mailed check,20.05,80.2,No,0–12 months,Below 30
4282-MSACW,Male,0,No,No,68,Yes,Yes,Fiber optic,Yes,Yes,Yes,Yes,Yes,No,One year,Yes,Credit card,117.2,7969.6,No,61+ months,Above 90
1403-LKLIK,Female,0,Yes,Yes,33,Yes,No,No,No,No,No,No,No,Yes,One year,No,Mailed check,20.1,663.3,No,25–48 months,Below 30
2636-ALXXZ,Female,1,No,No,1,Yes,No,Fiber optic,No,No,No,No,No,No,Month-to-month,Yes,Electronic check,69.6,69.6,Yes,0–12 months,60–90
7774-OJSXI,Male,0,No,No,31,Yes,Yes,Fiber optic,No,Yes,Yes,No,Yes,No,One year,Yes,Electronic check,103.45,3206.95,Yes,25–48 months,Above 90
7786-WBJYI,Female,0,No,No,4,Yes,Yes,Fiber optic,No,Yes,No,No,No,Yes,Month-to-month,No,Bank transfer,77.95,311.8,Yes,0–12 months,60–90
0136-IFMYD,Male,1,Yes,No,69,Yes,Yes,Fiber optic,No,Yes,Yes,Yes,Yes,No,Two year,Yes,Electronic check,109.95,7586.55,No,61+ months,Above 90
5144-TVGLP,Male,1,No,No,38,Yes,Yes,Fiber optic,No,No,No,No,Yes,Yes,Month-to-month,No,Electronic check,94.75,3600.5,No,25–48 months,Above 90
9643-AVVWI,Female,0,Yes,Yes,3,Yes,No,Fiber optic,No,Yes,No,Yes,No,Yes,Month-to-month,Yes,Electronic check,80.0,240.0,No,0–12 months,60–90
0253-ZTEOB,Female,0,Yes,Yes,48,Yes,Yes,DSL,No,Yes,No,Yes,Yes,No,Two year,No,Electronic check,79.65,3823.2,No,25–48 months,60–90
2706-QZIHY,Female,0,Yes,No,15,Yes,Yes,No,No,No,No,No,No,Yes,Two year,No,Mailed check,25.2,378.0,No,13–24 months,Below 30
6061-PQHMK,Female,0,No,No,25,Yes,No,No,No,No,No,No,No,No,One year,No,Credit card,19.9,497.5,No,25–48 months,Below 30
9885-CSMWE,Female,1,No,No,1,Yes,No,Fiber optic,No,No,No,No,Yes,No,Month-to-month,No,Electronic check,78.45,78.45,Yes,0–12 months,60–90
6137-MFAJN,Female,0,No,No,48,No,No,DSL,Yes,Yes,No,No,Yes,No,Month-to-month,Yes,Electronic check,44.8,2150.4,No,25–48 months,30–60
9122-UMROB,Male,0,No,No,1,Yes,No,No,No,No,No,No,No,No,Month-to-month,No,Mailed check,20.3,20.3,No,0–12 months,Below 30
4232-JGKIY,Male,0,No,No,1,Yes,No,No,No,No,No,No,No,No,Month-to-month,No,Electronic check,19.2,19.2,No,0–12 months,Below 30
2402-TAIRZ,Female,0,No,No,37,Yes,No,Fiber optic,No,Yes,Yes,No,No,No,One year,No,Electronic check,80.05,2961.85,No,25–48 months,60–90
9659-ZTWSM,Male,1,Yes,No,66,Yes,Yes,Fiber optic,No,Yes,Yes,Yes,Yes,No,One year,Yes,Bank transfer,107.35,7085.1,No,61+ months,Above 90
9139-TWBAS,Female,0,Yes,No,26,No,No,DSL,Yes,Yes,Yes,No,Yes,Yes,One year,No,Bank transfer,47.85,1244.1,No,25–48 months,30–60
6685-GBWJZ,Male,0,Yes,No,63,Yes,No,DSL,Yes,Yes,No,Yes,Yes,No,One year,No,Credit card,70.8,4460.4,No,61+ months,60–90
5016-ETTFF,Male,0,No,No,10,No,No,DSL,No,No,Yes,No,No,No,Month-to-month,No,Mailed check,29.5,295.0,Yes,0–12 months,Below 30
3866-MDTUB,Female,0,No,No,2,Yes,No,DSL,Yes,No,No,No,Yes,No,Month-to-month,Yes,Electronic check,70.75,141.5,Yes,0–12 months,60–90
2195-VVRJF,Male,1,Yes,No,18,Yes,No,DSL,Yes,No,No,No,No,Yes,Month-to-month,Yes,Credit card,59.1,1063.8,No,13–24 months,30–60
3913-RDSJZ,Female,0,Yes,No,64,Yes,Yes,No,No,No,No,No,No,Yes,Two year,No,Mailed check,25.55,1635.2,No,61+ months,Below 30
8058-JMEQO,Female,1,No,No,9,Yes,Yes,Fiber optic,No,No,No,No,No,No,Month-to-month,Yes,Electronic check,84.45,760.05,Yes,0–12 months,60–90
4203-QGNZA,Female,0,No,Yes,28,Yes,No,No,No,No,No,No,No,Yes,Month-to-month,No,Mailed check,20.25,567.0,No,25–48 months,Below 30
5043-TRZWM,Female,0,No,No,1,Yes,No,Fiber optic,No,No,Yes,No,No,No,Month-to-month,No,Electronic check,75.55,75.55,No,0–12 months,60–90
0697-ZMSWS,Male,0,No,No,4,Yes,Yes,Fiber optic,No,No,No,No,No,No,Month-to-month,Yes,Electronic check,85.65,342.6,Yes,0–12 months,60–90
7657-DYEPJ,Male,1,No,No,38,Yes,No,DSL,No,Yes,Yes,Yes,Yes,Yes,One year,Yes,Credit card,70.15,2665.7,Yes,25–48 months,60–90
9494-BDNNC,Male,0,Yes,No,66,Yes,Yes,Fiber optic,No,Yes,Yes,No,No,No,One year,No,Electronic check,95.3,6289.8,No,61+ months,Above 90
1640-PLFMP,Female,0,No,No,1,Yes,No,Fiber optic,No,No,No,No,No,Yes,Month-to-month,Yes,Electronic check,70.25,70.25,No,0–12 months,60–90
5366-OBVMR,Female,0,Yes,No,18,Yes,No,DSL,No,No,No,Yes,No,No,Month-to-month,Yes,Mailed check,50.3,905.4,No,13–24 months,30–60
8276-MQBYC,Male,1,No,No,51,Yes,Yes,Fiber optic,No,No,Yes,No,Yes,No,Month-to-month,Yes,Electronic check,97.8,4987.8,Yes,49–60 months,Above 90
7644-OMVMY,Male,0,Yes,Yes,0,Yes,No,No,No,No,No,No,No,Yes,Two year,No,Mailed check,19.85,0.0,No,0–12 months,Below 30
7593-XFKDI,Male,0,No,No,1,Yes,No,DSL,No,No,No,No,No,No,Month-to-month,No,Mailed check,46.3,46.3,Yes,0–12 months,30–60
4573-JKNAE,Male,0,No,Yes,12,Yes,No,No,No,No,No,No,No,No,Two year,No,Bank transfer,19.35,232.2,No,0–12 months,Below 30
0337-CNPZE,Female,0,No,No,41,Yes,Yes,Fiber optic,No,Yes,Yes,No,Yes,No,Month-to-month,Yes,Electronic check,106.3,4358.3,Yes,25–48 months,Above 90
9817-APLHW,Male,0,No,No,12,Yes,Yes,No,No,No,No,No,No,Yes,Month-to-month,No,Electronic check,25.0,300.0,No,0–12 months,Below 30
8380-MQINP,Female,0,Yes,Yes,55,Yes,No,No,No,No,No,No,No,No,Two year,No,Mailed check,20.3,1116.5,No,49–60 months,Below 30
0840-DFEZH,Female,0,No,No,7,Yes,Yes,Fiber optic,No,No,No,No,No,No,Month-to-month,Yes,Electronic check,75.35,527.45,No,0–12 months,60–90
1513-XNPPH,Female,0,No,No,12,Yes,No,Fiber optic,No,No,Yes,Yes,No,No,Month-to-month,Yes,Electronic check,89.4,1072.8,Yes,0–12 months,60–90
8690-ZVLCL,Female,0,Yes,Yes,68,Yes,Yes,DSL,Yes,Yes,Yes,Yes,Yes,Yes,Two year,No,Credit card,88.0,5984.0,No,61+ months,60–90
6015-VVHHE,Female,1,No,No,5,Yes,Yes,Fiber optic,No,No,No,No,Yes,Yes,Month-to-month,Yes,Credit card,83.15,415.75,Yes,0–12 months,60–90
1125-SNVCK,Female,1,No,No,49,Yes,No,DSL,No,No,No,No,No,No,Month-to-month,No,Mailed check,43.8,2146.2,No,49–60 months,30–60
0384-LPITE,Male,0,No,No,40,No,No,DSL,Yes,Yes,Yes,No,Yes,No,One year,No,Credit card,62.05,2482.0,No,25–48 months,60–90
4616-EWBNJ,Female,0,No,No,16,Yes,No,No,No,No,No,No,No,Yes,One year,No,Bank transfer,20.1,321.6,No,13–24 months,Below 30
6347-DCUIK,Male,0,No,No,10,Yes,Yes,Fiber optic,No,No,No,No,No,No,Month-to-month,Yes,Mailed check,74.15,741.5,Yes,0–12 months,60–90
1335-HQMKX,Female,0,Yes,No,72,Yes,Yes,Fiber optic,No,Yes,Yes,No,Yes,No,One year,Yes,Electronic check,101.35,7297.2,No,61+ months,Above 90
2545-EBUPK,Female,1,No,No,2,Yes,Yes,Fiber optic,No,No,No,No,No,Yes,Month-to-month,Yes,Electronic check,84.05,168.1,No,0–12 months,60–90
6923-AQONU,Male,0,Yes,Yes,23,Yes,No,No,No,No,No,No,No,Yes,Two year,No,Mailed check,20.9,480.7,No,13–24 months,Below 30
2172-EJXVF,Female,1,No,No,71,Yes,Yes,Fiber optic,No,Yes,Yes,No,Yes,No,One year,Yes,Electronic check,105.9,7518.9,No,61+ months,Above 90
0897-FEGMU,Female,0,Yes,No,11,Yes,Yes,Fiber optic,No,No,Yes,No,Yes,Yes,Month-to-month,Yes,Electronic check,99.5,1094.5,Yes,0–12 months,Above 90
7663-RGWBC,Male,0,No,No,1,Yes,No,DSL,No,No,No,No,No,Yes,Month-to-month,Yes,Mailed check,44.15,44.15,Yes,0–12 months,30–60
1120-BMWUB,Female,0,No,No,16,Yes,No,DSL,No,Yes,No,Yes,No,No,Month-to-month,Yes,Mailed check,53.9,862.4,Yes,13–24 months,30–60
9124-LHCJQ,Female,0,No,No,1,Yes,Yes,Fiber optic,No,No,No,No,No,No,Month-to-month,Yes,Mailed check,85.45,85.45,Yes,0–12 months,60–90
4536-PLEQY,Male,0,Yes,No,12,Yes,No,Fiber optic,No,Yes,No,No,No,Yes,Month-to-month,Yes,Credit card,85.05,1020.6,No,0–12 months,60–90
7029-IJEJK,Female,0,No,No,54,No,No,DSL,Yes,No,No,Yes,No,Yes,One year,No,Bank transfer,44.1,2381.4,No,49–60 months,30–60
8871-JLMHM,Female,0,Yes,No,68,Yes,Yes,Fiber optic,No,Yes,Yes,Yes,No,Yes,Two year,No,Credit card,90.2,6133.6,No,61+ months,Above 90
2235-ZGKPT,Female,0,Yes,Yes,4,Yes,Yes,DSL,No,No,No,No,No,No,Month-to-month,No,Mailed check,50.85,203.4,Yes,0–12 months,30–60
3891-PUQOD,Female,0,No,Yes,1,Yes,No,DSL,No,No,Yes,No,No,No,Month-to-month,No,Electronic check,59.2,59.2,Yes,0–12 months,30–60
5447-VYTKW,Male,0,No,No,27,Yes,No,DSL,Yes,No,No,Yes,No,Yes,Month-to-month,No,Mailed check,53.45,1443.15,No,25–48 months,30–60
3623-FQBOX,Male,0,No,No,21,Yes,No,No,No,No,No,No,No,No,Month-to-month,Yes,Mailed check,19.95,418.95,No,13–24 months,Below 30
0689-NKYLF,Male,0,No,No,13,Yes,No,Fiber optic,No,No,Yes,No,Yes,No,Month-to-month,Yes,Electronic check,83.2,1081.6,Yes,13–24 months,60–90
8659-HDIYE,Female,1,No,No,64,Yes,Yes,DSL,No,Yes,Yes,Yes,No,No,Month-to-month,No,Credit card,74.65,4777.6,No,61+ months,60–90
3658-KIBGF,Female,0,No,No,1,Yes,No,DSL,Yes,Yes,No,No,No,Yes,Month-to-month,Yes,Electronic check,54.9,54.9,Yes,0–12 months,30–60
3474-BAFSJ,Male,0,Yes,No,57,No,No,DSL,No,Yes,Yes,Yes,Yes,No,Two year,Yes,Bank transfer,57.5,3277.5,No,49–60 months,30–60
5519-YLDGW,Female,0,Yes,No,21,Yes,Yes,Fiber optic,Yes,No,Yes,No,Yes,Yes,Month-to-month,Yes,Electronic check,103.9,2181.9,Yes,13–24 months,Above 90
3865-ZFZIB,Male,0,No,No,19,Yes,No,No,No,No,No,No,No,Yes,Two year,No,Mailed check,19.65,373.35,No,13–24 months,Below 30
1855-AGAWH,Male,0,Yes,No,31,Yes,No,Fiber optic,No,No,Yes,No,Yes,No,One year,Yes,Electronic check,93.8,2907.8,No,25–48 months,Above 90
7109-CQYUZ,Male,0,No,No,52,Yes,Yes,DSL,Yes,Yes,Yes,Yes,Yes,Yes,Two year,Yes,Mailed check,89.25,4641.0,No,49–60 months,60–90
1370-GGAWX,Female,0,No,No,46,Yes,Yes,Fiber optic,No,Yes,Yes,No,No,Yes,One year,Yes,Electronic check,94.15,4330.9,No,25–48 months,Above 90
4680-KUTAJ,Female,1,No,No,11,Yes,Yes,DSL,Yes,No,No,No,No,Yes,Month-to-month,Yes,Electronic check,55.6,611.6,No,0–12 months,30–60
5307-UVGNB,Female,0,Yes,Yes,53,No,No,DSL,Yes,Yes,Yes,No,No,No,Month-to-month,Yes,Bank transfer,48.7,2581.1,No,49–60 months,30–60
4946-EDSEW,Female,0,Yes,Yes,11,Yes,No,No,No,No,No,No,No,Yes,Month-to-month,Yes,Mailed check,19.25,211.75,Yes,0–12 months,Below 30
2883-ILGWO,Male,1,No,No,57,Yes,Yes,Fiber optic,No,Yes,No,Yes,Yes,No,Month-to-month,Yes,Bank transfer,104.9,5979.3,No,49–60 months,Above 90
2516-VQRRV,Female,1,No,No,2,Yes,Yes,Fiber optic,No,No,No,No,No,Yes,Month-to-month,Yes,Mailed check,75.45,150.9,Yes,0–12 months,60–90
7580-UGXNC,Female,1,No,No,2,Yes,No,DSL,Yes,Yes,No,No,No,No,Month-to-month,No,Mailed check,54.85,109.7,Yes,0–12 months,30–60
3642-BYHDO,Female,0,Yes,Yes,71,Yes,No,No,No,No,No,No,No,No,Two year,No,Bank transfer,19.9,1412.9,No,61+ months,Below 30
9629-NHXFW,Female,0,Yes,Yes,1,Yes,No,No,No,No,No,No,No,No,Month-to-month,Yes,Mailed check,19.4,19.4,No,0–12 months,Below 30
2696-RZVZW,Male,0,Yes,No,68,Yes,Yes,No,No,No,No,No,No,No,Two year,No,Credit card,25.05,1703.4,No,61+ months,Below 30
5766-FTRTS,Male,0,Yes,No,72,Yes,No,DSL,Yes,Yes,Yes,Yes,Yes,No,Two year,No,Mailed check,84.45,6080.4,No,61+ months,60–90
0396-HUJBP,Female,0,No,No,2,Yes,No,No,No,No,No,No,No,Yes,Month-to-month,No,Mailed check,19.3,38.6,No,0–12 months,Below 30
5178-LMXOP,Male,1,Yes,No,1,Yes,Yes,Fiber optic,No,No,No,No,Yes,No,Month-to-month,Yes,Electronic check,95.1,95.1,Yes,0–12 months,Above 90
8879-ZKJOF,Female,0,No,No,41,Yes,No,DSL,Yes,No,Yes,Yes,Yes,Yes,One year,Yes,Bank transfer,79.85,3273.85,No,25–48 months,60–90
6285-FTQBF,Male,0,Yes,Yes,72,Yes,Yes,No,No,No,No,No,No,Yes,Two year,No,Credit card,25.55,1839.6,No,61+ months,Below 30
8185-UPYBR,Male,0,Yes,No,6,Yes,Yes,Fiber optic,No,No,No,No,No,No,Month-to-month,Yes,Electronic check,75.5,453.0,Yes,0–12 months,60–90
4585-HETAI,Female,0,Yes,Yes,4,Yes,No,Fiber optic,No,No,Yes,No,No,No,Month-to-month,Yes,Electronic check,73.75,295.0,Yes,0–12 months,60–90
7526-BEZQB,Male,0,No,No,12,Yes,Yes,Fiber optic,No,No,No,No,Yes,No,Month-to-month,Yes,Electronic check,96.05,1152.6,Yes,0–12 months,Above 90
1474-JUWSM,Female,0,Yes,No,58,Yes,Yes,DSL,Yes,No,No,Yes,No,Yes,One year,Yes,Electronic check,68.4,3967.2,No,49–60 months,60–90
3530-CRZSB,Female,0,No,No,7,Yes,No,No,No,No,No,No,No,Yes,Month-to-month,No,Mailed check,20.65,144.55,No,0–12 months,Below 30
8498-XXGWA,Female,0,Yes,No,65,Yes,No,DSL,Yes,No,Yes,No,No,No,Month-to-month,Yes,Mailed check,55.15,3584.75,No,61+ months,30–60
9617-INGJY,Male,0,No,No,1,Yes,No,Fiber optic,No,No,No,No,No,No,Month-to-month,Yes,Mailed check,70.6,70.6,No,0–12 months,60–90
0621-TSSMU,Male,0,Yes,No,56,Yes,No,No,No,No,No,No,No,No,One year,No,Credit card,19.95,1117.2,No,49–60 months,Below 30
7234-KMNRQ,Male,0,No,No,4,Yes,No,No,No,No,No,No,No,No,Month-to-month,No,Mailed check,19.0,76.0,No,0–12 months,Below 30
7636-PEPNS,Female,0,Yes,Yes,58,Yes,No,DSL,No,No,No,No,No,No,One year,Yes,Mailed check,44.1,2557.8,No,49–60 months,30–60
4683-WYDOU,Male,0,Yes,No,62,Yes,Yes,Fiber optic,No,No,Yes,Yes,Yes,No,Two year,Yes,Bank transfer,107.6,6671.2,No,61+ months,Above 90
9052-DHNKM,Male,0,No,No,26,Yes,Yes,DSL,Yes,Yes,No,No,No,Yes,One year,No,Electronic check,61.55,1600.3,No,25–48 months,60–90
6794-HKIAJ,Male,0,No,No,62,Yes,Yes,Fiber optic,Yes,Yes,Yes,No,No,No,Month-to-month,No,Bank transfer,90.7,5623.4,No,61+ months,Above 90
5578-NKCXI,Female,0,Yes,Yes,58,Yes,No,Fiber optic,Yes,Yes,No,No,Yes,No,One year,No,Credit card,99.25,5756.5,No,49–60 months,Above 90
1642-HMARX,Female,0,Yes,No,68,Yes,Yes,DSL,Yes,Yes,Yes,Yes,Yes,Yes,Two year,Yes,Electronic check,91.7,6235.6,No,61+ months,Above 90
3096-WPXBT,Female,0,Yes,Yes,61,Yes,Yes,Fiber optic,Yes,Yes,Yes,No,No,Yes,One year,Yes,Credit card,100.7,6142.7,No,61+ months,Above 90
8434-PNQZX,Female,0,No,No,42,Yes,Yes,DSL,No,No,Yes,Yes,Yes,Yes,Two year,Yes,Credit card,78.45,3294.9,No,25–48 months,60–90
5950-AAAGJ,Male,0,No,No,18,Yes,Yes,Fiber optic,No,No,No,No,Yes,Yes,Month-to-month,No,Bank transfer,84.3,1517.4,No,13–24 months,60–90
4299-OPXEJ,Female,0,No,No,56,Yes,No,No,No,No,No,No,No,No,Two year,Yes,Bank transfer,19.55,1094.8,No,49–60 months,Below 30
4951-UKAAQ,Female,0,No,No,4,Yes,Yes,Fiber optic,No,Yes,No,No,No,No,Month-to-month,Yes,Electronic check,88.95,355.8,Yes,0–12 months,60–90
9618-LFJRU,Female,0,No,No,4,Yes,No,No,No,No,No,No,No,Yes,Month-to-month,No,Credit card,20.45,81.8,No,0–12 months,Below 30
6693-DJWTY,Female,0,No,Yes,35,Yes,No,DSL,Yes,Yes,No,No,No,No,One year,No,Credit card,55.6,1946.0,No,25–48 months,30–60
0744-GKNGE,Female,0,Yes,Yes,64,Yes,Yes,Fiber optic,Yes,No,No,Yes,No,No,Month-to-month,Yes,Bank transfer,86.8,5555.2,No,61+ months,60–90
6447-EGDIV,Female,0,No,No,31,Yes,No,No,No,No,No,No,No,No,One year,No,Mailed check,20.95,649.45,No,25–48 months,Below 30
1167-OYZJF,Female,1,Yes,No,67,Yes,No,No,No,No,No,No,No,No,Two year,Yes,Bank transfer,20.05,1343.35,No,61+ months,Below 30
2108-YKQTY,Female,0,No,No,4,Yes,No,DSL,No,Yes,No,No,No,No,Month-to-month,No,Credit card,50.7,202.8,Yes,0–12 months,30–60
4806-DXQCE,Female,1,Yes,No,70,Yes,Yes,Fiber optic,Yes,Yes,Yes,Yes,Yes,No,Two year,Yes,Electronic check,113.65,7955.5,No,61+ months,Above 90
4918-QLLIW,Male,0,No,No,3,Yes,No,DSL,No,No,No,No,Yes,Yes,Month-to-month,No,Credit card,53.4,160.2,Yes,0–12 months,30–60
7056-IMHCC,Male,1,Yes,No,53,Yes,Yes,Fiber optic,No,Yes,No,No,Yes,No,Month-to-month,Yes,Electronic check,101.9,5400.7,Yes,49–60 months,Above 90
4854-SSLTN,Male,0,Yes,Yes,2,Yes,No,DSL,Yes,Yes,No,Yes,No,Yes,Two year,No,Mailed check,59.5,119.0,No,0–12 months,30–60
5294-DMSFH,Female,0,Yes,Yes,29,Yes,No,Fiber optic,No,No,No,No,Yes,No,Month-to-month,Yes,Credit card,87.8,2546.2,No,25–48 months,60–90
4837-PZTIC,Female,0,No,No,47,No,No,DSL,Yes,No,Yes,Yes,No,Yes,Two year,No,Mailed check,41.9,1969.3,No,25–48 months,30–60
1625-JAIIY,Female,0,Yes,Yes,68,Yes,Yes,Fiber optic,No,No,No,No,Yes,No,One year,Yes,Electronic check,83.0,5644.0,Yes,61+ months,60–90
0603-OLQDC,Male,0,No,Yes,12,Yes,No,DSL,Yes,No,No,No,Yes,No,Month-to-month,Yes,Mailed check,69.85,838.2,No,0–12 months,60–90
3272-VUHPV,Female,0,Yes,Yes,8,Yes,No,DSL,No,Yes,No,Yes,No,Yes,Month-to-month,No,Bank transfer,56.3,450.4,No,0–12 months,30–60
4176-FXYBO,Male,0,Yes,No,54,Yes,Yes,Fiber optic,Yes,Yes,Yes,No,Yes,No,Month-to-month,No,Electronic check,109.55,5915.7,No,49–60 months,Above 90
1063-DHQJF,Male,0,Yes,Yes,69,Yes,No,Fiber optic,No,Yes,No,Yes,Yes,Yes,Two year,Yes,Mailed check,92.15,6358.35,No,61+ months,Above 90
8663-UPDGF,Female,0,No,No,26,Yes,Yes,DSL,Yes,Yes,No,No,Yes,No,Month-to-month,Yes,Bank transfer,69.5,1807.0,No,25–48 months,60–90
6719-FGEDO,Female,0,Yes,No,72,Yes,Yes,Fiber optic,Yes,Yes,Yes,Yes,No,No,Two year,Yes,Bank transfer,97.0,6984.0,No,61+ months,Above 90
1837-YQUCE,Female,0,No,No,70,No,No,DSL,Yes,No,Yes,Yes,Yes,No,Two year,Yes,Bank transfer,58.35,4084.5,No,61+ months,30–60
2947-DOMLJ,Male,0,No,Yes,1,Yes,No,DSL,Yes,No,No,No,No,Yes,Month-to-month,No,Mailed check,50.6,50.6,Yes,0–12 months,30–60
4112-LUEIZ,Male,0,No,No,10,Yes,No,Fiber optic,No,No,No,No,Yes,No,Month-to-month,Yes,Electronic check,89.5,895.0,Yes,0–12 months,60–90
0369-ZGOVK,Female,0,Yes,Yes,28,Yes,No,Fiber optic,No,No,No,No,No,Yes,One year,Yes,Bank transfer,70.4,1971.2,No,25–48 months,60–90
4510-HIMLV,Male,0,No,No,1,Yes,No,Fiber optic,No,No,No,No,No,No,Month-to-month,Yes,Electronic check,69.8,69.8,Yes,0–12 months,60–90
9919-KNPOO,Female,0,Yes,No,21,Yes,Yes,Fiber optic,No,No,No,No,Yes,No,Month-to-month,Yes,Electronic check,94.3,1980.3,No,13–24 months,Above 90
8749-JMNKX,Male,1,Yes,No,51,Yes,Yes,Fiber optic,Yes,No,Yes,No,Yes,Yes,Month-to-month,Yes,Bank transfer,93.8,4783.8,Yes,49–60 months,Above 90
7872-BAAZR,Female,0,Yes,Yes,53,Yes,No,No,No,No,No,No,No,No,One year,No,Bank transfer,19.55,1036.15,No,49–60 months,Below 30
9391-LMANN,Male,0,No,Yes,53,Yes,No,Fiber optic,Yes,Yes,Yes,No,No,No,One year,No,Electronic check,95.95,5085.35,No,49–60 months,Above 90
2430-USGXP,Male,0,Yes,No,24,Yes,Yes,Fiber optic,No,No,Yes,No,Yes,Yes,Month-to-month,Yes,Electronic check,101.05,2425.2,Yes,13–24 months,Above 90
8174-TBVCF,Female,0,Yes,No,70,Yes,Yes,DSL,Yes,Yes,Yes,Yes,Yes,Yes,Two year,Yes,Credit card,94.8,6636.0,No,61+ months,Above 90
1698-XFZCI,Male,0,No,No,61,Yes,Yes,Fiber optic,Yes,Yes,Yes,No,Yes,Yes,One year,Yes,Electronic check,107.75,6572.75,No,61+ months,Above 90
1877-HKBQX,Female,0,No,No,11,Yes,No,DSL,Yes,No,No,Yes,No,Yes,One year,Yes,Mailed check,54.6,600.6,No,0–12 months,30–60
4450-DLLMH,Male,0,No,No,2,Yes,No,Fiber optic,No,No,No,No,No,No,Month-to-month,Yes,Credit card,71.3,142.6,No,0–12 months,60–90
0428-AXXLJ,Male,0,No,No,25,Yes,No,No,No,No,No,No,No,No,One year,Yes,Bank transfer,19.5,487.5,No,25–48 months,Below 30
2746-DIJLO,Female,0,No,No,41,Yes,Yes,DSL,No,Yes,No,No,No,No,One year,Yes,Credit card,56.3,2308.3,No,25–48 months,30–60
5955-ERIHD,Male,0,Yes,No,18,Yes,Yes,Fiber optic,No,No,No,No,Yes,No,Month-to-month,Yes,Electronic check,94.7,1704.6,Yes,13–24 months,Above 90
0917-EZOLA,Male,1,Yes,No,72,Yes,Yes,Fiber optic,No,Yes,Yes,No,Yes,Yes,Two year,Yes,Bank transfer,104.15,7498.8,Yes,61+ months,Above 90
3508-VLHCZ,Female,0,Yes,Yes,71,Yes,Yes,DSL,Yes,Yes,Yes,Yes,Yes,Yes,Two year,Yes,Credit card,90.55,6429.05,No,61+ months,Above 90
4086-ATNFV,Female,0,Yes,Yes,34,Yes,No,DSL,Yes,Yes,Yes,No,No,Yes,One year,Yes,Mailed check,60.8,2067.2,No,25–48 months,60–90
0468-YRPXN,Male,0,No,No,29,Yes,No,Fiber optic,No,No,Yes,Yes,Yes,No,Month-to-month,Yes,Credit card,98.8,2865.2,No,25–48 months,Above 90
5996-NRVXR,Male,1,Yes,No,40,Yes,No,Fiber optic,Yes,Yes,Yes,Yes,Yes,Yes,One year,Yes,Credit card,98.15,3926.0,No,25–48 months,Above 90
3739-YBWAB,Male,0,Yes,No,36,No,No,DSL,Yes,No,Yes,No,No,No,One year,No,Mailed check,35.35,1272.6,No,25–48 months,30–60
7047-FWEYA,Female,0,Yes,No,46,Yes,Yes,Fiber optic,No,Yes,No,Yes,Yes,No,One year,Yes,Electronic check,103.15,4744.9,No,25–48 months,Above 90
2000-MPKCA,Female,0,No,No,58,Yes,Yes,Fiber optic,Yes,Yes,Yes,No,Yes,Yes,One year,Yes,Electronic check,107.75,6249.5,No,49–60 months,Above 90
9762-YAQAA,Male,0,No,No,39,Yes,Yes,Fiber optic,No,Yes,No,No,No,Yes,One year,No,Credit card,81.4,3174.6,No,25–48 months,60–90
5949-EBSQK,Male,0,Yes,Yes,4,Yes,No,DSL,No,No,No,Yes,No,No,Month-to-month,No,Credit card,61.45,245.8,Yes,0–12 months,60–90
5473-KHBPS,Female,0,Yes,Yes,52,Yes,Yes,Fiber optic,No,Yes,Yes,No,Yes,Yes,One year,Yes,Credit card,95.7,4976.4,No,49–60 months,Above 90
0100-DUVFC,Male,1,Yes,No,70,Yes,Yes,Fiber optic,No,Yes,Yes,No,Yes,No,One year,Yes,Electronic check,104.8,7336.0,No,61+ months,Above 90
5397-TUPSH,Male,1,Yes,No,65,Yes,No,Fiber optic,No,No,No,No,No,Yes,One year,Yes,Bank transfer,70.95,4611.75,No,61+ months,60–90
8950-MTZNV,Male,0,No,No,1,Yes,No,DSL,No,No,No,No,No,No,Month-to-month,Yes,Mailed check,44.95,44.95,No,0–12 months,30–60
0326-VDYXE,Female,0,Yes,No,70,Yes,Yes,Fiber optic,No,No,Yes,No,Yes,No,One year,Yes,Electronic check,97.65,6835.5,No,61+ months,Above 90
6773-LQTVT,Female,1,Yes,Yes,29,No,No,DSL,No,Yes,Yes,No,No,Yes,Month-to-month,Yes,Mailed check,35.65,1033.85,No,25–48 months,30–60
7274-RTAPZ,Male,0,No,No,1,Yes,No,Fiber optic,No,No,No,No,Yes,No,Month-to-month,Yes,Electronic check,90.55,90.55,Yes,0–12 months,Above 90
0436-TWFFZ,Female,0,No,No,67,Yes,Yes,DSL,Yes,No,Yes,Yes,Yes,Yes,Two year,Yes,Mailed check,85.25,5711.75,No,61+ months,60–90
8566-YPRGL,Female,0,No,No,1,Yes,No,No,No,No,No,No,No,Yes,Month-to-month,Yes,Mailed check,19.5,19.5,No,0–12 months,Below 30
0311-UNPFF,Female,0,No,No,26,Yes,No,Fiber optic,No,No,No,No,Yes,No,Month-to-month,Yes,Bank transfer,88.8,2308.8,Yes,25–48 months,60–90
6609-MXJHJ,Female,0,Yes,Yes,30,Yes,Yes,No,No,No,No,No,No,Yes,Two year,Yes,Mailed check,25.1,753.0,No,25–48 months,Below 30
2669-OIDSD,Female,0,Yes,No,48,Yes,No,Fiber optic,No,No,Yes,Yes,Yes,No,Month-to-month,Yes,Credit card,100.05,4802.4,No,25–48 months,Above 90
8400-WZICQ,Female,0,Yes,Yes,55,Yes,No,DSL,Yes,Yes,No,No,No,Yes,Month-to-month,No,Electronic check,55.7,3063.5,No,49–60 months,30–60
3834-XUIFC,Male,0,No,No,7,Yes,Yes,Fiber optic,No,No,No,No,No,No,Month-to-month,Yes,Mailed check,85.2,596.4,Yes,0–12 months,60–90
9576-SYUHJ,Male,0,No,No,37,Yes,Yes,Fiber optic,Yes,No,No,No,Yes,Yes,Month-to-month,Yes,Electronic check,91.15,3372.55,No,25–48 months,Above 90
0410-IPFTY,Female,0,Yes,No,31,Yes,No,Fiber optic,No,Yes,No,No,No,No,Month-to-month,Yes,Bank transfer,83.85,2599.35,No,25–48 months,60–90
2831-EBWRN,Male,0,No,No,4,Yes,No,DSL,No,No,No,No,No,Yes,Month-to-month,Yes,Electronic check,45.9,183.6,No,0–12 months,30–60
9430-NKQLY,Male,0,Yes,Yes,72,Yes,Yes,No,No,No,No,No,No,No,Two year,Yes,Credit card,25.1,1807.2,No,61+ months,Below 30
8414-MYSHR,Male,1,No,No,5,Yes,No,Fiber optic,No,No,No,No,Yes,No,Month-to-month,Yes,Electronic check,91.4,457.0,Yes,0–12 months,Above 90
0247-SLUJI,Male,0,Yes,Yes,1,Yes,No,No,No,No,No,No,No,Yes,Month-to-month,No,Mailed check,19.7,19.7,No,0–12 months,Below 30
9402-ORRAH,Female,1,No,No,15,Yes,No,Fiber optic,No,No,No,No,Yes,No,Month-to-month,Yes,Electronic check,91.5,1372.5,No,13–24 months,Above 90
6483-OATDN,Male,0,Yes,Yes,8,Yes,No,DSL,Yes,No,No,No,No,Yes,Month-to-month,Yes,Credit card,51.3,410.4,No,0–12 months,30–60
1293-HHSHJ,Female,0,No,No,35,Yes,No,No,No,No,No,No,No,No,One year,No,Mailed check,21.1,738.5,No,25–48 months,Below 30
4840-ORQXB,Female,1,No,No,56,Yes,Yes,Fiber optic,No,Yes,Yes,No,Yes,No,Month-to-month,No,Electronic check,104.75,5866.0,No,49–60 months,Above 90
7599-FKVXZ,Male,0,Yes,No,42,Yes,Yes,Fiber optic,No,No,Yes,Yes,Yes,Yes,Month-to-month,Yes,Bank transfer,106.15,4458.3,Yes,25–48 months,Above 90
3982-DQLUS,Male,1,Yes,Yes,65,Yes,Yes,Fiber optic,Yes,Yes,No,No,No,Yes,Month-to-month,Yes,Electronic check,85.75,5573.75,No,61+ months,60–90
8610-ZIKJJ,Female,0,Yes,Yes,2,Yes,No,No,No,No,No,No,No,No,One year,No,Mailed check,20.3,40.6,No,0–12 months,Below 30
3756-VNWDH,Male,1,Yes,No,65,Yes,Yes,Fiber optic,Yes,No,No,No,Yes,No,One year,Yes,Electronic check,100.75,6548.75,No,61+ months,Above 90
7801-KICAO,Female,0,No,No,18,Yes,Yes,Fiber optic,No,No,No,No,No,Yes,Month-to-month,Yes,Electronic check,74.15,1334.7,No,13–24 months,60–90
7673-LPRNY,Female,0,No,No,23,Yes,Yes,DSL,Yes,No,Yes,No,Yes,No,One year,Yes,Electronic check,78.55,1806.65,No,13–24 months,60–90
8229-TNIQA,Female,0,No,No,4,Yes,No,DSL,No,No,No,No,No,Yes,Month-to-month,Yes,Mailed check,45.3,181.2,Yes,0–12 months,30–60
6060-QBMGV,Male,0,Yes,No,70,Yes,No,No,No,No,No,No,No,No,Two year,No,Credit card,19.85,1389.5,No,61+ months,Below 30
7339-POGZN,Female,0,No,No,4,Yes,Yes,DSL,No,No,No,No,No,No,Month-to-month,No,Electronic check,50.7,202.8,No,0–12 months,30–60
2828-SLQPF,Male,0,No,No,19,Yes,No,DSL,No,No,No,No,No,No,Month-to-month,Yes,Bank transfer,45.0,855.0,No,13–24 months,30–60
4465-VDKIQ,Female,0,No,No,18,Yes,No,Fiber optic,No,Yes,Yes,No,No,No,Month-to-month,No,Electronic check,77.8,1400.4,No,13–24 months,60–90
2921-XWDJH,Female,1,Yes,No,38,Yes,No,Fiber optic,Yes,No,No,No,No,No,Month-to-month,Yes,Electronic check,83.45,3171.1,No,25–48 months,60–90
6221-AVQYL,Male,0,No,No,2,Yes,Yes,Fiber optic,No,No,No,No,No,Yes,Month-to-month,Yes,Credit card,73.25,146.5,Yes,0–12 months,60–90
2558-BUOZZ,Male,0,No,No,47,Yes,Yes,Fiber optic,Yes,Yes,No,No,Yes,No,One year,No,Bank transfer,94.8,4455.6,No,25–48 months,Above 90
9257-AZMTZ,Female,0,Yes,Yes,52,Yes,No,No,No,No,No,No,No,No,Two year,No,Bank transfer,20.1,1045.2,No,49–60 months,Below 30
0003-MKNFE,Male,0,No,No,9,Yes,Yes,DSL,No,No,No,No,No,No,Month-to-month,No,Mailed check,59.9,539.1,No,0–12 months,30–60
0975-UYDTX,Female,0,Yes,No,26,Yes,Yes,DSL,Yes,Yes,Yes,Yes,Yes,Yes,One year,Yes,Credit card,90.1,2342.6,No,25–48 months,Above 90
7743-EXURX,Male,0,Yes,Yes,8,Yes,No,DSL,No,No,Yes,No,No,Yes,Month-to-month,Yes,Electronic check,51.05,408.4,Yes,0–12 months,30–60
4682-BLBUC,Male,0,Yes,No,44,Yes,No,DSL,No,Yes,Yes,Yes,Yes,No,One year,Yes,Electronic check,70.95,3121.8,No,25–48 months,60–90
0975-VOOVL,Female,0,No,No,3,No,No,DSL,No,Yes,No,No,No,No,Month-to-month,No,Mailed check,29.2,87.6,No,0–12 months,Below 30
5968-VXZLG,Male,0,No,No,2,Yes,No,DSL,No,No,No,No,No,No,Month-to-month,Yes,Bank transfer,46.6,93.2,No,0–12 months,30–60
5569-KGJHX,Female,0,Yes,Yes,9,Yes,Yes,Fiber optic,No,No,No,No,Yes,No,Month-to-month,Yes,Bank transfer,85.35,768.15,Yes,0–12 months,60–90
4988-IQIGL,Male,1,No,No,1,Yes,Yes,Fiber optic,No,No,No,No,No,No,Month-to-month,Yes,Electronic check,75.35,75.35,Yes,0–12 months,60–90
5201-FRKKS,Male,0,No,No,25,Yes,No,Fiber optic,Yes,No,No,No,No,No,Month-to-month,No,Bank transfer,74.3,1857.5,No,25–48 months,60–90
9799-CAYJJ,Female,1,Yes,No,2,Yes,No,Fiber optic,No,No,No,No,No,No,Month-to-month,Yes,Electronic check,69.3,138.6,No,0–12 months,60–90
7730-IUTDZ,Male,0,No,No,43,Yes,No,Fiber optic,Yes,No,No,No,No,No,Month-to-month,Yes,Electronic check,75.2,3233.6,Yes,25–48 months,60–90
0426-TIRNE,Female,0,No,No,1,Yes,No,No,No,No,No,No,No,No,Month-to-month,No,Mailed check,20.9,20.9,Yes,0–12 months,Below 30
5443-SCMKX,Female,0,Yes,No,58,Yes,Yes,Fiber optic,No,Yes,Yes,No,No,No,One year,Yes,Electronic check,94.3,5469.4,No,49–60 months,Above 90
8295-KMENE,Female,0,Yes,Yes,59,Yes,Yes,DSL,Yes,No,Yes,Yes,Yes,Yes,Two year,Yes,Mailed check,76.45,4510.55,No,49–60 months,60–90
6738-ISCBM,Male,0,No,No,44,No,No,DSL,Yes,No,Yes,No,Yes,No,One year,Yes,Electronic check,54.0,2376.0,No,25–48 months,30–60
9821-BESNZ,Male,0,No,No,66,Yes,Yes,Fiber optic,No,Yes,No,Yes,Yes,Yes,One year,Yes,Electronic check,104.25,6880.5,No,61+ months,Above 90
3678-MNGZX,Male,0,Yes,Yes,68,Yes,No,No,No,No,No,No,No,Yes,Two year,No,Bank transfer,19.95,1356.6,No,61+ months,Below 30
1335-NTIUC,Male,0,No,No,9,No,No,DSL,No,No,No,No,No,No,Month-to-month,Yes,Electronic check,24.95,224.55,No,0–12 months,Below 30
2916-BQZLN,Male,0,No,No,19,Yes,Yes,Fiber optic,Yes,No,Yes,No,No,No,Month-to-month,Yes,Electronic check,84.75,1610.25,No,13–24 months,60–90
4558-CGYCZ,Male,0,No,No,4,Yes,No,No,No,No,No,No,No,No,Month-to-month,No,Mailed check,19.75,79.0,No,0–12 months,Below 30
2368-GAKKQ,Female,0,No,No,70,Yes,Yes,Fiber optic,Yes,Yes,Yes,Yes,Yes,No,Two year,Yes,Bank transfer,113.65,7955.5,No,61+ months,Above 90
8710-YGLWG,Male,0,No,No,1,Yes,No,DSL,No,No,No,No,No,Yes,Month-to-month,Yes,Mailed check,44.9,44.9,No,0–12 months,30–60
3199-XGZCY,Female,0,No,No,8,Yes,Yes,Fiber optic,No,No,No,No,No,No,Month-to-month,Yes,Electronic check,75.25,602.0,No,0–12 months,60–90
3785-KTYSH,Male,0,No,No,53,Yes,Yes,No,No,No,No,No,No,No,Two year,No,Mailed check,24.6,1303.8,No,49–60 months,Below 30
6814-ZPWFQ,Male,1,No,No,51,Yes,Yes,No,No,No,No,No,No,No,One year,No,Bank transfer,25.0,1275.0,No,49–60 months,Below 30
4063-EIKNQ,Male,0,Yes,Yes,11,Yes,No,No,No,No,No,No,No,No,Month-to-month,No,Bank transfer,20.95,230.45,No,0–12 months,Below 30
6993-YCOBK,Male,0,Yes,Yes,60,Yes,Yes,Fiber optic,Yes,No,Yes,Yes,Yes,No,Two year,Yes,Electronic check,110.6,6636.0,No,49–60 months,Above 90
5206-HPJKM,Male,0,No,No,17,Yes,No,DSL,Yes,Yes,No,No,No,Yes,Month-to-month,Yes,Credit card,55.5,943.5,No,13–24 months,30–60
7587-RZNME,Male,0,No,No,3,Yes,No,DSL,No,No,No,No,No,No,Month-to-month,Yes,Electronic check,43.3,129.9,Yes,0–12 months,30–60
0748-RDGGM,Male,0,Yes,No,70,Yes,No,Fiber optic,Yes,Yes,Yes,Yes,Yes,No,One year,Yes,Bank transfer,109.5,7665.0,Yes,61+ months,Above 90
8393-JMVMB,Male,0,No,No,1,Yes,No,No,No,No,No,No,No,Yes,Month-to-month,No,Mailed check,19.45,19.45,No,0–12 months,Below 30
5019-GQVCR,Male,1,No,No,43,Yes,Yes,Fiber optic,No,No,No,No,Yes,No,Month-to-month,Yes,Electronic check,84.85,3648.55,No,25–48 months,60–90
6036-TTFYU,Female,0,Yes,No,16,Yes,No,No,No,No,No,No,No,No,Month-to-month,No,Mailed check,19.6,313.6,No,13–24 months,Below 30
2550-AEVRU,Female,0,Yes,Yes,57,Yes,No,DSL,Yes,Yes,No,No,No,No,One year,No,Electronic check,53.45,3046.65,No,49–60 months,30–60
0969-RGKCU,Male,0,Yes,Yes,37,Yes,No,No,No,No,No,No,No,No,One year,No,Credit card,19.8,732.6,No,25–48 months,Below 30
0378-CJKPV,Female,0,Yes,No,72,Yes,Yes,Fiber optic,Yes,Yes,Yes,Yes,Yes,No,Two year,No,Credit card,112.1,8071.2,No,61+ months,Above 90
4706-AXVKM,Female,1,No,No,11,Yes,Yes,Fiber optic,No,No,No,No,No,Yes,Month-to-month,Yes,Credit card,84.8,932.8,Yes,0–12 months,60–90
5889-JTMUL,Female,1,Yes,No,50,Yes,Yes,Fiber optic,No,Yes,Yes,No,Yes,Yes,Month-to-month,Yes,Electronic check,95.05,4752.5,Yes,49–60 months,Above 90
9026-RNUJS,Male,1,No,No,5,Yes,No,DSL,No,No,Yes,No,No,No,Month-to-month,No,Electronic check,50.35,251.75,Yes,0–12 months,30–60
3746-EUBYR,Male,0,Yes,No,1,Yes,Yes,Fiber optic,No,No,No,No,No,No,Month-to-month,Yes,Bank transfer,74.6,74.6,Yes,0–12 months,60–90
2332-EFBJY,Male,0,No,No,16,Yes,No,No,No,No,No,No,No,No,Month-to-month,Yes,Mailed check,19.7,315.2,Yes,13–24 months,Below 30
2880-FPNAE,Male,1,Yes,No,2,Yes,No,Fiber optic,No,No,Yes,No,No,No,Month-to-month,Yes,Electronic check,74.2,148.4,No,0–12 months,60–90
1703-MGIAB,Female,0,No,No,17,Yes,Yes,DSL,No,No,Yes,Yes,Yes,No,Month-to-month,Yes,Mailed check,69.0,1173.0,No,13–24 months,60–90
4311-QTTAI,Female,0,No,No,16,Yes,No,No,No,No,No,No,No,No,One year,No,Credit card,19.35,309.6,No,13–24 months,Below 30
9474-PHLYD,Female,0,No,No,15,Yes,No,DSL,No,No,Yes,No,No,No,Month-to-month,Yes,Electronic check,59.45,891.75,Yes,13–24 months,30–60
4318-RAJVY,Female,0,No,No,10,Yes,No,No,No,No,No,No,No,Yes,One year,Yes,Mailed check,19.8,198.0,No,0–12 months,Below 30
2165-VOEGB,Female,0,No,Yes,46,Yes,No,Fiber optic,Yes,Yes,No,Yes,Yes,No,One year,Yes,Bank transfer,105.2,4839.2,Yes,25–48 months,Above 90
3612-YUNGG,Male,0,Yes,Yes,64,Yes,Yes,Fiber optic,No,Yes,Yes,Yes,Yes,Yes,Two year,Yes,Credit card,109.2,6988.8,No,61+ months,Above 90
2254-DLXRI,Female,0,No,No,1,Yes,Yes,Fiber optic,No,Yes,No,No,No,Yes,Month-to-month,Yes,Mailed check,79.15,79.15,No,0–12 months,60–90
5062-CJJKH,Male,0,Yes,Yes,25,Yes,No,DSL,No,Yes,Yes,No,No,No,One year,No,Mailed check,53.65,1341.25,No,25–48 months,30–60
9028-LIHRP,Male,0,Yes,Yes,71,Yes,No,Fiber optic,Yes,Yes,Yes,Yes,Yes,No,Two year,No,Credit card,100.2,7114.2,No,61+ months,Above 90
2219-MVUSO,Male,0,No,No,8,Yes,No,DSL,No,No,No,No,No,No,Month-to-month,Yes,Mailed check,45.15,361.2,Yes,0–12 months,30–60
1053-MXTTK,Female,0,Yes,Yes,72,Yes,No,Fiber optic,Yes,Yes,Yes,Yes,Yes,No,Two year,Yes,Bank transfer,108.65,7822.8,No,61+ months,Above 90
1530-ZTDOZ,Female,0,Yes,No,49,No,No,DSL,Yes,No,No,No,Yes,Yes,Month-to-month,No,Bank transfer,40.65,1991.85,No,49–60 months,30–60
1301-LOPVR,Male,0,Yes,Yes,29,No,No,DSL,Yes,Yes,Yes,Yes,No,No,One year,Yes,Credit card,55.35,1605.15,No,25–48 months,30–60
0853-TWRVK,Male,0,Yes,No,72,Yes,Yes,Fiber optic,Yes,Yes,Yes,Yes,No,Yes,Two year,No,Bank transfer,105.6,7603.2,No,61+ months,Above 90
8914-RBTSB,Male,0,Yes,No,31,Yes,Yes,Fiber optic,No,Yes,Yes,No,Yes,Yes,Month-to-month,No,Electronic check,93.8,2907.8,Yes,25–48 months,Above 90
6212-ATMLK,Female,0,No,No,50,Yes,Yes,Fiber optic,No,No,No,No,Yes,No,Month-to-month,Yes,Electronic check,95.7,4785.0,No,49–60 months,Above 90
8200-LGKSR,Male,0,Yes,No,71,Yes,Yes,DSL,Yes,No,Yes,Yes,Yes,Yes,Two year,No,Electronic check,83.2,5907.2,No,61+ months,60–90
1568-BEKZM,Male,1,Yes,No,70,Yes,Yes,DSL,Yes,Yes,Yes,Yes,Yes,Yes,Two year,No,Credit card,90.05,6303.5,No,61+ months,Above 90
0670-ANMUU,Male,0,No,No,71,Yes,Yes,Fiber optic,Yes,No,No,Yes,No,Yes,One year,No,Credit card,97.65,6933.15,No,61+ months,Above 90
6897-RWMUB,Male,0,Yes,Yes,61,Yes,No,DSL,Yes,Yes,Yes,Yes,No,Yes,Two year,Yes,Bank transfer,68.05,4151.05,No,61+ months,60–90
0963-ZBDRN,Male,0,No,No,32,Yes,No,Fiber optic,No,No,No,Yes,Yes,No,Month-to-month,Yes,Electronic check,96.2,3078.4,Yes,25–48 months,Above 90
7594-RQHXR,Female,0,No,Yes,1,Yes,No,Fiber optic,No,No,No,No,No,Yes,Month-to-month,Yes,Electronic check,79.6,79.6,Yes,0–12 months,60–90
6999-CHVCF,Male,0,No,No,68,Yes,Yes,Fiber optic,Yes,Yes,Yes,No,No,Yes,Two year,Yes,Bank transfer,102.1,6942.8,No,61+ months,Above 90
6134-KWTBV,Male,0,No,No,62,Yes,Yes,No,No,No,No,No,No,Yes,Two year,No,Bank transfer,23.4,1450.8,No,61+ months,Below 30
1077-HUUJM,Female,0,No,Yes,7,Yes,No,Fiber optic,No,No,No,No,No,No,Month-to-month,Yes,Electronic check,71.05,497.35,No,0–12 months,60–90
6331-EWIEB,Male,0,No,No,20,Yes,Yes,Fiber optic,No,No,No,No,Yes,No,Month-to-month,Yes,Electronic check,85.25,1705.0,Yes,13–24 months,60–90
0895-LNKRC,Male,0,Yes,Yes,6,Yes,No,No,No,No,No,No,No,No,One year,No,Mailed check,19.45,116.7,No,0–12 months,Below 30
2045-BMBTJ,Female,1,No,No,33,No,No,DSL,Yes,Yes,Yes,No,Yes,No,Month-to-month,Yes,Bank transfer,59.45,1961.85,No,25–48 months,30–60
8417-GSODA,Male,0,Yes,Yes,28,Yes,Yes,Fiber optic,No,No,No,No,Yes,Yes,One year,No,Bank transfer,92.2,2581.6,No,25–48 months,Above 90
5171-EPLKN,Male,0,No,No,27,Yes,No,No,No,No,No,No,No,Yes,Two year,No,Credit card,19.85,535.95,No,25–48 months,Below 30
4452-QIIEB,Male,0,No,No,7,Yes,No,DSL,No,No,No,No,No,No,Month-to-month,No,Mailed check,43.9,307.3,No,0–12 months,30–60
5998-VVEJY,Male,0,No,No,26,Yes,Yes,Fiber optic,No,No,No,Yes,No,No,Month-to-month,Yes,Electronic check,80.5,2093.0,Yes,25–48 months,60–90
1624-NALOJ,Male,1,No,No,5,Yes,Yes,Fiber optic,No,Yes,No,No,No,No,Month-to-month,Yes,Electronic check,89.8,449.0,Yes,0–12 months,60–90
6741-EGCBI,Male,1,No,No,30,Yes,Yes,Fiber optic,Yes,No,No,No,No,Yes,Month-to-month,Yes,Credit card,90.5,2715.0,No,25–48 months,Above 90
7820-ZYGNY,Male,0,No,No,63,Yes,Yes,Fiber optic,No,Yes,No,No,No,Yes,One year,No,Credit card,90.45,5698.35,No,61+ months,Above 90
4317-VTEOA,Male,0,No,No,1,Yes,No,DSL,No,Yes,No,No,No,Yes,Month-to-month,Yes,Electronic check,50.75,50.75,Yes,0–12 months,30–60
9677-AVKED,Female,0,No,Yes,53,Yes,Yes,DSL,No,Yes,Yes,Yes,Yes,No,One year,Yes,Electronic check,84.6,4483.8,No,49–60 months,60–90
1670-SVOWZ,Female,0,Yes,Yes,14,Yes,No,Fiber optic,No,Yes,No,Yes,No,Yes,Month-to-month,Yes,Credit card,89.65,1255.1,Yes,13–24 months,60–90
2227-JRSJX,Female,0,No,No,21,Yes,No,Fiber optic,No,Yes,No,Yes,Yes,Yes,Month-to-month,Yes,Bank transfer,99.15,2082.15,No,13–24 months,Above 90
9847-HNVGP,Male,0,No,No,17,Yes,No,No,No,No,No,No,No,Yes,One year,No,Mailed check,19.95,339.15,No,13–24 months,Below 30
6696-YDAYZ,Male,0,Yes,Yes,16,Yes,No,No,No,No,No,No,No,No,Two year,No,Mailed check,20.5,328.0,No,13–24 months,Below 30
8980-WQFWL,Female,0,No,No,35,Yes,No,DSL,No,No,Yes,No,No,No,Month-to-month,Yes,Electronic check,62.1,2173.5,No,25–48 months,60–90
1730-ZMAME,Female,1,No,No,32,Yes,No,Fiber optic,No,No,No,No,No,Yes,Month-to-month,Yes,Electronic check,79.5,2544.0,No,25–48 months,60–90
6506-EYCNH,Female,0,Yes,Yes,28,Yes,No,No,No,No,No,No,No,Yes,Month-to-month,Yes,Bank transfer,19.55,547.4,No,25–48 months,Below 30
4634-JLRJT,Female,0,No,No,1,Yes,No,No,No,No,No,No,No,No,Month-to-month,Yes,Mailed check,20.35,20.35,No,0–12 months,Below 30
9501-UKKNL,Male,0,No,No,59,No,No,DSL,No,No,No,Yes,Yes,No,Month-to-month,Yes,Electronic check,51.7,3050.3,No,49–60 months,30–60
2560-QTSBS,Female,0,Yes,Yes,72,Yes,Yes,No,No,No,No,No,No,Yes,One year,Yes,Bank transfer,23.3,1677.6,No,61+ months,Below 30
7541-YLXCL,Male,0,No,No,36,Yes,No,DSL,No,Yes,No,Yes,No,No,One year,Yes,Mailed check,65.4,2354.4,Yes,25–48 months,60–90
4795-WRNVT,Female,0,No,No,40,Yes,No,DSL,Yes,Yes,No,No,Yes,Yes,Month-to-month,No,Mailed check,65.1,2604.0,No,25–48 months,60–90
6080-TCMYC,Male,0,Yes,Yes,40,Yes,Yes,Fiber optic,No,No,Yes,No,No,No,Month-to-month,Yes,Electronic check,81.2,3248.0,No,25–48 months,60–90
0260-ZDLGK,Female,0,No,Yes,9,Yes,No,DSL,No,No,Yes,Yes,Yes,No,Month-to-month,Yes,Mailed check,72.9,656.1,Yes,0–12 months,60–90
7860-UXCRM,Male,0,Yes,Yes,63,Yes,No,DSL,Yes,Yes,Yes,Yes,Yes,Yes,Two year,No,Credit card,74.5,4693.5,No,61+ months,60–90
6357-JJPQT,Female,0,No,No,3,Yes,No,Fiber optic,No,No,No,No,Yes,No,Month-to-month,Yes,Electronic check,80.5,241.5,No,0–12 months,60–90
2292-XQWSV,Male,0,Yes,Yes,40,No,No,DSL,No,Yes,Yes,Yes,Yes,No,One year,No,Mailed check,60.3,2412.0,No,25–48 months,60–90
9552-TGUZV,Male,0,Yes,No,8,Yes,No,Fiber optic,Yes,No,No,No,No,Yes,Month-to-month,Yes,Mailed check,75.0,600.0,No,0–12 months,60–90
5913-INRQV,Male,1,Yes,No,34,Yes,No,Fiber optic,Yes,No,No,Yes,Yes,No,One year,No,Mailed check,90.15,3065.1,No,25–48 months,Above 90
8722-NGNBH,Male,0,No,No,5,No,No,DSL,Yes,No,Yes,Yes,No,No,Month-to-month,No,Mailed check,40.0,200.0,Yes,0–12 months,30–60
6210-KBBPI,Male,1,No,No,9,Yes,Yes,Fiber optic,No,Yes,No,No,Yes,No,Month-to-month,Yes,Credit card,99.45,895.05,Yes,0–12 months,Above 90
9643-YBLUR,Male,0,Yes,No,9,Yes,Yes,DSL,No,Yes,Yes,No,No,Yes,Month-to-month,Yes,Credit card,69.05,621.45,No,0–12 months,60–90
8734-FNWVH,Male,0,Yes,Yes,31,Yes,Yes,DSL,No,No,No,No,No,Yes,Month-to-month,No,Bank transfer,59.7,1850.7,No,25–48 months,30–60
9447-YPTBX,Female,0,Yes,No,50,Yes,No,No,No,No,No,No,No,Yes,One year,Yes,Bank transfer,19.85,992.5,No,49–60 months,Below 30
0133-BMFZO,Female,0,No,No,2,Yes,No,Fiber optic,Yes,Yes,No,Yes,No,No,Month-to-month,Yes,Electronic check,86.25,172.5,Yes,0–12 months,60–90
6128-CZOMY,Female,0,No,No,1,Yes,No,DSL,No,No,No,No,No,No,Month-to-month,Yes,Electronic check,45.65,45.65,Yes,0–12 months,30–60
9540-JYROE,Male,0,No,No,8,Yes,No,Fiber optic,No,No,No,No,No,No,Month-to-month,Yes,Mailed check,70.1,560.8,Yes,0–12 months,60–90
9026-LHEVG,Female,0,No,No,9,No,No,DSL,No,Yes,No,No,No,No,Month-to-month,No,Electronic check,40.75,366.75,No,0–12 months,30–60
2260-USTRB,Female,1,No,No,2,Yes,No,Fiber optic,No,No,No,No,No,Yes,Month-to-month,Yes,Bank transfer,70.2,140.4,Yes,0–12 months,60–90
3656-TKRVZ,Female,0,No,No,3,Yes,No,DSL,Yes,Yes,No,No,No,No,Month-to-month,No,Electronic check,55.35,166.05,Yes,0–12 months,30–60
7011-CVEUC,Male,0,Yes,No,25,Yes,No,Fiber optic,No,No,No,Yes,Yes,No,Month-to-month,Yes,Credit card,95.7,2392.5,No,25–48 months,Above 90
6185-TASNN,Male,1,No,No,1,Yes,No,DSL,No,No,No,No,No,Yes,Month-to-month,No,Electronic check,46.3,46.3,No,0–12 months,30–60
7925-PNRGI,Female,0,Yes,Yes,45,Yes,Yes,DSL,Yes,Yes,Yes,Yes,Yes,No,Month-to-month,No,Mailed check,81.3,3658.5,No,25–48 months,60–90
8623-TMRBY,Male,1,Yes,Yes,51,Yes,Yes,Fiber optic,No,Yes,Yes,No,No,No,Month-to-month,Yes,Electronic check,84.2,4294.2,Yes,49–60 months,60–90
1552-CZCLL,Female,0,Yes,Yes,55,Yes,No,No,No,No,No,No,No,No,Month-to-month,No,Credit card,20.0,1100.0,No,49–60 months,Below 30
3038-PQIUY,Female,0,No,No,38,Yes,Yes,DSL,Yes,Yes,Yes,No,No,No,Month-to-month,Yes,Bank transfer,66.15,2513.7,No,25–48 months,60–90
1501-SGHBW,Male,0,No,No,2,Yes,No,DSL,No,No,No,No,No,No,Month-to-month,No,Mailed check,45.85,91.7,Yes,0–12 months,30–60
9313-CDOGY,Male,0,Yes,Yes,38,Yes,No,No,No,No,No,No,No,No,Month-to-month,No,Electronic check,19.6,744.8,No,25–48 months,Below 30
8148-BPLZQ,Male,0,No,No,34,Yes,No,DSL,No,Yes,No,No,No,No,Month-to-month,Yes,Electronic check,49.8,1693.2,No,25–48 months,30–60
2623-DRYAM,Female,0,Yes,No,70,Yes,Yes,Fiber optic,No,No,Yes,No,Yes,No,One year,Yes,Electronic check,101.75,7122.5,No,61+ months,Above 90
9987-LUTYD,Female,0,No,No,13,Yes,No,DSL,Yes,No,No,Yes,No,Yes,One year,No,Mailed check,55.15,716.95,No,13–24 months,30–60
3208-YPIOE,Male,0,No,No,39,Yes,Yes,Fiber optic,No,No,No,No,No,No,Month-to-month,No,Electronic check,75.25,2934.75,Yes,25–48 months,60–90
4488-KQFDT,Female,0,No,No,61,Yes,Yes,Fiber optic,No,Yes,Yes,No,Yes,No,One year,Yes,Electronic check,103.95,6340.95,No,61+ months,Above 90
2612-RANWT,Female,0,No,No,12,Yes,Yes,Fiber optic,No,No,Yes,No,Yes,Yes,Month-to-month,Yes,Bank transfer,100.15,1201.8,Yes,0–12 months,Above 90
5693-PIPCS,Male,0,No,No,41,Yes,No,Fiber optic,No,Yes,No,Yes,Yes,Yes,Two year,Yes,Credit card,99.65,4085.65,No,25–48 months,Above 90
0491-KAPQG,Male,0,No,No,21,Yes,Yes,Fiber optic,No,No,No,No,No,Yes,Month-to-month,Yes,Electronic check,73.7,1547.7,No,13–24 months,60–90
1925-LFCZZ,Male,1,No,No,55,No,No,DSL,No,No,Yes,No,Yes,No,One year,Yes,Bank transfer,50.05,2752.75,No,49–60 months,30–60
8039-EQPIM,Male,0,Yes,No,69,No,No,DSL,Yes,No,Yes,Yes,Yes,Yes,Two year,No,Bank transfer,60.25,4157.25,No,61+ months,60–90
6900-PXRMS,Male,1,Yes,Yes,26,Yes,Yes,Fiber optic,No,Yes,Yes,No,Yes,Yes,Month-to-month,No,Electronic check,105.75,2749.5,Yes,25–48 months,Above 90
8707-RMEZH,Female,1,Yes,No,69,Yes,No,Fiber optic,Yes,Yes,No,No,No,Yes,One year,No,Credit card,87.3,6023.7,No,61+ months,60–90
3346-BRMIS,Female,1,Yes,No,18,No,No,DSL,No,No,Yes,No,Yes,Yes,Month-to-month,Yes,Electronic check,48.35,870.3,Yes,13–24 months,30–60
3209-ZPKFI,Male,0,Yes,Yes,47,Yes,Yes,DSL,No,Yes,No,No,No,Yes,Month-to-month,No,Electronic check,54.25,2549.75,No,25–48 months,30–60
6479-VDGRK,Female,0,Yes,Yes,72,Yes,No,DSL,Yes,Yes,Yes,Yes,Yes,No,Two year,No,Bank transfer,85.3,6141.6,No,61+ months,60–90
9373-WSLOY,Male,1,Yes,No,33,No,No,DSL,No,Yes,Yes,Yes,Yes,Yes,Month-to-month,Yes,Electronic check,50.0,1650.0,No,25–48 months,30–60
2933-FILNV,Female,0,Yes,Yes,2,No,No,DSL,No,No,No,No,No,No,Month-to-month,Yes,Mailed check,24.4,48.8,Yes,0–12 months,Below 30
3569-JFODW,Female,0,Yes,Yes,72,Yes,Yes,DSL,Yes,Yes,Yes,Yes,Yes,No,Two year,No,Credit card,90.95,6548.4,No,61+ months,Above 90
9819-FBNSV,Male,1,Yes,No,37,Yes,No,Fiber optic,No,No,No,No,No,Yes,Month-to-month,Yes,Bank transfer,72.25,2673.25,No,25–48 months,60–90
9544-PYPSJ,Female,1,Yes,Yes,62,Yes,Yes,Fiber optic,No,Yes,Yes,No,No,No,Month-to-month,Yes,Credit card,96.1,5958.2,No,61+ months,Above 90
1591-XWLGB,Female,0,Yes,No,71,Yes,No,No,No,No,No,No,No,Yes,Two year,No,Credit card,19.85,1409.35,No,61+ months,Below 30
0396-UKGAI,Male,0,No,Yes,23,Yes,No,DSL,No,Yes,No,Yes,No,No,Month-to-month,Yes,Bank transfer,55.3,1271.9,No,13–24 months,30–60
3243-ZHOHY,Female,0,No,No,16,Yes,No,No,No,No,No,No,No,No,One year,No,Mailed check,20.1,321.6,No,13–24 months,Below 30
5186-EJEGL,Male,0,No,No,9,Yes,No,DSL,Yes,No,Yes,Yes,Yes,No,Month-to-month,Yes,Mailed check,69.5,625.5,No,0–12 months,60–90
7527-QNRUS,Male,0,Yes,Yes,17,Yes,Yes,No,No,No,No,No,No,No,Two year,Yes,Mailed check,25.15,427.55,No,13–24 months,Below 30
9986-BONCE,Female,0,No,No,4,Yes,No,No,No,No,No,No,No,No,Month-to-month,No,Bank transfer,20.95,83.8,Yes,0–12 months,Below 30
2722-JMONI,Female,1,Yes,No,1,Yes,No,DSL,Yes,No,No,No,No,No,Month-to-month,Yes,Electronic check,49.55,49.55,Yes,0–12 months,30–60
2203-GHNWN,Female,0,Yes,No,24,Yes,Yes,Fiber optic,No,No,Yes,No,No,No,Month-to-month,Yes,Mailed check,79.65,1911.6,No,13–24 months,60–90
3878-AVSOQ,Female,1,No,No,1,Yes,No,Fiber optic,No,No,No,No,No,No,Month-to-month,Yes,Electronic check,71.25,71.25,No,0–12 months,60–90
3258-SYSWS,Male,1,No,No,72,Yes,Yes,Fiber optic,Yes,Yes,Yes,Yes,Yes,No,Two year,No,Bank transfer,113.8,8193.6,No,61+ months,Above 90
5296-PSYVW,Female,0,Yes,No,72,Yes,Yes,No,No,No,No,No,No,Yes,Two year,No,Electronic check,24.55,1767.6,No,61+ months,Below 30
6319-QSUSR,Female,0,No,Yes,11,Yes,No,No,No,No,No,No,No,No,Month-to-month,No,Credit card,19.7,216.7,No,0–12 months,Below 30
4083-EUGRJ,Male,0,No,No,9,Yes,No,No,No,No,No,No,No,No,Month-to-month,No,Mailed check,20.25,182.25,Yes,0–12 months,Below 30
7579-OOPEC,Female,1,Yes,No,2,Yes,No,DSL,No,Yes,No,No,No,No,Month-to-month,No,Credit card,50.15,100.3,Yes,0–12 months,30–60
0512-FLFDW,Female,1,Yes,No,60,Yes,Yes,Fiber optic,No,No,Yes,No,Yes,No,One year,Yes,Credit card,100.5,6030.0,No,49–60 months,Above 90
1771-OADNZ,Male,1,Yes,No,29,Yes,Yes,Fiber optic,No,Yes,Yes,No,No,Yes,Month-to-month,Yes,Electronic check,95.9,2781.1,Yes,25–48 months,Above 90
0487-CRLZF,Female,0,No,No,49,Yes,No,DSL,No,No,Yes,Yes,Yes,Yes,Two year,Yes,Bank transfer,74.45,3648.05,No,49–60 months,60–90
2107-FBPTK,Female,1,No,No,30,Yes,Yes,Fiber optic,No,Yes,Yes,No,Yes,Yes,Month-to-month,Yes,Electronic check,104.1,3123.0,No,25–48 months,Above 90
9451-WLYRI,Female,0,Yes,No,53,Yes,No,No,No,No,No,No,No,Yes,One year,No,Credit card,19.05,1009.65,No,49–60 months,Below 30
8219-VYBVI,Male,0,No,Yes,39,Yes,Yes,No,No,No,No,No,No,No,Two year,No,Mailed check,25.0,975.0,No,25–48 months,Below 30
1991-VOPLL,Female,0,No,No,9,Yes,No,No,No,No,No,No,No,No,Month-to-month,No,Mailed check,19.05,171.45,No,0–12 months,Below 30
9738-QLWTP,Male,0,No,No,39,Yes,No,Fiber optic,No,No,Yes,Yes,No,No,One year,No,Electronic check,81.9,3194.1,No,25–48 months,60–90
1016-DJTSV,Male,1,No,No,8,Yes,No,Fiber optic,No,No,No,No,No,No,Month-to-month,Yes,Electronic check,69.7,557.6,No,0–12 months,60–90
9419-IPPBE,Female,0,Yes,Yes,51,Yes,Yes,Fiber optic,No,No,Yes,No,No,No,One year,Yes,Electronic check,90.15,4597.65,No,49–60 months,Above 90
0174-QRVVY,Male,0,Yes,Yes,71,Yes,Yes,No,No,No,No,No,No,Yes,Two year,No,Credit card,25.35,1799.85,No,61+ months,Below 30
5699-BNCAS,Male,1,No,No,71,Yes,Yes,No,No,No,No,No,No,No,Two year,Yes,Mailed check,24.65,1750.15,No,61+ months,Below 30
2900-PHPLN,Female,1,Yes,No,70,Yes,No,No,No,No,No,No,No,No,Two year,Yes,Credit card,19.55,1368.5,No,61+ months,Below 30
0612-RTZZA,Female,1,No,No,1,No,No,DSL,No,No,No,No,No,No,Month-to-month,No,Electronic check,25.25,25.25,Yes,0–12 months,Below 30
8106-GWQOK,Male,0,Yes,No,38,No,No,DSL,Yes,Yes,No,Yes,Yes,No,Two year,Yes,Bank transfer,60.0,2280.0,No,25–48 months,60–90
8751-EDEKA,Female,0,Yes,No,28,Yes,No,Fiber optic,No,Yes,Yes,No,No,Yes,Month-to-month,No,Credit card,89.9,2517.2,No,25–48 months,60–90
6878-GGDWG,Female,0,Yes,No,32,Yes,No,No,No,No,No,No,No,Yes,Month-to-month,No,Bank transfer,19.4,620.8,No,25–48 months,Below 30
4039-PIMHX,Male,1,Yes,No,49,Yes,No,DSL,No,Yes,No,No,No,No,Two year,No,Mailed check,49.8,2440.2,No,49–60 months,30–60
8450-LUGUK,Female,0,Yes,Yes,37,Yes,Yes,No,No,No,No,No,No,No,Two year,Yes,Bank transfer,24.1,891.7,No,25–48 months,Below 30
3604-WLABM,Female,0,No,No,10,Yes,No,DSL,No,No,Yes,Yes,No,No,Month-to-month,No,Electronic check,54.25,542.5,No,0–12 months,30–60
0795-GMVQO,Male,0,Yes,No,67,Yes,Yes,Fiber optic,Yes,Yes,Yes,No,Yes,No,One year,No,Credit card,109.9,7363.3,No,61+ months,Above 90
2259-OUUSZ,Male,0,No,No,7,No,No,DSL,No,No,Yes,Yes,No,Yes,One year,Yes,Credit card,35.5,248.5,No,0–12 months,30–60
1142-IHLOO,Female,0,No,No,51,Yes,No,Fiber optic,No,No,No,No,Yes,No,One year,No,Credit card,87.55,4465.05,No,49–60 months,60–90
6410-LEFEN,Female,0,No,No,9,Yes,No,DSL,No,No,No,No,No,Yes,Month-to-month,No,Electronic check,45.15,406.35,Yes,0–12 months,30–60
4633-MKHYU,Female,0,No,No,9,Yes,No,Fiber optic,No,No,No,No,Yes,No,Month-to-month,Yes,Mailed check,88.4,795.6,No,0–12 months,60–90
6257-RJOHI,Male,0,No,No,4,Yes,No,DSL,No,No,No,Yes,No,Yes,Month-to-month,Yes,Mailed check,50.8,203.2,No,0–12 months,30–60
1545-JFUML,Male,0,Yes,No,71,Yes,Yes,Fiber optic,Yes,Yes,Yes,No,Yes,No,Two year,Yes,Electronic check,99.0,7029.0,No,61+ months,Above 90
3194-ORPIK,Female,0,Yes,Yes,50,Yes,Yes,Fiber optic,No,No,No,No,Yes,No,Month-to-month,Yes,Bank transfer,84.4,4220.0,Yes,49–60 months,60–90
7826-VVKWT,Female,1,Yes,Yes,24,Yes,No,Fiber optic,No,No,Yes,No,Yes,No,Two year,Yes,Electronic check,96.55,2317.2,No,13–24 months,Above 90
1353-GHZOS,Male,0,Yes,No,22,Yes,No,DSL,Yes,No,No,No,Yes,Yes,One year,Yes,Bank transfer,59.75,1314.5,No,13–24 months,30–60
2587-EKXTS,Male,0,No,No,44,Yes,Yes,Fiber optic,Yes,Yes,Yes,No,Yes,No,Month-to-month,Yes,Electronic check,111.5,4906.0,No,25–48 months,Above 90
5442-BXVND,Female,0,Yes,Yes,33,Yes,Yes,No,No,No,No,No,No,Yes,Month-to-month,No,Bank transfer,24.25,800.25,No,25–48 months,Below 30
8816-VXNZD,Female,0,No,No,1,Yes,Yes,Fiber optic,No,No,No,No,No,No,Month-to-month,Yes,Electronic check,75.1,75.1,Yes,0–12 months,60–90
9378-FXTIZ,Female,0,Yes,No,54,Yes,Yes,DSL,No,No,No,No,Yes,No,One year,Yes,Credit card,70.15,3788.1,Yes,49–60 months,60–90
1723-HKXJQ,Male,0,No,No,42,Yes,Yes,Fiber optic,No,Yes,No,No,Yes,Yes,Month-to-month,Yes,Electronic check,101.75,4273.5,Yes,25–48 months,Above 90
7825-GKXMW,Female,0,No,No,1,Yes,No,DSL,No,No,No,No,No,Yes,Month-to-month,No,Electronic check,45.8,45.8,Yes,0–12 months,30–60
9753-OYLBX,Female,0,No,No,1,Yes,No,No,No,No,No,No,No,No,Month-to-month,No,Mailed check,20.5,20.5,No,0–12 months,Below 30
2364-UFROM,Male,0,No,No,30,Yes,No,DSL,Yes,Yes,No,Yes,Yes,No,One year,No,Electronic check,70.4,2112.0,No,25–48 months,60–90
6656-JWRQX,Female,0,No,No,1,No,No,DSL,No,No,No,Yes,No,No,Month-to-month,No,Mailed check,30.55,30.55,No,0–12 months,30–60
6473-ULUHT,Male,0,Yes,Yes,16,Yes,Yes,DSL,Yes,Yes,No,Yes,Yes,No,Month-to-month,No,Electronic check,84.9,1358.4,No,13–24 months,60–90
1240-KNSEZ,Male,0,No,No,1,Yes,No,No,No,No,No,No,No,Yes,Month-to-month,Yes,Mailed check,20.1,20.1,Yes,0–12 months,Below 30
0836-SEYLU,Male,0,Yes,No,9,No,No,DSL,No,No,No,Yes,Yes,No,Month-to-month,No,Mailed check,40.65,365.85,Yes,0–12 months,30–60
4433-JCGCG,Male,1,Yes,No,46,Yes,Yes,Fiber optic,No,No,Yes,No,Yes,No,Month-to-month,Yes,Electronic check,101.0,4646.0,Yes,25–48 months,Above 90
3716-BDVDB,Male,0,No,No,1,Yes,No,Fiber optic,No,No,No,No,No,Yes,Month-to-month,Yes,Electronic check,69.1,69.1,Yes,0–12 months,60–90
7688-AWMDX,Male,0,Yes,No,71,Yes,No,DSL,Yes,No,No,Yes,No,No,Two year,No,Bank transfer,54.5,3869.5,No,61+ months,30–60
2842-BCQGE,Male,0,No,No,43,Yes,Yes,Fiber optic,No,No,No,No,No,No,Month-to-month,Yes,Credit card,75.35,3240.05,No,25–48 months,60–90
7244-QWYHG,Male,0,Yes,No,50,No,No,DSL,Yes,No,No,Yes,Yes,No,One year,Yes,Bank transfer,44.45,2222.5,No,49–60 months,30–60
5899-MQZZL,Female,0,No,No,13,Yes,Yes,Fiber optic,No,No,No,No,No,No,Month-to-month,Yes,Mailed check,75.0,975.0,Yes,13–24 months,60–90
6849-OYAMU,Male,0,Yes,Yes,19,Yes,No,Fiber optic,No,Yes,No,Yes,Yes,No,One year,No,Bank transfer,100.0,1900.0,Yes,13–24 months,Above 90
5312-UXESG,Female,0,No,No,41,Yes,Yes,Fiber optic,No,No,Yes,No,Yes,Yes,Month-to-month,No,Bank transfer,98.05,4020.05,No,25–48 months,Above 90
9488-HGMJH,Female,1,No,No,1,Yes,No,Fiber optic,No,No,No,No,No,Yes,Month-to-month,Yes,Electronic check,71.15,71.15,Yes,0–12 months,60–90
6038-GCYEC,Female,0,No,No,24,No,No,DSL,No,Yes,Yes,No,Yes,No,Month-to-month,Yes,Credit card,54.15,1299.6,Yes,13–24 months,30–60
2150-WLKUW,Female,0,Yes,No,40,Yes,Yes,DSL,No,Yes,No,No,Yes,Yes,One year,No,Bank transfer,63.9,2556.0,No,25–48 months,60–90
7159-FVYPK,Female,0,Yes,Yes,3,Yes,Yes,DSL,No,Yes,Yes,No,Yes,No,Month-to-month,Yes,Bank transfer,69.15,207.45,No,0–12 months,60–90
7032-LMBHI,Female,0,No,No,37,Yes,Yes,DSL,Yes,No,No,No,Yes,No,One year,No,Bank transfer,64.65,2392.05,No,25–48 months,60–90
1150-WFARN,Female,0,Yes,Yes,67,Yes,Yes,Fiber optic,Yes,No,Yes,Yes,Yes,No,Two year,Yes,Credit card,108.75,7286.25,Yes,61+ months,Above 90
6088-BXMRG,Female,0,Yes,Yes,32,Yes,Yes,Fiber optic,No,Yes,No,No,Yes,Yes,Month-to-month,Yes,Electronic check,98.85,3163.2,No,25–48 months,Above 90
3144-AUDBS,Female,0,Yes,No,6,Yes,No,DSL,No,No,No,Yes,No,Yes,Month-to-month,Yes,Electronic check,49.15,294.9,Yes,0–12 months,30–60
4821-SJHJV,Female,0,Yes,Yes,32,Yes,Yes,Fiber optic,Yes,No,No,No,Yes,No,Month-to-month,No,Electronic check,89.6,2867.2,No,25–48 months,60–90
7346-MEDWM,Female,0,No,No,59,Yes,Yes,Fiber optic,No,Yes,Yes,No,No,No,Month-to-month,Yes,Electronic check,83.25,4911.75,No,49–60 months,60–90
1137-DGOWI,Female,0,Yes,No,30,Yes,No,DSL,No,Yes,Yes,Yes,No,No,One year,No,Bank transfer,70.25,2107.5,No,25–48 months,60–90
5616-PRTNT,Male,0,No,Yes,20,Yes,No,No,No,No,No,No,No,Yes,Month-to-month,Yes,Electronic check,19.4,388.0,Yes,13–24 months,Below 30
3812-LRZIR,Female,0,Yes,Yes,27,Yes,Yes,No,No,No,No,No,No,No,Two year,No,Electronic check,24.5,661.5,No,25–48 months,Below 30
4818-QIUFN,Female,1,No,No,20,Yes,Yes,Fiber optic,Yes,No,No,No,No,No,Month-to-month,Yes,Electronic check,79.15,1583.0,Yes,13–24 months,60–90
9483-GCPWE,Male,0,No,Yes,9,Yes,No,No,No,No,No,No,No,No,One year,No,Mailed check,20.1,180.9,No,0–12 months,Below 30
4227-OJHAL,Female,0,Yes,Yes,68,Yes,Yes,DSL,Yes,Yes,Yes,No,Yes,No,One year,Yes,Credit card,73.0,4964.0,No,61+ months,60–90
9220-CXRSC,Female,0,Yes,Yes,69,Yes,Yes,DSL,Yes,No,No,Yes,No,No,Two year,No,Credit card,61.4,4236.6,No,61+ months,60–90
4993-JCRGJ,Male,0,No,No,26,Yes,Yes,Fiber optic,No,No,Yes,Yes,No,No,Month-to-month,Yes,Mailed check,84.3,2191.8,No,25–48 months,60–90
9537-JALFH,Male,0,Yes,Yes,69,Yes,No,No,No,No,No,No,No,No,Two year,No,Bank transfer,19.9,1373.1,No,61+ months,Below 30
6698-OXETB,Male,0,No,No,11,Yes,No,No,No,No,No,No,No,No,Two year,No,Mailed check,20.4,224.4,No,0–12 months,Below 30
2103-ZRXFN,Male,0,No,No,1,Yes,Yes,DSL,No,No,No,No,No,No,Month-to-month,No,Mailed check,50.75,50.75,No,0–12 months,30–60
3724-BSCVH,Male,0,Yes,Yes,10,Yes,No,No,No,No,No,No,No,No,One year,No,Mailed check,20.45,204.5,No,0–12 months,Below 30
4877-TSOFF,Female,0,Yes,Yes,55,Yes,Yes,DSL,Yes,Yes,No,Yes,No,No,One year,Yes,Bank transfer,75.75,4166.25,No,49–60 months,60–90
9209-NWPGU,Male,0,No,No,44,Yes,No,DSL,Yes,No,No,Yes,Yes,Yes,One year,No,Electronic check,65.4,2877.6,No,25–48 months,60–90
6961-VCPMC,Male,1,Yes,No,46,Yes,No,Fiber optic,No,No,No,No,No,No,Month-to-month,Yes,Electronic check,80.4,3698.4,Yes,25–48 months,60–90
7306-YDSOI,Male,0,Yes,Yes,69,Yes,No,DSL,Yes,Yes,Yes,No,No,Yes,Two year,Yes,Bank transfer,59.75,4122.75,No,61+ months,30–60
5288-AHOUP,Male,1,No,No,11,Yes,No,Fiber optic,No,No,No,No,No,No,Month-to-month,Yes,Electronic check,78.5,863.5,No,0–12 months,60–90
6688-UZPWD,Female,0,Yes,No,11,Yes,Yes,Fiber optic,No,Yes,No,No,Yes,Yes,Month-to-month,Yes,Electronic check,102.0,1122.0,Yes,0–12 months,Above 90
0655-YDGFJ,Male,0,No,No,29,Yes,No,DSL,No,No,Yes,No,No,Yes,Month-to-month,No,Bank transfer,48.95,1419.55,No,25–48 months,30–60
8468-EHYJA,Female,0,Yes,No,57,Yes,Yes,Fiber optic,Yes,No,No,No,Yes,No,Month-to-month,Yes,Electronic check,99.65,5680.05,No,49–60 months,Above 90
6823-SIDFQ,Male,0,No,No,28,Yes,No,No,No,No,No,No,No,Yes,One year,No,Credit card,18.25,511.0,No,25–48 months,Below 30
1097-FSPVW,Female,0,No,No,42,Yes,No,DSL,Yes,No,Yes,No,No,No,Month-to-month,No,Credit card,54.55,2291.1,No,25–48 months,30–60
2839-RFSQE,Female,0,No,No,2,Yes,No,No,No,No,No,No,No,No,Month-to-month,No,Mailed check,20.65,41.3,Yes,0–12 months,Below 30
8328-SKJNO,Male,0,No,Yes,23,No,No,DSL,Yes,Yes,No,Yes,No,No,One year,No,Bank transfer,40.65,934.95,No,13–24 months,30–60
7010-ZMVBF,Female,0,Yes,Yes,18,Yes,No,No,No,No,No,No,No,No,Month-to-month,No,Mailed check,20.45,368.1,No,13–24 months,Below 30
5201-CBWYG,Male,0,Yes,Yes,62,Yes,Yes,No,No,No,No,No,No,No,One year,No,Bank transfer,24.8,1537.6,No,61+ months,Below 30
0968-GSIKN,Female,0,No,No,1,Yes,No,Fiber optic,No,No,No,No,No,No,Month-to-month,Yes,Mailed check,70.8,70.8,Yes,0–12 months,60–90
1965-DDBWU,Male,0,No,No,16,Yes,Yes,Fiber optic,No,No,No,Yes,No,No,Month-to-month,Yes,Credit card,89.05,1424.8,Yes,13–24 months,60–90
9057-SIHCH,Female,0,No,No,3,Yes,Yes,Fiber optic,No,No,No,No,Yes,Yes,Month-to-month,Yes,Electronic check,96.6,289.8,Yes,0–12 months,Above 90
6352-GIGGQ,Male,0,No,No,67,Yes,Yes,DSL,Yes,Yes,Yes,Yes,Yes,Yes,One year,Yes,Bank transfer,88.8,5949.6,No,61+ months,60–90
3635-QQRQD,Male,0,No,No,62,Yes,No,No,No,No,No,No,No,Yes,Two year,Yes,Credit card,20.05,1243.1,No,61+ months,Below 30
6771-XWBDM,Female,0,Yes,No,57,Yes,Yes,Fiber optic,No,Yes,Yes,No,Yes,No,Month-to-month,Yes,Credit card,104.5,5956.5,Yes,49–60 months,Above 90
2897-DOVND,Male,0,No,No,2,Yes,No,Fiber optic,No,No,No,No,No,Yes,Month-to-month,Yes,Electronic check,69.8,139.6,No,0–12 months,60–90
3082-YVEKW,Female,0,Yes,Yes,23,Yes,Yes,DSL,Yes,No,Yes,Yes,Yes,No,Two year,Yes,Bank transfer,77.15,1774.45,No,13–24 months,60–90
0191-EQUUH,Female,0,No,Yes,25,No,No,DSL,Yes,No,No,Yes,No,No,Two year,No,Bank transfer,35.05,876.25,No,25–48 months,30–60
7134-HBPBS,Female,1,No,No,72,Yes,Yes,Fiber optic,No,Yes,Yes,Yes,Yes,No,Two year,Yes,Bank transfer,108.1,7783.2,No,61+ months,Above 90
3489-HHPFY,Female,0,Yes,No,2,Yes,Yes,Fiber optic,No,No,No,No,Yes,Yes,Month-to-month,Yes,Electronic check,84.05,168.1,No,0–12 months,60–90
2926-JEJJC,Female,0,No,No,8,Yes,No,No,No,No,No,No,No,No,One year,Yes,Bank transfer,20.2,161.6,No,0–12 months,Below 30
8601-QACRS,Female,0,No,No,5,Yes,Yes,DSL,No,No,No,No,No,No,Month-to-month,Yes,Mailed check,50.6,253.0,Yes,0–12 months,30–60
4950-BDEUX,Male,0,No,No,35,No,No,DSL,No,No,Yes,No,Yes,No,Month-to-month,No,Electronic check,49.2,1722.0,No,25–48 months,30–60
5789-LDFXO,Male,0,No,No,24,Yes,Yes,No,No,No,No,No,No,Yes,One year,No,Electronic check,24.6,590.4,No,13–24 months,Below 30
0508-OOLTO,Female,0,Yes,Yes,2,Yes,No,Fiber optic,No,No,No,No,No,No,Month-to-month,Yes,Electronic check,71.65,143.3,No,0–12 months,60–90
2984-TBYKU,Male,0,Yes,Yes,72,Yes,Yes,Fiber optic,Yes,Yes,Yes,Yes,No,No,Two year,Yes,Credit card,104.9,7552.8,No,61+ months,Above 90
9822-WMWVG,Female,0,No,No,41,Yes,Yes,Fiber optic,Yes,Yes,Yes,Yes,Yes,Yes,Month-to-month,Yes,Electronic check,106.5,4366.5,No,25–48 months,Above 90
2391-SOORI,Male,0,No,Yes,4,Yes,No,DSL,Yes,No,No,No,No,No,Month-to-month,No,Electronic check,49.35,197.4,Yes,0–12 months,30–60
9040-KZVWO,Male,0,No,No,26,Yes,No,Fiber optic,No,Yes,No,No,No,No,One year,No,Bank transfer,75.5,1963.0,No,25–48 months,60–90
2645-QTLMB,Male,0,No,No,7,Yes,No,Fiber optic,No,Yes,No,No,Yes,No,Month-to-month,Yes,Electronic check,94.25,659.75,Yes,0–12 months,Above 90
4806-HIPDW,Female,0,Yes,No,1,Yes,No,Fiber optic,No,No,No,No,No,Yes,Month-to-month,Yes,Electronic check,68.95,68.95,Yes,0–12 months,60–90
1548-ARAGG,Female,0,Yes,Yes,4,Yes,Yes,DSL,No,Yes,No,Yes,No,No,Month-to-month,Yes,Mailed check,58.5,234.0,No,0–12 months,30–60
6339-RZCBJ,Male,0,No,No,48,Yes,No,DSL,No,Yes,Yes,Yes,Yes,No,Two year,No,Credit card,78.9,3787.2,No,25–48 months,60–90
4424-TKOPW,Male,1,No,No,2,Yes,Yes,Fiber optic,No,No,No,No,Yes,Yes,Month-to-month,Yes,Electronic check,93.85,187.7,Yes,0–12 months,Above 90
4415-WNGVR,Female,1,Yes,No,12,Yes,No,DSL,Yes,No,Yes,Yes,Yes,Yes,One year,Yes,Electronic check,79.2,950.4,No,0–12 months,60–90
2522-AHJXR,Male,0,Yes,No,60,Yes,Yes,Fiber optic,Yes,No,Yes,Yes,Yes,Yes,Month-to-month,Yes,Bank transfer,109.45,6567.0,No,49–60 months,Above 90
0412-UCCNP,Male,0,No,No,55,Yes,No,DSL,Yes,No,Yes,Yes,No,Yes,Two year,Yes,Electronic check,59.2,3256.0,No,49–60 months,30–60
1816-FLZDK,Male,0,No,No,1,No,No,DSL,No,No,No,Yes,No,No,Month-to-month,No,Mailed check,29.15,29.15,No,0–12 months,Below 30
7096-UCLNH,Male,0,No,No,1,Yes,No,No,No,No,No,No,No,No,Month-to-month,No,Mailed check,20.05,20.05,No,0–12 months,Below 30
8443-ZRDBZ,Male,0,No,No,4,Yes,Yes,Fiber optic,No,No,No,No,No,No,Month-to-month,Yes,Electronic check,76.05,304.2,Yes,0–12 months,60–90
9136-ALYBR,Male,0,No,No,1,No,No,DSL,No,No,No,No,No,No,Month-to-month,Yes,Mailed check,24.45,24.45,Yes,0–12 months,Below 30
4615-PIVVU,Female,0,No,No,42,Yes,No,DSL,No,No,Yes,Yes,No,No,Two year,No,Credit card,66.5,2793.0,No,25–48 months,60–90
8885-QSQBX,Female,0,No,No,1,Yes,No,DSL,Yes,No,No,No,No,Yes,Month-to-month,No,Bank transfer,49.55,49.55,No,0–12 months,30–60
7479-NITWS,Male,0,No,No,7,Yes,Yes,Fiber optic,No,No,Yes,No,Yes,No,Month-to-month,Yes,Credit card,89.35,625.45,Yes,0–12 months,60–90
8617-ENBDS,Male,0,No,No,3,Yes,No,Fiber optic,No,No,Yes,No,No,No,Month-to-month,Yes,Credit card,73.6,220.8,No,0–12 months,60–90
9385-NXKDA,Female,0,Yes,No,72,Yes,Yes,DSL,Yes,Yes,Yes,No,Yes,No,Two year,Yes,Credit card,82.65,5950.8,No,61+ months,60–90
0430-IHCDJ,Male,0,No,No,15,Yes,Yes,DSL,No,No,No,No,No,Yes,Month-to-month,Yes,Electronic check,49.0,735.0,No,13–24 months,30–60
2959-MJHIC,Male,0,Yes,No,4,Yes,No,Fiber optic,No,No,No,No,Yes,No,Month-to-month,Yes,Electronic check,80.35,321.4,Yes,0–12 months,60–90
6674-KVJHG,Female,0,No,No,11,Yes,Yes,No,No,No,No,No,No,No,One year,No,Electronic check,25.2,277.2,No,0–12 months,Below 30
1814-DKOLC,Female,0,No,No,5,Yes,Yes,No,No,No,No,No,No,No,Month-to-month,No,Mailed check,25.45,127.25,No,0–12 months,Below 30
4201-JMNGR,Female,1,No,No,1,Yes,No,DSL,Yes,No,Yes,No,No,No,Month-to-month,Yes,Electronic check,55.8,55.8,Yes,0–12 months,30–60
9351-HXDMR,Male,0,Yes,No,72,Yes,Yes,Fiber optic,Yes,No,Yes,Yes,Yes,No,Two year,Yes,Credit card,110.9,7984.8,No,61+ months,Above 90
3537-HPKQT,Female,0,Yes,No,55,Yes,Yes,Fiber optic,No,Yes,No,No,No,Yes,Month-to-month,Yes,Credit card,77.75,4276.25,No,49–60 months,60–90
2129-ALKBS,Female,0,Yes,Yes,40,Yes,Yes,No,No,No,No,No,No,No,Month-to-month,Yes,Electronic check,26.2,1048.0,No,25–48 months,Below 30
5821-MMEIL,Female,0,Yes,No,57,Yes,No,No,No,No,No,No,No,No,Two year,No,Bank transfer,19.9,1134.3,No,49–60 months,Below 30
5960-WPXQM,Male,0,No,No,1,Yes,No,Fiber optic,No,No,No,No,Yes,No,Month-to-month,Yes,Electronic check,79.05,79.05,Yes,0–12 months,60–90
0684-AOSIH,Male,0,Yes,No,1,Yes,No,Fiber optic,Yes,No,No,No,Yes,No,Month-to-month,Yes,Electronic check,95.0,95.0,Yes,0–12 months,Above 90
8260-NGFNY,Female,0,No,No,1,No,No,DSL,No,No,No,No,No,Yes,Month-to-month,No,Mailed check,25.2,25.2,Yes,0–12 months,Below 30
1309-XGFSN,Male,1,Yes,Yes,52,Yes,Yes,DSL,No,Yes,Yes,No,Yes,No,One year,Yes,Electronic check,80.85,4204.2,No,49–60 months,60–90
1866-RZZQS,Male,1,No,No,41,Yes,Yes,Fiber optic,No,No,Yes,No,Yes,Yes,Month-to-month,Yes,Electronic check,98.4,4034.4,Yes,25–48 months,Above 90
6968-URWQU,Male,0,Yes,No,43,Yes,No,DSL,No,No,No,No,Yes,Yes,One year,Yes,Mailed check,56.35,2423.05,No,25–48 months,30–60
4742-TXUEX,Female,0,Yes,Yes,47,Yes,No,No,No,No,No,No,No,No,Two year,No,Bank transfer,19.3,907.1,No,25–48 months,Below 30
9631-XEYKE,Male,0,No,No,3,Yes,Yes,DSL,No,No,No,No,No,No,Month-to-month,No,Bank transfer,50.4,151.2,No,0–12 months,30–60
8631-NBHFZ,Male,1,Yes,Yes,66,Yes,Yes,DSL,Yes,Yes,Yes,Yes,Yes,No,Two year,No,Credit card,79.4,5240.4,Yes,61+ months,60–90
1335-MXCSE,Male,0,Yes,Yes,55,Yes,No,DSL,No,No,Yes,Yes,No,No,Two year,Yes,Credit card,55.25,3038.75,No,49–60 months,30–60
8873-TMKGR,Male,0,No,No,29,Yes,No,No,No,No,No,No,No,No,One year,No,Mailed check,19.1,553.9,No,25–48 months,Below 30
8800-JOOCF,Female,0,No,Yes,12,Yes,Yes,Fiber optic,No,No,No,No,Yes,No,Month-to-month,Yes,Electronic check,84.05,1008.6,No,0–12 months,60–90
1469-LBJQJ,Female,0,Yes,No,66,Yes,Yes,Fiber optic,No,Yes,Yes,No,Yes,No,Month-to-month,Yes,Electronic check,105.2,6943.2,No,61+ months,Above 90
4958-XCBDQ,Male,1,No,No,35,Yes,Yes,Fiber optic,No,No,Yes,No,Yes,Yes,Month-to-month,Yes,Electronic check,101.4,3549.0,Yes,25–48 months,Above 90
8337-UPOAQ,Male,1,Yes,No,10,Yes,Yes,Fiber optic,No,No,Yes,No,No,Yes,Month-to-month,Yes,Electronic check,89.8,898.0,Yes,0–12 months,60–90
0064-YIJGF,Male,0,Yes,Yes,27,Yes,Yes,Fiber optic,No,No,No,No,No,Yes,Month-to-month,Yes,Bank transfer,75.75,2045.25,No,25–48 months,60–90
2386-OWURY,Female,0,No,No,58,Yes,No,Fiber optic,No,No,No,Yes,Yes,No,Month-to-month,Yes,Electronic check,95.3,5527.4,No,49–60 months,Above 90
1725-IQNIY,Male,0,Yes,No,54,Yes,No,Fiber optic,Yes,Yes,Yes,Yes,Yes,Yes,Two year,No,Bank transfer,109.75,5926.5,Yes,49–60 months,Above 90
0310-VQXAM,Male,0,No,No,9,Yes,No,No,No,No,No,No,No,Yes,Month-to-month,No,Mailed check,19.85,178.65,No,0–12 months,Below 30
6598-RFFVI,Male,0,No,No,2,Yes,No,No,No,No,No,No,No,No,One year,No,Credit card,19.3,38.6,Yes,0–12 months,Below 30
3453-RTHJQ,Male,0,No,No,6,Yes,No,Fiber optic,No,No,No,No,No,No,Month-to-month,Yes,Electronic check,69.1,414.6,No,0–12 months,60–90
6712-OAWRH,Female,1,No,No,26,Yes,No,Fiber optic,No,No,No,No,Yes,No,Month-to-month,Yes,Electronic check,91.25,2372.5,Yes,25–48 months,Above 90
6278-FEPBZ,Female,0,No,No,9,Yes,No,No,No,No,No,No,No,Yes,Month-to-month,No,Mailed check,20.25,182.25,No,0–12 months,Below 30
4280-DLSHD,Male,0,Yes,No,8,Yes,No,DSL,No,Yes,Yes,No,No,No,Month-to-month,Yes,Mailed check,54.75,438.0,No,0–12 months,30–60
1508-DFXCU,Male,0,No,No,12,Yes,No,Fiber optic,No,No,No,No,Yes,No,Month-to-month,Yes,Electronic check,81.45,977.4,No,0–12 months,60–90
8614-VGMMV,Female,0,No,No,15,Yes,Yes,DSL,No,No,No,No,No,No,Month-to-month,Yes,Electronic check,49.1,736.5,Yes,13–24 months,30–60
7868-BGSZA,Male,0,Yes,No,43,Yes,Yes,DSL,Yes,No,Yes,No,Yes,No,One year,Yes,Electronic check,80.2,3448.6,No,25–48 months,60–90
2800-QQUSO,Male,0,No,No,42,Yes,Yes,Fiber optic,No,No,No,Yes,Yes,Yes,Month-to-month,Yes,Electronic check,100.3,4212.6,No,25–48 months,Above 90
2930-UOTMB,Female,0,No,No,31,Yes,Yes,DSL,Yes,No,Yes,Yes,No,Yes,Month-to-month,No,Credit card,65.25,2022.75,Yes,25–48 months,60–90
7973-DZRKH,Female,0,No,Yes,66,Yes,Yes,Fiber optic,Yes,No,Yes,Yes,No,No,Two year,Yes,Credit card,90.95,6002.7,No,61+ months,Above 90
5914-DVBWJ,Female,1,No,No,18,Yes,Yes,Fiber optic,No,Yes,No,Yes,No,No,Month-to-month,Yes,Electronic check,85.45,1538.1,Yes,13–24 months,60–90
7698-YFGEZ,Male,0,No,No,1,Yes,No,No,No,No,No,No,No,No,Month-to-month,No,Mailed check,20.0,20.0,No,0–12 months,Below 30
2533-QVMSK,Male,0,Yes,No,61,Yes,Yes,Fiber optic,No,Yes,No,Yes,Yes,No,Two year,Yes,Electronic check,94.1,5740.1,Yes,61+ months,Above 90
9773-PEQBZ,Male,0,No,No,10,Yes,Yes,Fiber optic,No,Yes,No,No,No,No,Month-to-month,No,Electronic check,79.85,798.5,No,0–12 months,60–90
8644-XLFBW,Male,1,No,No,1,Yes,No,Fiber optic,No,No,No,No,No,No,Month-to-month,Yes,Electronic check,71.65,71.65,Yes,0–12 months,60–90
0650-BWOZN,Female,1,No,No,18,Yes,No,Fiber optic,No,Yes,No,No,No,No,Month-to-month,Yes,Electronic check,73.55,1323.9,No,13–24 months,60–90
8625-AZYZY,Male,0,Yes,No,24,Yes,Yes,Fiber optic,No,Yes,Yes,No,Yes,No,Month-to-month,Yes,Electronic check,104.65,2511.6,Yes,13–24 months,Above 90
7785-RDVIG,Female,0,Yes,Yes,3,Yes,No,No,No,No,No,No,No,Yes,Month-to-month,No,Mailed check,19.3,57.9,No,0–12 months,Below 30
9602-WCXPI,Male,0,No,No,50,Yes,No,No,No,No,No,No,No,No,One year,No,Credit card,20.15,1007.5,No,49–60 months,Below 30
2903-YYTBW,Male,0,Yes,Yes,1,Yes,No,DSL,No,No,No,No,No,No,Month-to-month,No,Electronic check,44.55,44.55,No,0–12 months,30–60
3620-MWJNE,Male,0,No,No,2,Yes,No,DSL,Yes,No,No,Yes,No,No,Month-to-month,Yes,Mailed check,54.45,108.9,No,0–12 months,30–60
8573-JGCZW,Male,0,No,No,17,Yes,No,No,No,No,No,No,No,No,One year,Yes,Bank transfer,19.65,334.05,No,13–24 months,Below 30
6837-HAEVO,Male,0,Yes,Yes,69,Yes,Yes,Fiber optic,No,Yes,Yes,No,Yes,No,Two year,Yes,Electronic check,105.0,7245.0,No,61+ months,Above 90
6701-YVNQG,Male,0,Yes,No,72,Yes,Yes,DSL,Yes,Yes,Yes,Yes,Yes,Yes,Two year,Yes,Credit card,88.7,6386.4,No,61+ months,60–90
9306-CPCBC,Female,0,No,No,3,Yes,Yes,Fiber optic,No,No,No,No,No,Yes,Month-to-month,Yes,Electronic check,74.25,222.75,Yes,0–12 months,60–90
4304-XUMGI,Male,1,Yes,Yes,50,Yes,Yes,DSL,Yes,Yes,Yes,No,No,No,Two year,Yes,Bank transfer,75.15,3757.5,No,49–60 months,60–90
9504-YAZWB,Female,0,No,No,53,Yes,No,No,No,No,No,No,No,Yes,Two year,No,Mailed check,20.25,1073.25,No,49–60 months,Below 30
8819-ZBYNA,Female,0,Yes,No,58,Yes,Yes,Fiber optic,Yes,Yes,No,Yes,Yes,No,Two year,Yes,Credit card,109.1,6327.8,No,49–60 months,Above 90
6174-NRBTZ,Male,0,No,No,46,No,No,DSL,Yes,No,No,No,No,Yes,One year,Yes,Bank transfer,30.75,1414.5,No,25–48 months,30–60
9481-IEBZY,Male,1,Yes,No,72,Yes,Yes,Fiber optic,Yes,Yes,Yes,Yes,Yes,No,Month-to-month,Yes,Credit card,112.9,8128.8,No,61+ months,Above 90
1833-VGRUM,Female,1,No,No,1,Yes,Yes,Fiber optic,No,No,No,No,No,Yes,Month-to-month,Yes,Electronic check,74.2,74.2,Yes,0–12 months,60–90
6137-NICCO,Female,0,Yes,Yes,6,Yes,Yes,Fiber optic,No,Yes,Yes,No,Yes,No,Month-to-month,Yes,Mailed check,94.05,564.3,No,0–12 months,Above 90
9065-ZCPQX,Male,0,Yes,No,72,Yes,Yes,DSL,Yes,Yes,Yes,Yes,No,No,Two year,No,Bank transfer,78.85,5677.2,No,61+ months,60–90
6402-EJMWF,Male,0,No,No,4,Yes,No,DSL,No,No,No,No,No,Yes,Month-to-month,Yes,Mailed check,55.3,221.2,No,0–12 months,30–60
3620-EHIMZ,Female,0,Yes,Yes,52,Yes,No,No,No,No,No,No,No,Yes,Two year,No,Mailed check,19.35,1006.2,No,49–60 months,Below 30
3213-VVOLG,Male,0,Yes,Yes,0,Yes,Yes,No,No,No,No,No,No,No,Two year,No,Mailed check,25.35,0.0,No,0–12 months,Below 30
6870-ECSHE,Female,0,No,No,2,Yes,No,No,No,No,No,No,No,No,One year,No,Mailed check,20.45,40.9,No,0–12 months,Below 30
8747-UDCOI,Female,0,Yes,No,65,Yes,No,No,No,No,No,No,No,No,Two year,No,Bank transfer,19.35,1257.75,No,61+ months,Below 30
8374-XGEJJ,Male,1,Yes,No,43,Yes,Yes,Fiber optic,No,Yes,No,No,Yes,No,Month-to-month,Yes,Electronic check,101.0,4343.0,Yes,25–48 months,Above 90
2656-TABEH,Male,0,Yes,No,4,Yes,Yes,Fiber optic,No,Yes,No,No,Yes,Yes,Month-to-month,Yes,Electronic check,100.2,400.8,Yes,0–12 months,Above 90
6946-LMSQS,Male,1,Yes,No,25,Yes,Yes,Fiber optic,Yes,No,No,No,No,Yes,One year,Yes,Electronic check,89.05,2226.25,Yes,25–48 months,60–90
4626-OZDTJ,Female,0,Yes,No,51,Yes,Yes,DSL,No,Yes,No,Yes,Yes,Yes,One year,Yes,Credit card,78.65,4011.15,No,49–60 months,60–90
9169-BSVIN,Male,0,No,No,12,Yes,Yes,DSL,No,No,Yes,No,Yes,Yes,Month-to-month,No,Bank transfer,74.75,897.0,No,0–12 months,60–90
2325-ZUSFD,Female,0,Yes,Yes,57,Yes,No,DSL,Yes,No,No,No,Yes,Yes,One year,Yes,Bank transfer,70.1,3995.7,Yes,49–60 months,60–90
8194-PEEBY,Female,0,Yes,Yes,24,Yes,No,No,No,No,No,No,No,Yes,One year,No,Mailed check,19.9,477.6,No,13–24 months,Below 30
6872-HXFNF,Female,0,Yes,No,64,Yes,Yes,DSL,No,No,Yes,Yes,No,No,One year,No,Bank transfer,58.35,3734.4,No,61+ months,30–60
3932-CMDTD,Female,0,No,No,4,Yes,No,Fiber optic,No,Yes,Yes,Yes,Yes,No,One year,Yes,Electronic check,105.65,422.6,Yes,0–12 months,Above 90
7714-YXSMB,Female,0,No,No,26,Yes,Yes,Fiber optic,No,No,Yes,No,Yes,Yes,Month-to-month,Yes,Bank transfer,100.5,2613.0,No,25–48 months,Above 90
8387-UGUSU,Female,0,Yes,Yes,15,Yes,No,No,No,No,No,No,No,Yes,Month-to-month,No,Mailed check,20.05,300.75,No,13–24 months,Below 30
1080-BWSYE,Male,1,Yes,No,64,Yes,Yes,No,No,No,No,No,No,No,Two year,No,Credit card,25.65,1641.6,No,61+ months,Below 30
4039-HEUNW,Male,1,Yes,No,36,Yes,Yes,Fiber optic,No,Yes,No,No,Yes,No,Month-to-month,Yes,Electronic check,96.5,3474.0,Yes,25–48 months,Above 90
1194-HVAIF,Female,0,Yes,No,27,Yes,Yes,Fiber optic,No,No,No,No,Yes,Yes,Month-to-month,No,Credit card,95.0,2565.0,No,25–48 months,Above 90
0812-WUPTB,Male,1,Yes,No,1,Yes,No,Fiber optic,No,No,No,No,No,Yes,Month-to-month,No,Mailed check,70.85,70.85,Yes,0–12 months,60–90
3594-UVONA,Female,0,No,No,35,Yes,Yes,DSL,Yes,No,Yes,Yes,Yes,No,One year,Yes,Credit card,85.95,3008.25,Yes,25–48 months,60–90
0004-TLHLJ,Male,0,No,No,4,Yes,No,Fiber optic,No,No,Yes,No,No,Yes,Month-to-month,Yes,Electronic check,73.9,295.6,Yes,0–12 months,60–90
1767-TGTKO,Female,0,Yes,Yes,8,Yes,No,DSL,No,No,No,No,No,No,Month-to-month,Yes,Electronic check,45.45,363.6,No,0–12 months,30–60
8439-LTUGF,Male,0,No,No,10,Yes,No,No,No,No,No,No,No,No,Month-to-month,Yes,Credit card,20.0,200.0,No,0–12 months,Below 30
8805-JNRAZ,Female,0,No,No,2,Yes,No,DSL,No,Yes,No,No,No,No,Month-to-month,No,Mailed check,49.2,98.4,No,0–12 months,30–60
5089-IFSDP,Female,0,Yes,No,58,Yes,Yes,Fiber optic,Yes,Yes,Yes,No,Yes,No,Two year,Yes,Bank transfer,109.45,6348.1,Yes,49–60 months,Above 90
6418-HNFED,Male,0,Yes,No,51,Yes,No,DSL,Yes,Yes,Yes,Yes,Yes,Yes,Two year,Yes,Credit card,83.25,4245.75,No,49–60 months,60–90
0206-OYVOC,Female,0,Yes,Yes,46,Yes,No,No,No,No,No,No,No,Yes,Two year,Yes,Mailed check,19.25,885.5,No,25–48 months,Below 30
7291-CDTMJ,Male,0,No,No,1,Yes,No,No,No,No,No,No,No,No,Month-to-month,Yes,Bank transfer,19.65,19.65,No,0–12 months,Below 30
7128-GGCNO,Male,0,No,No,46,Yes,Yes,Fiber optic,No,No,No,No,No,No,Month-to-month,No,Bank transfer,72.8,3348.8,No,25–48 months,60–90
0237-YFUTL,Female,0,Yes,No,50,Yes,Yes,Fiber optic,Yes,Yes,No,Yes,Yes,No,Month-to-month,Yes,Bank transfer,109.65,5482.5,No,49–60 months,Above 90
7691-KGKGP,Male,0,Yes,Yes,53,Yes,No,DSL,No,Yes,No,Yes,Yes,Yes,Month-to-month,No,Credit card,65.0,3445.0,No,49–60 months,60–90
6710-HSJRD,Male,0,Yes,No,61,Yes,Yes,Fiber optic,No,Yes,Yes,Yes,Yes,No,Month-to-month,Yes,Electronic check,114.1,6960.1,No,61+ months,Above 90
3675-EQOZA,Male,0,No,No,5,Yes,No,No,No,No,No,No,No,Yes,Month-to-month,No,Bank transfer,20.65,103.25,No,0–12 months,Below 30
0840-DCNZE,Male,0,No,No,47,Yes,No,DSL,Yes,Yes,Yes,Yes,Yes,No,One year,Yes,Bank transfer,86.95,4086.65,No,25–48 months,60–90
1732-FEKLD,Female,0,No,No,54,Yes,Yes,Fiber optic,No,Yes,Yes,No,Yes,Yes,One year,Yes,Bank transfer,94.75,5116.5,No,49–60 months,Above 90
9862-KJTYK,Male,0,No,Yes,19,No,No,DSL,No,No,No,No,No,No,Month-to-month,Yes,Credit card,25.35,481.65,No,13–24 months,Below 30
0479-HMSWA,Female,0,No,Yes,26,Yes,No,Fiber optic,No,Yes,Yes,Yes,Yes,No,Two year,Yes,Electronic check,105.45,2741.7,No,25–48 months,Above 90
5854-KSRBJ,Male,0,Yes,Yes,70,Yes,Yes,No,No,No,No,No,No,Yes,Two year,No,Mailed check,25.4,1778.0,No,61+ months,Below 30
0365-BZUWY,Male,0,Yes,No,17,Yes,Yes,Fiber optic,No,Yes,Yes,No,Yes,No,Month-to-month,Yes,Electronic check,102.55,1743.35,No,13–24 months,Above 90
4817-VYYWS,Female,0,No,No,30,Yes,Yes,Fiber optic,No,Yes,No,No,Yes,Yes,Month-to-month,Yes,Electronic check,100.2,3006.0,Yes,25–48 months,Above 90
5701-SVCWR,Female,0,No,Yes,1,Yes,Yes,No,No,No,No,No,No,Yes,Month-to-month,No,Mailed check,24.0,24.0,No,0–12 months,Below 30
3129-AAQOU,Female,0,Yes,Yes,19,Yes,Yes,No,No,No,No,No,No,No,Two year,No,Mailed check,25.6,486.4,No,13–24 months,Below 30
4922-CVPDX,Female,0,Yes,No,26,Yes,No,DSL,No,Yes,Yes,No,Yes,No,Two year,Yes,Credit card,73.5,1911.0,No,25–48 months,60–90
1396-QWFBJ,Female,0,Yes,Yes,21,Yes,No,Fiber optic,No,Yes,No,No,No,Yes,Month-to-month,Yes,Bank transfer,74.05,1555.05,Yes,13–24 months,60–90
1357-BIJKI,Male,0,Yes,No,50,Yes,Yes,Fiber optic,No,Yes,No,No,Yes,No,One year,Yes,Electronic check,98.25,4912.5,No,49–60 months,Above 90
1099-BTKWT,Female,0,Yes,No,68,No,No,DSL,Yes,No,Yes,No,Yes,Yes,One year,Yes,Electronic check,54.4,3699.2,No,61+ months,30–60
5299-SJCZT,Male,0,No,No,3,Yes,Yes,Fiber optic,No,No,Yes,No,Yes,Yes,Month-to-month,Yes,Bank transfer,101.55,304.65,Yes,0–12 months,Above 90
2018-PZKMU,Male,0,Yes,Yes,9,Yes,No,Fiber optic,No,No,Yes,Yes,Yes,Yes,Month-to-month,No,Electronic check,103.1,927.9,No,0–12 months,Above 90
7340-KEFQE,Female,0,Yes,Yes,51,No,No,DSL,Yes,No,No,Yes,No,Yes,Two year,No,Bank transfer,34.2,1744.2,No,49–60 months,30–60
4570-QHXHL,Female,0,No,No,9,Yes,No,DSL,No,No,No,No,No,No,Month-to-month,Yes,Electronic check,43.75,393.75,No,0–12 months,30–60
2403-BCASL,Male,1,Yes,Yes,41,Yes,Yes,Fiber optic,No,Yes,Yes,Yes,Yes,No,One year,Yes,Electronic check,111.95,4589.95,Yes,25–48 months,Above 90
7392-YYPYJ,Male,0,No,No,22,Yes,Yes,Fiber optic,No,Yes,No,No,Yes,Yes,Month-to-month,Yes,Electronic check,100.65,2214.3,No,13–24 months,Above 90
2898-LSJGD,Female,0,Yes,Yes,21,No,No,DSL,Yes,No,Yes,No,Yes,Yes,One year,Yes,Electronic check,55.95,1174.95,Yes,13–24 months,30–60
2223-GDSHL,Male,0,Yes,Yes,71,Yes,Yes,Fiber optic,Yes,Yes,Yes,Yes,Yes,Yes,Two year,Yes,Bank transfer,116.05,8239.55,No,61+ months,Above 90
7359-PTSXY,Male,0,No,No,1,Yes,No,DSL,No,No,No,No,No,Yes,Month-to-month,No,Electronic check,45.75,45.75,Yes,0–12 months,30–60
9470-RTWDV,Male,0,Yes,Yes,26,Yes,Yes,DSL,No,No,Yes,Yes,Yes,No,One year,Yes,Credit card,82.0,2132.0,No,25–48 months,60–90
2176-OSJUV,Male,0,Yes,No,71,Yes,Yes,DSL,Yes,Yes,No,Yes,No,Yes,Two year,No,Bank transfer,65.15,4625.65,No,61+ months,60–90
9348-YVOMK,Male,0,No,No,4,Yes,No,DSL,No,No,No,No,No,No,Month-to-month,Yes,Credit card,44.8,179.2,No,0–12 months,30–60
8104-OSKWT,Female,0,No,No,12,Yes,Yes,Fiber optic,Yes,No,No,No,No,No,Month-to-month,Yes,Electronic check,79.8,957.6,No,0–12 months,60–90
4521-YEEHE,Female,0,Yes,No,18,Yes,Yes,Fiber optic,No,No,No,Yes,Yes,No,Month-to-month,Yes,Electronic check,88.85,1599.3,No,13–24 months,60–90
4090-KPJIP,Female,0,No,No,3,Yes,Yes,Fiber optic,No,No,No,No,No,No,Month-to-month,Yes,Electronic check,74.95,224.85,No,0–12 months,60–90
3786-WOVKF,Female,1,Yes,No,72,Yes,Yes,Fiber optic,Yes,Yes,No,No,Yes,No,One year,Yes,Bank transfer,106.85,7693.2,No,61+ months,Above 90
4503-BDXBD,Male,0,No,No,11,Yes,No,Fiber optic,No,Yes,No,No,No,Yes,Month-to-month,No,Electronic check,74.95,824.45,Yes,0–12 months,60–90
6086-ESGRL,Female,0,No,No,1,Yes,No,Fiber optic,No,No,No,No,No,No,Month-to-month,No,Credit card,80.15,80.15,Yes,0–12 months,60–90
2592-HODOV,Male,0,No,No,13,Yes,No,No,No,No,No,No,No,Yes,One year,No,Credit card,19.3,250.9,No,13–24 months,Below 30
3886-CERTZ,Female,0,Yes,No,72,Yes,Yes,Fiber optic,No,Yes,Yes,Yes,Yes,No,One year,Yes,Electronic check,109.25,7866.0,Yes,61+ months,Above 90
7995-ZHHNZ,Male,0,Yes,No,42,Yes,Yes,DSL,Yes,No,No,No,No,Yes,One year,No,Credit card,56.1,2356.2,No,25–48 months,30–60
3824-RHKVR,Female,0,No,No,17,Yes,No,No,No,No,No,No,No,No,Month-to-month,No,Credit card,19.7,334.9,No,13–24 months,Below 30
5816-SCGFC,Female,1,No,No,7,Yes,No,DSL,No,Yes,No,No,No,No,Month-to-month,Yes,Mailed check,51.3,359.1,No,0–12 months,30–60
5989-AXPUC,Female,0,Yes,No,68,Yes,Yes,Fiber optic,Yes,Yes,Yes,Yes,Yes,No,Two year,No,Mailed check,118.6,8064.8,No,61+ months,Above 90
4979-HPRFL,Male,0,Yes,Yes,56,Yes,Yes,No,No,No,No,No,No,Yes,Two year,No,Bank transfer,24.15,1352.4,No,49–60 months,Below 30
8590-OHDIW,Female,0,Yes,Yes,38,Yes,No,No,No,No,No,No,No,No,One year,No,Mailed check,20.3,771.4,No,25–48 months,Below 30
8015-IHCGW,Female,0,Yes,Yes,72,Yes,Yes,Fiber optic,Yes,Yes,Yes,Yes,Yes,No,Two year,Yes,Electronic check,115.5,8316.0,No,61+ months,Above 90
2332-TODQS,Female,0,No,No,48,Yes,Yes,No,No,No,No,No,No,Yes,One year,No,Credit card,25.05,1202.4,No,25–48 months,Below 30
9278-VZKCD,Female,1,Yes,No,52,Yes,Yes,Fiber optic,Yes,Yes,Yes,No,Yes,No,Month-to-month,Yes,Electronic check,109.1,5673.2,No,49–60 months,Above 90
8008-OTEZX,Female,0,Yes,Yes,35,Yes,No,No,No,No,No,No,No,Yes,One year,No,Mailed check,19.65,687.75,No,25–48 months,Below 30
2773-OVBPK,Male,0,Yes,No,67,Yes,Yes,Fiber optic,No,Yes,Yes,Yes,Yes,No,Two year,Yes,Bank transfer,111.3,7457.1,No,61+ months,Above 90
5999-LCXAO,Female,0,No,No,1,No,No,DSL,Yes,No,No,No,No,Yes,Month-to-month,No,Mailed check,29.9,29.9,No,0–12 months,Below 30
5206-XZZQI,Male,0,No,No,53,Yes,No,Fiber optic,No,Yes,No,Yes,No,No,Month-to-month,Yes,Mailed check,80.6,4271.8,No,49–60 months,60–90
4803-LBYPN,Male,0,Yes,Yes,34,Yes,No,No,No,No,No,No,No,No,Month-to-month,No,Mailed check,20.8,707.2,No,25–48 months,Below 30
5759-RCVCB,Female,0,No,No,3,No,No,DSL,No,No,No,No,Yes,No,Month-to-month,No,Credit card,35.2,105.6,Yes,0–12 months,30–60
6372-RFVNS,Female,0,Yes,No,1,Yes,No,Fiber optic,No,No,No,No,Yes,No,Month-to-month,No,Electronic check,78.8,78.8,Yes,0–12 months,60–90
2139-FQHLM,Male,0,No,No,19,Yes,No,Fiber optic,No,No,Yes,Yes,Yes,No,Month-to-month,No,Mailed check,89.95,1709.05,No,13–24 months,60–90
8261-GWDBQ,Female,1,Yes,No,60,Yes,Yes,Fiber optic,Yes,Yes,Yes,Yes,Yes,No,Two year,Yes,Bank transfer,116.05,6963.0,No,49–60 months,Above 90
1093-YSWCA,Male,0,No,No,11,Yes,No,No,No,No,No,No,No,Yes,Two year,No,Credit card,19.55,215.05,No,0–12 months,Below 30
8938-UMKPI,Female,0,No,No,47,Yes,Yes,Fiber optic,No,Yes,Yes,No,Yes,No,Month-to-month,Yes,Electronic check,106.4,5000.8,Yes,25–48 months,Above 90
0991-BRRFB,Male,0,No,No,18,Yes,No,DSL,Yes,No,No,No,No,Yes,Month-to-month,No,Electronic check,49.4,889.2,Yes,13–24 months,30–60
3882-IYOIJ,Female,0,Yes,Yes,60,Yes,Yes,Fiber optic,Yes,Yes,Yes,Yes,Yes,No,Two year,No,Credit card,115.25,6915.0,No,49–60 months,Above 90
8749-TZYEC,Male,0,Yes,No,72,Yes,Yes,No,No,No,No,No,No,Yes,Two year,No,Credit card,24.8,1785.6,No,61+ months,Below 30
1755-FZQEC,Male,0,No,No,39,Yes,No,No,No,No,No,No,No,No,One year,No,Mailed check,19.9,776.1,No,25–48 months,Below 30
3115-JPJDD,Female,0,Yes,No,59,Yes,No,Fiber optic,Yes,No,Yes,No,No,No,One year,Yes,Credit card,81.25,4793.75,No,49–60 months,60–90
5600-KTXFM,Male,0,Yes,Yes,2,Yes,No,Fiber optic,No,No,No,No,No,No,Month-to-month,No,Mailed check,69.95,139.9,No,0–12 months,60–90
3871-IKPYH,Male,1,No,No,1,Yes,No,Fiber optic,No,No,No,No,No,No,Month-to-month,No,Electronic check,69.1,69.1,Yes,0–12 months,60–90
6319-IEJWJ,Male,0,Yes,Yes,20,Yes,No,Fiber optic,No,No,No,No,Yes,No,Month-to-month,Yes,Electronic check,90.2,1804.0,Yes,13–24 months,Above 90
9025-AOMKI,Female,0,No,No,6,Yes,Yes,Fiber optic,No,No,No,No,Yes,Yes,Month-to-month,Yes,Bank transfer,93.55,561.3,Yes,0–12 months,Above 90
6339-TBELP,Male,0,No,No,71,Yes,Yes,Fiber optic,No,No,Yes,Yes,No,Yes,Two year,Yes,Credit card,86.4,6134.4,No,61+ months,60–90
7964-YESJC,Female,0,Yes,No,24,Yes,Yes,DSL,Yes,Yes,Yes,No,No,No,Month-to-month,No,Mailed check,66.3,1591.2,No,13–24 months,60–90
6173-GOLSU,Male,1,Yes,No,67,Yes,Yes,Fiber optic,No,No,No,No,Yes,No,Month-to-month,Yes,Credit card,94.65,6341.55,No,61+ months,Above 90
5275-SQEIZ,Male,0,No,No,1,Yes,No,Fiber optic,No,No,No,No,No,Yes,Month-to-month,Yes,Mailed check,80.85,80.85,Yes,0–12 months,60–90
7716-YTYHG,Female,0,Yes,Yes,48,Yes,Yes,Fiber optic,No,No,No,No,No,Yes,One year,Yes,Mailed check,82.05,3938.4,Yes,25–48 months,60–90
9938-ZREHM,Female,0,Yes,No,37,Yes,Yes,DSL,No,Yes,No,Yes,No,Yes,One year,No,Mailed check,72.1,2667.7,No,25–48 months,60–90
7950-XWOVN,Male,0,No,No,11,No,No,DSL,No,Yes,Yes,No,No,Yes,Month-to-month,No,Mailed check,34.7,381.7,No,0–12 months,30–60
4390-KYULV,Male,0,Yes,No,3,Yes,No,No,No,No,No,No,No,No,Month-to-month,Yes,Credit card,20.55,61.65,Yes,0–12 months,Below 30
4647-MUZON,Female,0,Yes,No,18,Yes,No,Fiber optic,No,No,Yes,No,Yes,No,Month-to-month,Yes,Credit card,95.95,1727.1,No,13–24 months,Above 90
9702-AIUJO,Male,0,Yes,Yes,50,Yes,No,DSL,No,No,No,No,No,Yes,One year,Yes,Bank transfer,44.8,2240.0,No,49–60 months,30–60
8849-PRIQJ,Female,0,Yes,Yes,67,Yes,Yes,Fiber optic,Yes,No,Yes,Yes,Yes,No,One year,Yes,Electronic check,109.4,7329.8,No,61+ months,Above 90
8851-RAGOV,Female,0,Yes,No,25,Yes,No,DSL,Yes,Yes,No,Yes,No,Yes,Month-to-month,Yes,Mailed check,71.05,1776.25,No,25–48 months,60–90
1304-NECVQ,Female,1,No,No,2,Yes,Yes,Fiber optic,No,No,Yes,No,No,Yes,Month-to-month,Yes,Electronic check,78.55,157.1,Yes,0–12 months,60–90
5396-IZEPB,Male,0,No,No,9,Yes,No,No,No,No,No,No,No,No,Month-to-month,No,Credit card,19.7,177.3,No,0–12 months,Below 30
1729-VLAZJ,Female,0,No,Yes,10,No,No,DSL,Yes,Yes,No,Yes,No,No,One year,No,Mailed check,40.25,402.5,No,0–12 months,30–60
8285-ABVLB,Female,0,Yes,No,70,Yes,No,No,No,No,No,No,No,No,Two year,No,Credit card,19.85,1389.5,No,61+ months,Below 30
0701-TJSEF,Male,0,No,No,9,Yes,No,DSL,Yes,No,Yes,Yes,No,No,Month-to-month,Yes,Bank transfer,68.25,614.25,No,0–12 months,60–90
5712-VBOXD,Female,0,No,No,4,Yes,No,No,No,No,No,No,No,Yes,Month-to-month,Yes,Credit card,20.15,80.6,No,0–12 months,Below 30
6629-LADHQ,Female,0,No,No,2,Yes,No,DSL,Yes,No,No,No,No,No,Month-to-month,No,Mailed check,50.95,101.9,No,0–12 months,30–60
8945-GRKHX,Female,0,No,Yes,1,Yes,No,Fiber optic,No,No,No,No,No,No,Month-to-month,No,Electronic check,78.65,78.65,Yes,0–12 months,60–90
1559-DTODC,Male,0,No,No,19,No,No,DSL,No,No,No,No,No,Yes,Month-to-month,Yes,Bank transfer,25.15,477.85,No,13–24 months,Below 30
4797-MIWUM,Male,0,Yes,Yes,7,Yes,No,No,No,No,No,No,No,No,Month-to-month,Yes,Bank transfer,20.25,141.75,No,0–12 months,Below 30
6959-UWKHF,Male,0,No,No,1,Yes,No,DSL,No,No,No,No,No,No,Month-to-month,Yes,Electronic check,42.9,42.9,Yes,0–12 months,30–60
8720-RQSBJ,Male,1,No,No,1,Yes,No,DSL,No,No,No,No,No,No,Month-to-month,No,Electronic check,44.0,44.0,No,0–12 months,30–60
4537-CIBHB,Female,0,Yes,Yes,9,Yes,No,No,No,No,No,No,No,No,One year,No,Mailed check,20.25,182.25,No,0–12 months,Below 30
3815-SLMEF,Female,0,No,No,3,No,No,DSL,Yes,No,No,Yes,No,No,Month-to-month,No,Mailed check,34.25,102.75,Yes,0–12 months,30–60
5154-VEKBL,Female,0,No,No,9,No,No,DSL,Yes,No,Yes,Yes,Yes,No,Month-to-month,No,Mailed check,58.5,526.5,Yes,0–12 months,30–60
4324-AHJKS,Female,0,No,No,5,Yes,No,DSL,Yes,No,Yes,No,No,Yes,Month-to-month,No,Credit card,55.8,279.0,No,0–12 months,30–60
4355-CVPVS,Female,0,Yes,Yes,56,Yes,No,Fiber optic,No,No,No,No,Yes,No,One year,No,Bank transfer,88.9,4978.4,No,49–60 months,60–90
4495-LHSSK,Female,0,No,Yes,18,Yes,Yes,DSL,Yes,No,No,No,No,Yes,Month-to-month,No,Mailed check,57.65,1037.7,No,13–24 months,30–60
5655-JSMZM,Male,1,No,No,49,Yes,Yes,Fiber optic,No,No,No,No,Yes,No,Month-to-month,Yes,Electronic check,96.2,4713.8,Yes,49–60 months,Above 90
5915-ANOEI,Male,0,Yes,No,70,Yes,Yes,DSL,Yes,Yes,Yes,Yes,Yes,Yes,Two year,No,Mailed check,79.15,5540.5,No,61+ months,60–90
9861-PDSZP,Female,0,No,No,72,Yes,Yes,Fiber optic,No,Yes,Yes,Yes,Yes,No,Two year,Yes,Credit card,108.05,7779.6,No,61+ months,Above 90
4505-EXZHB,Female,1,No,No,6,Yes,No,Fiber optic,No,No,Yes,No,No,Yes,Month-to-month,No,Electronic check,74.4,446.4,Yes,0–12 months,60–90
7225-CBZPL,Male,1,Yes,No,17,Yes,Yes,Fiber optic,No,No,No,No,Yes,No,Month-to-month,Yes,Electronic check,94.8,1611.6,No,13–24 months,Above 90
6704-UTUKK,Male,0,Yes,No,29,No,No,DSL,No,No,No,No,Yes,Yes,Month-to-month,Yes,Electronic check,45.9,1331.1,No,25–48 months,30–60
4587-VVTOX,Female,0,Yes,No,6,Yes,Yes,Fiber optic,No,Yes,Yes,No,Yes,Yes,Month-to-month,Yes,Electronic check,105.3,631.8,Yes,0–12 months,Above 90
2019-HDCZY,Male,0,Yes,No,63,Yes,Yes,Fiber optic,No,No,Yes,No,Yes,Yes,Two year,No,Electronic check,102.6,6463.8,No,61+ months,Above 90
4652-NNHNY,Male,0,Yes,No,16,Yes,Yes,Fiber optic,No,No,No,No,No,Yes,Month-to-month,Yes,Bank transfer,73.85,1181.6,Yes,13–24 months,60–90
8788-DOXSU,Male,0,No,No,59,Yes,No,DSL,No,No,Yes,No,No,No,One year,Yes,Bank transfer,61.35,3619.65,No,49–60 months,60–90
7404-JLKQG,Female,0,No,No,3,Yes,No,DSL,No,No,Yes,No,Yes,Yes,Month-to-month,No,Electronic check,57.55,172.65,No,0–12 months,30–60
7421-ZLUPA,Female,0,No,No,8,No,No,DSL,No,Yes,No,No,No,No,Month-to-month,Yes,Mailed check,29.25,234.0,No,0–12 months,Below 30
8972-HJWNV,Female,1,Yes,No,7,Yes,Yes,Fiber optic,No,No,No,No,No,No,Month-to-month,Yes,Electronic check,84.55,591.85,Yes,0–12 months,60–90
3274-NSDWE,Female,0,No,No,68,Yes,No,No,No,No,No,No,No,Yes,Two year,No,Credit card,19.6,1332.8,No,61+ months,Below 30
2632-IVXVF,Female,0,Yes,Yes,68,Yes,Yes,Fiber optic,Yes,No,Yes,Yes,Yes,No,Two year,No,Credit card,111.75,7599.0,No,61+ months,Above 90
3692-JHONH,Female,1,Yes,No,52,Yes,Yes,Fiber optic,No,Yes,Yes,No,Yes,Yes,One year,Yes,Electronic check,106.5,5538.0,No,49–60 months,Above 90
8915-NNTRC,Male,0,Yes,Yes,72,Yes,Yes,Fiber optic,Yes,Yes,No,Yes,Yes,Yes,Two year,Yes,Credit card,107.7,7754.4,No,61+ months,Above 90
5914-GXMDA,Female,0,Yes,No,32,Yes,No,No,No,No,No,No,No,Yes,One year,No,Mailed check,19.3,617.6,No,25–48 months,Below 30
7463-IFMQU,Female,0,Yes,No,72,Yes,No,No,No,No,No,No,No,No,Two year,No,Bank transfer,20.05,1443.6,No,61+ months,Below 30
2920-RNCEZ,Male,0,Yes,Yes,1,Yes,No,Fiber optic,No,No,No,No,No,No,Month-to-month,Yes,Credit card,69.95,69.95,No,0–12 months,60–90
2541-YGPKE,Male,0,Yes,Yes,42,Yes,No,DSL,Yes,No,No,Yes,No,No,One year,No,Credit card,63.7,2675.4,No,25–48 months,60–90
8515-OCTJS,Female,0,No,No,25,Yes,Yes,No,No,No,No,No,No,Yes,Two year,No,Credit card,24.75,618.75,Yes,25–48 months,Below 30
5382-TEMLV,Male,0,No,No,45,Yes,No,DSL,Yes,No,No,No,No,No,Month-to-month,Yes,Bank transfer,50.9,2290.5,No,25–48 months,30–60
3441-CGZJH,Female,0,Yes,Yes,43,No,No,DSL,Yes,No,Yes,Yes,Yes,No,One year,Yes,Credit card,60.4,2597.2,No,25–48 months,60–90
9592-ERDKV,Male,0,Yes,No,37,Yes,Yes,DSL,Yes,No,Yes,No,Yes,Yes,One year,No,Mailed check,79.25,2932.25,No,25–48 months,60–90
2860-RANUS,Female,1,No,No,20,Yes,Yes,Fiber optic,No,No,No,No,No,Yes,Month-to-month,Yes,Credit card,85.8,1716.0,Yes,13–24 months,60–90
5261-QSHQM,Female,0,No,No,4,No,No,DSL,No,No,No,No,No,Yes,Month-to-month,Yes,Electronic check,24.45,97.8,Yes,0–12 months,Below 30
4778-IZARL,Male,0,Yes,No,63,Yes,No,Fiber optic,Yes,Yes,Yes,Yes,Yes,No,Two year,Yes,Credit card,110.1,6936.3,No,61+ months,Above 90
0432-CAJZV,Male,0,No,No,3,Yes,No,Fiber optic,No,No,No,No,Yes,Yes,Month-to-month,No,Mailed check,90.7,272.1,No,0–12 months,Above 90
7008-LZVOZ,Male,0,Yes,Yes,66,Yes,Yes,No,No,No,No,No,No,Yes,Two year,Yes,Credit card,25.3,1669.8,No,61+ months,Below 30
8868-WOZGU,Male,0,No,No,28,Yes,Yes,Fiber optic,No,Yes,Yes,No,Yes,No,Month-to-month,Yes,Electronic check,105.7,2959.6,Yes,25–48 months,Above 90
1200-TUZHR,Female,1,No,No,8,Yes,Yes,Fiber optic,No,No,No,No,No,Yes,Month-to-month,No,Electronic check,85.2,681.6,No,0–12 months,60–90
9365-CSLBQ,Male,0,No,Yes,71,Yes,Yes,No,No,No,No,No,No,Yes,Two year,No,Mailed check,24.35,1728.85,No,61+ months,Below 30
1334-FJSVR,Male,0,No,No,1,No,No,DSL,No,No,No,No,No,No,Month-to-month,Yes,Electronic check,24.25,24.25,Yes,0–12 months,Below 30
5884-FBCTL,Female,0,Yes,Yes,72,Yes,Yes,No,No,No,No,No,No,No,Two year,No,Bank transfer,25.1,1807.2,No,61+ months,Below 30
7130-CTCUS,Male,1,Yes,No,16,Yes,No,DSL,Yes,Yes,No,No,No,No,Month-to-month,Yes,Bank transfer,54.55,872.8,No,13–24 months,30–60
6242-FEGFD,Male,0,Yes,No,66,Yes,Yes,Fiber optic,Yes,Yes,Yes,Yes,No,No,Two year,No,Mailed check,96.6,6375.6,No,61+ months,Above 90
7625-XCQRH,Female,0,No,No,11,Yes,Yes,Fiber optic,No,No,No,No,No,No,Month-to-month,Yes,Electronic check,76.5,841.5,Yes,0–12 months,60–90
6194-HBGQN,Male,0,No,No,51,Yes,Yes,DSL,Yes,Yes,Yes,Yes,Yes,No,One year,Yes,Credit card,81.15,4138.65,No,49–60 months,60–90
7634-WSWDB,Female,0,No,Yes,8,No,No,DSL,Yes,No,No,No,No,No,Month-to-month,Yes,Electronic check,38.5,308.0,No,0–12 months,30–60
6986-IXNDM,Male,0,No,No,14,Yes,No,Fiber optic,No,No,No,No,Yes,Yes,Month-to-month,Yes,Electronic check,92.9,1300.6,No,13–24 months,Above 90
1731-TVIUK,Female,0,No,No,4,Yes,Yes,Fiber optic,No,Yes,No,Yes,No,Yes,Month-to-month,Yes,Electronic check,93.5,374.0,Yes,0–12 months,Above 90
2987-BJXIK,Female,0,No,No,70,Yes,Yes,DSL,Yes,Yes,Yes,No,Yes,Yes,Two year,No,Mailed check,84.7,5929.0,No,61+ months,60–90
9769-TSBZE,Female,0,No,Yes,70,Yes,Yes,DSL,Yes,Yes,No,Yes,No,Yes,Two year,No,Electronic check,66.0,4620.0,No,61+ months,60–90
0406-BPDVR,Female,1,Yes,No,54,Yes,Yes,Fiber optic,No,Yes,No,No,Yes,No,One year,Yes,Credit card,101.5,5481.0,Yes,49–60 months,Above 90
0618-XWMSS,Male,0,No,Yes,28,Yes,No,Fiber optic,Yes,No,No,No,No,Yes,Month-to-month,Yes,Bank transfer,74.9,2097.2,Yes,25–48 months,60–90
1395-WSWXR,Male,0,No,No,24,Yes,No,No,No,No,No,No,No,No,Two year,No,Mailed check,20.75,498.0,No,13–24 months,Below 30
6023-GSSXW,Female,0,Yes,No,69,Yes,No,DSL,No,Yes,No,No,No,No,Two year,Yes,Credit card,61.45,4240.05,No,61+ months,60–90
6752-APNJL,Male,0,Yes,Yes,42,Yes,No,DSL,Yes,Yes,No,No,No,Yes,Month-to-month,No,Mailed check,54.5,2289.0,No,25–48 months,30–60
5276-KQWHG,Female,1,No,No,2,Yes,No,Fiber optic,No,No,No,No,No,No,Month-to-month,Yes,Electronic check,69.6,139.2,Yes,0–12 months,60–90
0420-HLGXF,Female,1,No,No,39,Yes,Yes,Fiber optic,No,No,Yes,No,Yes,No,Month-to-month,Yes,Electronic check,99.75,3890.25,No,25–48 months,Above 90
7446-KQISO,Male,0,Yes,Yes,45,Yes,Yes,Fiber optic,No,Yes,Yes,Yes,Yes,Yes,Two year,Yes,Bank transfer,109.75,4938.75,No,25–48 months,Above 90
9823-EALYC,Male,0,Yes,Yes,72,Yes,Yes,DSL,Yes,Yes,Yes,Yes,Yes,Yes,Two year,Yes,Bank transfer,80.85,5821.2,No,61+ months,60–90
0582-AVCLN,Female,0,No,No,38,Yes,No,No,No,No,No,No,No,No,Two year,No,Mailed check,20.3,771.4,No,25–48 months,Below 30
5803-NQJZO,Male,0,Yes,No,72,Yes,Yes,DSL,Yes,Yes,Yes,Yes,No,No,Two year,Yes,Bank transfer,67.8,4881.6,No,61+ months,60–90
2565-JSLRY,Male,0,No,No,1,Yes,Yes,No,No,No,No,No,No,No,Month-to-month,Yes,Mailed check,24.05,24.05,Yes,0–12 months,Below 30
2607-DHDAK,Male,0,Yes,Yes,72,Yes,No,No,No,No,No,No,No,No,Two year,Yes,Credit card,19.8,1425.6,No,61+ months,Below 30
1073-XXCZD,Male,0,Yes,No,55,Yes,Yes,No,No,No,No,No,No,No,Two year,No,Bank transfer,25.7,1413.5,No,49–60 months,Below 30
0743-HRVFF,Female,0,Yes,Yes,51,No,No,DSL,No,No,Yes,Yes,Yes,No,One year,Yes,Electronic check,56.15,2863.65,No,49–60 months,30–60
4006-HKYHO,Male,0,No,No,63,Yes,No,DSL,Yes,Yes,Yes,Yes,Yes,Yes,Two year,Yes,Bank transfer,86.7,5462.1,No,61+ months,60–90
3727-JEZTU,Female,0,No,No,1,Yes,No,No,No,No,No,No,No,Yes,Month-to-month,No,Mailed check,20.4,20.4,No,0–12 months,Below 30
8143-ETQTI,Female,0,Yes,Yes,23,Yes,No,No,No,No,No,No,No,No,Two year,Yes,Mailed check,19.65,451.95,No,13–24 months,Below 30
6689-KXGBO,Female,0,No,No,1,Yes,No,DSL,No,Yes,No,No,No,No,Month-to-month,No,Electronic check,50.55,50.55,Yes,0–12 months,30–60
9667-TKTVZ,Female,0,No,No,2,Yes,Yes,DSL,No,No,No,Yes,No,No,Month-to-month,Yes,Mailed check,54.35,108.7,No,0–12 months,30–60
3657-COGMW,Female,1,No,No,52,Yes,Yes,Fiber optic,Yes,Yes,Yes,No,Yes,No,Month-to-month,No,Credit card,108.1,5621.2,No,49–60 months,Above 90
8570-KLJYJ,Female,0,No,No,36,Yes,Yes,DSL,Yes,No,No,No,No,Yes,One year,No,Mailed check,54.45,1960.2,No,25–48 months,30–60
7754-IXRMC,Female,0,No,No,1,Yes,No,DSL,No,No,No,No,No,No,Month-to-month,No,Mailed check,45.35,45.35,No,0–12 months,30–60
9473-CBZOP,Female,0,No,No,28,Yes,Yes,DSL,Yes,No,Yes,No,No,No,One year,No,Mailed check,59.0,1652.0,No,25–48 months,30–60
2969-WGHQO,Female,0,Yes,Yes,7,Yes,No,DSL,Yes,Yes,Yes,No,Yes,No,One year,No,Electronic check,69.45,486.15,No,0–12 months,60–90
6615-NGGZJ,Male,0,No,No,14,Yes,Yes,Fiber optic,No,Yes,No,No,Yes,No,Month-to-month,Yes,Electronic check,100.55,1407.7,Yes,13–24 months,Above 90
4334-HOWRP,Male,1,Yes,No,72,No,No,DSL,Yes,Yes,Yes,Yes,Yes,Yes,Two year,Yes,Credit card,64.95,4676.4,No,61+ months,60–90
4255-DDUOU,Female,0,Yes,Yes,1,Yes,No,No,No,No,No,No,No,Yes,Month-to-month,Yes,Mailed check,20.5,20.5,Yes,0–12 months,Below 30
5863-OOKCL,Female,0,No,No,10,Yes,No,No,No,No,No,No,No,No,Month-to-month,No,Mailed check,18.85,188.5,No,0–12 months,Below 30
1686-STUHN,Male,0,No,No,42,Yes,No,No,No,No,No,No,No,No,One year,No,Bank transfer,19.8,831.6,No,25–48 months,Below 30
1329-VHWNP,Female,0,No,No,7,No,No,DSL,No,No,No,No,No,No,Month-to-month,No,Bank transfer,25.05,175.35,No,0–12 months,Below 30
2984-MIIZL,Male,0,No,No,4,Yes,No,Fiber optic,No,No,Yes,No,No,No,Month-to-month,Yes,Bank transfer,74.8,299.2,Yes,0–12 months,60–90
0266-GMEAO,Male,0,Yes,Yes,72,Yes,Yes,Fiber optic,Yes,Yes,Yes,Yes,Yes,No,Two year,Yes,Credit card,114.3,8229.6,No,61+ months,Above 90
5590-YRFJT,Female,0,Yes,No,20,No,No,DSL,No,No,No,No,No,Yes,Month-to-month,Yes,Electronic check,24.45,489.0,Yes,13–24 months,Below 30
5574-NXZIU,Male,0,No,No,63,Yes,No,Fiber optic,Yes,Yes,Yes,Yes,Yes,No,Two year,No,Credit card,109.2,6879.6,No,61+ months,Above 90
0019-GFNTW,Female,0,No,No,56,No,No,DSL,Yes,Yes,Yes,Yes,No,Yes,Two year,No,Bank transfer,45.05,2522.8,No,49–60 months,30–60
4256-ZWTZI,Female,0,No,Yes,5,Yes,No,DSL,No,No,No,Yes,No,No,Month-to-month,Yes,Mailed check,51.0,255.0,No,0–12 months,30–60
8309-PPCED,Female,0,Yes,No,72,Yes,Yes,Fiber optic,No,Yes,Yes,Yes,Yes,No,Two year,Yes,Bank transfer,110.45,7952.4,No,61+ months,Above 90
4098-NAUKP,Male,1,Yes,Yes,68,Yes,Yes,Fiber optic,No,Yes,Yes,No,No,Yes,Month-to-month,Yes,Electronic check,84.65,5756.2,No,61+ months,60–90
5196-WPYOW,Male,0,Yes,Yes,67,Yes,No,DSL,Yes,Yes,No,Yes,No,No,One year,No,Mailed check,60.05,4023.35,No,61+ months,60–90
4608-LCIMN,Male,0,Yes,Yes,8,Yes,No,DSL,No,No,No,No,No,No,Month-to-month,No,Bank transfer,44.65,357.2,No,0–12 months,30–60
1485-YDHMM,Male,0,Yes,Yes,52,Yes,Yes,Fiber optic,No,Yes,No,Yes,No,No,Month-to-month,Yes,Bank transfer,93.25,4849.0,No,49–60 months,Above 90
4054-CUMIA,Female,0,Yes,Yes,18,Yes,No,No,No,No,No,No,No,Yes,Month-to-month,Yes,Mailed check,20.25,364.5,No,13–24 months,Below 30
0603-TPMIB,Female,0,Yes,Yes,59,Yes,Yes,No,No,No,No,No,No,No,Two year,No,Mailed check,25.45,1501.55,No,49–60 months,Below 30
2525-GVKQU,Female,0,No,No,60,Yes,No,No,No,No,No,No,No,No,Two year,No,Mailed check,20.6,1236.0,No,49–60 months,Below 30
8161-QYMTT,Male,0,No,No,7,Yes,Yes,Fiber optic,No,No,No,No,Yes,No,Month-to-month,Yes,Electronic check,94.1,658.7,No,0–12 months,Above 90
9581-GVBXT,Male,0,Yes,Yes,59,No,No,DSL,Yes,No,Yes,No,No,Yes,One year,No,Mailed check,34.8,2053.2,No,49–60 months,30–60
5862-BRIXZ,Male,0,No,No,46,No,No,DSL,Yes,No,Yes,Yes,Yes,No,Two year,Yes,Bank transfer,60.75,2794.5,No,25–48 months,60–90
5404-GGUKR,Male,0,No,No,5,Yes,No,DSL,No,Yes,No,No,No,Yes,Month-to-month,Yes,Electronic check,51.35,256.75,No,0–12 months,30–60
3308-JSGML,Male,1,Yes,No,59,No,No,DSL,Yes,No,Yes,Yes,Yes,No,Two year,Yes,Credit card,64.05,3778.95,No,49–60 months,60–90
2126-GSEGL,Female,0,Yes,No,70,Yes,Yes,DSL,No,Yes,Yes,Yes,Yes,Yes,Two year,Yes,Bank transfer,84.8,5936.0,No,61+ months,60–90
3677-TNKIO,Female,0,No,No,14,Yes,No,Fiber optic,No,No,No,No,No,Yes,Month-to-month,Yes,Credit card,71.0,994.0,Yes,13–24 months,60–90
0440-QEXBZ,Female,0,No,No,44,Yes,Yes,DSL,No,No,No,No,No,No,Month-to-month,Yes,Mailed check,50.15,2206.6,No,25–48 months,30–60
2434-EEVDB,Female,0,Yes,No,64,Yes,Yes,Fiber optic,Yes,No,Yes,No,Yes,No,Two year,Yes,Credit card,94.6,6054.4,No,61+ months,Above 90
6762-QVYJO,Female,0,Yes,Yes,58,No,No,DSL,Yes,No,Yes,Yes,Yes,No,Two year,No,Mailed check,59.75,3465.5,No,49–60 months,30–60
6199-IWKGC,Female,1,Yes,No,46,Yes,Yes,Fiber optic,No,No,No,Yes,Yes,Yes,One year,No,Electronic check,100.25,4611.5,No,25–48 months,Above 90
2675-DHUTR,Male,1,Yes,No,58,Yes,Yes,Fiber optic,No,Yes,No,No,Yes,Yes,Month-to-month,Yes,Electronic check,98.9,5736.2,No,49–60 months,Above 90
8152-VETUR,Female,0,Yes,No,72,Yes,Yes,Fiber optic,No,Yes,No,No,Yes,Yes,Two year,Yes,Credit card,97.7,7034.4,No,61+ months,Above 90
9667-EQRXU,Female,1,No,No,30,No,No,DSL,No,No,Yes,No,Yes,Yes,Month-to-month,Yes,Electronic check,40.3,1209.0,Yes,25–48 months,30–60
7446-YPODE,Male,1,No,No,11,Yes,Yes,DSL,Yes,Yes,No,No,No,No,Month-to-month,No,Bank transfer,60.25,662.75,No,0–12 months,60–90
9522-BNTHX,Female,1,No,No,34,No,No,DSL,No,Yes,Yes,No,Yes,No,Month-to-month,Yes,Electronic check,56.25,1912.5,No,25–48 months,30–60
4676-WLUHT,Male,0,No,No,54,No,No,DSL,Yes,Yes,No,No,No,Yes,Two year,No,Bank transfer,46.2,2494.8,No,49–60 months,30–60
3329-WDIOK,Female,0,No,No,3,No,No,DSL,No,Yes,No,No,Yes,Yes,Month-to-month,Yes,Electronic check,50.6,151.8,Yes,0–12 months,30–60
7980-MHFLQ,Female,0,Yes,Yes,72,Yes,Yes,No,No,No,No,No,No,Yes,Two year,No,Mailed check,24.9,1792.8,No,61+ months,Below 30
2873-ZLIWT,Female,0,Yes,Yes,40,Yes,Yes,Fiber optic,No,No,Yes,Yes,No,No,Month-to-month,Yes,Electronic check,84.85,3394.0,Yes,25–48 months,60–90
3415-TAILE,Female,0,Yes,Yes,2,Yes,No,DSL,No,No,No,No,Yes,No,Month-to-month,No,Mailed check,65.7,131.4,Yes,0–12 months,60–90
0757-WCUUZ,Male,0,Yes,Yes,54,Yes,Yes,DSL,No,No,Yes,No,No,Yes,Two year,No,Credit card,63.35,3420.9,No,49–60 months,60–90
1629-DQQVB,Female,0,No,No,14,Yes,No,DSL,Yes,No,No,No,No,Yes,Month-to-month,No,Bank transfer,50.1,701.4,No,13–24 months,30–60
1915-IOFGU,Female,0,No,No,1,Yes,No,Fiber optic,No,No,No,No,No,No,Month-to-month,No,Electronic check,70.5,70.5,Yes,0–12 months,60–90
3045-XETSH,Female,0,No,No,10,Yes,Yes,Fiber optic,No,Yes,Yes,No,No,No,Month-to-month,Yes,Electronic check,94.85,948.5,Yes,0–12 months,Above 90
0374-AACSZ,Female,0,No,No,1,Yes,No,DSL,Yes,No,No,No,No,Yes,Month-to-month,No,Electronic check,50.15,50.15,No,0–12 months,30–60
7239-HZZCX,Male,0,No,No,1,Yes,No,No,No,No,No,No,No,No,Month-to-month,No,Mailed check,19.75,19.75,Yes,0–12 months,Below 30
4872-VXRIL,Male,0,No,No,56,Yes,Yes,DSL,Yes,Yes,No,Yes,No,No,One year,Yes,Bank transfer,64.65,3620.4,No,49–60 months,60–90
9140-CZQZZ,Female,0,Yes,No,68,Yes,No,DSL,Yes,Yes,No,Yes,Yes,No,Two year,Yes,Bank transfer,79.6,5412.8,No,61+ months,60–90
3423-HHXAO,Female,0,Yes,Yes,14,Yes,No,No,No,No,No,No,No,Yes,One year,Yes,Mailed check,19.5,273.0,No,13–24 months,Below 30
9938-TKDGL,Male,0,Yes,Yes,68,Yes,No,Fiber optic,Yes,No,No,Yes,Yes,No,Two year,Yes,Electronic check,99.55,6769.4,No,61+ months,Above 90
0531-ZZJWQ,Male,1,Yes,No,55,Yes,Yes,Fiber optic,No,No,No,No,No,Yes,Month-to-month,Yes,Electronic check,74.0,4070.0,No,49–60 months,60–90
6537-QLGEX,Female,0,No,No,16,No,No,DSL,Yes,No,No,No,Yes,No,Month-to-month,Yes,Electronic check,38.9,622.4,No,13–24 months,30–60
2688-BHGOG,Male,1,No,No,9,Yes,No,Fiber optic,No,No,No,No,No,No,Month-to-month,Yes,Electronic check,79.55,715.95,No,0–12 months,60–90
7683-CBDKJ,Male,0,Yes,Yes,14,Yes,No,DSL,Yes,Yes,No,No,Yes,Yes,Month-to-month,Yes,Electronic check,65.45,916.3,Yes,13–24 months,60–90
0946-CLJTI,Male,1,Yes,No,58,Yes,Yes,Fiber optic,No,No,Yes,No,Yes,No,Month-to-month,Yes,Electronic check,98.7,5724.6,Yes,49–60 months,Above 90
3160-TYXLT,Male,0,No,No,53,No,No,DSL,Yes,Yes,No,No,No,Yes,Month-to-month,Yes,Bank transfer,46.3,2453.9,No,49–60 months,30–60
1325-USMEC,Male,0,Yes,No,70,Yes,Yes,Fiber optic,Yes,Yes,Yes,No,Yes,Yes,Two year,Yes,Credit card,99.35,6954.5,No,61+ months,Above 90
0916-QOFDP,Female,1,Yes,Yes,14,Yes,Yes,Fiber optic,No,No,No,No,Yes,No,Month-to-month,Yes,Electronic check,95.8,1341.2,No,13–24 months,Above 90
0628-CNQRM,Male,0,Yes,Yes,22,Yes,No,DSL,Yes,No,Yes,Yes,Yes,Yes,One year,Yes,Bank transfer,67.5,1485.0,Yes,13–24 months,60–90
5606-AMZBO,Female,0,Yes,No,10,Yes,Yes,Fiber optic,Yes,No,No,No,No,No,Month-to-month,Yes,Credit card,78.15,781.5,No,0–12 months,60–90
6199-IPCAO,Female,0,Yes,Yes,29,Yes,Yes,No,No,No,No,No,No,No,Two year,No,Mailed check,26.1,756.9,No,25–48 months,Below 30
7665-TOALD,Female,0,No,No,1,Yes,No,Fiber optic,No,No,No,No,No,No,Month-to-month,Yes,Electronic check,69.6,69.6,Yes,0–12 months,60–90
0112-QWPNC,Male,0,Yes,No,49,Yes,Yes,DSL,Yes,No,Yes,Yes,Yes,No,One year,No,Electronic check,84.35,4133.15,Yes,49–60 months,60–90
0324-BRPCJ,Female,1,Yes,No,68,Yes,Yes,Fiber optic,No,Yes,No,No,Yes,Yes,Month-to-month,Yes,Electronic check,100.2,6813.6,Yes,61+ months,Above 90
2777-PHDEI,Female,0,No,No,1,Yes,No,Fiber optic,No,No,No,No,Yes,Yes,Month-to-month,No,Electronic check,78.05,78.05,Yes,0–12 months,60–90
5640-CAXOA,Female,0,No,No,30,No,No,DSL,No,No,No,Yes,No,No,One year,Yes,Credit card,40.35,1210.5,No,25–48 months,30–60
2235-EZAIK,Female,0,Yes,No,72,Yes,Yes,DSL,Yes,Yes,Yes,Yes,Yes,Yes,Two year,No,Credit card,79.2,5702.4,No,61+ months,60–90
3847-BAERP,Female,0,No,No,10,Yes,No,No,No,No,No,No,No,No,Month-to-month,Yes,Mailed check,20.9,209.0,No,0–12 months,Below 30
1196-AMORA,Male,0,No,No,7,Yes,Yes,Fiber optic,No,No,No,No,No,No,Month-to-month,No,Electronic check,73.6,515.2,Yes,0–12 months,60–90
4282-YMKNA,Female,0,No,No,9,Yes,Yes,Fiber optic,No,No,No,No,No,No,Month-to-month,Yes,Electronic check,74.75,672.75,Yes,0–12 months,60–90
1453-RZFON,Female,0,No,Yes,1,Yes,No,DSL,Yes,No,No,No,No,No,Month-to-month,No,Mailed check,49.9,49.9,No,0–12 months,30–60
8263-OKETD,Female,0,No,No,20,Yes,Yes,DSL,No,Yes,No,Yes,No,No,Month-to-month,Yes,Credit card,68.9,1378.0,No,13–24 months,60–90
0670-KDOMA,Female,0,No,No,1,Yes,No,No,No,No,No,No,No,Yes,Month-to-month,Yes,Mailed check,20.25,20.25,No,0–12 months,Below 30
2476-YGEFM,Female,0,No,No,29,Yes,Yes,Fiber optic,No,No,No,No,No,No,Month-to-month,Yes,Credit card,76.0,2204.0,No,25–48 months,60–90
8687-BAFGU,Male,0,No,No,1,Yes,No,Fiber optic,No,No,No,Yes,No,No,Month-to-month,No,Electronic check,74.0,74.0,No,0–12 months,60–90
0641-EVBOJ,Male,0,No,No,3,Yes,No,Fiber optic,Yes,No,No,Yes,No,No,Month-to-month,Yes,Mailed check,82.3,246.9,No,0–12 months,60–90
0829-XXPLX,Female,0,No,No,20,Yes,No,Fiber optic,Yes,No,Yes,No,Yes,No,Month-to-month,Yes,Bank transfer,89.4,1788.0,No,13–24 months,60–90
9974-JFBHQ,Male,0,No,Yes,64,Yes,No,Fiber optic,No,Yes,No,Yes,Yes,No,Month-to-month,Yes,Credit card,99.15,6345.6,No,61+ months,Above 90
5356-RHIPP,Male,0,No,No,1,Yes,No,No,No,No,No,No,No,Yes,Month-to-month,Yes,Mailed check,20.2,20.2,Yes,0–12 months,Below 30
6624-JDRDS,Female,0,No,No,6,No,No,DSL,Yes,No,No,No,No,No,Month-to-month,No,Bank transfer,29.45,176.7,No,0–12 months,Below 30
0608-JDVEC,Male,0,Yes,No,50,Yes,No,No,No,No,No,No,No,No,Two year,No,Electronic check,19.8,990.0,No,49–60 months,Below 30
9780-FKVVF,Male,0,No,No,6,Yes,No,DSL,Yes,No,No,No,No,No,Month-to-month,Yes,Bank transfer,59.15,354.9,No,0–12 months,30–60
1919-RTPQD,Male,0,Yes,Yes,7,Yes,No,DSL,No,No,No,No,No,Yes,Month-to-month,No,Electronic check,44.75,313.25,No,0–12 months,30–60
5214-NLTIT,Male,0,Yes,Yes,72,Yes,Yes,Fiber optic,No,No,Yes,No,No,No,Two year,Yes,Credit card,90.8,6537.6,No,61+ months,Above 90
3345-PBBFH,Male,0,Yes,No,8,Yes,No,DSL,No,Yes,No,No,No,Yes,Month-to-month,Yes,Bank transfer,49.55,396.4,No,0–12 months,30–60
5055-BRMNE,Female,0,Yes,Yes,67,Yes,Yes,Fiber optic,Yes,No,No,Yes,Yes,No,Two year,No,Credit card,106.7,7148.9,No,61+ months,Above 90
9189-JWSHV,Female,1,Yes,No,24,Yes,Yes,Fiber optic,No,No,No,No,Yes,Yes,Month-to-month,Yes,Electronic check,93.55,2245.2,Yes,13–24 months,Above 90
2190-PHBHR,Female,0,Yes,No,72,Yes,Yes,Fiber optic,Yes,Yes,No,No,No,Yes,Two year,Yes,Credit card,94.45,6800.4,No,61+ months,Above 90
2650-GYRYL,Male,0,Yes,Yes,33,Yes,No,No,No,No,No,No,No,Yes,One year,Yes,Bank transfer,19.45,641.85,No,25–48 months,Below 30
0746-JTRFU,Male,0,No,No,2,No,No,DSL,No,No,No,No,No,No,Month-to-month,Yes,Electronic check,25.05,50.1,Yes,0–12 months,Below 30
5208-FVQKB,Male,0,Yes,No,70,Yes,No,DSL,Yes,Yes,No,Yes,No,No,Two year,No,Mailed check,67.95,4756.5,No,61+ months,60–90
7184-LRUUR,Female,0,No,No,22,Yes,No,DSL,No,Yes,Yes,No,Yes,Yes,One year,No,Bank transfer,65.25,1435.5,No,13–24 months,60–90
6627-CFOSN,Female,0,No,No,59,Yes,Yes,Fiber optic,Yes,Yes,Yes,No,No,No,Month-to-month,Yes,Bank transfer,99.45,5867.55,No,49–60 months,Above 90
3982-JGSFD,Male,0,No,No,36,Yes,No,No,No,No,No,No,No,Yes,One year,Yes,Credit card,20.35,732.6,No,25–48 months,Below 30
1574-DYCWE,Female,0,Yes,Yes,51,Yes,No,No,No,No,No,No,No,No,Two year,No,Mailed check,19.95,1017.45,No,49–60 months,Below 30
7247-XOZPB,Male,0,Yes,No,53,Yes,Yes,DSL,Yes,No,Yes,Yes,Yes,No,One year,No,Bank transfer,77.4,4102.2,No,49–60 months,60–90
2466-FCCPT,Female,0,Yes,Yes,20,Yes,No,No,No,No,No,No,No,No,One year,No,Bank transfer,19.7,394.0,No,13–24 months,Below 30
6211-WWLTF,Male,0,Yes,No,63,Yes,No,Fiber optic,Yes,No,Yes,No,Yes,No,Two year,No,Credit card,99.7,6281.1,No,61+ months,Above 90
4826-TZEVA,Female,0,No,No,40,Yes,No,Fiber optic,No,Yes,No,No,No,Yes,Month-to-month,No,Credit card,74.8,2992.0,No,25–48 months,60–90
6016-NXBNJ,Male,0,No,No,35,Yes,No,No,No,No,No,No,No,No,One year,Yes,Mailed check,19.15,670.25,No,25–48 months,Below 30
9138-EFSMO,Male,0,Yes,Yes,26,Yes,No,Fiber optic,No,No,No,No,No,No,One year,No,Bank transfer,78.95,2052.7,No,25–48 months,60–90
0576-WNXXC,Male,1,Yes,No,27,Yes,Yes,Fiber optic,No,Yes,Yes,No,No,Yes,Month-to-month,Yes,Electronic check,95.55,2579.85,Yes,25–48 months,Above 90
4632-XJMEX,Male,0,No,Yes,53,Yes,No,DSL,Yes,Yes,No,Yes,No,Yes,One year,No,Credit card,62.85,3331.05,No,49–60 months,60–90
8910-LEDAG,Male,1,Yes,No,34,Yes,No,Fiber optic,No,No,No,No,No,No,Month-to-month,No,Credit card,71.55,2432.7,No,25–48 months,60–90
3452-GWUIN,Female,1,Yes,No,19,Yes,Yes,Fiber optic,No,No,No,No,Yes,No,Month-to-month,Yes,Electronic check,94.95,1804.05,No,13–24 months,Above 90
2716-GFZOR,Male,0,Yes,No,43,Yes,No,Fiber optic,Yes,Yes,Yes,No,No,Yes,Month-to-month,Yes,Credit card,86.1,3702.3,No,25–48 months,60–90
3724-UCSHY,Male,0,Yes,Yes,6,Yes,No,No,No,No,No,No,No,No,Month-to-month,No,Mailed check,19.55,117.3,No,0–12 months,Below 30
8626-XHBIE,Male,0,No,Yes,56,Yes,Yes,No,No,No,No,No,No,No,Two year,Yes,Mailed check,24.8,1388.8,No,49–60 months,Below 30
4628-CTTLA,Male,0,No,No,57,No,No,DSL,No,Yes,No,No,Yes,No,Month-to-month,Yes,Electronic check,39.3,2240.1,Yes,49–60 months,30–60
3192-LNKRK,Male,0,Yes,Yes,34,Yes,No,Fiber optic,No,No,Yes,No,Yes,No,Month-to-month,Yes,Mailed check,84.05,2857.7,No,25–48 months,60–90
4439-YRNVD,Female,0,No,No,10,No,No,DSL,No,Yes,No,Yes,No,No,Month-to-month,No,Electronic check,36.25,362.5,No,0–12 months,30–60
2876-VBBBL,Female,0,No,No,1,Yes,No,No,No,No,No,No,No,No,Month-to-month,Yes,Mailed check,20.25,20.25,Yes,0–12 months,Below 30
6834-NXDCA,Female,0,No,No,13,No,No,DSL,No,No,No,No,No,No,Month-to-month,Yes,Electronic check,23.9,310.7,Yes,13–24 months,Below 30
2208-UGTGR,Male,0,No,No,56,Yes,Yes,Fiber optic,No,Yes,No,No,Yes,No,Month-to-month,No,Electronic check,98.6,5521.6,No,49–60 months,Above 90
3005-TYFRD,Female,0,Yes,No,55,Yes,Yes,Fiber optic,No,Yes,Yes,No,Yes,Yes,Month-to-month,Yes,Credit card,103.65,5700.75,No,49–60 months,Above 90
8670-MEFCP,Female,0,Yes,Yes,36,Yes,Yes,DSL,Yes,Yes,Yes,Yes,Yes,Yes,Two year,Yes,Credit card,92.9,3344.4,No,25–48 months,Above 90
3079-BCHLN,Male,0,Yes,No,47,Yes,No,No,No,No,No,No,No,Yes,One year,No,Bank transfer,19.9,935.3,No,25–48 months,Below 30
7777-UNYHB,Female,0,Yes,Yes,12,Yes,No,No,No,No,No,No,No,No,Month-to-month,Yes,Credit card,20.1,241.2,No,0–12 months,Below 30
5597-GLBUC,Female,0,No,No,1,Yes,No,Fiber optic,No,No,Yes,No,Yes,No,Month-to-month,Yes,Electronic check,85.45,85.45,Yes,0–12 months,60–90
7278-CKDNC,Male,1,No,No,24,Yes,Yes,Fiber optic,No,Yes,No,No,No,No,Month-to-month,Yes,Electronic check,80.5,1932.0,No,13–24 months,60–90
2748-MYRVK,Female,0,No,No,63,Yes,Yes,Fiber optic,No,Yes,No,No,Yes,No,One year,No,Bank transfer,99.9,6293.7,Yes,61+ months,Above 90
8450-UYIBU,Female,1,No,No,35,No,No,DSL,No,No,Yes,No,Yes,Yes,Month-to-month,Yes,Electronic check,39.85,1394.75,No,25–48 months,30–60
2969-VAPYH,Female,0,No,No,67,Yes,No,DSL,Yes,Yes,No,Yes,No,No,One year,No,Credit card,60.5,4053.5,No,61+ months,60–90
4822-YCXMX,Male,0,No,No,25,Yes,Yes,Fiber optic,No,No,No,No,No,No,Month-to-month,Yes,Electronic check,84.8,2120.0,Yes,25–48 months,60–90
7181-OQCUT,Male,0,No,No,21,Yes,Yes,Fiber optic,Yes,No,Yes,No,Yes,Yes,Month-to-month,No,Mailed check,103.85,2180.85,No,13–24 months,Above 90
8474-UMLNT,Female,0,No,No,13,Yes,No,DSL,Yes,Yes,No,Yes,No,Yes,Month-to-month,No,Bank transfer,67.8,881.4,No,13–24 months,60–90
9821-POOTN,Male,0,Yes,No,35,Yes,Yes,Fiber optic,No,No,No,No,No,Yes,Month-to-month,Yes,Electronic check,75.2,2632.0,Yes,25–48 months,60–90
3836-FZSDJ,Male,1,Yes,No,71,Yes,Yes,No,No,No,No,No,No,No,Two year,No,Bank transfer,24.85,1764.35,No,61+ months,Below 30
9142-XMYJH,Female,0,No,No,29,Yes,No,No,No,No,No,No,No,No,Month-to-month,No,Credit card,19.35,561.15,No,25–48 months,Below 30
6559-ILWKJ,Male,0,Yes,No,71,No,No,DSL,No,Yes,No,No,Yes,No,Two year,No,Electronic check,49.35,3503.85,Yes,61+ months,30–60
0187-QSXOE,Male,1,Yes,No,7,Yes,No,Fiber optic,No,No,No,No,Yes,Yes,Month-to-month,Yes,Electronic check,89.0,623.0,No,0–12 months,60–90
7733-UDMTP,Female,1,No,No,57,No,No,DSL,No,Yes,Yes,No,Yes,Yes,Month-to-month,Yes,Electronic check,55.0,3135.0,No,49–60 months,30–60
2649-HWLYB,Male,0,Yes,No,65,Yes,Yes,DSL,Yes,No,Yes,Yes,No,Yes,Two year,No,Bank transfer,76.15,4949.75,No,61+ months,60–90
5214-CHIWJ,Male,0,No,No,27,Yes,No,No,No,No,No,No,No,Yes,One year,No,Mailed check,20.3,548.1,No,25–48 months,Below 30
4229-CZMLL,Male,0,No,No,6,Yes,Yes,Fiber optic,No,No,No,No,No,No,Month-to-month,Yes,Electronic check,74.9,449.4,Yes,0–12 months,60–90
6904-JLBGY,Female,1,No,No,72,Yes,Yes,Fiber optic,Yes,Yes,Yes,Yes,Yes,No,Two year,Yes,Credit card,117.35,8449.2,No,61+ months,Above 90
2465-BLLEU,Male,0,No,No,1,Yes,No,No,No,No,No,No,No,Yes,Month-to-month,Yes,Mailed check,19.75,19.75,No,0–12 months,Below 30
1685-VAYJF,Male,0,No,No,11,Yes,No,DSL,No,No,No,No,No,No,Month-to-month,No,Credit card,45.2,497.2,No,0–12 months,30–60
8874-EJNSR,Male,0,Yes,Yes,39,Yes,Yes,No,No,No,No,No,No,No,Two year,No,Mailed check,25.2,982.8,No,25–48 months,Below 30
6917-YACBP,Female,1,No,No,59,Yes,Yes,Fiber optic,Yes,Yes,Yes,No,No,No,Month-to-month,Yes,Electronic check,89.75,5295.25,No,49–60 months,60–90
5049-MUBWG,Male,0,No,No,26,Yes,No,DSL,Yes,No,No,Yes,Yes,No,One year,No,Bank transfer,75.0,1950.0,No,25–48 months,60–90
4223-WOZCM,Male,1,No,No,2,Yes,No,DSL,No,No,Yes,No,No,Yes,Month-to-month,No,Mailed check,49.95,99.9,No,0–12 months,30–60
0769-MURVM,Female,0,Yes,Yes,72,No,No,DSL,Yes,Yes,Yes,Yes,Yes,No,Two year,No,Bank transfer,65.7,4730.4,No,61+ months,60–90
9253-VIFJQ,Male,0,Yes,No,65,Yes,Yes,DSL,Yes,Yes,Yes,No,No,Yes,One year,No,Credit card,67.05,4358.25,No,61+ months,60–90
7030-FZTFM,Male,0,Yes,Yes,72,Yes,Yes,Fiber optic,No,Yes,Yes,Yes,Yes,No,Two year,No,Credit card,110.9,7984.8,No,61+ months,Above 90
9741-YLNTD,Male,0,No,No,6,Yes,Yes,Fiber optic,No,No,No,Yes,No,Yes,Month-to-month,Yes,Bank transfer,87.95,527.7,No,0–12 months,60–90
5917-RYRMG,Male,1,No,No,32,Yes,No,No,No,No,No,No,No,Yes,One year,No,Credit card,19.8,633.6,No,25–48 months,Below 30
5120-ZBLAI,Female,0,Yes,No,50,Yes,Yes,DSL,No,No,Yes,No,Yes,No,One year,No,Bank transfer,75.7,3785.0,No,49–60 months,60–90
1194-BHJYC,Male,0,Yes,No,61,No,No,DSL,Yes,No,Yes,Yes,Yes,Yes,Two year,Yes,Mailed check,62.15,3791.15,No,61+ months,60–90
3663-MITLP,Female,0,No,No,15,Yes,No,Fiber optic,No,Yes,Yes,No,Yes,Yes,Month-to-month,Yes,Electronic check,101.25,1518.75,Yes,13–24 months,Above 90
0906-QVPMS,Male,0,Yes,No,72,Yes,Yes,Fiber optic,Yes,Yes,Yes,Yes,Yes,Yes,Two year,No,Bank transfer,115.15,8290.8,No,61+ months,Above 90
9025-ZRPVR,Male,0,No,No,9,Yes,No,No,No,No,No,No,No,Yes,Month-to-month,Yes,Mailed check,18.95,170.55,Yes,0–12 months,Below 30
1905-OEILC,Female,0,No,No,1,Yes,No,No,No,No,No,No,No,No,Month-to-month,No,Mailed check,19.5,19.5,No,0–12 months,Below 30
7858-GTZSP,Female,0,No,No,12,Yes,Yes,Fiber optic,No,No,No,No,No,No,Month-to-month,Yes,Electronic check,86.55,1038.6,No,0–12 months,60–90
3285-UCQVC,Female,0,No,No,37,No,No,DSL,No,No,No,Yes,No,Yes,Month-to-month,No,Credit card,28.6,1058.2,Yes,25–48 months,Below 30
6248-BSHKG,Male,0,Yes,Yes,61,Yes,No,No,No,No,No,No,No,No,One year,No,Mailed check,20.4,1244.4,No,61+ months,Below 30
4685-TFLLS,Male,0,Yes,Yes,18,Yes,No,No,No,No,No,No,No,No,One year,No,Bank transfer,19.8,356.4,No,13–24 months,Below 30
3470-BTGQO,Male,0,No,Yes,21,Yes,No,DSL,No,No,No,No,No,No,Month-to-month,No,Mailed check,45.65,958.65,No,13–24 months,30–60
1209-VFFOC,Male,0,Yes,Yes,68,No,No,DSL,Yes,Yes,Yes,Yes,No,No,Two year,Yes,Mailed check,56.4,3835.2,No,61+ months,30–60
8224-DWCKX,Male,1,No,No,12,Yes,Yes,Fiber optic,No,No,No,No,No,Yes,Month-to-month,Yes,Credit card,73.3,879.6,No,0–12 months,60–90
5482-PLVPE,Female,1,No,No,2,No,No,DSL,No,No,No,No,No,No,Month-to-month,No,Electronic check,24.35,48.7,Yes,0–12 months,Below 30
4553-DVPZG,Female,0,Yes,No,62,Yes,Yes,Fiber optic,No,No,Yes,No,Yes,No,Month-to-month,Yes,Electronic check,101.35,6283.7,No,61+ months,Above 90
4902-OHLSK,Female,1,No,No,29,Yes,Yes,Fiber optic,No,No,No,Yes,Yes,Yes,Month-to-month,No,Electronic check,98.65,2860.85,Yes,25–48 months,Above 90
6917-IAYHD,Male,0,No,Yes,1,No,No,DSL,No,Yes,No,Yes,No,Yes,Month-to-month,No,Mailed check,33.6,33.6,No,0–12 months,30–60
0495-ZBNGW,Male,1,Yes,No,5,Yes,Yes,Fiber optic,No,No,Yes,No,No,No,Month-to-month,Yes,Bank transfer,79.9,399.5,Yes,0–12 months,60–90
8620-RJPZN,Female,0,No,No,1,Yes,No,No,No,No,No,No,No,No,Month-to-month,No,Electronic check,20.7,20.7,No,0–12 months,Below 30
7572-KPVKK,Male,0,No,Yes,62,Yes,Yes,Fiber optic,No,No,Yes,Yes,Yes,No,Two year,Yes,Electronic check,104.05,6451.1,No,61+ months,Above 90
2642-MAWLJ,Female,0,Yes,Yes,36,Yes,No,No,No,No,No,No,No,Yes,Two year,No,Bank transfer,20.25,729.0,No,25–48 months,Below 30
2357-COQEK,Female,1,No,No,28,Yes,Yes,Fiber optic,No,No,Yes,Yes,Yes,No,Month-to-month,Yes,Electronic check,103.3,2892.4,Yes,25–48 months,Above 90
7103-ZGVNT,Female,0,Yes,Yes,69,Yes,Yes,DSL,Yes,Yes,No,Yes,Yes,Yes,One year,No,Credit card,73.7,5085.3,No,61+ months,60–90
3737-GCSPV,Female,0,Yes,No,11,Yes,Yes,Fiber optic,Yes,No,No,Yes,Yes,No,Month-to-month,Yes,Credit card,96.2,1058.2,Yes,0–12 months,Above 90
2027-WKXMW,Female,0,Yes,No,63,Yes,Yes,Fiber optic,No,Yes,Yes,Yes,Yes,No,Month-to-month,Yes,Electronic check,108.75,6851.25,No,61+ months,Above 90
7137-NAXML,Male,0,No,No,23,Yes,No,No,No,No,No,No,No,Yes,One year,No,Bank transfer,20.15,463.45,No,13–24 months,Below 30
2428-ZMCTB,Male,0,No,No,10,Yes,No,No,No,No,No,No,No,No,Month-to-month,No,Credit card,19.75,197.5,No,0–12 months,Below 30
2961-VNFKL,Female,0,Yes,No,71,Yes,Yes,No,No,No,No,No,No,No,Two year,Yes,Credit card,25.95,1842.45,No,61+ months,Below 30
1768-HNVGJ,Female,1,No,No,45,Yes,Yes,DSL,Yes,No,No,Yes,No,No,Month-to-month,Yes,Electronic check,70.05,3152.25,No,25–48 months,60–90
6963-KQYQB,Female,0,Yes,Yes,70,Yes,Yes,No,No,No,No,No,No,Yes,Two year,No,Mailed check,24.05,1683.5,No,61+ months,Below 30
5934-RMPOV,Female,0,No,Yes,22,Yes,Yes,Fiber optic,No,No,No,No,No,No,Month-to-month,Yes,Electronic check,84.75,1864.5,No,13–24 months,60–90
1207-BLKSA,Female,0,Yes,Yes,52,Yes,Yes,No,No,No,No,No,No,Yes,Two year,No,Mailed check,23.05,1198.6,No,49–60 months,Below 30
4088-YLDSU,Male,0,Yes,No,55,Yes,Yes,Fiber optic,No,No,Yes,Yes,Yes,No,One year,Yes,Electronic check,104.15,5728.25,Yes,49–60 months,Above 90
8316-BBQAY,Female,0,No,No,65,No,No,DSL,Yes,No,Yes,Yes,Yes,Yes,Two year,No,Credit card,59.95,3896.75,No,61+ months,30–60
1166-PQLGG,Female,0,Yes,Yes,72,Yes,No,No,No,No,No,No,No,Yes,Two year,No,Bank transfer,19.55,1407.6,No,61+ months,Below 30
3146-JTQHR,Male,0,Yes,No,10,Yes,No,No,No,No,No,No,No,No,One year,No,Bank transfer,19.6,196.0,No,0–12 months,Below 30
4291-YZODP,Female,0,No,Yes,7,Yes,No,No,No,No,No,No,No,No,One year,No,Mailed check,20.05,140.35,No,0–12 months,Below 30
4395-PZMSN,Male,1,No,No,5,Yes,No,Fiber optic,No,Yes,No,No,No,No,Month-to-month,Yes,Electronic check,85.55,427.75,No,0–12 months,60–90
6427-FEFIG,Female,0,Yes,Yes,24,Yes,Yes,DSL,Yes,No,Yes,No,Yes,Yes,Two year,No,Credit card,78.6,1886.4,No,13–24 months,60–90
0017-IUDMW,Female,0,Yes,Yes,72,Yes,Yes,Fiber optic,Yes,Yes,Yes,Yes,Yes,Yes,Two year,Yes,Credit card,116.8,8409.6,No,61+ months,Above 90
8706-HRADD,Male,0,No,No,21,No,No,DSL,Yes,No,No,Yes,Yes,Yes,Month-to-month,Yes,Mailed check,43.55,914.55,No,13–24 months,30–60
9955-QOPOY,Male,0,Yes,No,69,No,No,DSL,No,Yes,Yes,Yes,Yes,No,One year,Yes,Credit card,60.8,4195.2,No,61+ months,60–90
4385-ZKVNW,Male,0,Yes,Yes,44,Yes,No,DSL,No,Yes,No,Yes,No,Yes,Month-to-month,Yes,Bank transfer,54.9,2415.6,No,25–48 months,30–60
5446-DKWYW,Female,1,Yes,Yes,61,Yes,Yes,DSL,No,No,Yes,No,Yes,No,One year,Yes,Electronic check,65.2,3977.2,No,61+ months,60–90
2034-CGRHZ,Male,1,No,No,24,Yes,Yes,Fiber optic,No,Yes,Yes,No,Yes,No,Month-to-month,Yes,Credit card,102.95,2470.8,Yes,13–24 months,Above 90
5797-APWZC,Female,0,No,No,1,Yes,No,Fiber optic,No,No,No,No,Yes,Yes,Month-to-month,No,Electronic check,90.6,90.6,Yes,0–12 months,Above 90
3683-QKIUE,Female,0,No,No,6,Yes,No,DSL,No,No,No,Yes,No,Yes,Month-to-month,Yes,Bank transfer,50.8,304.8,Yes,0–12 months,30–60
4228-ZGYUW,Male,0,No,No,4,Yes,Yes,Fiber optic,No,Yes,No,No,No,No,Month-to-month,Yes,Electronic check,90.05,360.2,Yes,0–12 months,Above 90
9031-ZVQPT,Male,0,Yes,No,72,Yes,Yes,Fiber optic,No,Yes,Yes,Yes,Yes,Yes,Two year,Yes,Electronic check,108.2,7790.4,No,61+ months,Above 90
2990-IAJSV,Male,0,No,No,72,Yes,Yes,DSL,Yes,Yes,Yes,Yes,Yes,Yes,Two year,No,Bank transfer,92.0,6624.0,No,61+ months,Above 90
8107-KNCIM,Male,1,Yes,No,14,Yes,Yes,Fiber optic,No,No,No,No,No,Yes,Month-to-month,Yes,Electronic check,75.1,1051.4,No,13–24 months,60–90
9027-YFHQJ,Male,0,No,No,7,Yes,Yes,No,No,No,No,No,No,No,Month-to-month,Yes,Bank transfer,25.05,175.35,No,0–12 months,Below 30
5176-LDKUH,Female,0,No,No,48,Yes,No,Fiber optic,No,Yes,No,No,No,No,One year,No,Electronic check,75.15,3607.2,No,25–48 months,60–90
4644-OBGFZ,Male,0,Yes,Yes,55,Yes,No,No,No,No,No,No,No,No,One year,No,Mailed check,19.5,1072.5,No,49–60 months,Below 30
7926-IJOOU,Male,0,No,No,1,Yes,No,No,No,No,No,No,No,No,Month-to-month,No,Credit card,19.3,19.3,No,0–12 months,Below 30
6480-YAGIY,Male,0,No,No,45,Yes,No,Fiber optic,Yes,Yes,Yes,Yes,Yes,No,One year,No,Credit card,112.2,5049.0,No,25–48 months,Above 90
4029-HPFVY,Male,0,No,No,3,Yes,No,Fiber optic,No,No,No,No,No,Yes,Month-to-month,Yes,Mailed check,70.3,210.9,No,0–12 months,60–90
7602-DBTOU,Female,0,Yes,No,71,Yes,No,No,No,No,No,No,No,No,Two year,No,Mailed check,19.6,1391.6,No,61+ months,Below 30
5345-BMKWB,Male,0,Yes,No,8,Yes,No,No,No,No,No,No,No,No,Month-to-month,No,Mailed check,20.25,162.0,No,0–12 months,Below 30
3519-ZKXGG,Female,0,Yes,No,3,Yes,Yes,Fiber optic,No,No,No,No,No,No,Month-to-month,Yes,Electronic check,75.85,227.55,Yes,0–12 months,60–90
5457-COLHT,Male,0,Yes,Yes,69,Yes,No,DSL,Yes,Yes,No,Yes,Yes,No,Two year,No,Bank transfer,80.65,5564.85,No,61+ months,60–90
6416-TVAIH,Male,0,Yes,Yes,1,Yes,No,Fiber optic,No,No,No,No,No,Yes,Month-to-month,Yes,Electronic check,68.5,68.5,Yes,0–12 months,60–90
5451-YHYPW,Female,1,Yes,No,72,Yes,Yes,Fiber optic,Yes,Yes,Yes,Yes,Yes,No,Two year,Yes,Credit card,115.75,8334.0,No,61+ months,Above 90
5108-ADXWO,Male,0,No,No,11,Yes,No,Fiber optic,Yes,No,No,No,No,Yes,Month-to-month,Yes,Electronic check,73.5,808.5,Yes,0–12 months,60–90
7998-WNZEM,Male,0,No,No,71,Yes,Yes,DSL,Yes,Yes,Yes,Yes,No,No,Two year,No,Bank transfer,80.6,5722.6,No,61+ months,60–90
3066-RRJIO,Female,0,No,No,1,Yes,No,Fiber optic,No,No,No,No,No,Yes,Month-to-month,Yes,Mailed check,69.95,69.95,Yes,0–12 months,60–90
4664-NJCMS,Female,0,Yes,No,33,No,No,DSL,Yes,No,Yes,Yes,Yes,No,Two year,No,Bank transfer,59.55,1965.15,No,25–48 months,30–60
0307-BCOPK,Female,0,No,No,16,Yes,No,No,No,No,No,No,No,Yes,One year,No,Mailed check,19.05,304.8,No,13–24 months,Below 30
7629-WFGLW,Female,1,Yes,No,56,Yes,Yes,Fiber optic,Yes,Yes,Yes,Yes,No,No,One year,No,Electronic check,95.65,5356.4,No,49–60 months,Above 90
2542-HYGIQ,Female,0,No,No,1,Yes,No,No,No,No,No,No,No,No,Month-to-month,No,Credit card,19.95,19.95,No,0–12 months,Below 30
6715-OFDBP,Male,0,No,No,5,Yes,No,DSL,No,No,Yes,No,Yes,No,Month-to-month,Yes,Electronic check,70.05,350.25,Yes,0–12 months,60–90
5016-LIPDW,Male,0,Yes,Yes,57,Yes,No,No,No,No,No,No,No,Yes,One year,No,Mailed check,19.4,1105.8,No,49–60 months,Below 30
6481-LXPWL,Male,0,Yes,Yes,56,No,No,DSL,No,Yes,Yes,No,No,No,One year,Yes,Credit card,36.1,2021.6,No,49–60 months,30–60
1567-DSCIC,Male,0,No,No,8,Yes,Yes,Fiber optic,No,Yes,Yes,No,Yes,No,Month-to-month,Yes,Electronic check,94.0,752.0,Yes,0–12 months,Above 90
2150-UWTFY,Female,0,Yes,Yes,22,Yes,No,DSL,Yes,Yes,Yes,No,No,No,Month-to-month,No,Mailed check,61.15,1345.3,Yes,13–24 months,60–90
6124-ACRHJ,Female,0,No,No,1,Yes,No,No,No,No,No,No,No,No,Month-to-month,No,Mailed check,19.75,19.75,No,0–12 months,Below 30
9362-MWODR,Female,0,No,Yes,40,Yes,No,DSL,Yes,No,No,Yes,Yes,No,Month-to-month,Yes,Credit card,64.1,2564.0,No,25–48 months,60–90
9975-GPKZU,Male,0,Yes,Yes,46,Yes,No,No,No,No,No,No,No,No,Two year,No,Credit card,19.75,908.5,No,25–48 months,Below 30
9625-RZFUK,Male,0,Yes,Yes,63,Yes,No,No,No,No,No,No,No,No,Two year,No,Mailed check,19.7,1241.1,No,61+ months,Below 30
5153-LXKDT,Male,0,Yes,Yes,68,Yes,Yes,Fiber optic,Yes,Yes,Yes,No,Yes,No,Two year,Yes,Electronic check,110.2,7493.6,No,61+ months,Above 90
5161-UBZXI,Male,0,Yes,Yes,69,Yes,No,Fiber optic,Yes,Yes,No,Yes,Yes,Yes,Two year,Yes,Credit card,106.35,7338.15,No,61+ months,Above 90
1020-JPQOW,Female,0,Yes,No,56,Yes,Yes,Fiber optic,No,Yes,Yes,Yes,No,Yes,Month-to-month,No,Electronic check,90.55,5070.8,No,49–60 months,Above 90
7919-ZODZZ,Female,0,Yes,Yes,10,Yes,No,DSL,No,Yes,Yes,No,No,No,One year,Yes,Mailed check,65.9,659.0,No,0–12 months,60–90
0565-JUPYD,Male,0,No,No,63,Yes,Yes,Fiber optic,Yes,Yes,Yes,Yes,Yes,Yes,One year,No,Credit card,104.5,6583.5,No,61+ months,Above 90
6867-ACCZI,Female,0,Yes,Yes,24,No,No,DSL,Yes,Yes,Yes,Yes,No,No,Two year,Yes,Mailed check,52.5,1260.0,No,13–24 months,30–60
5939-XAIXZ,Female,0,No,No,19,Yes,Yes,DSL,No,No,Yes,No,No,Yes,Month-to-month,Yes,Mailed check,56.1,1065.9,No,13–24 months,30–60
9054-FOWNV,Male,0,Yes,Yes,22,Yes,Yes,Fiber optic,No,No,Yes,No,Yes,No,Month-to-month,Yes,Electronic check,88.75,1952.5,No,13–24 months,60–90
2683-BPJSO,Male,0,Yes,No,29,Yes,Yes,Fiber optic,Yes,Yes,No,No,No,No,Month-to-month,Yes,Electronic check,84.45,2449.05,Yes,25–48 months,60–90
2157-MXBJS,Male,0,Yes,No,13,Yes,Yes,DSL,No,No,Yes,No,Yes,No,One year,Yes,Mailed check,75.3,978.9,Yes,13–24 months,60–90
8207-VVMYB,Female,0,Yes,No,70,Yes,Yes,No,No,No,No,No,No,Yes,Two year,Yes,Bank transfer,26.0,1820.0,No,61+ months,Below 30
9732-EQMWY,Female,0,Yes,No,49,Yes,No,Fiber optic,No,Yes,Yes,No,Yes,No,Month-to-month,No,Electronic check,99.4,4870.6,No,49–60 months,Above 90
9360-AHGNL,Female,1,Yes,No,43,Yes,Yes,Fiber optic,Yes,No,Yes,Yes,Yes,Yes,One year,Yes,Mailed check,109.55,4710.65,Yes,25–48 months,Above 90
1087-UDSIH,Female,0,No,No,3,Yes,No,No,No,No,No,No,No,Yes,Month-to-month,Yes,Mailed check,19.6,58.8,Yes,0–12 months,Below 30
5269-NRGDP,Male,0,Yes,Yes,42,Yes,No,DSL,No,No,Yes,Yes,Yes,No,One year,No,Electronic check,73.15,3072.3,No,25–48 months,60–90
6195-MELTI,Male,0,No,No,57,Yes,No,DSL,No,Yes,No,Yes,No,Yes,One year,Yes,Mailed check,54.65,3115.05,No,49–60 months,30–60
5485-WUYWF,Male,1,No,No,2,Yes,No,DSL,Yes,No,Yes,No,Yes,No,Month-to-month,No,Bank transfer,66.4,132.8,Yes,0–12 months,60–90
2121-JAFOM,Female,0,Yes,No,72,Yes,Yes,Fiber optic,Yes,Yes,Yes,Yes,Yes,No,Two year,Yes,Credit card,115.55,8319.6,No,61+ months,Above 90
8818-DOPVL,Female,1,No,No,46,Yes,Yes,Fiber optic,No,Yes,Yes,No,Yes,Yes,Month-to-month,Yes,Electronic check,104.45,4804.7,No,25–48 months,Above 90
2632-UCGVD,Male,1,Yes,No,66,Yes,Yes,Fiber optic,No,No,No,Yes,Yes,Yes,Month-to-month,Yes,Credit card,100.05,6603.3,Yes,61+ months,Above 90
5445-PZWGX,Male,0,No,No,62,Yes,Yes,Fiber optic,Yes,Yes,No,Yes,No,Yes,One year,No,Electronic check,102.0,6324.0,Yes,61+ months,Above 90
1227-UDMZR,Female,0,Yes,No,72,Yes,Yes,DSL,Yes,Yes,Yes,Yes,Yes,Yes,Two year,Yes,Bank transfer,91.15,6562.8,No,61+ months,Above 90
5198-HQAEN,Male,0,Yes,Yes,35,Yes,No,Fiber optic,No,Yes,No,Yes,Yes,Yes,One year,Yes,Electronic check,89.7,3139.5,No,25–48 months,60–90
9170-CCKOU,Male,0,Yes,No,17,Yes,Yes,Fiber optic,Yes,Yes,Yes,No,No,No,Month-to-month,No,Credit card,90.2,1533.4,Yes,13–24 months,Above 90
2167-FQSTQ,Female,0,Yes,No,72,Yes,Yes,DSL,Yes,Yes,Yes,Yes,Yes,No,Two year,Yes,Electronic check,92.4,6652.8,No,61+ months,Above 90
2819-GWENI,Female,0,Yes,Yes,28,Yes,No,No,No,No,No,No,No,Yes,One year,No,Mailed check,19.9,557.2,No,25–48 months,Below 30
1043-YCUTE,Male,0,Yes,No,56,Yes,Yes,No,No,No,No,No,No,No,Two year,Yes,Credit card,25.15,1408.4,Yes,49–60 months,Below 30
3814-MLAXC,Female,0,No,No,31,Yes,Yes,Fiber optic,No,No,No,Yes,No,No,Month-to-month,Yes,Credit card,79.85,2475.35,Yes,25–48 months,60–90
3572-UUHRS,Male,0,No,No,45,Yes,No,No,No,No,No,No,No,No,One year,No,Bank transfer,18.85,848.25,No,25–48 months,Below 30
2692-PFYTJ,Female,0,No,No,1,Yes,Yes,No,No,No,No,No,No,No,Month-to-month,Yes,Mailed check,25.75,25.75,No,0–12 months,Below 30
1226-UDFZR,Female,0,No,No,2,Yes,No,DSL,No,Yes,No,No,No,No,Month-to-month,Yes,Mailed check,49.6,99.2,Yes,0–12 months,30–60
5955-EPOAZ,Female,0,No,No,6,Yes,No,No,No,No,No,No,No,No,Month-to-month,Yes,Mailed check,20.95,125.7,No,0–12 months,Below 30
6821-JPCDC,Female,0,Yes,No,48,Yes,No,Fiber optic,No,Yes,Yes,No,Yes,No,One year,Yes,Electronic check,97.05,4658.4,No,25–48 months,Above 90
8815-LMFLX,Male,0,Yes,Yes,25,Yes,Yes,No,No,No,No,No,No,Yes,Month-to-month,Yes,Bank transfer,25.4,635.0,No,25–48 months,Below 30
9135-HSWOC,Male,0,Yes,Yes,64,Yes,No,No,No,No,No,No,No,No,Two year,Yes,Bank transfer,19.7,1260.8,No,61+ months,Below 30
8582-KRHPJ,Male,0,No,No,50,No,No,DSL,Yes,Yes,No,No,No,No,Month-to-month,Yes,Mailed check,35.0,1750.0,No,49–60 months,30–60
5811-IWXYM,Female,0,Yes,Yes,52,Yes,Yes,Fiber optic,No,No,Yes,No,Yes,No,One year,No,Bank transfer,101.25,5265.0,No,49–60 months,Above 90
7044-YAACC,Male,1,Yes,No,4,Yes,No,Fiber optic,No,No,No,No,No,Yes,Month-to-month,Yes,Electronic check,70.2,280.8,No,0–12 months,60–90
8189-XRIKE,Female,1,No,No,32,Yes,No,Fiber optic,No,No,No,No,Yes,No,Month-to-month,No,Electronic check,90.95,2910.4,No,25–48 months,Above 90
1506-YJTYT,Male,0,Yes,Yes,45,Yes,Yes,DSL,Yes,Yes,No,Yes,Yes,Yes,Two year,No,Credit card,73.85,3323.25,No,25–48 months,60–90
4123-DVHPH,Male,0,Yes,No,9,Yes,Yes,Fiber optic,Yes,No,No,No,No,No,Month-to-month,Yes,Electronic check,88.05,792.45,No,0–12 months,60–90
6425-YQLLO,Female,1,Yes,No,66,Yes,Yes,Fiber optic,No,No,Yes,Yes,Yes,Yes,One year,Yes,Credit card,105.95,6992.7,Yes,61+ months,Above 90
5442-UTCVD,Male,0,No,Yes,3,Yes,Yes,Fiber optic,No,No,Yes,No,No,Yes,Month-to-month,No,Electronic check,91.85,275.55,Yes,0–12 months,Above 90
2228-BZDEE,Female,0,No,No,54,Yes,No,No,No,No,No,No,No,Yes,Two year,No,Mailed check,20.1,1085.4,No,49–60 months,Below 30
7734-DBOAI,Female,0,Yes,Yes,1,No,No,DSL,No,No,No,Yes,Yes,No,Month-to-month,No,Electronic check,40.1,40.1,Yes,0–12 months,30–60
2789-CZANW,Female,0,Yes,Yes,64,Yes,Yes,Fiber optic,Yes,Yes,No,Yes,Yes,No,Two year,No,Bank transfer,110.3,7059.2,No,61+ months,Above 90
2091-RFFBA,Female,1,No,No,31,Yes,Yes,Fiber optic,No,No,No,No,No,Yes,Month-to-month,Yes,Electronic check,73.9,2290.9,Yes,25–48 months,60–90
2114-MGINA,Female,0,No,No,14,Yes,No,Fiber optic,No,No,No,No,Yes,No,Month-to-month,Yes,Mailed check,89.8,1257.2,Yes,13–24 months,60–90
7596-LDUXP,Female,0,No,No,12,Yes,No,Fiber optic,Yes,No,No,No,Yes,Yes,One year,Yes,Credit card,85.15,1021.8,No,0–12 months,60–90
3740-RLMVT,Male,1,Yes,No,67,Yes,No,DSL,Yes,Yes,No,Yes,No,No,One year,Yes,Bank transfer,60.95,4083.65,No,61+ months,60–90
4489-SNOJF,Female,0,Yes,Yes,35,Yes,Yes,DSL,Yes,No,Yes,Yes,Yes,No,Month-to-month,No,Electronic check,72.25,2528.75,Yes,25–48 months,60–90
2192-OZITF,Female,0,No,No,45,Yes,Yes,DSL,Yes,No,No,Yes,No,No,Two year,No,Mailed check,73.55,3309.75,No,25–48 months,60–90
5651-CPDND,Male,0,No,No,10,Yes,No,DSL,No,No,No,No,No,Yes,Month-to-month,No,Mailed check,46.0,460.0,No,0–12 months,30–60
2186-QZEYA,Female,1,No,No,29,Yes,Yes,DSL,Yes,Yes,No,No,No,No,Month-to-month,Yes,Bank transfer,58.55,1697.95,No,25–48 months,30–60
1131-ALZWV,Female,0,No,No,24,Yes,Yes,No,No,No,No,No,No,No,One year,No,Bank transfer,24.6,590.4,No,13–24 months,Below 30
7729-XBTWX,Male,0,Yes,Yes,66,Yes,No,No,No,No,No,No,No,No,Two year,Yes,Mailed check,19.75,1303.5,No,61+ months,Below 30
9134-WYRVP,Male,0,No,No,51,Yes,No,Fiber optic,Yes,No,No,No,Yes,No,One year,No,Mailed check,86.35,4403.85,No,49–60 months,60–90
3284-SVCRO,Female,0,Yes,No,45,Yes,Yes,No,No,No,No,No,No,No,Two year,No,Mailed check,25.5,1147.5,No,25–48 months,Below 30
9732-OUYRN,Female,0,Yes,No,49,Yes,No,No,No,No,No,No,No,No,One year,No,Credit card,19.0,931.0,No,49–60 months,Below 30
0559-CKHUS,Female,0,Yes,No,29,Yes,No,No,No,No,No,No,No,No,Two year,Yes,Mailed check,19.55,566.95,No,25–48 months,Below 30
2931-SVLTV,Male,0,Yes,Yes,40,Yes,Yes,Fiber optic,Yes,Yes,No,Yes,Yes,No,Month-to-month,Yes,Credit card,110.1,4404.0,No,25–48 months,Above 90
6899-PPEEA,Female,1,No,No,37,Yes,Yes,Fiber optic,No,No,No,No,Yes,Yes,Month-to-month,Yes,Electronic check,96.55,3572.35,Yes,25–48 months,Above 90
7504-UWHNB,Male,0,No,No,25,Yes,No,Fiber optic,No,No,No,No,No,Yes,Month-to-month,No,Electronic check,69.75,1743.75,No,25–48 months,60–90
2582-FFFZR,Female,0,No,No,22,No,No,DSL,No,No,Yes,No,Yes,No,Month-to-month,Yes,Electronic check,50.6,1113.2,No,13–24 months,30–60
8908-NMQTX,Male,0,No,No,72,No,No,DSL,Yes,Yes,Yes,Yes,Yes,Yes,Two year,Yes,Bank transfer,65.6,4723.2,No,61+ months,60–90
2187-LZGPL,Female,0,No,No,7,No,No,DSL,No,Yes,No,No,No,Yes,Month-to-month,Yes,Credit card,40.1,280.7,Yes,0–12 months,30–60
1431-AIDJQ,Male,0,Yes,Yes,33,Yes,No,DSL,No,Yes,Yes,Yes,Yes,Yes,Two year,No,Credit card,82.1,2709.3,No,25–48 months,60–90
6288-LBEAR,Female,0,No,No,23,Yes,No,Fiber optic,No,Yes,No,Yes,No,Yes,Month-to-month,Yes,Mailed check,79.1,1819.3,No,13–24 months,60–90
4597-NUCQV,Male,1,No,No,24,Yes,Yes,Fiber optic,No,Yes,No,No,Yes,No,Month-to-month,Yes,Electronic check,101.25,2430.0,Yes,13–24 months,Above 90
9019-QVLZD,Female,0,No,No,1,Yes,No,Fiber optic,No,No,No,No,Yes,Yes,Month-to-month,No,Electronic check,79.55,79.55,Yes,0–12 months,60–90
8413-YNHNV,Male,0,No,No,69,Yes,Yes,DSL,Yes,Yes,Yes,Yes,Yes,No,Two year,No,Mailed check,90.65,6254.85,No,61+ months,Above 90
5808-TOTXO,Female,0,No,Yes,3,Yes,No,No,No,No,No,No,No,Yes,One year,Yes,Credit card,20.55,61.65,No,0–12 months,Below 30
4369-NYSCF,Male,0,No,No,56,Yes,No,DSL,No,Yes,No,Yes,Yes,No,One year,Yes,Bank transfer,75.75,4242.0,No,49–60 months,60–90
6333-YDVLT,Male,0,No,No,65,Yes,Yes,Fiber optic,Yes,No,Yes,Yes,Yes,Yes,One year,Yes,Credit card,110.0,7150.0,No,61+ months,Above 90
5324-KTGCG,Male,0,Yes,No,71,Yes,No,No,No,No,No,No,No,Yes,One year,No,Electronic check,20.85,1480.35,No,61+ months,Below 30
5599-HVLTW,Female,1,No,No,14,Yes,Yes,Fiber optic,No,No,Yes,No,No,No,Month-to-month,Yes,Bank transfer,80.35,1124.9,No,13–24 months,60–90
7394-LWLYN,Female,0,No,No,2,Yes,No,Fiber optic,No,No,No,No,No,No,Month-to-month,Yes,Electronic check,70.15,140.3,No,0–12 months,60–90
3707-LRWZD,Female,0,No,No,32,Yes,Yes,Fiber optic,No,No,No,No,Yes,No,One year,No,Electronic check,84.05,2689.6,Yes,25–48 months,60–90
6873-UDNLD,Male,0,No,No,40,Yes,No,DSL,Yes,No,Yes,No,No,No,Month-to-month,No,Electronic check,67.45,2698.0,No,25–48 months,60–90
2700-LUEVA,Male,0,No,No,1,Yes,No,No,No,No,No,No,No,Yes,Month-to-month,No,Credit card,20.75,20.75,No,0–12 months,Below 30
1455-ESIQH,Male,0,No,No,1,Yes,No,Fiber optic,No,No,No,No,Yes,No,Month-to-month,Yes,Electronic check,89.1,89.1,Yes,0–12 months,60–90
0958-YHXGP,Female,0,No,No,7,Yes,No,Fiber optic,No,No,No,No,No,Yes,Month-to-month,Yes,Mailed check,69.9,489.3,No,0–12 months,60–90
1101-SSWAG,Female,0,Yes,No,15,Yes,Yes,DSL,No,No,No,No,No,No,Month-to-month,Yes,Electronic check,51.1,766.5,No,13–24 months,30–60
2979-SXESE,Female,0,Yes,Yes,17,Yes,Yes,Fiber optic,Yes,No,Yes,No,Yes,No,Month-to-month,No,Electronic check,94.4,1604.8,Yes,13–24 months,Above 90
4013-TLDHQ,Male,0,No,No,19,Yes,No,Fiber optic,No,Yes,Yes,No,No,No,Month-to-month,Yes,Electronic check,78.25,1486.75,Yes,13–24 months,60–90
5743-KHMNA,Male,0,No,No,71,Yes,Yes,No,No,No,No,No,No,No,Two year,No,Bank transfer,25.55,1814.05,No,61+ months,Below 30
4194-FJARJ,Female,0,Yes,Yes,54,Yes,Yes,DSL,Yes,No,No,Yes,No,No,Two year,No,Bank transfer,60.0,3240.0,No,49–60 months,60–90
5325-UWTWJ,Male,0,Yes,No,31,Yes,Yes,Fiber optic,Yes,Yes,No,Yes,No,No,Month-to-month,Yes,Credit card,90.55,2807.05,No,25–48 months,Above 90
3969-GYXEL,Female,0,No,No,11,Yes,No,Fiber optic,Yes,No,No,No,No,No,Month-to-month,No,Electronic check,76.4,840.4,No,0–12 months,60–90
9208-OLGAQ,Female,1,No,No,18,Yes,No,Fiber optic,No,No,Yes,No,No,No,Month-to-month,Yes,Electronic check,84.95,1529.1,No,13–24 months,60–90
3244-CQPHU,Female,1,No,No,72,Yes,Yes,Fiber optic,Yes,Yes,No,Yes,Yes,Yes,Two year,Yes,Bank transfer,110.1,7927.2,No,61+ months,Above 90
2674-MLXMN,Female,1,No,No,71,Yes,Yes,Fiber optic,No,Yes,No,No,Yes,Yes,Month-to-month,Yes,Credit card,99.65,7075.15,No,61+ months,Above 90
9708-HPXWZ,Male,1,No,No,5,No,No,DSL,No,No,Yes,Yes,Yes,Yes,Month-to-month,No,Credit card,45.4,227.0,No,0–12 months,30–60
6992-TKNYO,Male,0,Yes,No,38,Yes,Yes,DSL,No,No,Yes,Yes,No,No,One year,No,Credit card,69.0,2622.0,No,25–48 months,60–90
4468-YDOVK,Male,0,No,Yes,5,Yes,No,DSL,No,No,No,Yes,No,Yes,Month-to-month,Yes,Bank transfer,48.65,243.25,No,0–12 months,30–60
3754-DXMRT,Male,1,No,No,2,Yes,No,DSL,No,No,No,No,No,No,Month-to-month,Yes,Electronic check,44.15,88.3,Yes,0–12 months,30–60
5792-JALQC,Female,1,No,No,52,Yes,Yes,DSL,Yes,No,Yes,No,No,No,Two year,No,Bank transfer,59.85,3112.2,No,49–60 months,30–60
7130-VTEWQ,Female,1,No,No,8,Yes,Yes,Fiber optic,No,No,No,No,No,No,Month-to-month,Yes,Electronic check,75.75,606.0,Yes,0–12 months,60–90
2200-DSAAL,Female,0,No,No,68,Yes,Yes,DSL,No,Yes,Yes,No,Yes,No,Two year,Yes,Electronic check,80.65,5484.2,No,61+ months,60–90
4302-ZYFEL,Male,0,Yes,Yes,69,Yes,No,No,No,No,No,No,No,Yes,One year,Yes,Credit card,20.55,1417.95,No,61+ months,Below 30
9351-LZYGF,Female,0,Yes,No,42,Yes,Yes,DSL,Yes,Yes,No,Yes,No,No,Month-to-month,Yes,Credit card,66.4,2788.8,No,25–48 months,60–90
4366-CTOUZ,Female,0,No,No,50,Yes,No,Fiber optic,No,Yes,No,Yes,Yes,No,Two year,Yes,Mailed check,100.2,5010.0,No,49–60 months,Above 90
6121-VZNQB,Female,0,No,No,1,Yes,No,No,No,No,No,No,No,Yes,Month-to-month,Yes,Mailed check,19.1,19.1,Yes,0–12 months,Below 30
7903-CMPEY,Male,1,Yes,No,1,Yes,Yes,Fiber optic,Yes,No,No,No,No,No,Month-to-month,Yes,Electronic check,80.3,80.3,Yes,0–12 months,60–90
1518-OMDIK,Male,0,Yes,No,33,Yes,No,DSL,No,No,No,No,No,No,Month-to-month,Yes,Credit card,44.55,1470.15,No,25–48 months,30–60
6671-NGWON,Female,0,No,No,7,Yes,No,No,No,No,No,No,No,No,Month-to-month,No,Mailed check,20.35,142.45,No,0–12 months,Below 30
0595-ITUDF,Male,0,Yes,Yes,64,Yes,Yes,Fiber optic,Yes,Yes,Yes,No,No,No,Month-to-month,Yes,Electronic check,91.8,5875.2,No,61+ months,Above 90
6996-KNSML,Female,0,No,No,1,Yes,No,Fiber optic,No,No,Yes,No,No,No,Month-to-month,Yes,Electronic check,74.9,74.9,Yes,0–12 months,60–90
1955-IBMMB,Male,0,No,No,59,Yes,No,No,No,No,No,No,No,No,Two year,Yes,Bank transfer,20.2,1191.8,No,49–60 months,Below 30
0096-BXERS,Female,0,Yes,No,6,Yes,Yes,DSL,No,No,No,No,No,No,Month-to-month,No,Electronic check,50.35,302.1,No,0–12 months,30–60
3806-YAZOV,Female,0,No,No,3,Yes,No,No,No,No,No,No,No,No,Month-to-month,No,Mailed check,18.8,56.4,No,0–12 months,Below 30
7998-ZLXWN,Female,0,Yes,No,15,Yes,No,No,No,No,No,No,No,No,Month-to-month,No,Credit card,20.45,306.75,No,13–24 months,Below 30
6253-WRFHY,Male,0,Yes,Yes,13,Yes,No,DSL,No,No,No,No,Yes,No,One year,Yes,Electronic check,64.75,841.75,No,13–24 months,60–90
9133-AYJZG,Female,0,No,No,23,Yes,Yes,Fiber optic,No,Yes,No,No,Yes,Yes,Month-to-month,Yes,Credit card,98.7,2270.1,No,13–24 months,Above 90
2675-OTVVJ,Male,1,Yes,No,31,Yes,Yes,Fiber optic,Yes,No,No,No,Yes,Yes,Month-to-month,No,Electronic check,89.45,2772.95,No,25–48 months,60–90
8680-CGLTP,Male,0,No,No,29,Yes,No,DSL,Yes,Yes,No,Yes,No,No,One year,Yes,Electronic check,58.75,1703.75,No,25–48 months,30–60
8430-TWCBX,Female,0,Yes,No,49,Yes,No,No,No,No,No,No,No,No,One year,No,Credit card,20.7,1014.3,No,49–60 months,Below 30
5018-GWURO,Female,0,Yes,No,56,Yes,Yes,Fiber optic,No,No,No,No,Yes,No,Month-to-month,Yes,Bank transfer,85.6,4793.6,No,49–60 months,60–90
6741-QRLUP,Female,0,No,No,63,Yes,Yes,DSL,Yes,Yes,Yes,Yes,No,No,Two year,Yes,Credit card,80.3,5058.9,No,61+ months,60–90
4737-HOBAX,Male,0,Yes,No,63,Yes,Yes,DSL,No,No,Yes,Yes,Yes,Yes,Two year,No,Credit card,79.8,5027.4,No,61+ months,60–90
0537-QYZZN,Male,1,Yes,Yes,24,Yes,Yes,Fiber optic,Yes,No,No,No,No,Yes,Month-to-month,Yes,Electronic check,79.85,1916.4,No,13–24 months,60–90
3340-QBBFM,Male,1,Yes,No,36,Yes,No,DSL,No,No,Yes,Yes,No,No,One year,No,Credit card,54.1,1947.6,No,25–48 months,30–60
1704-NRWYE,Female,1,No,No,9,Yes,No,Fiber optic,No,No,No,No,Yes,No,Month-to-month,Yes,Electronic check,80.85,727.65,Yes,0–12 months,60–90
2592-SEIFQ,Male,0,No,No,3,No,No,DSL,No,No,No,No,No,No,Month-to-month,No,Electronic check,24.75,74.25,Yes,0–12 months,Below 30
8200-KLNYW,Female,0,Yes,No,21,Yes,No,DSL,Yes,No,Yes,Yes,Yes,No,One year,No,Mailed check,80.9,1698.9,No,13–24 months,60–90
3372-CDXFJ,Male,0,Yes,Yes,13,Yes,Yes,No,No,No,No,No,No,Yes,One year,No,Bank transfer,24.5,318.5,No,13–24 months,Below 30
4781-ZXYGU,Male,0,Yes,Yes,1,Yes,No,No,No,No,No,No,No,No,Month-to-month,Yes,Bank transfer,20.15,20.15,No,0–12 months,Below 30
7632-YUTXB,Female,0,Yes,Yes,25,Yes,No,No,No,No,No,No,No,No,One year,No,Mailed check,20.05,501.25,No,25–48 months,Below 30
2718-YSKCS,Male,0,Yes,Yes,71,Yes,No,No,No,No,No,No,No,No,Two year,Yes,Bank transfer,19.6,1391.6,No,61+ months,Below 30
9896-UYMIE,Male,0,No,No,66,Yes,Yes,Fiber optic,Yes,Yes,Yes,Yes,Yes,No,One year,Yes,Bank transfer,114.3,7543.8,No,61+ months,Above 90
0853-NWIFK,Female,0,No,No,45,Yes,No,Fiber optic,Yes,Yes,No,No,Yes,Yes,One year,Yes,Electronic check,100.3,4513.5,No,25–48 months,Above 90
8212-CRQXP,Female,0,Yes,No,22,Yes,No,Fiber optic,No,No,No,No,Yes,Yes,Month-to-month,Yes,Credit card,80.0,1760.0,No,13–24 months,60–90
6980-CDGFC,Female,0,Yes,No,67,Yes,No,No,No,No,No,No,No,No,One year,Yes,Bank transfer,20.85,1396.95,No,61+ months,Below 30
7691-XVTZH,Female,0,Yes,No,68,Yes,Yes,Fiber optic,No,No,Yes,No,Yes,No,Two year,Yes,Bank transfer,89.95,6116.6,No,61+ months,60–90
2520-SGTTA,Female,0,Yes,Yes,0,Yes,No,No,No,No,No,No,No,No,Two year,No,Mailed check,20.0,0.0,No,0–12 months,Below 30
7481-ATQQS,Female,1,No,No,49,Yes,Yes,Fiber optic,No,No,Yes,No,No,No,Month-to-month,Yes,Credit card,90.85,4451.65,Yes,49–60 months,Above 90
2277-VWCNI,Female,1,No,No,4,Yes,Yes,DSL,No,No,No,No,No,Yes,Month-to-month,No,Mailed check,48.75,195.0,No,0–12 months,30–60
1088-CNNKB,Male,0,Yes,No,63,Yes,Yes,DSL,Yes,Yes,Yes,Yes,No,No,One year,No,Credit card,80.0,5040.0,No,61+ months,60–90
8642-GVWRF,Female,0,Yes,No,2,Yes,No,Fiber optic,No,Yes,Yes,No,No,Yes,Month-to-month,No,Bank transfer,79.7,159.4,Yes,0–12 months,60–90
1930-BZLHI,Male,0,No,No,21,Yes,No,No,No,No,No,No,No,No,One year,Yes,Mailed check,20.35,427.35,No,13–24 months,Below 30
3400-ESFUW,Male,0,Yes,Yes,55,Yes,No,DSL,Yes,Yes,No,Yes,No,No,Two year,No,Bank transfer,57.55,3165.25,Yes,49–60 months,30–60
5868-YTYKS,Male,0,No,Yes,1,Yes,No,No,No,No,No,No,No,No,Month-to-month,Yes,Mailed check,20.25,20.25,No,0–12 months,Below 30
3525-DVKFN,Female,0,No,No,17,Yes,No,No,No,No,No,No,No,No,Two year,No,Mailed check,19.4,329.8,No,13–24 months,Below 30
1482-OXZSY,Male,0,No,No,30,Yes,Yes,Fiber optic,Yes,No,No,No,Yes,No,Month-to-month,Yes,Bank transfer,100.4,3012.0,No,25–48 months,Above 90
0377-JBKKT,Male,0,Yes,Yes,22,Yes,No,DSL,Yes,Yes,No,Yes,No,Yes,Month-to-month,Yes,Mailed check,57.95,1274.9,No,13–24 months,30–60
5778-BVOFB,Female,0,No,No,9,Yes,No,DSL,No,No,No,Yes,Yes,No,Month-to-month,Yes,Bank transfer,59.5,535.5,No,0–12 months,30–60
3373-YZZYM,Male,0,Yes,Yes,1,Yes,No,No,No,No,No,No,No,No,Month-to-month,No,Mailed check,19.2,19.2,No,0–12 months,Below 30
2057-ZBLPD,Female,0,Yes,No,21,Yes,Yes,Fiber optic,No,No,No,No,No,No,Month-to-month,Yes,Electronic check,86.5,1816.5,Yes,13–24 months,60–90
0228-MAUWC,Male,0,No,No,19,Yes,Yes,DSL,No,No,Yes,Yes,No,Yes,Month-to-month,No,Electronic check,59.55,1131.45,No,13–24 months,30–60
5502-RLUYV,Female,0,Yes,Yes,69,Yes,Yes,Fiber optic,No,Yes,Yes,No,Yes,No,Month-to-month,Yes,Electronic check,103.95,7172.55,Yes,61+ months,Above 90
0023-HGHWL,Male,1,No,No,1,No,No,DSL,No,No,No,No,No,Yes,Month-to-month,Yes,Electronic check,25.1,25.1,Yes,0–12 months,Below 30
7663-YJHSN,Female,0,Yes,No,72,Yes,Yes,Fiber optic,Yes,Yes,Yes,Yes,Yes,No,Two year,Yes,Bank transfer,103.95,7484.4,No,61+ months,Above 90
4915-BFSXL,Male,0,Yes,Yes,70,Yes,Yes,DSL,Yes,No,Yes,No,Yes,No,Two year,No,Credit card,68.95,4826.5,No,61+ months,60–90
3086-RUCRN,Female,0,No,No,66,Yes,Yes,Fiber optic,Yes,Yes,Yes,Yes,No,No,Month-to-month,Yes,Bank transfer,103.1,6804.6,No,61+ months,Above 90
5215-LNLDJ,Female,0,Yes,Yes,7,No,No,DSL,No,No,No,No,No,Yes,Month-to-month,Yes,Electronic check,24.7,172.9,No,0–12 months,Below 30
7576-JMYWV,Female,1,Yes,Yes,46,Yes,Yes,Fiber optic,Yes,Yes,No,Yes,Yes,No,Month-to-month,Yes,Electronic check,110.2,5069.2,No,25–48 months,Above 90
9039-RBEEE,Male,0,No,No,39,No,No,DSL,Yes,Yes,No,Yes,Yes,Yes,Month-to-month,Yes,Credit card,48.95,1909.05,Yes,25–48 months,30–60
0257-KXZGU,Female,0,Yes,Yes,32,Yes,Yes,DSL,No,Yes,Yes,No,No,No,Month-to-month,No,Bank transfer,62.45,1998.4,No,25–48 months,60–90
1307-ATKGB,Male,0,No,No,24,Yes,No,Fiber optic,No,Yes,Yes,No,No,No,Month-to-month,Yes,Electronic check,89.55,2149.2,No,13–24 months,60–90
8417-FMLZI,Male,0,Yes,Yes,6,Yes,No,Fiber optic,No,Yes,No,No,No,Yes,Month-to-month,Yes,Credit card,83.55,501.3,Yes,0–12 months,60–90
3714-XPXBW,Female,0,No,No,37,Yes,Yes,DSL,Yes,Yes,Yes,Yes,Yes,Yes,Month-to-month,Yes,Credit card,78.9,2919.3,No,25–48 months,60–90
1850-AKQEP,Male,0,No,Yes,8,Yes,No,No,No,No,No,No,No,No,Month-to-month,No,Mailed check,20.35,162.8,No,0–12 months,Below 30
2824-DXNKN,Female,0,Yes,Yes,72,Yes,Yes,DSL,Yes,No,Yes,No,Yes,No,Two year,Yes,Bank transfer,71.45,5144.4,No,61+ months,60–90
5227-JSCFE,Male,1,Yes,No,71,No,No,DSL,Yes,Yes,Yes,Yes,No,No,Two year,No,Credit card,46.35,3290.85,No,61+ months,30–60
0848-ZGQIJ,Female,0,Yes,No,16,Yes,No,Fiber optic,No,Yes,No,No,Yes,No,Month-to-month,Yes,Bank transfer,94.65,1514.4,No,13–24 months,Above 90
3621-CHYVB,Female,0,Yes,No,57,No,No,DSL,Yes,No,Yes,Yes,No,Yes,Month-to-month,Yes,Bank transfer,49.9,2844.3,No,49–60 months,30–60
8042-RNLKO,Male,0,No,No,66,Yes,Yes,No,No,No,No,No,No,Yes,One year,No,Bank transfer,25.45,1679.7,No,61+ months,Below 30
1792-UXAFY,Female,1,No,No,17,Yes,No,Fiber optic,No,Yes,Yes,No,Yes,No,Month-to-month,Yes,Electronic check,89.15,1515.55,Yes,13–24 months,60–90
5372-FBKBN,Female,0,No,Yes,21,Yes,No,No,No,No,No,No,No,No,Month-to-month,No,Mailed check,20.75,435.75,No,13–24 months,Below 30
0420-TXVSG,Male,0,Yes,No,66,Yes,Yes,DSL,Yes,Yes,Yes,No,No,No,Two year,Yes,Credit card,66.1,4362.6,No,61+ months,60–90
6217-TOWGS,Female,0,Yes,No,17,Yes,Yes,DSL,No,Yes,No,No,Yes,No,Month-to-month,Yes,Bank transfer,75.4,1281.8,No,13–24 months,60–90
0515-YPMCW,Male,0,No,Yes,1,Yes,No,Fiber optic,No,No,No,No,No,Yes,Month-to-month,Yes,Mailed check,70.45,70.45,Yes,0–12 months,60–90
0378-XSZPU,Male,0,Yes,No,58,Yes,No,DSL,Yes,Yes,Yes,No,No,No,One year,No,Credit card,60.3,3497.4,Yes,49–60 months,60–90
1045-LTCYT,Female,0,Yes,Yes,8,Yes,No,No,No,No,No,No,No,No,Month-to-month,No,Credit card,21.05,168.4,No,0–12 months,Below 30
1544-JJMYL,Male,0,No,No,27,Yes,No,DSL,Yes,No,Yes,Yes,Yes,No,One year,No,Credit card,69.35,1872.45,No,25–48 months,60–90
4636-JGAAI,Male,0,Yes,No,34,Yes,Yes,Fiber optic,No,Yes,No,No,No,No,Month-to-month,No,Mailed check,88.85,3020.9,No,25–48 months,60–90
6874-SGLHU,Male,0,No,No,30,Yes,No,Fiber optic,No,Yes,No,No,Yes,Yes,One year,Yes,Bank transfer,97.0,2910.0,No,25–48 months,Above 90
5951-AOFIH,Male,0,No,No,33,Yes,No,DSL,No,Yes,Yes,No,Yes,Yes,Month-to-month,Yes,Credit card,66.4,2191.2,No,25–48 months,60–90
4729-XKASR,Male,0,No,Yes,1,No,No,DSL,No,No,No,No,No,No,Month-to-month,No,Electronic check,24.75,24.75,Yes,0–12 months,Below 30
3059-NGMXB,Male,0,Yes,Yes,14,Yes,Yes,DSL,Yes,Yes,No,No,No,No,Month-to-month,No,Mailed check,69.2,968.8,No,13–24 months,60–90
8652-YHIYU,Female,0,No,Yes,16,Yes,Yes,Fiber optic,No,No,No,Yes,No,Yes,One year,Yes,Credit card,79.5,1272.0,No,13–24 months,60–90
5278-PNYOX,Female,0,No,No,49,Yes,No,Fiber optic,No,No,Yes,Yes,Yes,No,Two year,No,Credit card,100.65,4931.85,No,49–60 months,Above 90
5449-FIBXJ,Male,0,Yes,Yes,19,Yes,Yes,Fiber optic,No,No,Yes,Yes,Yes,Yes,Month-to-month,No,Electronic check,103.3,1962.7,Yes,13–24 months,Above 90
3486-HOOGQ,Female,0,Yes,Yes,70,Yes,Yes,DSL,Yes,Yes,Yes,Yes,Yes,Yes,Two year,No,Bank transfer,79.7,5579.0,No,61+ months,60–90
5061-PBXFW,Female,0,Yes,Yes,32,Yes,No,DSL,Yes,Yes,No,Yes,No,No,Month-to-month,No,Bank transfer,61.4,1964.8,No,25–48 months,60–90
8630-FJLIB,Female,0,No,No,18,Yes,No,Fiber optic,No,No,No,No,No,No,Month-to-month,Yes,Electronic check,69.8,1256.4,No,13–24 months,60–90
3891-NLXJB,Male,0,No,No,37,No,No,DSL,Yes,Yes,No,Yes,No,No,Two year,Yes,Mailed check,40.55,1500.35,No,25–48 months,30–60
4749-OJKQU,Female,0,No,No,4,Yes,Yes,Fiber optic,No,No,No,No,No,No,Month-to-month,Yes,Electronic check,75.65,302.6,No,0–12 months,60–90
0577-WHMEV,Female,0,Yes,No,16,Yes,Yes,Fiber optic,Yes,Yes,Yes,No,No,No,Month-to-month,No,Electronic check,90.7,1451.2,No,13–24 months,Above 90
5453-AXEPF,Male,0,Yes,No,17,Yes,Yes,Fiber optic,No,Yes,No,No,No,No,Month-to-month,Yes,Bank transfer,80.5,1368.5,No,13–24 months,60–90
3639-XJHKQ,Female,0,No,Yes,19,Yes,No,DSL,Yes,Yes,Yes,No,No,No,Month-to-month,Yes,Electronic check,60.6,1151.4,No,13–24 months,60–90
3716-LRGXK,Male,0,Yes,No,60,Yes,Yes,Fiber optic,No,No,Yes,No,Yes,No,Two year,No,Credit card,101.15,6069.0,No,49–60 months,Above 90
2263-SFSQZ,Male,0,Yes,Yes,51,Yes,Yes,No,No,No,No,No,No,Yes,Two year,Yes,Mailed check,24.95,1272.45,No,49–60 months,Below 30
9950-MTGYX,Male,0,Yes,Yes,28,Yes,No,No,No,No,No,No,No,No,Two year,Yes,Credit card,20.3,568.4,No,25–48 months,Below 30
3397-AVTKU,Male,0,No,No,43,Yes,No,DSL,No,Yes,No,No,No,No,Two year,Yes,Electronic check,60.0,2580.0,No,25–48 months,60–90
4825-FUREZ,Male,0,Yes,No,42,Yes,No,No,No,No,No,No,No,Yes,Two year,No,Electronic check,20.25,850.5,No,25–48 months,Below 30
9837-BMCLM,Male,0,No,No,3,Yes,No,Fiber optic,No,No,No,No,Yes,No,Month-to-month,Yes,Electronic check,78.5,235.5,Yes,0–12 months,60–90
2672-OJQZP,Female,0,No,No,1,Yes,No,DSL,No,No,No,No,No,No,Month-to-month,No,Mailed check,44.75,44.75,No,0–12 months,30–60
0137-UDEUO,Female,0,No,No,3,Yes,No,No,No,No,No,No,No,No,Month-to-month,No,Mailed check,19.85,59.55,Yes,0–12 months,Below 30
3134-DSHVC,Female,0,No,No,63,Yes,Yes,Fiber optic,Yes,Yes,Yes,No,Yes,No,Two year,No,Credit card,98.0,6174.0,No,61+ months,Above 90
6161-UUUTA,Male,1,No,No,3,Yes,No,Fiber optic,No,No,No,No,Yes,No,Month-to-month,Yes,Electronic check,79.9,239.7,Yes,0–12 months,60–90
7821-DPRQE,Male,0,Yes,No,68,Yes,Yes,Fiber optic,Yes,Yes,No,Yes,Yes,No,Month-to-month,Yes,Electronic check,107.7,7323.6,No,61+ months,Above 90
6543-XRMYR,Female,1,No,No,30,Yes,Yes,Fiber optic,No,Yes,No,No,Yes,Yes,Month-to-month,Yes,Electronic check,99.7,2991.0,Yes,25–48 months,Above 90
2001-EWBQU,Female,0,No,No,60,Yes,Yes,Fiber optic,No,Yes,Yes,No,Yes,Yes,Two year,No,Electronic check,104.7,6282.0,No,49–60 months,Above 90
4925-LMHOK,Male,0,No,No,15,Yes,Yes,DSL,No,Yes,No,Yes,No,Yes,Month-to-month,Yes,Credit card,58.6,879.0,Yes,13–24 months,30–60
1608-GMEWB,Male,1,No,No,45,Yes,Yes,Fiber optic,No,No,No,No,Yes,No,Month-to-month,Yes,Bank transfer,93.9,4225.5,No,25–48 months,Above 90
6695-AMZUF,Female,0,Yes,No,70,Yes,No,DSL,Yes,Yes,Yes,Yes,Yes,Yes,Two year,No,Credit card,86.45,6051.5,No,61+ months,60–90
1455-UGQVH,Male,0,Yes,No,10,Yes,Yes,Fiber optic,No,No,Yes,No,Yes,Yes,Month-to-month,Yes,Electronic check,98.5,985.0,Yes,0–12 months,Above 90
8410-BGQXN,Male,0,No,No,4,Yes,No,No,No,No,No,No,No,Yes,Month-to-month,No,Mailed check,19.4,77.6,No,0–12 months,Below 30
8280-MQRQN,Female,0,No,No,1,Yes,No,DSL,No,No,Yes,No,No,No,Month-to-month,Yes,Mailed check,50.45,50.45,Yes,0–12 months,30–60
1619-YWUBB,Female,0,Yes,No,68,Yes,Yes,No,No,No,No,No,No,No,Two year,Yes,Credit card,24.95,1696.6,No,61+ months,Below 30
7611-YKYTC,Male,0,Yes,Yes,22,Yes,No,Fiber optic,Yes,No,No,No,No,No,Month-to-month,No,Bank transfer,75.0,1650.0,No,13–24 months,60–90
2037-SGXHH,Male,0,Yes,Yes,38,Yes,Yes,Fiber optic,No,Yes,Yes,No,Yes,No,Month-to-month,Yes,Electronic check,94.65,3596.7,Yes,25–48 months,Above 90
3178-FESZO,Female,0,No,No,1,Yes,Yes,Fiber optic,No,Yes,No,No,Yes,No,Month-to-month,Yes,Credit card,100.25,100.25,Yes,0–12 months,Above 90
0365-GXEZS,Male,0,Yes,No,18,Yes,No,Fiber optic,No,No,Yes,Yes,No,Yes,Month-to-month,No,Electronic check,78.2,1407.6,No,13–24 months,60–90
0082-OQIQY,Male,0,No,No,29,Yes,No,Fiber optic,No,No,No,Yes,Yes,No,Month-to-month,Yes,Electronic check,94.2,2731.8,No,25–48 months,Above 90
6087-MVHJH,Female,0,No,No,16,Yes,Yes,Fiber optic,No,No,Yes,No,No,Yes,Month-to-month,Yes,Electronic check,88.45,1415.2,Yes,13–24 months,60–90
4603-JANFB,Male,0,No,No,1,Yes,No,Fiber optic,No,No,No,No,No,Yes,Month-to-month,Yes,Electronic check,69.85,69.85,Yes,0–12 months,60–90
3018-TFTSU,Male,0,No,No,12,Yes,No,Fiber optic,Yes,No,Yes,No,No,No,Month-to-month,No,Bank transfer,81.7,980.4,Yes,0–12 months,60–90
3606-SBKRY,Male,0,No,No,31,No,No,DSL,No,No,Yes,No,Yes,No,One year,Yes,Electronic check,50.05,1551.55,No,25–48 months,30–60
4806-KEXQR,Male,0,No,No,4,Yes,No,Fiber optic,No,No,No,No,No,Yes,Month-to-month,Yes,Electronic check,79.9,319.6,Yes,0–12 months,60–90
0667-NSRGI,Female,0,Yes,No,48,Yes,Yes,DSL,No,No,Yes,Yes,No,Yes,One year,Yes,Mailed check,69.55,3338.4,No,25–48 months,60–90
7083-YNSKY,Female,0,No,No,15,Yes,Yes,No,No,No,No,No,No,Yes,Month-to-month,Yes,Credit card,25.4,381.0,Yes,13–24 months,Below 30
6893-ODYYE,Male,0,No,No,50,Yes,No,Fiber optic,Yes,Yes,Yes,Yes,No,No,One year,Yes,Credit card,90.1,4505.0,No,49–60 months,Above 90
8242-JSVBO,Male,0,No,No,7,Yes,No,DSL,No,No,No,No,No,No,Month-to-month,Yes,Bank transfer,44.65,312.55,No,0–12 months,30–60
2479-BRAMR,Male,1,Yes,No,41,Yes,Yes,Fiber optic,Yes,No,Yes,No,No,No,Month-to-month,Yes,Bank transfer,83.75,3433.75,Yes,25–48 months,60–90
9541-ZPSEA,Male,0,Yes,Yes,68,Yes,No,Fiber optic,Yes,No,Yes,No,No,No,Two year,No,Credit card,80.35,5463.8,No,61+ months,60–90
2665-NPTGL,Female,1,Yes,No,26,Yes,Yes,Fiber optic,No,No,Yes,No,Yes,No,Month-to-month,Yes,Bank transfer,98.1,2550.6,No,25–48 months,Above 90
1139-WUOAH,Male,0,No,No,57,No,No,DSL,No,No,Yes,Yes,Yes,Yes,Two year,No,Credit card,53.35,3040.95,No,49–60 months,30–60
4693-VWVBO,Female,0,No,No,3,Yes,No,No,No,No,No,No,No,Yes,Month-to-month,No,Electronic check,19.55,58.65,No,0–12 months,Below 30
7434-SHXLS,Female,0,No,No,1,Yes,No,No,No,No,No,No,No,No,Month-to-month,No,Mailed check,20.9,20.9,Yes,0–12 months,Below 30
6937-GCDGQ,Male,0,Yes,Yes,19,Yes,No,DSL,Yes,No,No,No,No,No,One year,Yes,Bank transfer,48.95,930.05,No,13–24 months,30–60
0988-JRWWP,Female,0,No,No,3,Yes,No,DSL,No,No,No,No,Yes,No,Month-to-month,Yes,Electronic check,54.2,162.6,No,0–12 months,30–60
5075-JSDKI,Female,0,No,No,59,Yes,Yes,No,No,No,No,No,No,No,Two year,No,Electronic check,24.45,1442.55,No,49–60 months,Below 30
7908-QCBCA,Female,0,Yes,No,1,Yes,No,Fiber optic,No,No,No,No,No,No,Month-to-month,Yes,Mailed check,69.4,69.4,Yes,0–12 months,60–90
8644-XYTSV,Male,0,Yes,No,42,No,No,DSL,Yes,No,No,No,Yes,No,Month-to-month,Yes,Bank transfer,40.15,1686.3,No,25–48 months,30–60
6711-FLDFB,Female,0,No,No,7,Yes,Yes,Fiber optic,No,No,No,No,No,No,Month-to-month,Yes,Electronic check,74.9,524.3,Yes,0–12 months,60–90
3873-WOSBC,Male,0,Yes,No,67,Yes,Yes,No,No,No,No,No,No,No,Two year,No,Credit card,25.6,1715.2,No,61+ months,Below 30
7465-ZZRVX,Male,0,No,No,1,Yes,No,Fiber optic,No,No,No,No,No,No,Month-to-month,Yes,Electronic check,70.35,70.35,No,0–12 months,60–90
7975-JMZNT,Male,0,Yes,No,66,Yes,Yes,DSL,Yes,Yes,Yes,Yes,Yes,No,Two year,No,Bank transfer,91.7,6052.2,No,61+ months,Above 90
7251-XFOIL,Female,0,No,No,61,Yes,Yes,Fiber optic,No,No,Yes,No,No,Yes,Month-to-month,No,Mailed check,89.2,5441.2,No,61+ months,60–90
4116-IQRFR,Male,0,Yes,Yes,4,Yes,Yes,No,No,No,No,No,No,Yes,One year,No,Credit card,24.1,96.4,No,0–12 months,Below 30
3714-JTVOV,Female,1,Yes,No,42,Yes,No,Fiber optic,Yes,No,No,No,No,No,Month-to-month,Yes,Credit card,74.15,3114.3,Yes,25–48 months,60–90
8259-DZLIZ,Female,0,Yes,Yes,64,Yes,Yes,DSL,No,Yes,No,No,No,No,One year,Yes,Bank transfer,53.85,3446.4,No,61+ months,30–60
0442-ZXKVS,Female,1,Yes,No,54,Yes,Yes,Fiber optic,Yes,Yes,Yes,Yes,Yes,No,One year,Yes,Bank transfer,115.6,6242.4,No,49–60 months,Above 90
7853-WNZSY,Male,0,No,No,1,Yes,No,No,No,No,No,No,No,Yes,Month-to-month,Yes,Credit card,19.75,19.75,No,0–12 months,Below 30
3120-FAZKD,Male,0,Yes,Yes,54,Yes,Yes,No,No,No,No,No,No,No,Two year,Yes,Bank transfer,24.05,1298.7,No,49–60 months,Below 30
8606-OEGQZ,Female,0,No,Yes,18,Yes,Yes,No,No,No,No,No,No,No,Two year,No,Credit card,25.3,455.4,No,13–24 months,Below 30
0225-ZORZP,Male,0,No,No,3,Yes,No,Fiber optic,No,Yes,No,No,No,No,Month-to-month,No,Electronic check,84.3,252.9,No,0–12 months,60–90
4702-IOQDC,Female,0,No,No,1,Yes,No,Fiber optic,No,No,No,No,No,Yes,Month-to-month,Yes,Electronic check,70.1,70.1,Yes,0–12 months,60–90
9489-JMTTN,Female,0,Yes,Yes,72,Yes,Yes,DSL,Yes,Yes,Yes,Yes,Yes,No,Two year,No,Credit card,89.75,6462.0,No,61+ months,60–90
0575-CUQOV,Male,1,Yes,No,60,Yes,No,Fiber optic,No,Yes,Yes,No,Yes,Yes,One year,Yes,Electronic check,97.95,5877.0,No,49–60 months,Above 90
0967-BMLBD,Female,0,Yes,Yes,11,Yes,No,No,No,No,No,No,No,Yes,One year,Yes,Mailed check,20.0,220.0,No,0–12 months,Below 30
6178-KFNHS,Female,0,No,Yes,12,Yes,Yes,Fiber optic,Yes,No,No,No,No,No,Month-to-month,Yes,Electronic check,78.3,939.6,Yes,0–12 months,60–90
2830-LEWOA,Male,0,Yes,Yes,61,Yes,No,Fiber optic,No,Yes,Yes,Yes,Yes,No,One year,No,Credit card,103.9,6337.9,No,61+ months,Above 90
5006-MXVRN,Female,0,No,No,39,Yes,No,No,No,No,No,No,No,Yes,Two year,No,Credit card,20.7,807.3,No,25–48 months,Below 30
1264-BYWMS,Male,0,No,No,55,Yes,Yes,Fiber optic,No,No,No,No,Yes,No,Month-to-month,Yes,Electronic check,96.8,5324.0,Yes,49–60 months,Above 90
9658-WYUFB,Female,0,No,No,17,Yes,Yes,Fiber optic,Yes,Yes,No,No,Yes,Yes,Month-to-month,Yes,Electronic check,94.4,1604.8,Yes,13–24 months,Above 90
8327-WKMIE,Male,0,No,No,37,Yes,No,No,No,No,No,No,No,No,One year,No,Credit card,20.15,745.55,No,25–48 months,Below 30
6917-FIJHC,Female,0,Yes,No,72,Yes,Yes,No,No,No,No,No,No,No,Two year,Yes,Mailed check,26.0,1872.0,No,61+ months,Below 30
5329-KRDTM,Male,1,Yes,No,72,Yes,Yes,DSL,No,Yes,Yes,Yes,Yes,No,Two year,No,Credit card,77.35,5569.2,No,61+ months,60–90
7797-EJMDP,Female,0,No,No,8,Yes,No,DSL,Yes,No,No,Yes,No,No,Month-to-month,No,Bank transfer,66.05,528.4,No,0–12 months,60–90
3530-VWVGU,Female,0,Yes,Yes,22,Yes,No,No,No,No,No,No,No,Yes,Month-to-month,No,Mailed check,19.9,437.8,No,13–24 months,Below 30
2013-SGDXK,Female,0,No,No,1,Yes,No,Fiber optic,No,Yes,No,No,Yes,No,Month-to-month,No,Electronic check,84.3,84.3,Yes,0–12 months,60–90
6368-NWMCE,Female,0,No,No,38,Yes,Yes,DSL,No,Yes,No,Yes,No,No,Month-to-month,No,Credit card,68.15,2589.7,No,25–48 months,60–90
3633-CDBUW,Male,0,No,Yes,17,Yes,No,DSL,No,Yes,Yes,Yes,Yes,Yes,One year,No,Electronic check,80.85,1374.45,No,13–24 months,60–90
0707-HOVVN,Female,1,No,No,70,Yes,Yes,DSL,No,Yes,Yes,Yes,Yes,Yes,Two year,Yes,Bank transfer,75.5,5285.0,No,61+ months,60–90
8580-QVLOC,Female,1,Yes,Yes,72,Yes,Yes,DSL,Yes,Yes,Yes,Yes,Yes,No,Two year,No,Credit card,92.45,6656.4,Yes,61+ months,Above 90
3956-MGXOG,Female,0,No,No,28,Yes,No,Fiber optic,No,No,No,No,No,Yes,Month-to-month,Yes,Electronic check,80.6,2256.8,No,25–48 months,60–90
9274-UARKJ,Female,0,No,No,15,Yes,No,Fiber optic,No,Yes,No,No,Yes,Yes,Month-to-month,Yes,Bank transfer,83.2,1248.0,No,13–24 months,60–90
4077-HWUYD,Male,0,Yes,Yes,72,Yes,Yes,DSL,Yes,Yes,Yes,Yes,Yes,No,Two year,Yes,Bank transfer,87.55,6303.6,No,61+ months,60–90
2012-NWRPA,Female,1,Yes,No,11,Yes,Yes,Fiber optic,No,No,Yes,No,Yes,Yes,Month-to-month,Yes,Electronic check,99.55,1095.05,Yes,0–12 months,Above 90
8808-ELEHO,Male,1,No,No,8,Yes,Yes,Fiber optic,No,No,Yes,No,No,Yes,Month-to-month,Yes,Electronic check,81.25,650.0,Yes,0–12 months,60–90
0103-CSITQ,Female,0,Yes,No,57,Yes,Yes,Fiber optic,No,Yes,Yes,Yes,Yes,No,One year,Yes,Bank transfer,109.4,6235.8,No,49–60 months,Above 90
3506-LCJDC,Male,0,Yes,Yes,1,Yes,No,No,No,No,No,No,No,Yes,Month-to-month,No,Bank transfer,19.95,19.95,Yes,0–12 months,Below 30
8671-KKKOS,Female,0,Yes,No,46,No,No,DSL,Yes,Yes,No,No,Yes,No,Month-to-month,No,Electronic check,45.55,2095.3,No,25–48 months,30–60
7305-ZWMAJ,Male,0,Yes,No,30,Yes,No,No,No,No,No,No,No,No,One year,No,Credit card,20.7,621.0,No,25–48 months,Below 30
9518-XXBXE,Male,1,Yes,No,10,Yes,No,Fiber optic,Yes,No,No,No,No,No,Month-to-month,No,Electronic check,75.3,753.0,No,0–12 months,60–90
3934-HXCFZ,Male,0,Yes,No,23,Yes,Yes,Fiber optic,Yes,Yes,Yes,No,Yes,No,Month-to-month,Yes,Electronic check,99.25,2282.75,Yes,13–24 months,Above 90
6578-KRMAW,Male,0,No,No,32,Yes,No,Fiber optic,Yes,Yes,Yes,No,No,No,Month-to-month,Yes,Credit card,93.4,2988.8,No,25–48 months,Above 90
4860-IJUDE,Male,0,No,No,13,Yes,No,Fiber optic,Yes,No,No,No,No,Yes,Month-to-month,Yes,Credit card,73.75,958.75,No,13–24 months,60–90
7666-WKRON,Female,0,No,No,39,Yes,No,Fiber optic,No,No,Yes,Yes,No,No,Two year,Yes,Electronic check,80.45,3137.55,Yes,25–48 months,60–90
9688-YGXVR,Female,0,No,No,44,Yes,No,Fiber optic,No,Yes,Yes,No,Yes,No,Month-to-month,Yes,Credit card,88.15,3878.6,No,25–48 months,60–90
0423-UDIJQ,Male,1,No,No,9,Yes,No,DSL,No,No,No,Yes,No,No,Month-to-month,No,Mailed check,49.2,442.8,No,0–12 months,30–60
1945-XISKS,Female,0,Yes,No,67,Yes,No,No,No,No,No,No,No,No,Two year,No,Mailed check,19.65,1316.55,No,61+ months,Below 30
4910-AQFFX,Male,0,Yes,Yes,9,Yes,Yes,Fiber optic,No,No,Yes,No,No,No,Month-to-month,Yes,Bank transfer,79.35,714.15,Yes,0–12 months,60–90
2154-KVJFF,Female,0,No,No,15,Yes,Yes,Fiber optic,No,Yes,No,No,No,No,Month-to-month,Yes,Electronic check,79.75,1196.25,Yes,13–24 months,60–90
5360-LJCNJ,Female,0,Yes,No,71,Yes,Yes,Fiber optic,No,Yes,Yes,No,Yes,No,Two year,Yes,Bank transfer,105.15,7465.65,No,61+ months,Above 90
2607-FBDFF,Male,0,No,No,1,Yes,No,DSL,No,No,No,Yes,No,Yes,Month-to-month,No,Credit card,49.0,49.0,No,0–12 months,30–60
9647-ERGBE,Female,0,Yes,Yes,30,Yes,Yes,Fiber optic,No,No,Yes,No,Yes,No,Month-to-month,Yes,Electronic check,100.05,3001.5,Yes,25–48 months,Above 90
3428-XZMAZ,Male,0,No,No,1,Yes,No,Fiber optic,No,No,No,No,No,Yes,Month-to-month,Yes,Electronic check,69.35,69.35,Yes,0–12 months,60–90
1100-DDVRV,Male,0,Yes,No,17,No,No,DSL,No,Yes,No,No,Yes,No,Month-to-month,Yes,Mailed check,49.8,846.6,No,13–24 months,30–60
0378-TOVMS,Female,0,No,No,3,Yes,No,Fiber optic,No,No,No,Yes,No,Yes,Month-to-month,No,Electronic check,85.8,257.4,Yes,0–12 months,60–90
4355-HBJHH,Male,0,Yes,Yes,67,Yes,Yes,DSL,Yes,No,Yes,No,Yes,Yes,Two year,Yes,Electronic check,79.7,5339.9,Yes,61+ months,60–90
6728-WYQBC,Male,0,No,No,1,Yes,No,No,No,No,No,No,No,Yes,Month-to-month,No,Bank transfer,20.95,20.95,No,0–12 months,Below 30
9058-CBREO,Female,1,No,No,1,Yes,Yes,DSL,No,No,No,No,No,No,Month-to-month,No,Mailed check,50.55,50.55,Yes,0–12 months,30–60
9029-FEGVJ,Female,1,Yes,No,32,Yes,Yes,Fiber optic,No,No,Yes,No,No,No,Month-to-month,No,Mailed check,79.3,2537.6,No,25–48 months,60–90
7216-KAOID,Male,0,Yes,Yes,41,Yes,No,No,No,No,No,No,No,No,One year,No,Bank transfer,19.5,799.5,No,25–48 months,Below 30
0318-QUUOB,Male,0,Yes,No,1,Yes,No,Fiber optic,No,No,No,No,Yes,No,Month-to-month,Yes,Electronic check,80.55,80.55,Yes,0–12 months,60–90
6145-NNPNO,Female,0,No,No,1,Yes,No,DSL,No,No,No,No,No,No,Month-to-month,No,Bank transfer,44.15,44.15,No,0–12 months,30–60
5520-FVEWJ,Female,0,Yes,Yes,12,Yes,Yes,Fiber optic,No,Yes,Yes,No,No,No,Month-to-month,Yes,Electronic check,84.5,1014.0,Yes,0–12 months,60–90
5339-TJFEK,Male,0,Yes,Yes,62,Yes,Yes,Fiber optic,Yes,Yes,No,No,Yes,No,Month-to-month,Yes,Electronic check,105.5,6541.0,No,61+ months,Above 90
5572-ZDXHY,Female,0,No,No,22,Yes,No,Fiber optic,No,Yes,No,No,No,Yes,Month-to-month,Yes,Mailed check,84.3,1854.6,Yes,13–24 months,60–90
2074-GUHPQ,Female,0,No,Yes,17,Yes,Yes,Fiber optic,No,Yes,Yes,Yes,No,Yes,Month-to-month,Yes,Credit card,92.7,1575.9,No,13–24 months,Above 90
4625-XMOYM,Female,0,Yes,Yes,72,Yes,Yes,No,No,No,No,No,No,No,Two year,Yes,Bank transfer,26.25,1890.0,No,61+ months,Below 30
5827-MWCZK,Male,0,Yes,Yes,56,Yes,Yes,Fiber optic,No,Yes,No,Yes,Yes,No,Month-to-month,Yes,Credit card,96.95,5429.2,No,49–60 months,Above 90
1385-TQOZW,Female,0,No,No,9,Yes,No,No,No,No,No,No,No,No,Month-to-month,Yes,Credit card,20.45,184.05,No,0–12 months,Below 30
5914-XRFQB,Male,0,Yes,No,72,Yes,Yes,Fiber optic,Yes,Yes,Yes,Yes,Yes,No,Two year,Yes,Bank transfer,115.8,8337.6,No,61+ months,Above 90
4329-YPDDQ,Male,0,No,No,20,Yes,No,Fiber optic,Yes,Yes,Yes,Yes,Yes,Yes,Month-to-month,Yes,Bank transfer,108.2,2164.0,No,13–24 months,Above 90
4804-NCPET,Male,0,Yes,Yes,19,Yes,No,No,No,No,No,No,No,Yes,Two year,No,Mailed check,20.2,383.8,No,13–24 months,Below 30
3750-CKVKH,Male,0,No,No,2,Yes,No,Fiber optic,No,No,No,No,No,No,Month-to-month,Yes,Electronic check,67.75,135.5,Yes,0–12 months,60–90
5944-UGLLK,Male,0,No,No,53,No,No,DSL,No,No,Yes,Yes,Yes,No,One year,No,Credit card,54.9,2909.7,No,49–60 months,30–60
8063-GBATB,Female,1,No,No,27,Yes,Yes,Fiber optic,No,No,No,No,No,Yes,Month-to-month,Yes,Electronic check,85.25,2301.75,Yes,25–48 months,60–90
7787-BNTZM,Male,0,No,No,6,Yes,No,No,No,No,No,No,No,Yes,Month-to-month,No,Bank transfer,20.15,120.9,No,0–12 months,Below 30
2252-ISRNH,Male,0,Yes,Yes,9,Yes,Yes,Fiber optic,No,No,Yes,No,Yes,No,One year,Yes,Electronic check,90.35,813.15,No,0–12 months,Above 90
9415-TPKRV,Female,0,Yes,Yes,8,Yes,Yes,DSL,No,Yes,No,No,No,No,Month-to-month,No,Electronic check,55.75,446.0,No,0–12 months,30–60
5322-TEUJK,Female,0,Yes,Yes,71,Yes,Yes,Fiber optic,Yes,Yes,Yes,Yes,Yes,No,Two year,No,Bank transfer,114.6,8136.6,No,61+ months,Above 90
4547-KQRTM,Female,0,No,No,10,Yes,Yes,Fiber optic,No,Yes,No,No,No,Yes,Month-to-month,Yes,Bank transfer,80.05,800.5,Yes,0–12 months,60–90
4877-EVATK,Male,0,No,No,1,Yes,No,No,No,No,No,No,No,No,Month-to-month,No,Mailed check,20.0,20.0,Yes,0–12 months,Below 30
1866-DIOQZ,Female,0,Yes,No,71,No,No,DSL,Yes,Yes,Yes,Yes,Yes,No,One year,No,Bank transfer,66.8,4742.8,No,61+ months,60–90
8375-KVTHK,Male,0,Yes,No,68,Yes,No,Fiber optic,No,Yes,No,Yes,Yes,Yes,One year,Yes,Electronic check,100.3,6820.4,No,61+ months,Above 90
2697-NQBPF,Male,0,No,No,34,Yes,Yes,Fiber optic,No,Yes,No,Yes,Yes,Yes,Month-to-month,Yes,Electronic check,105.35,3581.9,No,25–48 months,Above 90
3709-OIJEA,Male,0,No,No,26,Yes,No,Fiber optic,No,Yes,Yes,Yes,No,Yes,One year,Yes,Electronic check,85.2,2215.2,No,25–48 months,60–90
7639-SUPCW,Female,0,No,No,22,Yes,No,DSL,Yes,No,No,No,No,No,Month-to-month,Yes,Credit card,48.8,1073.6,Yes,13–24 months,30–60
1386-ZIKUV,Male,0,No,No,7,Yes,No,No,No,No,No,No,No,No,Month-to-month,Yes,Mailed check,18.95,132.65,No,0–12 months,Below 30
0599-XNYDO,Female,0,Yes,No,20,Yes,No,Fiber optic,No,No,No,No,No,No,Month-to-month,Yes,Bank transfer,69.8,1396.0,No,13–24 months,60–90
6377-WHAOX,Female,0,Yes,No,60,Yes,Yes,Fiber optic,No,Yes,Yes,No,Yes,No,Month-to-month,Yes,Electronic check,106.15,6369.0,No,49–60 months,Above 90
6855-VLGOS,Male,0,Yes,Yes,72,Yes,No,No,No,No,No,No,No,Yes,Two year,No,Electronic check,20.55,1479.6,No,61+ months,Below 30
8999-XXGNS,Female,1,Yes,No,72,Yes,Yes,Fiber optic,No,Yes,Yes,No,Yes,No,One year,Yes,Credit card,105.75,7614.0,No,61+ months,Above 90
8746-OQQRW,Male,0,No,No,4,Yes,Yes,No,No,No,No,No,No,Yes,Month-to-month,No,Mailed check,25.25,101.0,No,0–12 months,Below 30
3181-MIZBN,Male,0,Yes,Yes,16,Yes,No,No,No,No,No,No,No,No,Month-to-month,No,Electronic check,19.75,316.0,No,13–24 months,Below 30
0471-ARVMX,Female,1,Yes,No,62,Yes,Yes,Fiber optic,Yes,No,Yes,No,Yes,No,One year,Yes,Electronic check,104.85,6500.7,No,61+ months,Above 90
7766-CLTIC,Female,0,No,No,10,Yes,No,DSL,No,No,No,Yes,No,Yes,Month-to-month,Yes,Mailed check,60.95,609.5,No,0–12 months,60–90
5650-YLIBA,Male,0,No,No,31,Yes,Yes,Fiber optic,No,Yes,No,No,No,Yes,Month-to-month,Yes,Electronic check,81.15,2515.65,No,25–48 months,60–90
0825-CPPQH,Female,0,Yes,No,71,Yes,No,No,No,No,No,No,No,No,Two year,No,Credit card,19.1,1356.1,No,61+ months,Below 30
9084-OAYKL,Male,0,No,No,58,Yes,No,No,No,No,No,No,No,No,Two year,No,Mailed check,20.8,1206.4,No,49–60 months,Below 30
6122-LJADA,Male,0,Yes,Yes,70,Yes,Yes,DSL,Yes,Yes,Yes,Yes,Yes,No,Two year,Yes,Credit card,90.15,6310.5,No,61+ months,Above 90
2400-XIWIO,Female,0,Yes,No,71,Yes,Yes,DSL,Yes,Yes,Yes,Yes,Yes,Yes,Two year,No,Electronic check,90.1,6397.1,No,61+ months,Above 90
7524-VRLPL,Male,1,No,No,69,Yes,Yes,DSL,Yes,No,Yes,Yes,No,Yes,Two year,No,Credit card,74.1,5112.9,No,61+ months,60–90
1069-XAIEM,Female,1,No,No,1,Yes,Yes,Fiber optic,No,No,No,No,No,Yes,Month-to-month,Yes,Electronic check,85.05,85.05,Yes,0–12 months,60–90
7569-NMZYQ,Female,0,Yes,Yes,72,Yes,Yes,Fiber optic,Yes,Yes,Yes,Yes,Yes,Yes,Two year,Yes,Bank transfer,118.75,8550.0,No,61+ months,Above 90
5201-USSQZ,Female,0,Yes,No,26,Yes,No,Fiber optic,No,No,No,Yes,No,Yes,Month-to-month,No,Credit card,85.9,2233.4,No,25–48 months,60–90
2105-PHWON,Female,0,Yes,No,33,Yes,Yes,Fiber optic,No,No,Yes,Yes,No,Yes,Month-to-month,Yes,Credit card,95.0,3135.0,No,25–48 months,Above 90
1494-EJZDW,Female,0,Yes,Yes,10,Yes,No,No,No,No,No,No,No,Yes,Two year,No,Mailed check,20.15,201.5,No,0–12 months,Below 30
4884-TVUQF,Female,1,No,No,57,Yes,Yes,Fiber optic,Yes,No,Yes,Yes,No,No,Two year,No,Credit card,101.3,5774.1,No,49–60 months,Above 90
8003-EWNDZ,Female,0,No,No,10,Yes,No,No,No,No,No,No,No,Yes,Month-to-month,Yes,Electronic check,21.2,212.0,No,0–12 months,Below 30
1897-RCFUM,Female,0,Yes,Yes,39,Yes,Yes,No,No,No,No,No,No,No,One year,Yes,Mailed check,24.2,943.8,No,25–48 months,Below 30
9256-JTBNZ,Female,0,No,No,11,Yes,No,No,No,No,No,No,No,No,Month-to-month,No,Bank transfer,20.3,223.3,No,0–12 months,Below 30
4658-HCOHW,Female,0,Yes,Yes,21,Yes,No,Fiber optic,No,Yes,Yes,Yes,Yes,No,Month-to-month,Yes,Electronic check,102.8,2158.8,Yes,13–24 months,Above 90
2211-RMNHO,Female,0,Yes,Yes,68,Yes,Yes,DSL,No,Yes,Yes,Yes,Yes,Yes,Two year,No,Bank transfer,85.3,5800.4,No,61+ months,60–90
2432-TFSMK,Male,0,No,No,18,Yes,Yes,Fiber optic,No,No,Yes,No,Yes,Yes,One year,Yes,Credit card,89.6,1612.8,No,13–24 months,60–90
3440-JPSCL,Female,0,No,No,6,Yes,No,Fiber optic,No,No,Yes,Yes,Yes,No,Month-to-month,Yes,Mailed check,99.95,599.7,Yes,0–12 months,Above 90
4929-ROART,Male,0,No,No,18,Yes,Yes,DSL,Yes,No,No,No,No,Yes,Month-to-month,No,Mailed check,56.25,1012.5,No,13–24 months,30–60
1834-ABKHQ,Female,0,Yes,Yes,52,Yes,No,DSL,No,No,Yes,No,No,No,One year,Yes,Bank transfer,50.95,2649.4,No,49–60 months,30–60
1741-WTPON,Male,0,Yes,Yes,56,Yes,Yes,Fiber optic,Yes,Yes,Yes,Yes,Yes,No,Two year,No,Mailed check,115.85,6487.6,No,49–60 months,Above 90
3932-IJWDZ,Male,0,No,No,45,Yes,Yes,Fiber optic,No,No,Yes,Yes,Yes,Yes,Month-to-month,Yes,Bank transfer,103.65,4664.25,No,25–48 months,Above 90
1240-HCBOH,Female,0,No,No,67,Yes,Yes,No,No,No,No,No,No,Yes,Two year,Yes,Mailed check,26.1,1748.7,No,61+ months,Below 30
3594-KADLU,Male,0,Yes,No,3,No,No,DSL,Yes,No,No,Yes,No,No,Month-to-month,No,Mailed check,35.1,105.3,No,0–12 months,30–60
8065-BVEPF,Male,1,No,No,65,Yes,No,Fiber optic,No,Yes,Yes,No,Yes,No,Month-to-month,Yes,Bank transfer,99.1,6441.5,No,61+ months,Above 90
3796-ENZGF,Male,0,Yes,No,63,Yes,Yes,DSL,No,Yes,No,Yes,No,Yes,Two year,No,Mailed check,67.25,4236.75,No,61+ months,60–90
1734-ZMNTZ,Female,0,Yes,Yes,11,Yes,Yes,No,No,No,No,No,No,Yes,Two year,No,Mailed check,25.0,275.0,No,0–12 months,Below 30
2853-CWQFQ,Male,0,No,Yes,1,Yes,No,DSL,No,No,No,Yes,No,No,Month-to-month,Yes,Mailed check,59.55,59.55,No,0–12 months,30–60
0813-TAXXS,Male,0,No,No,55,Yes,Yes,DSL,No,No,Yes,No,Yes,Yes,Two year,Yes,Bank transfer,77.8,4279.0,No,49–60 months,60–90
2519-TWKFS,Male,0,Yes,Yes,25,Yes,Yes,DSL,No,No,No,Yes,No,Yes,One year,Yes,Mailed check,55.1,1377.5,No,25–48 months,30–60
2889-FPWRM,Male,0,Yes,No,72,Yes,Yes,Fiber optic,Yes,Yes,Yes,Yes,Yes,No,One year,Yes,Bank transfer,117.8,8481.6,Yes,61+ months,Above 90
0626-QXNGV,Female,0,Yes,No,72,Yes,Yes,No,No,No,No,No,No,Yes,Two year,Yes,Credit card,24.15,1738.8,No,61+ months,Below 30
6723-CEGQI,Female,0,No,Yes,65,No,No,DSL,No,Yes,No,Yes,Yes,No,Two year,No,Mailed check,45.25,2941.25,No,61+ months,30–60
6987-XQSJT,Female,1,No,No,54,Yes,Yes,Fiber optic,No,Yes,No,No,No,No,Month-to-month,Yes,Electronic check,79.5,4293.0,Yes,49–60 months,60–90
4732-RRJZC,Male,0,Yes,Yes,7,Yes,No,No,No,No,No,No,No,No,Month-to-month,No,Mailed check,20.25,141.75,No,0–12 months,Below 30
9499-XPZXM,Female,0,Yes,No,72,Yes,Yes,DSL,Yes,Yes,No,Yes,No,No,Two year,No,Bank transfer,64.75,4662.0,No,61+ months,60–90
4338-EYCER,Male,0,Yes,No,21,Yes,No,DSL,No,No,No,No,Yes,No,Month-to-month,No,Bank transfer,54.6,1146.6,No,13–24 months,30–60
3007-FDPEA,Female,0,No,No,2,Yes,No,No,No,No,No,No,No,No,Month-to-month,Yes,Bank transfer,20.7,41.4,No,0–12 months,Below 30
6350-XFYGW,Male,1,No,No,4,Yes,No,Fiber optic,No,No,Yes,No,Yes,No,Month-to-month,Yes,Electronic check,94.75,379.0,No,0–12 months,Above 90
4290-BSXUX,Male,0,Yes,No,3,Yes,Yes,Fiber optic,No,No,No,Yes,No,Yes,Month-to-month,Yes,Bank transfer,79.65,238.95,Yes,0–12 months,60–90
8513-OLYGY,Male,0,Yes,No,72,Yes,Yes,Fiber optic,Yes,Yes,Yes,Yes,Yes,No,Two year,No,Credit card,115.8,8337.6,No,61+ months,Above 90
0311-QYWSS,Female,0,No,No,6,Yes,No,DSL,Yes,No,No,No,No,Yes,Month-to-month,Yes,Electronic check,49.45,296.7,No,0–12 months,30–60
8705-DWKTI,Male,0,No,No,52,Yes,No,Fiber optic,No,No,Yes,No,No,No,Month-to-month,Yes,Credit card,83.8,4357.6,No,49–60 months,60–90
8755-IWJHN,Male,1,Yes,No,69,Yes,Yes,Fiber optic,No,Yes,Yes,No,No,Yes,Month-to-month,Yes,Bank transfer,95.35,6579.15,No,61+ months,Above 90
0325-XBFAC,Male,0,No,No,8,Yes,No,Fiber optic,No,No,Yes,No,Yes,Yes,Month-to-month,Yes,Electronic check,94.7,757.6,Yes,0–12 months,Above 90
4480-QQRHC,Female,1,No,No,8,Yes,No,Fiber optic,No,No,Yes,No,No,Yes,Month-to-month,Yes,Bank transfer,74.05,592.4,No,0–12 months,60–90
0929-PECLO,Female,1,No,No,63,Yes,Yes,Fiber optic,No,No,Yes,No,No,No,Month-to-month,Yes,Bank transfer,89.6,5644.8,No,61+ months,60–90
3680-CTHUH,Male,0,No,No,60,Yes,Yes,Fiber optic,Yes,Yes,Yes,Yes,Yes,Yes,One year,Yes,Credit card,116.6,6996.0,No,49–60 months,Above 90
1202-KKGFU,Female,0,Yes,No,12,Yes,No,DSL,Yes,No,No,Yes,No,Yes,Month-to-month,No,Bank transfer,54.2,650.4,No,0–12 months,30–60
6112-KTHFQ,Female,0,No,No,13,Yes,No,No,No,No,No,No,No,No,Month-to-month,Yes,Mailed check,19.3,250.9,No,13–24 months,Below 30
1852-XEMDW,Male,0,No,No,22,Yes,Yes,DSL,Yes,Yes,Yes,No,No,No,Month-to-month,No,Mailed check,65.05,1431.1,No,13–24 months,60–90
2462-XIIJB,Male,0,No,No,5,Yes,Yes,Fiber optic,No,No,Yes,No,Yes,No,Month-to-month,Yes,Electronic check,92.5,462.5,Yes,0–12 months,Above 90
4760-XOHVN,Female,0,Yes,Yes,1,Yes,No,No,No,No,No,No,No,No,Month-to-month,No,Mailed check,19.45,19.45,Yes,0–12 months,Below 30
1820-DJFPH,Female,0,Yes,Yes,72,Yes,Yes,No,No,No,No,No,No,No,Two year,Yes,Bank transfer,24.05,1731.6,No,61+ months,Below 30
9426-SXNHE,Female,0,No,No,2,Yes,No,No,No,No,No,No,No,No,Month-to-month,No,Bank transfer,18.75,37.5,No,0–12 months,Below 30
9068-FHQHD,Female,0,Yes,Yes,40,Yes,No,No,No,No,No,No,No,No,Two year,No,Bank transfer,20.15,806.0,No,25–48 months,Below 30
1269-FOYWN,Male,0,Yes,Yes,44,Yes,No,No,No,No,No,No,No,No,One year,No,Bank transfer,20.0,880.0,No,25–48 months,Below 30
9470-YFUYI,Male,1,Yes,No,71,Yes,No,DSL,Yes,Yes,No,Yes,Yes,No,One year,Yes,Bank transfer,71.0,5041.0,No,61+ months,60–90
7817-BOQPW,Female,0,No,No,2,Yes,Yes,Fiber optic,No,No,No,No,No,No,Month-to-month,Yes,Electronic check,75.55,151.1,Yes,0–12 months,60–90
7402-EYFXX,Male,1,No,No,26,Yes,Yes,Fiber optic,No,No,No,No,Yes,No,Month-to-month,Yes,Electronic check,93.6,2433.6,No,25–48 months,Above 90
1853-UDXBW,Male,0,Yes,Yes,1,Yes,No,Fiber optic,No,No,No,No,No,Yes,Month-to-month,Yes,Electronic check,70.0,70.0,Yes,0–12 months,60–90
9895-VFOXH,Female,0,No,No,1,No,No,DSL,No,No,No,No,No,No,Month-to-month,No,Mailed check,24.4,24.4,No,0–12 months,Below 30
5458-CQJTA,Male,0,Yes,Yes,65,Yes,No,DSL,Yes,No,No,Yes,Yes,No,Two year,Yes,Bank transfer,74.8,4862.0,Yes,61+ months,60–90
1230-QAJDW,Male,0,No,No,3,Yes,Yes,DSL,No,No,No,Yes,Yes,Yes,Month-to-month,Yes,Mailed check,65.25,195.75,No,0–12 months,60–90
5701-ZIKJE,Male,0,No,No,13,Yes,No,DSL,No,No,No,Yes,No,No,Month-to-month,Yes,Mailed check,50.55,657.15,No,13–24 months,30–60
5219-YIPTK,Female,0,Yes,No,33,Yes,Yes,Fiber optic,No,Yes,Yes,No,Yes,No,Month-to-month,Yes,Electronic check,104.4,3445.2,Yes,25–48 months,Above 90
5032-MIYKT,Female,0,No,No,1,Yes,No,Fiber optic,No,No,No,No,No,Yes,Month-to-month,Yes,Mailed check,70.7,70.7,No,0–12 months,60–90
7396-VJUZB,Male,0,Yes,Yes,4,Yes,No,DSL,No,No,No,No,No,No,Month-to-month,No,Mailed check,45.25,181.0,No,0–12 months,30–60
9717-QEBGU,Male,0,No,No,2,Yes,No,Fiber optic,No,No,No,No,No,No,Month-to-month,Yes,Electronic check,70.3,140.6,No,0–12 months,60–90
5172-RKOCB,Male,0,Yes,No,72,Yes,Yes,Fiber optic,Yes,Yes,No,Yes,Yes,No,Two year,Yes,Credit card,108.95,7844.4,No,61+ months,Above 90
6509-TSGWN,Female,0,Yes,Yes,37,Yes,Yes,No,No,No,No,No,No,Yes,Month-to-month,No,Mailed check,26.45,978.65,No,25–48 months,Below 30
3540-RZJYU,Female,0,No,No,15,Yes,No,Fiber optic,Yes,No,No,No,Yes,No,Month-to-month,No,Electronic check,86.2,1293.0,Yes,13–24 months,60–90
3178-CIFOT,Female,0,No,No,23,Yes,No,No,No,No,No,No,No,No,One year,Yes,Credit card,19.65,451.95,No,13–24 months,Below 30
2091-MJTFX,Female,0,Yes,Yes,30,No,No,DSL,No,No,No,Yes,Yes,No,Month-to-month,No,Credit card,51.2,1536.0,Yes,25–48 months,30–60
4530-NDRKU,Female,0,Yes,Yes,42,Yes,No,No,No,No,No,No,No,Yes,One year,Yes,Electronic check,19.05,800.1,No,25–48 months,Below 30
5985-TBABQ,Female,0,No,No,32,Yes,Yes,DSL,Yes,No,No,No,Yes,No,One year,No,Mailed check,74.75,2392.0,No,25–48 months,60–90
9800-ONTFE,Female,0,Yes,Yes,22,Yes,Yes,Fiber optic,No,No,No,No,No,Yes,Month-to-month,Yes,Bank transfer,75.8,1667.6,No,13–24 months,60–90
6743-HHQPF,Male,0,Yes,No,42,No,No,DSL,No,No,No,No,No,No,Month-to-month,Yes,Credit card,25.1,1054.2,No,25–48 months,Below 30
8455-HIRAQ,Female,0,No,No,8,Yes,No,DSL,No,No,No,No,No,No,Month-to-month,No,Mailed check,44.45,355.6,No,0–12 months,30–60
6616-AALSR,Female,0,Yes,Yes,65,Yes,Yes,Fiber optic,Yes,No,Yes,No,Yes,No,Two year,Yes,Credit card,104.3,6779.5,No,61+ months,Above 90
0883-EIBTI,Female,0,No,No,2,Yes,No,No,No,No,No,No,No,Yes,Month-to-month,No,Mailed check,19.5,39.0,Yes,0–12 months,Below 30
9415-ZNBSX,Female,0,Yes,Yes,70,Yes,Yes,DSL,Yes,Yes,Yes,Yes,Yes,No,Two year,Yes,Bank transfer,89.0,6230.0,No,61+ months,60–90
4018-KJYUY,Male,0,No,Yes,22,Yes,No,No,No,No,No,No,No,Yes,Month-to-month,No,Credit card,20.15,443.3,No,13–24 months,Below 30
0722-TROQR,Female,1,No,No,4,Yes,Yes,Fiber optic,No,No,No,No,No,No,Month-to-month,Yes,Electronic check,74.9,299.6,Yes,0–12 months,60–90
7571-YXDAD,Female,0,No,No,2,Yes,Yes,Fiber optic,No,No,No,No,No,No,Month-to-month,No,Credit card,74.9,149.8,Yes,0–12 months,60–90
3884-UEBXB,Female,0,Yes,Yes,67,No,No,DSL,Yes,Yes,No,No,No,No,Two year,No,Bank transfer,36.15,2422.05,No,61+ months,30–60
8780-RSYYU,Female,0,No,No,25,Yes,No,No,No,No,No,No,No,No,Month-to-month,Yes,Credit card,19.2,480.0,No,25–48 months,Below 30
5537-UXXVS,Female,0,Yes,No,20,Yes,No,No,No,No,No,No,No,No,Month-to-month,No,Bank transfer,19.25,385.0,No,13–24 months,Below 30
1791-PQHBB,Female,0,No,Yes,2,Yes,No,DSL,Yes,No,No,No,No,No,Month-to-month,Yes,Credit card,61.2,122.4,No,0–12 months,60–90
8701-DGLVH,Male,0,No,No,51,Yes,No,No,No,No,No,No,No,Yes,Two year,No,Mailed check,20.45,1042.95,No,49–60 months,Below 30
8741-LQOBK,Female,0,Yes,Yes,46,No,No,DSL,Yes,Yes,No,No,No,No,Month-to-month,No,Bank transfer,35.05,1612.3,No,25–48 months,30–60
3393-FMZPV,Female,0,No,No,25,Yes,Yes,Fiber optic,No,Yes,No,No,Yes,No,Month-to-month,Yes,Electronic check,100.25,2506.25,Yes,25–48 months,Above 90
8082-GHXOP,Male,0,No,Yes,13,Yes,No,DSL,No,No,No,No,No,Yes,Month-to-month,No,Mailed check,44.0,572.0,No,13–24 months,30–60
6402-ZFPPI,Female,1,No,No,25,Yes,Yes,Fiber optic,Yes,Yes,No,No,Yes,No,Month-to-month,Yes,Mailed check,102.8,2570.0,Yes,25–48 months,Above 90
0980-FEXWF,Male,0,Yes,Yes,26,Yes,No,DSL,No,No,Yes,No,No,Yes,One year,No,Mailed check,50.35,1309.1,No,25–48 months,30–60
7486-KSRVI,Male,0,No,No,43,Yes,Yes,Fiber optic,No,No,No,Yes,Yes,No,One year,Yes,Electronic check,100.0,4300.0,Yes,25–48 months,Above 90
3011-WQKSZ,Male,0,No,Yes,19,Yes,No,No,No,No,No,No,No,Yes,Month-to-month,Yes,Electronic check,20.0,380.0,No,13–24 months,Below 30
8443-WVPSS,Male,0,Yes,No,10,Yes,No,Fiber optic,No,Yes,No,Yes,Yes,No,Month-to-month,Yes,Electronic check,99.85,998.5,Yes,0–12 months,Above 90
3006-XIMLN,Female,0,No,Yes,2,Yes,Yes,Fiber optic,No,No,No,No,Yes,Yes,Month-to-month,Yes,Bank transfer,94.2,188.4,Yes,0–12 months,Above 90
8218-FFJDS,Female,0,Yes,No,72,Yes,Yes,DSL,Yes,Yes,No,Yes,Yes,Yes,Two year,Yes,Bank transfer,86.4,6220.8,No,61+ months,60–90
1986-PHGZF,Male,1,No,No,18,Yes,Yes,DSL,Yes,Yes,No,No,No,Yes,Month-to-month,Yes,Credit card,58.4,1051.2,No,13–24 months,30–60
9965-YOKZB,Male,1,No,No,9,Yes,Yes,Fiber optic,No,No,No,No,No,No,Month-to-month,Yes,Electronic check,83.85,754.65,Yes,0–12 months,60–90
0504-HHAPI,Female,1,No,No,27,Yes,Yes,Fiber optic,No,No,Yes,No,No,Yes,Month-to-month,No,Credit card,88.3,2384.1,Yes,25–48 months,60–90
9360-OMDZZ,Male,0,No,No,24,Yes,Yes,Fiber optic,No,No,No,No,Yes,Yes,Month-to-month,Yes,Electronic check,94.1,2258.4,No,13–24 months,Above 90
6305-YLBMM,Male,0,No,No,69,Yes,No,Fiber optic,No,Yes,Yes,Yes,Yes,Yes,One year,Yes,Bank transfer,104.05,7179.45,Yes,61+ months,Above 90
0345-XMMUG,Female,0,Yes,No,46,Yes,Yes,Fiber optic,No,Yes,Yes,Yes,Yes,Yes,Two year,Yes,Credit card,108.9,5009.4,No,25–48 months,Above 90
8024-XNAFQ,Female,1,No,No,72,Yes,Yes,Fiber optic,Yes,Yes,Yes,Yes,No,Yes,Two year,Yes,Bank transfer,107.4,7732.8,No,61+ months,Above 90
3647-GMGDH,Male,0,Yes,No,22,Yes,No,Fiber optic,No,No,Yes,No,Yes,Yes,Month-to-month,Yes,Credit card,94.7,2083.4,Yes,13–24 months,Above 90
2988-GBIVW,Female,1,Yes,No,70,Yes,Yes,Fiber optic,Yes,No,No,No,No,Yes,Month-to-month,Yes,Electronic check,90.85,6359.5,No,61+ months,Above 90
2832-SCUCO,Female,0,No,No,2,Yes,No,No,No,No,No,No,No,Yes,Month-to-month,No,Electronic check,19.9,39.8,No,0–12 months,Below 30
7036-ZZKBD,Male,0,Yes,No,31,Yes,No,DSL,No,No,Yes,Yes,No,No,Month-to-month,Yes,Credit card,66.4,2058.4,No,25–48 months,60–90
3791-LGQCY,Female,1,Yes,No,56,Yes,Yes,Fiber optic,No,No,Yes,No,Yes,Yes,Month-to-month,Yes,Bank transfer,100.65,5636.4,Yes,49–60 months,Above 90
0265-PSUAE,Female,0,Yes,Yes,16,Yes,No,Fiber optic,Yes,No,Yes,No,Yes,Yes,Month-to-month,No,Bank transfer,100.7,1611.2,No,13–24 months,Above 90
0463-TXOAK,Male,0,No,Yes,52,Yes,Yes,No,No,No,No,No,No,Yes,Two year,No,Credit card,25.6,1331.2,No,49–60 months,Below 30
0594-UFTUL,Male,0,Yes,Yes,13,Yes,No,No,No,No,No,No,No,No,Month-to-month,Yes,Mailed check,19.85,258.05,No,13–24 months,Below 30
9509-MPYOD,Female,0,No,No,35,Yes,No,No,No,No,No,No,No,No,One year,No,Mailed check,20.75,726.25,No,25–48 months,Below 30
9128-CPXKI,Female,0,No,No,59,Yes,No,Fiber optic,No,No,Yes,No,Yes,No,Two year,No,Electronic check,95.8,5652.2,No,49–60 months,Above 90
0129-KPTWJ,Male,0,Yes,No,72,Yes,No,Fiber optic,No,No,Yes,No,Yes,Yes,Month-to-month,Yes,Electronic check,94.65,6814.8,No,61+ months,Above 90
8166-ZZTFS,Female,1,Yes,No,66,Yes,Yes,DSL,No,Yes,Yes,No,Yes,Yes,Two year,Yes,Bank transfer,80.55,5316.3,Yes,61+ months,60–90
5855-EIBDE,Female,0,Yes,No,49,Yes,Yes,Fiber optic,Yes,Yes,Yes,Yes,No,Yes,Two year,No,Credit card,106.65,5225.85,No,49–60 months,Above 90
5365-LLFYV,Female,0,No,No,2,Yes,No,DSL,No,No,No,No,No,Yes,Month-to-month,Yes,Mailed check,45.85,91.7,No,0–12 months,30–60
5956-YHHRX,Male,1,No,No,21,Yes,Yes,Fiber optic,No,Yes,Yes,No,Yes,No,Month-to-month,Yes,Electronic check,104.35,2191.35,No,13–24 months,Above 90
6008-NAIXK,Male,1,No,No,54,No,No,DSL,No,Yes,Yes,No,Yes,Yes,One year,Yes,Electronic check,55.45,2994.3,No,49–60 months,30–60
2956-GGUCQ,Male,1,Yes,No,24,Yes,Yes,Fiber optic,Yes,No,No,No,No,Yes,Month-to-month,Yes,Electronic check,78.85,1892.4,Yes,13–24 months,60–90
1928-BXYIV,Male,0,No,No,1,Yes,Yes,DSL,Yes,Yes,No,No,No,No,Month-to-month,No,Electronic check,61.15,61.15,No,0–12 months,60–90
5760-FXFVO,Male,0,No,No,6,Yes,No,Fiber optic,Yes,Yes,No,No,No,No,Month-to-month,Yes,Electronic check,78.95,473.7,No,0–12 months,60–90
6595-COKXZ,Female,0,No,No,1,Yes,No,DSL,No,No,No,No,No,No,Month-to-month,Yes,Mailed check,44.45,44.45,Yes,0–12 months,30–60
0961-ZWLVI,Male,0,No,Yes,49,Yes,Yes,Fiber optic,Yes,Yes,Yes,No,Yes,No,One year,Yes,Credit card,109.2,5350.8,No,49–60 months,Above 90
5181-OABFK,Female,0,Yes,Yes,56,Yes,No,DSL,Yes,Yes,Yes,No,No,Yes,Two year,Yes,Credit card,61.3,3432.8,No,49–60 months,60–90
4007-NHVHI,Female,1,No,No,56,Yes,Yes,Fiber optic,Yes,Yes,No,No,No,No,Month-to-month,Yes,Electronic check,96.85,5423.6,No,49–60 months,Above 90
7816-VGHTO,Female,0,Yes,Yes,6,No,No,DSL,No,Yes,Yes,Yes,No,Yes,Two year,No,Mailed check,40.55,243.3,No,0–12 months,30–60
5871-DGTXZ,Male,0,No,No,32,Yes,No,No,No,No,No,No,No,No,One year,No,Mailed check,19.8,633.6,No,25–48 months,Below 30
7550-WIQVA,Male,0,Yes,Yes,50,Yes,Yes,Fiber optic,Yes,Yes,Yes,No,Yes,No,One year,Yes,Electronic check,108.25,5412.5,No,49–60 months,Above 90
7544-ZVIKX,Male,0,Yes,Yes,58,Yes,Yes,Fiber optic,No,No,Yes,Yes,Yes,Yes,One year,Yes,Bank transfer,105.05,6092.9,No,49–60 months,Above 90
0016-QLJIS,Female,0,Yes,Yes,65,Yes,Yes,DSL,Yes,Yes,Yes,Yes,Yes,Yes,Two year,Yes,Mailed check,90.45,5879.25,No,61+ months,Above 90
7508-DQAKK,Female,0,No,No,64,Yes,Yes,DSL,Yes,Yes,Yes,Yes,Yes,Yes,Two year,Yes,Credit card,86.4,5529.6,No,61+ months,60–90
5176-OLSKT,Female,0,Yes,No,66,Yes,Yes,DSL,Yes,Yes,Yes,No,No,Yes,Two year,No,Bank transfer,66.9,4415.4,No,61+ months,60–90
9356-AXGMP,Male,0,Yes,No,38,Yes,Yes,Fiber optic,Yes,No,Yes,Yes,Yes,No,One year,Yes,Electronic check,110.7,4206.6,No,25–48 months,Above 90
3556-BVQGL,Female,0,Yes,No,20,Yes,No,No,No,No,No,No,No,Yes,One year,Yes,Mailed check,20.0,400.0,No,13–24 months,Below 30
0362-ZBZWJ,Male,0,No,No,36,Yes,Yes,Fiber optic,No,No,No,No,No,No,Month-to-month,Yes,Electronic check,84.9,3056.4,Yes,25–48 months,60–90
8979-CAMGB,Male,1,No,No,64,Yes,Yes,Fiber optic,No,No,Yes,Yes,Yes,Yes,One year,No,Electronic check,102.1,6534.4,No,61+ months,Above 90
4211-MMAZN,Male,0,No,No,1,Yes,No,No,No,No,No,No,No,Yes,Month-to-month,No,Mailed check,20.25,20.25,Yes,0–12 months,Below 30
7581-EBBOU,Female,0,No,No,60,Yes,No,DSL,No,Yes,Yes,Yes,Yes,No,One year,Yes,Credit card,70.15,4209.0,No,49–60 months,60–90
4274-OWWYO,Male,0,No,No,1,Yes,No,Fiber optic,No,Yes,No,No,No,No,Month-to-month,Yes,Electronic check,74.35,74.35,Yes,0–12 months,60–90
5073-RZGBK,Female,0,Yes,Yes,50,Yes,Yes,DSL,Yes,Yes,Yes,Yes,No,No,One year,Yes,Bank transfer,80.05,4002.5,No,49–60 months,60–90
1541-ETJZO,Male,0,No,No,1,Yes,Yes,DSL,No,No,Yes,Yes,No,Yes,Month-to-month,No,Mailed check,62.05,62.05,Yes,0–12 months,60–90
2192-CKRLV,Female,0,Yes,No,72,No,No,DSL,Yes,Yes,Yes,No,No,No,Two year,Yes,Electronic check,49.2,3542.4,No,61+ months,30–60
3154-HMWUU,Male,0,Yes,No,60,Yes,No,No,No,No,No,No,No,Yes,Two year,Yes,Bank transfer,20.5,1230.0,No,49–60 months,Below 30
6119-SPUDB,Male,0,No,No,46,No,No,DSL,Yes,No,Yes,Yes,No,No,Two year,No,Mailed check,38.25,1759.5,No,25–48 months,30–60
6522-OIQSX,Female,0,Yes,Yes,69,No,No,DSL,No,Yes,Yes,No,Yes,No,Two year,Yes,Credit card,54.95,3791.55,No,61+ months,30–60
7813-ZGGAW,Male,1,No,No,31,Yes,Yes,Fiber optic,No,No,Yes,Yes,Yes,Yes,Month-to-month,Yes,Bank transfer,96.6,2994.6,No,25–48 months,Above 90
8748-HFWBO,Male,0,Yes,Yes,19,Yes,No,No,No,No,No,No,No,No,One year,No,Mailed check,19.9,378.1,No,13–24 months,Below 30
1052-QJIBV,Female,0,Yes,Yes,71,Yes,No,No,No,No,No,No,No,No,Two year,No,Credit card,19.9,1412.9,No,61+ months,Below 30
1319-YLZJG,Male,0,Yes,No,12,Yes,No,Fiber optic,Yes,Yes,Yes,No,No,No,Month-to-month,Yes,Electronic check,84.6,1015.2,No,0–12 months,60–90
4106-HADHQ,Male,0,Yes,Yes,39,Yes,No,DSL,Yes,No,Yes,Yes,Yes,No,One year,No,Credit card,80.0,3120.0,Yes,25–48 months,60–90
0723-FDLAY,Male,0,No,No,44,Yes,Yes,DSL,No,Yes,Yes,Yes,Yes,Yes,One year,Yes,Bank transfer,85.25,3751.0,No,25–48 months,60–90
3050-RLLXC,Female,0,Yes,Yes,56,Yes,Yes,DSL,Yes,Yes,Yes,Yes,Yes,Yes,Two year,No,Credit card,81.25,4550.0,No,49–60 months,60–90
9298-WGMRW,Female,0,Yes,No,72,Yes,Yes,Fiber optic,Yes,Yes,Yes,Yes,Yes,No,Two year,Yes,Bank transfer,115.5,8316.0,No,61+ months,Above 90
2369-UAPKZ,Male,0,No,No,5,Yes,Yes,Fiber optic,No,Yes,Yes,No,Yes,Yes,Month-to-month,No,Mailed check,104.1,520.5,Yes,0–12 months,Above 90
3088-LHEFH,Female,0,No,No,11,Yes,Yes,Fiber optic,Yes,No,No,No,No,Yes,Month-to-month,Yes,Bank transfer,79.0,869.0,No,0–12 months,60–90
2778-OCLGR,Male,1,Yes,No,24,No,No,DSL,Yes,No,No,No,No,No,Month-to-month,No,Bank transfer,39.1,938.4,Yes,13–24 months,30–60
6583-KQJLK,Female,1,Yes,No,15,Yes,No,Fiber optic,No,Yes,No,No,Yes,Yes,Month-to-month,Yes,Electronic check,94.65,1419.75,No,13–24 months,Above 90
8544-JNBOX,Male,0,No,No,72,Yes,No,No,No,No,No,No,No,Yes,Two year,Yes,Mailed check,20.8,1497.6,No,61+ months,Below 30
6681-ZSEXG,Male,0,Yes,No,56,Yes,Yes,DSL,No,Yes,Yes,No,No,No,Two year,No,Credit card,59.5,3332.0,No,49–60 months,30–60
6139-ZZRBQ,Male,1,No,No,64,Yes,No,No,No,No,No,No,No,No,Two year,Yes,Bank transfer,20.05,1283.2,No,61+ months,Below 30
6116-RFVHN,Female,0,Yes,No,34,Yes,Yes,Fiber optic,No,No,Yes,No,Yes,No,Month-to-month,Yes,Electronic check,100.45,3415.3,No,25–48 months,Above 90
0637-KVDLV,Male,0,No,No,2,Yes,Yes,Fiber optic,No,No,No,No,No,Yes,Month-to-month,Yes,Electronic check,76.5,153.0,Yes,0–12 months,60–90
8884-FEEWR,Male,0,No,No,35,Yes,No,No,No,No,No,No,No,No,One year,No,Bank transfer,20.6,721.0,No,25–48 months,Below 30
3125-RAHBV,Male,0,No,No,22,Yes,No,No,No,No,No,No,No,No,One year,No,Credit card,20.3,446.6,No,13–24 months,Below 30
6633-MPWBS,Male,0,No,No,5,Yes,No,DSL,No,No,No,Yes,No,No,Month-to-month,Yes,Electronic check,49.2,246.0,Yes,0–12 months,30–60
0373-AIVNJ,Male,0,No,No,9,No,No,DSL,Yes,Yes,Yes,No,No,No,One year,No,Mailed check,39.55,355.95,No,0–12 months,30–60
8785-EPNCG,Male,0,No,No,11,Yes,Yes,No,No,No,No,No,No,No,Month-to-month,No,Credit card,23.15,254.65,Yes,0–12 months,Below 30
1682-VCOIO,Male,0,No,No,23,Yes,No,No,No,No,No,No,No,No,One year,No,Mailed check,20.45,470.35,No,13–24 months,Below 30
5729-KLZAR,Female,0,Yes,Yes,4,Yes,No,Fiber optic,No,No,No,No,No,No,Month-to-month,No,Electronic check,80.85,323.4,Yes,0–12 months,60–90
2072-ZVJJX,Male,0,Yes,No,68,Yes,Yes,No,No,No,No,No,No,Yes,Two year,No,Bank transfer,25.25,1717.0,No,61+ months,Below 30
8849-AYPTR,Male,0,Yes,No,33,Yes,No,Fiber optic,No,No,No,No,Yes,No,Month-to-month,No,Electronic check,91.25,3011.25,No,25–48 months,Above 90
9518-IMLHK,Male,0,No,No,31,Yes,No,DSL,Yes,Yes,Yes,Yes,Yes,Yes,Month-to-month,Yes,Bank transfer,72.45,2245.95,No,25–48 months,60–90
1582-RAFML,Male,0,No,No,1,Yes,Yes,DSL,No,Yes,No,Yes,No,No,Month-to-month,No,Mailed check,60.1,60.1,Yes,0–12 months,60–90
3646-ITDGM,Female,0,No,No,56,Yes,No,No,No,No,No,No,No,No,Two year,No,Bank transfer,19.7,1103.2,No,49–60 months,Below 30
8740-CRYFY,Male,0,No,No,1,Yes,No,Fiber optic,No,No,No,No,Yes,No,Month-to-month,Yes,Electronic check,78.95,78.95,Yes,0–12 months,60–90
3569-VLDHH,Male,0,Yes,Yes,66,Yes,No,DSL,Yes,Yes,Yes,Yes,Yes,No,One year,Yes,Electronic check,75.1,4956.6,No,61+ months,60–90
8224-KDLKN,Male,0,Yes,Yes,72,Yes,Yes,No,No,No,No,No,No,No,Two year,No,Bank transfer,25.0,1800.0,No,61+ months,Below 30
7594-LZNWR,Male,1,No,No,34,Yes,No,Fiber optic,No,No,No,No,No,No,Month-to-month,No,Credit card,69.15,2351.1,No,25–48 months,60–90
4001-TSBTV,Female,0,Yes,Yes,58,Yes,No,Fiber optic,No,Yes,Yes,No,Yes,No,Month-to-month,Yes,Electronic check,91.55,5309.9,No,49–60 months,Above 90
2962-XPMCQ,Male,0,No,No,2,Yes,No,DSL,No,No,No,No,No,No,Month-to-month,Yes,Electronic check,45.15,90.3,Yes,0–12 months,30–60
8727-XDPUD,Male,0,No,No,37,No,No,DSL,No,No,No,No,Yes,No,Two year,No,Credit card,35.8,1324.6,No,25–48 months,30–60
1043-UXOVO,Female,0,No,No,71,Yes,Yes,Fiber optic,Yes,Yes,Yes,Yes,Yes,No,Two year,Yes,Credit card,113.15,8033.65,No,61+ months,Above 90
1064-FBXNK,Male,0,Yes,Yes,1,Yes,No,No,No,No,No,No,No,Yes,One year,No,Credit card,19.85,19.85,No,0–12 months,Below 30
3996-ZNWYK,Male,1,Yes,Yes,71,Yes,No,No,No,No,No,No,No,No,Two year,No,Credit card,19.8,1405.8,No,61+ months,Below 30
2878-DHMIN,Male,0,Yes,Yes,35,Yes,No,No,No,No,No,No,No,No,One year,No,Electronic check,19.9,696.5,No,25–48 months,Below 30
7762-ONLJY,Female,0,Yes,Yes,6,Yes,No,No,No,No,No,No,No,No,One year,No,Mailed check,19.7,118.2,No,0–12 months,Below 30
1678-FYZOW,Female,0,No,No,3,Yes,No,Fiber optic,No,No,No,No,Yes,No,Month-to-month,Yes,Electronic check,79.4,238.2,Yes,0–12 months,60–90
5795-BKOYE,Female,0,Yes,Yes,69,Yes,No,DSL,No,Yes,Yes,Yes,No,No,One year,No,Bank transfer,59.1,4077.9,No,61+ months,30–60
8627-EHGIP,Male,0,No,No,44,No,No,DSL,No,Yes,Yes,No,Yes,No,One year,Yes,Mailed check,53.95,2373.8,Yes,25–48 months,30–60
7402-PWYJJ,Female,0,Yes,No,53,Yes,Yes,Fiber optic,No,No,No,Yes,No,Yes,One year,Yes,Electronic check,91.15,4830.95,No,49–60 months,Above 90
5480-TBGPH,Female,0,Yes,No,24,Yes,No,Fiber optic,No,Yes,Yes,No,Yes,Yes,Month-to-month,Yes,Credit card,99.3,2383.2,Yes,13–24 months,Above 90
0018-NYROU,Female,0,Yes,No,5,Yes,No,Fiber optic,No,No,No,No,No,Yes,Month-to-month,Yes,Electronic check,68.95,344.75,No,0–12 months,60–90
7501-VTYLJ,Female,0,No,Yes,2,Yes,No,DSL,No,Yes,No,No,No,No,Month-to-month,No,Mailed check,51.55,103.1,No,0–12 months,30–60
7608-RGIRO,Male,0,No,Yes,62,Yes,Yes,No,No,No,No,No,No,No,Two year,Yes,Mailed check,24.4,1512.8,No,61+ months,Below 30
0480-BIXDE,Female,0,Yes,No,19,Yes,No,Fiber optic,No,No,Yes,No,Yes,No,Month-to-month,Yes,Electronic check,96.8,1839.2,No,13–24 months,Above 90
5895-QSXOD,Male,0,No,No,9,Yes,No,Fiber optic,No,No,No,No,No,Yes,Month-to-month,No,Mailed check,70.05,630.45,No,0–12 months,60–90
9814-AOUDH,Male,0,No,No,53,Yes,No,No,No,No,No,No,No,No,Two year,No,Credit card,19.5,1033.5,No,49–60 months,Below 30
6175-IRFIT,Male,0,No,No,5,Yes,No,Fiber optic,No,No,No,No,No,No,Month-to-month,No,Mailed check,78.75,393.75,No,0–12 months,60–90
8760-ZRHKE,Female,1,Yes,Yes,71,Yes,Yes,DSL,Yes,Yes,No,No,Yes,Yes,One year,No,Electronic check,69.2,4913.2,No,61+ months,60–90
1622-HSHSF,Female,0,No,No,1,Yes,No,No,No,No,No,No,No,No,Month-to-month,Yes,Mailed check,19.55,19.55,No,0–12 months,Below 30
8854-CCVSQ,Male,0,No,No,18,Yes,Yes,Fiber optic,No,Yes,No,No,No,No,Month-to-month,Yes,Electronic check,80.65,1451.7,Yes,13–24 months,60–90
6749-UTDVX,Male,0,No,No,72,Yes,Yes,Fiber optic,No,Yes,Yes,No,Yes,No,Two year,Yes,Electronic check,103.65,7462.8,No,61+ months,Above 90
5542-DHSXL,Female,0,Yes,No,4,Yes,No,DSL,Yes,Yes,No,No,No,Yes,Month-to-month,No,Mailed check,54.7,218.8,No,0–12 months,30–60
9102-OXKFY,Male,0,No,No,59,Yes,Yes,DSL,No,No,Yes,No,No,No,Two year,No,Credit card,54.15,3194.85,No,49–60 months,30–60
0511-JTEOY,Female,0,No,No,1,Yes,No,Fiber optic,No,No,No,No,No,No,Month-to-month,No,Mailed check,71.1,71.1,Yes,0–12 months,60–90
5216-WASFJ,Female,1,Yes,No,31,Yes,Yes,Fiber optic,No,No,No,No,No,No,Month-to-month,Yes,Electronic check,84.85,2630.35,No,25–48 months,60–90
7808-DVWEP,Male,0,Yes,No,3,Yes,No,No,No,No,No,No,No,Yes,Month-to-month,No,Bank transfer,20.0,60.0,No,0–12 months,Below 30
7067-KSAZT,Female,1,Yes,No,65,Yes,Yes,Fiber optic,No,Yes,Yes,No,Yes,No,One year,Yes,Electronic check,106.25,6906.25,Yes,61+ months,Above 90
2284-VFLKH,Male,0,Yes,No,49,Yes,No,Fiber optic,No,No,Yes,Yes,Yes,Yes,One year,Yes,Credit card,99.25,4863.25,No,49–60 months,Above 90
0366-NQSHS,Male,0,No,No,2,Yes,No,No,No,No,No,No,No,Yes,Month-to-month,No,Mailed check,19.35,38.7,No,0–12 months,Below 30
6532-YLWSI,Female,0,Yes,No,53,Yes,No,No,No,No,No,No,No,No,One year,No,Bank transfer,20.8,1102.4,Yes,49–60 months,Below 30
3807-BPOMJ,Female,0,Yes,No,55,Yes,No,Fiber optic,Yes,No,No,No,Yes,No,One year,Yes,Electronic check,94.75,5211.25,No,49–60 months,Above 90
3892-NXAZG,Male,0,Yes,Yes,72,Yes,Yes,Fiber optic,Yes,Yes,Yes,Yes,Yes,Yes,Two year,Yes,Credit card,114.05,8211.6,No,61+ months,Above 90
4948-WBBKL,Female,1,No,No,36,Yes,Yes,Fiber optic,No,No,No,No,No,Yes,Month-to-month,Yes,Bank transfer,74.9,2696.4,No,25–48 months,60–90
4182-BGSIQ,Female,0,Yes,Yes,10,Yes,No,No,No,No,No,No,No,No,Month-to-month,Yes,Bank transfer,19.8,198.0,No,0–12 months,Below 30
9300-AGZNL,Male,1,No,No,1,Yes,Yes,Fiber optic,No,No,No,No,Yes,No,Month-to-month,Yes,Electronic check,94.0,94.0,Yes,0–12 months,Above 90
0988-AADSA,Female,0,Yes,Yes,72,Yes,Yes,DSL,Yes,Yes,Yes,Yes,No,Yes,Two year,No,Bank transfer,80.85,5821.2,No,61+ months,60–90
9972-NKTFD,Female,0,No,No,28,Yes,No,DSL,No,Yes,No,Yes,No,Yes,Month-to-month,No,Bank transfer,54.65,1530.2,No,25–48 months,30–60
3717-LNXKW,Male,0,Yes,No,38,Yes,Yes,Fiber optic,Yes,No,No,No,Yes,No,Month-to-month,No,Bank transfer,91.7,3484.6,No,25–48 months,Above 90
5734-EJKXG,Female,0,No,No,61,Yes,Yes,Fiber optic,Yes,Yes,Yes,Yes,Yes,No,One year,Yes,Electronic check,118.6,7234.6,No,61+ months,Above 90
2207-RYYRL,Male,0,Yes,Yes,52,Yes,Yes,No,No,No,No,No,No,Yes,Two year,No,Mailed check,24.55,1276.6,No,49–60 months,Below 30
6729-FZWSY,Male,0,No,No,67,Yes,No,No,No,No,No,No,No,No,One year,Yes,Mailed check,19.45,1303.15,No,61+ months,Below 30
9695-IDRZR,Female,0,No,Yes,34,Yes,Yes,Fiber optic,Yes,Yes,Yes,Yes,Yes,No,Two year,Yes,Credit card,116.15,3949.1,No,25–48 months,Above 90
8144-DGHXP,Female,0,No,No,54,Yes,No,DSL,Yes,No,Yes,Yes,Yes,Yes,Two year,No,Electronic check,80.6,4352.4,No,49–60 months,60–90
7814-LEEVE,Female,0,Yes,No,1,Yes,No,No,No,No,No,No,No,Yes,Month-to-month,Yes,Bank transfer,20.3,20.3,No,0–12 months,Below 30
1112-CUNAO,Female,1,No,No,15,Yes,Yes,Fiber optic,No,Yes,No,No,No,No,Month-to-month,No,Electronic check,89.85,1347.75,Yes,13–24 months,60–90
5175-AOBHI,Female,0,No,No,4,Yes,No,DSL,No,No,No,No,No,Yes,Month-to-month,Yes,Mailed check,46.0,184.0,Yes,0–12 months,30–60
5174-RNGBH,Female,0,No,No,9,Yes,No,DSL,No,Yes,No,Yes,Yes,No,Month-to-month,No,Mailed check,66.25,596.25,Yes,0–12 months,60–90
8631-WUXGY,Female,0,No,Yes,46,Yes,No,Fiber optic,No,Yes,Yes,No,Yes,No,Month-to-month,Yes,Electronic check,99.8,4590.8,No,25–48 months,Above 90
7270-BDIOA,Female,0,No,No,22,Yes,Yes,Fiber optic,No,No,No,Yes,Yes,Yes,Month-to-month,Yes,Electronic check,90.0,1980.0,Yes,13–24 months,Above 90
9565-JSNFM,Male,0,No,No,38,Yes,No,Fiber optic,No,No,No,No,No,No,One year,Yes,Bank transfer,70.45,2677.1,Yes,25–48 months,60–90
5906-DVAPM,Female,0,Yes,Yes,55,Yes,Yes,DSL,Yes,Yes,No,Yes,Yes,No,One year,Yes,Credit card,75.0,4125.0,No,49–60 months,60–90
6654-QGBZZ,Female,0,No,No,1,Yes,No,No,No,No,No,No,No,No,Month-to-month,No,Mailed check,19.9,19.9,No,0–12 months,Below 30
8348-JLBUG,Male,1,Yes,No,64,Yes,No,Fiber optic,Yes,No,Yes,No,No,No,One year,No,Credit card,80.3,5139.2,No,61+ months,60–90
0607-DAAHE,Male,0,No,Yes,53,Yes,No,No,No,No,No,No,No,No,Two year,No,Bank transfer,19.75,1046.75,Yes,49–60 months,Below 30
5641-DMBFJ,Female,0,Yes,No,58,Yes,Yes,DSL,Yes,No,Yes,Yes,Yes,No,Two year,Yes,Electronic check,84.3,4889.4,No,49–60 months,60–90
9200-NLNPD,Male,0,Yes,No,56,No,No,DSL,No,No,Yes,Yes,Yes,Yes,One year,Yes,Bank transfer,54.05,3026.8,No,49–60 months,30–60
2664-XJZNO,Male,0,Yes,Yes,72,Yes,No,Fiber optic,Yes,No,Yes,Yes,Yes,Yes,Two year,Yes,Credit card,104.9,7552.8,No,61+ months,Above 90
9732-KPKBW,Male,0,No,No,1,Yes,No,DSL,Yes,No,No,Yes,No,Yes,Month-to-month,Yes,Electronic check,53.95,53.95,Yes,0–12 months,30–60
3339-EAQNV,Male,1,Yes,No,72,Yes,Yes,Fiber optic,No,Yes,No,No,Yes,No,One year,Yes,Credit card,97.25,7002.0,No,61+ months,Above 90
0921-OHLVP,Male,0,No,No,22,Yes,Yes,Fiber optic,No,No,No,No,No,Yes,Month-to-month,No,Electronic check,83.05,1827.1,No,13–24 months,60–90
3389-YGYAI,Female,1,No,No,8,Yes,Yes,Fiber optic,No,Yes,Yes,No,Yes,Yes,Month-to-month,Yes,Electronic check,105.5,844.0,Yes,0–12 months,Above 90
9560-ARGQJ,Female,0,No,Yes,16,Yes,No,Fiber optic,No,No,No,No,Yes,Yes,Month-to-month,Yes,Electronic check,81.0,1296.0,Yes,13–24 months,60–90
8350-NYMVI,Female,0,No,No,39,No,No,DSL,No,Yes,Yes,Yes,No,No,Month-to-month,No,Bank transfer,41.1,1602.9,No,25–48 months,30–60
1600-DILPE,Female,0,No,No,12,Yes,No,DSL,No,No,No,No,No,No,Month-to-month,Yes,Bank transfer,45.0,540.0,No,0–12 months,30–60
0536-ESJEP,Male,0,Yes,No,54,Yes,No,DSL,Yes,Yes,No,No,Yes,No,Two year,Yes,Bank transfer,74.55,4025.7,No,49–60 months,60–90
4654-GGUII,Female,0,No,No,18,No,No,DSL,Yes,Yes,No,Yes,No,Yes,One year,Yes,Mailed check,40.2,723.6,No,13–24 months,30–60
6478-HRRCZ,Male,0,Yes,No,32,Yes,No,DSL,Yes,Yes,No,Yes,No,No,One year,No,Mailed check,70.5,2256.0,No,25–48 months,60–90
8510-BBWMU,Female,0,No,No,41,Yes,No,No,No,No,No,No,No,Yes,One year,Yes,Mailed check,19.75,809.75,No,25–48 months,Below 30
6857-TKDJV,Male,0,Yes,Yes,67,Yes,Yes,No,No,No,No,No,No,No,Two year,No,Bank transfer,24.65,1651.55,No,61+ months,Below 30
2360-RDGRO,Male,0,Yes,No,65,Yes,Yes,Fiber optic,Yes,No,Yes,No,Yes,No,Month-to-month,Yes,Electronic check,104.25,6776.25,No,61+ months,Above 90
0584-BJQGZ,Female,0,No,No,25,Yes,Yes,DSL,Yes,Yes,Yes,Yes,Yes,Yes,Month-to-month,Yes,Bank transfer,78.35,1958.75,No,25–48 months,60–90
5134-IKDAY,Female,0,Yes,Yes,1,Yes,No,Fiber optic,No,No,No,No,No,No,Month-to-month,Yes,Electronic check,69.8,69.8,Yes,0–12 months,60–90
1360-XFJMR,Female,0,Yes,No,67,Yes,Yes,Fiber optic,No,Yes,Yes,Yes,Yes,No,One year,Yes,Credit card,109.7,7349.9,No,61+ months,Above 90
3070-DVEYC,Male,1,No,No,7,Yes,Yes,Fiber optic,No,No,No,No,No,Yes,Month-to-month,No,Mailed check,73.75,516.25,Yes,0–12 months,60–90
5730-RIITO,Female,1,No,No,43,No,No,DSL,Yes,Yes,No,No,No,No,Month-to-month,Yes,Credit card,33.45,1438.35,No,25–48 months,30–60
9058-MJLZC,Female,0,No,No,24,Yes,No,Fiber optic,Yes,No,No,No,Yes,No,Month-to-month,Yes,Electronic check,94.6,2270.4,No,13–24 months,Above 90
5707-ORNDZ,Male,1,No,No,9,Yes,Yes,DSL,Yes,No,No,No,No,Yes,Month-to-month,No,Electronic check,54.55,490.95,Yes,0–12 months,30–60
0902-XKXPN,Male,0,Yes,Yes,69,Yes,No,No,No,No,No,No,No,No,Two year,No,Bank transfer,20.2,1393.8,No,61+ months,Below 30
5177-RVZNU,Female,0,No,Yes,37,Yes,No,No,No,No,No,No,No,No,One year,No,Bank transfer,20.3,751.1,No,25–48 months,Below 30
0056-EPFBG,Male,0,Yes,Yes,20,No,No,DSL,Yes,No,Yes,Yes,No,No,Two year,Yes,Credit card,39.4,788.0,No,13–24 months,30–60
8993-IZEUX,Male,0,No,No,7,Yes,No,Fiber optic,No,No,No,No,No,No,Month-to-month,No,Bank transfer,69.15,484.05,No,0–12 months,60–90
8696-JKZNU,Female,1,No,No,37,Yes,Yes,Fiber optic,No,No,No,No,No,No,Month-to-month,Yes,Electronic check,76.25,2821.25,Yes,25–48 months,60–90
5380-AFSSK,Female,0,No,No,5,Yes,Yes,Fiber optic,No,No,No,No,Yes,No,Month-to-month,Yes,Mailed check,93.9,469.5,Yes,0–12 months,Above 90
8190-ZTQFB,Male,0,No,No,41,No,No,DSL,No,No,Yes,No,Yes,Yes,One year,Yes,Electronic check,51.35,2105.35,No,25–48 months,30–60
0931-MHTEM,Female,0,No,No,54,Yes,No,Fiber optic,Yes,Yes,No,No,Yes,Yes,One year,Yes,Credit card,100.05,5402.7,No,49–60 months,Above 90
2055-PDADH,Female,1,No,No,3,Yes,No,Fiber optic,No,No,No,No,No,Yes,Month-to-month,Yes,Electronic check,70.4,211.2,Yes,0–12 months,60–90
7515-LODFU,Male,1,No,No,69,Yes,No,No,No,No,No,No,No,No,Two year,No,Credit card,20.3,1400.7,No,61+ months,Below 30
0440-UEDAI,Female,0,No,No,53,Yes,No,Fiber optic,No,Yes,Yes,Yes,No,No,One year,Yes,Credit card,94.45,5005.85,No,49–60 months,Above 90
1337-BOZWO,Male,0,Yes,Yes,18,No,No,DSL,No,Yes,Yes,No,Yes,Yes,One year,No,Credit card,46.4,835.2,No,13–24 months,30–60
0868-VJRDR,Male,0,Yes,No,64,Yes,No,Fiber optic,Yes,Yes,No,Yes,Yes,No,Two year,Yes,Credit card,104.05,6659.2,No,61+ months,Above 90
8714-EUHJO,Female,0,Yes,Yes,31,Yes,Yes,Fiber optic,No,Yes,No,No,No,Yes,Month-to-month,Yes,Electronic check,91.15,2825.65,Yes,25–48 months,Above 90
6344-SFJVH,Female,0,No,No,20,No,No,DSL,No,No,No,No,No,Yes,Month-to-month,No,Credit card,24.9,498.0,No,13–24 months,Below 30
3950-VPYJB,Male,0,Yes,Yes,57,Yes,No,DSL,Yes,Yes,No,Yes,No,No,One year,No,Mailed check,59.6,3397.2,No,49–60 months,30–60
8041-TMEID,Male,1,Yes,No,63,Yes,Yes,Fiber optic,Yes,Yes,Yes,No,Yes,No,Two year,No,Credit card,108.5,6835.5,No,61+ months,Above 90
7321-ZNSLA,Male,0,Yes,Yes,13,No,No,DSL,Yes,Yes,No,Yes,No,Yes,Two year,No,Mailed check,40.55,527.15,No,13–24 months,30–60
6941-KXRRV,Female,1,Yes,No,48,Yes,No,DSL,No,Yes,No,No,No,No,One year,Yes,Bank transfer,58.95,2829.6,No,25–48 months,30–60
3721-CNEYS,Female,0,No,No,2,Yes,No,Fiber optic,No,No,No,No,No,Yes,Month-to-month,Yes,Electronic check,70.95,141.9,Yes,0–12 months,60–90
8727-JQFHV,Male,0,Yes,Yes,57,Yes,No,No,No,No,No,No,No,No,Two year,No,Mailed check,20.75,1182.75,No,49–60 months,Below 30
9475-NNDGC,Male,0,Yes,No,71,Yes,Yes,Fiber optic,No,Yes,Yes,Yes,Yes,No,One year,Yes,Bank transfer,113.15,8033.65,No,61+ months,Above 90
1355-KUSBG,Female,0,Yes,Yes,7,Yes,Yes,DSL,No,No,No,No,No,Yes,Month-to-month,No,Electronic check,48.8,341.6,No,0–12 months,30–60
3688-FTHLT,Female,0,No,No,16,Yes,Yes,DSL,No,No,No,No,No,No,Month-to-month,Yes,Bank transfer,63.05,1008.8,No,13–24 months,60–90
0899-LIIBW,Male,0,Yes,No,34,Yes,Yes,Fiber optic,No,No,Yes,No,Yes,Yes,Month-to-month,No,Electronic check,100.85,3428.9,No,25–48 months,Above 90
2568-OIADY,Female,0,Yes,No,37,Yes,Yes,Fiber optic,No,No,Yes,No,Yes,Yes,Month-to-month,Yes,Electronic check,99.5,3681.5,Yes,25–48 months,Above 90
1384-RCUXW,Male,0,No,No,16,Yes,Yes,Fiber optic,No,Yes,No,No,No,Yes,Month-to-month,Yes,Mailed check,80.55,1288.8,No,13–24 months,60–90
5825-XJOCM,Male,0,No,Yes,48,Yes,Yes,DSL,Yes,Yes,Yes,No,No,No,One year,Yes,Bank transfer,64.4,3091.2,No,25–48 months,60–90
6848-YLDFR,Male,0,Yes,Yes,58,Yes,No,DSL,No,Yes,No,Yes,Yes,No,One year,Yes,Credit card,75.2,4361.6,No,49–60 months,60–90
8125-QPFJD,Female,0,Yes,No,72,Yes,Yes,DSL,Yes,No,Yes,Yes,Yes,Yes,Two year,Yes,Bank transfer,84.9,6112.8,No,61+ months,60–90
2320-YKQBO,Female,0,No,No,7,Yes,No,No,No,No,No,No,No,Yes,Month-to-month,No,Mailed check,19.3,135.1,No,0–12 months,Below 30
1193-RTSLK,Female,0,No,No,38,Yes,No,Fiber optic,Yes,Yes,Yes,No,No,No,Month-to-month,Yes,Credit card,83.9,3188.2,Yes,25–48 months,60–90
2302-ANTDP,Female,1,Yes,No,48,Yes,Yes,Fiber optic,Yes,Yes,Yes,Yes,Yes,No,Month-to-month,No,Electronic check,117.45,5637.6,Yes,25–48 months,Above 90
5923-GXUOC,Male,0,No,No,10,Yes,No,Fiber optic,Yes,Yes,Yes,No,Yes,Yes,Month-to-month,Yes,Electronic check,104.4,1044.0,Yes,0–12 months,Above 90
4973-RLZVI,Female,0,No,No,30,Yes,No,DSL,Yes,Yes,Yes,Yes,Yes,Yes,One year,No,Credit card,74.65,2239.5,No,25–48 months,60–90
7869-ZYDST,Male,0,Yes,No,31,Yes,Yes,DSL,No,No,No,No,Yes,No,Month-to-month,Yes,Credit card,59.05,1830.55,No,25–48 months,30–60
4501-UYKBC,Female,1,No,No,46,Yes,Yes,DSL,No,No,Yes,Yes,No,No,One year,Yes,Credit card,69.1,3178.6,No,25–48 months,60–90
1215-EXRMO,Male,0,Yes,No,50,Yes,No,No,No,No,No,No,No,Yes,Two year,No,Mailed check,20.55,1027.5,No,49–60 months,Below 30
2305-MRGLV,Male,0,Yes,No,28,Yes,No,Fiber optic,No,No,No,Yes,No,No,Month-to-month,No,Bank transfer,76.55,2143.4,No,25–48 months,60–90
8404-VIOMB,Female,0,No,No,66,No,No,DSL,Yes,Yes,Yes,Yes,Yes,No,Two year,Yes,Bank transfer,62.5,4125.0,No,61+ months,60–90
5233-GEEAX,Male,1,No,No,8,No,No,DSL,No,No,Yes,No,No,Yes,Month-to-month,Yes,Electronic check,29.4,235.2,Yes,0–12 months,Below 30
2359-KLTEK,Female,0,Yes,Yes,41,Yes,No,Fiber optic,No,No,Yes,No,Yes,No,Month-to-month,Yes,Bank transfer,94.9,3890.9,No,25–48 months,Above 90
5304-EFJLP,Male,1,Yes,No,72,Yes,Yes,Fiber optic,No,Yes,Yes,Yes,Yes,Yes,Two year,Yes,Bank transfer,111.65,8038.8,No,61+ months,Above 90
2673-ZALNP,Female,0,No,No,7,Yes,No,No,No,No,No,No,No,Yes,One year,No,Mailed check,19.9,139.3,No,0–12 months,Below 30
9184-GALIL,Female,0,Yes,Yes,38,Yes,No,No,No,No,No,No,No,No,Month-to-month,No,Mailed check,20.45,777.1,No,25–48 months,Below 30
4393-RYCRE,Male,0,No,No,44,Yes,No,Fiber optic,Yes,Yes,Yes,No,Yes,No,One year,Yes,Electronic check,106.05,4666.2,No,25–48 months,Above 90
9746-MDMBK,Male,0,Yes,Yes,47,Yes,Yes,Fiber optic,Yes,Yes,Yes,Yes,Yes,Yes,One year,Yes,Bank transfer,113.45,5332.15,No,25–48 months,Above 90
3162-ZJZFU,Male,0,Yes,Yes,53,Yes,No,Fiber optic,No,Yes,No,Yes,Yes,Yes,Month-to-month,Yes,Electronic check,92.55,4905.15,No,49–60 months,Above 90
8404-GFGCZ,Male,0,Yes,No,4,Yes,Yes,DSL,No,No,Yes,No,Yes,No,Month-to-month,No,Electronic check,65.6,262.4,No,0–12 months,60–90
8875-AKBYH,Male,1,No,No,20,Yes,Yes,Fiber optic,No,No,No,No,Yes,No,Month-to-month,Yes,Electronic check,84.35,1687.0,No,13–24 months,60–90
4432-ADRLB,Male,0,No,No,2,Yes,No,DSL,No,No,No,No,No,No,Month-to-month,No,Mailed check,44.65,89.3,Yes,0–12 months,30–60
0533-UCAAU,Male,1,Yes,No,57,Yes,Yes,DSL,No,Yes,Yes,No,Yes,No,One year,Yes,Credit card,71.1,4052.7,No,49–60 months,60–90
1394-SUIUH,Female,1,Yes,No,44,Yes,No,Fiber optic,Yes,Yes,No,Yes,No,No,Month-to-month,Yes,Electronic check,85.15,3746.6,No,25–48 months,60–90
3521-MNKLV,Male,0,No,No,24,Yes,No,DSL,No,No,Yes,No,No,No,Month-to-month,Yes,Mailed check,49.7,1192.8,No,13–24 months,30–60
2533-TIBIX,Male,0,Yes,Yes,15,No,No,DSL,Yes,No,No,No,No,No,Month-to-month,Yes,Bank transfer,30.2,453.0,No,13–24 months,30–60
8993-PHFWD,Female,0,No,No,3,No,No,DSL,No,No,No,No,No,No,Month-to-month,No,Electronic check,25.25,75.75,Yes,0–12 months,Below 30
1565-RHDJD,Female,0,No,Yes,4,Yes,Yes,Fiber optic,No,Yes,Yes,No,No,No,Month-to-month,No,Bank transfer,84.05,336.2,Yes,0–12 months,60–90
7137-RYLPP,Male,1,Yes,No,37,Yes,Yes,Fiber optic,No,No,No,No,Yes,No,Month-to-month,Yes,Electronic check,85.7,3170.9,Yes,25–48 months,60–90
3765-JXVKY,Female,0,No,No,1,Yes,No,Fiber optic,No,Yes,No,No,No,No,Month-to-month,Yes,Electronic check,74.7,74.7,Yes,0–12 months,60–90
5092-STPKP,Female,0,No,No,24,Yes,No,DSL,Yes,No,No,Yes,No,No,Month-to-month,No,Credit card,56.35,1352.4,No,13–24 months,30–60
7330-WZLNC,Female,0,No,No,5,Yes,Yes,Fiber optic,No,Yes,No,No,Yes,No,Month-to-month,Yes,Electronic check,90.8,454.0,Yes,0–12 months,Above 90
0114-PEGZZ,Female,0,No,No,33,Yes,Yes,Fiber optic,No,Yes,Yes,No,Yes,No,Month-to-month,No,Electronic check,107.55,3549.15,No,25–48 months,Above 90
3359-DSRKA,Female,0,Yes,Yes,58,Yes,No,No,No,No,No,No,No,Yes,Two year,Yes,Mailed check,19.85,1151.3,No,49–60 months,Below 30
8639-NHQEI,Female,0,Yes,Yes,72,Yes,Yes,Fiber optic,Yes,Yes,No,No,Yes,No,Two year,Yes,Bank transfer,95.9,6904.8,No,61+ months,Above 90
7161-DFHUF,Female,0,Yes,No,71,Yes,Yes,No,No,No,No,No,No,No,Two year,No,Mailed check,23.85,1693.35,No,61+ months,Below 30
3957-LXOLK,Female,1,No,No,28,Yes,Yes,Fiber optic,No,Yes,Yes,No,Yes,No,Month-to-month,Yes,Electronic check,106.15,2972.2,Yes,25–48 months,Above 90
3720-DBRWL,Male,0,Yes,No,51,Yes,No,DSL,Yes,Yes,Yes,Yes,Yes,Yes,Two year,Yes,Credit card,83.85,4276.35,No,49–60 months,60–90
6635-MYYYZ,Female,0,No,No,30,Yes,No,DSL,Yes,Yes,Yes,Yes,Yes,Yes,One year,No,Bank transfer,85.35,2560.5,Yes,25–48 months,60–90
8565-WUXZU,Male,1,Yes,No,72,Yes,No,Fiber optic,Yes,Yes,No,Yes,No,Yes,Two year,Yes,Credit card,84.8,6105.6,No,61+ months,60–90
5281-BUZGT,Male,1,No,No,36,Yes,Yes,Fiber optic,Yes,No,No,No,Yes,No,Month-to-month,Yes,Electronic check,90.85,3270.6,Yes,25–48 months,Above 90
4994-OBRSZ,Male,0,No,Yes,14,Yes,No,DSL,Yes,Yes,Yes,Yes,No,No,Two year,No,Bank transfer,76.1,1065.4,No,13–24 months,60–90
0562-FGDCR,Female,0,Yes,Yes,72,Yes,Yes,DSL,Yes,Yes,No,Yes,Yes,Yes,Two year,No,Mailed check,74.55,5367.6,No,61+ months,60–90
2436-QBZFP,Female,0,Yes,Yes,22,No,No,DSL,No,Yes,No,No,Yes,No,Month-to-month,No,Electronic check,39.2,862.4,No,13–24 months,30–60
3420-YJLQT,Female,0,No,No,2,Yes,Yes,Fiber optic,No,Yes,No,No,No,No,Month-to-month,No,Electronic check,79.55,159.1,No,0–12 months,60–90
6040-CGACY,Female,0,No,No,15,Yes,No,No,No,No,No,No,No,No,Month-to-month,No,Mailed check,19.6,294.0,No,13–24 months,Below 30
6582-PLFUU,Male,0,Yes,Yes,51,Yes,No,No,No,No,No,No,No,No,Two year,No,Credit card,19.55,997.05,No,49–60 months,Below 30
8242-PDSGJ,Male,0,Yes,No,70,No,No,DSL,Yes,No,Yes,Yes,No,No,Two year,Yes,Credit card,39.15,2740.5,No,61+ months,30–60
0264-CNITK,Female,0,Yes,Yes,71,Yes,No,No,No,No,No,No,No,No,Two year,No,Bank transfer,20.1,1427.1,No,61+ months,Below 30
0089-IIQKO,Female,0,Yes,Yes,39,Yes,Yes,Fiber optic,No,No,No,Yes,Yes,No,Month-to-month,Yes,Credit card,99.95,3898.05,No,25–48 months,Above 90
7839-NUIAA,Female,0,Yes,Yes,61,Yes,Yes,DSL,Yes,Yes,No,No,No,Yes,Month-to-month,No,Electronic check,59.8,3647.8,No,61+ months,30–60
6075-QMNRR,Female,0,No,No,52,Yes,No,DSL,Yes,No,No,No,No,No,Month-to-month,Yes,Bank transfer,49.75,2587.0,No,49–60 months,30–60
5378-IKEEG,Female,0,No,No,1,No,No,DSL,No,No,No,No,Yes,No,Month-to-month,Yes,Electronic check,35.75,35.75,Yes,0–12 months,30–60
5966-EMAZU,Male,0,Yes,No,64,Yes,Yes,Fiber optic,Yes,No,Yes,Yes,Yes,No,One year,Yes,Mailed check,108.5,6944.0,No,61+ months,Above 90
0440-EKDCF,Male,0,Yes,No,62,Yes,No,DSL,No,Yes,Yes,Yes,No,Yes,Two year,Yes,Credit card,60.15,3729.3,No,61+ months,60–90
4774-HHGGS,Male,0,Yes,No,30,Yes,No,No,No,No,No,No,No,No,Two year,No,Mailed check,19.05,571.5,No,25–48 months,Below 30
2718-GAXQD,Female,1,Yes,Yes,4,Yes,No,DSL,No,No,No,No,No,No,Month-to-month,No,Electronic check,46.0,184.0,Yes,0–12 months,30–60
2055-BFOCC,Male,1,Yes,No,63,Yes,No,DSL,Yes,Yes,Yes,Yes,Yes,No,One year,Yes,Bank transfer,84.0,5292.0,No,61+ months,60–90
8180-AKMJV,Female,0,No,No,1,Yes,No,DSL,No,No,No,No,No,Yes,Month-to-month,Yes,Credit card,44.55,44.55,No,0–12 months,30–60
4298-OYIFC,Male,0,Yes,No,15,Yes,Yes,Fiber optic,No,No,Yes,Yes,Yes,No,Month-to-month,Yes,Electronic check,103.45,1551.75,No,13–24 months,Above 90
5566-SOEZD,Male,0,Yes,Yes,27,Yes,No,Fiber optic,Yes,Yes,No,No,No,Yes,One year,Yes,Credit card,80.65,2177.55,No,25–48 months,60–90
9842-EFSYY,Female,0,No,Yes,4,No,No,DSL,Yes,Yes,Yes,No,Yes,No,Month-to-month,Yes,Mailed check,57.2,228.8,No,0–12 months,30–60
2272-WUSPA,Female,0,Yes,No,72,Yes,Yes,Fiber optic,Yes,Yes,Yes,No,Yes,Yes,Two year,Yes,Electronic check,110.75,7974.0,No,61+ months,Above 90
4584-LBNMK,Male,1,Yes,No,45,Yes,Yes,No,No,No,No,No,No,Yes,One year,No,Credit card,24.7,1111.5,No,25–48 months,Below 30
3898-GUYTS,Female,1,No,No,45,Yes,Yes,Fiber optic,Yes,Yes,No,Yes,Yes,No,Month-to-month,Yes,Electronic check,97.05,4367.25,No,25–48 months,Above 90
0930-EHUZA,Female,0,No,No,36,Yes,No,DSL,Yes,Yes,Yes,Yes,Yes,No,One year,Yes,Mailed check,76.35,2748.6,No,25–48 months,60–90
6413-XKKPU,Male,0,Yes,Yes,17,Yes,No,Fiber optic,Yes,No,Yes,No,Yes,No,Month-to-month,Yes,Electronic check,89.4,1519.8,Yes,13–24 months,60–90
9975-SKRNR,Male,0,No,No,1,Yes,No,No,No,No,No,No,No,No,Month-to-month,No,Mailed check,18.9,18.9,No,0–12 months,Below 30
3703-KBKZP,Male,1,No,No,16,Yes,Yes,Fiber optic,No,No,No,No,No,No,Month-to-month,Yes,Bank transfer,74.45,1191.2,No,13–24 months,60–90
1449-XQEMT,Male,0,No,No,3,Yes,No,No,No,No,No,No,No,No,Month-to-month,Yes,Mailed check,19.8,59.4,Yes,0–12 months,Below 30
2626-URJFX,Male,0,Yes,Yes,4,Yes,Yes,DSL,No,No,No,No,No,No,Month-to-month,Yes,Electronic check,50.9,203.6,Yes,0–12 months,30–60
4973-MGTON,Female,0,Yes,No,71,Yes,No,DSL,Yes,Yes,Yes,Yes,Yes,No,Two year,Yes,Credit card,84.4,5992.4,No,61+ months,60–90
3682-YEUWS,Male,0,Yes,Yes,10,Yes,Yes,No,No,No,No,No,No,Yes,Month-to-month,Yes,Mailed check,24.4,244.0,No,0–12 months,Below 30
1223-UNPKS,Male,0,Yes,Yes,20,Yes,No,No,No,No,No,No,No,No,Two year,No,Mailed check,20.05,401.0,No,13–24 months,Below 30
2612-RRIDN,Male,0,No,No,4,Yes,No,Fiber optic,No,No,No,No,Yes,No,Month-to-month,Yes,Electronic check,81.0,324.0,Yes,0–12 months,60–90
4735-ASGMA,Male,0,No,No,26,Yes,Yes,Fiber optic,No,No,Yes,No,Yes,No,Month-to-month,Yes,Electronic check,98.35,2557.1,Yes,25–48 months,Above 90
3446-QDSZF,Female,0,No,No,4,Yes,No,DSL,No,No,No,No,Yes,Yes,Month-to-month,No,Credit card,55.5,222.0,No,0–12 months,30–60
3669-LVWZB,Male,0,No,No,5,No,No,DSL,No,Yes,No,No,Yes,No,Month-to-month,Yes,Mailed check,51.0,255.0,Yes,0–12 months,30–60
6892-EZDTG,Female,0,Yes,No,4,Yes,Yes,Fiber optic,No,Yes,No,No,Yes,Yes,Month-to-month,Yes,Electronic check,91.65,366.6,Yes,0–12 months,Above 90
5117-IFGPS,Male,1,Yes,No,29,Yes,Yes,Fiber optic,No,No,No,No,No,No,Month-to-month,Yes,Electronic check,84.3,2444.7,No,25–48 months,60–90
7379-FNIUJ,Male,0,No,No,2,Yes,No,Fiber optic,Yes,Yes,No,No,Yes,Yes,Month-to-month,No,Electronic check,100.2,200.4,No,0–12 months,Above 90
1627-AFWVJ,Female,0,No,No,29,Yes,No,No,No,No,No,No,No,Yes,Two year,No,Mailed check,19.4,562.6,No,25–48 months,Below 30
9725-SCPZG,Male,0,No,Yes,1,Yes,No,Fiber optic,No,No,No,No,Yes,No,Month-to-month,Yes,Electronic check,90.85,90.85,Yes,0–12 months,Above 90
5884-GCYMI,Male,0,No,No,1,Yes,No,Fiber optic,No,No,No,No,No,Yes,Month-to-month,No,Mailed check,69.4,69.4,Yes,0–12 months,60–90
3217-FZDMN,Female,1,No,No,8,Yes,No,Fiber optic,No,No,Yes,No,Yes,No,Month-to-month,Yes,Credit card,94.45,755.6,Yes,0–12 months,Above 90
4486-EFAEB,Male,0,No,No,13,Yes,No,No,No,No,No,No,No,Yes,Month-to-month,Yes,Electronic check,20.4,265.2,No,13–24 months,Below 30
0060-FUALY,Female,0,Yes,No,59,Yes,Yes,Fiber optic,Yes,Yes,No,No,Yes,No,Month-to-month,Yes,Electronic check,94.75,5590.25,No,49–60 months,Above 90
7853-GVUDZ,Female,0,Yes,Yes,1,Yes,No,No,No,No,No,No,No,No,Month-to-month,Yes,Credit card,20.15,20.15,Yes,0–12 months,Below 30
7480-QNVZJ,Male,1,No,No,50,Yes,Yes,Fiber optic,No,No,No,No,Yes,No,Month-to-month,Yes,Electronic check,95.7,4785.0,Yes,49–60 months,Above 90
6954-OOYZZ,Male,0,Yes,No,18,Yes,No,DSL,No,No,No,No,No,Yes,Month-to-month,Yes,Bank transfer,44.35,798.3,No,13–24 months,30–60
7088-FBAWU,Female,0,Yes,Yes,17,Yes,No,DSL,Yes,Yes,No,No,Yes,No,Month-to-month,No,Mailed check,74.55,1267.35,No,13–24 months,60–90
8313-AFGBW,Male,0,Yes,No,47,Yes,No,DSL,No,Yes,Yes,No,Yes,Yes,Two year,No,Electronic check,73.6,3459.2,No,25–48 months,60–90
3943-KDREE,Female,0,No,No,26,Yes,Yes,Fiber optic,No,No,No,No,No,Yes,Month-to-month,Yes,Bank transfer,74.95,1948.7,Yes,25–48 months,60–90
9239-ZBZZV,Female,0,No,No,6,No,No,DSL,No,No,Yes,No,Yes,No,Month-to-month,Yes,Electronic check,47.95,287.7,Yes,0–12 months,30–60
3097-IDVPU,Male,0,Yes,Yes,19,Yes,Yes,DSL,No,No,No,No,No,Yes,Month-to-month,No,Credit card,50.1,951.9,No,13–24 months,30–60
4398-HSCJH,Female,0,No,No,3,Yes,Yes,DSL,No,No,No,Yes,Yes,No,Month-to-month,Yes,Electronic check,63.6,190.8,Yes,0–12 months,60–90
2197-OMWGI,Female,1,Yes,Yes,68,No,No,DSL,No,Yes,Yes,No,Yes,No,Two year,Yes,Electronic check,53.0,3604.0,No,61+ months,30–60
2303-PJYHN,Female,0,Yes,No,2,Yes,No,No,No,No,No,No,No,Yes,Month-to-month,No,Bank transfer,19.85,39.7,No,0–12 months,Below 30
9795-VOWON,Male,0,No,No,7,No,No,DSL,No,No,No,No,No,No,One year,Yes,Credit card,24.35,170.45,No,0–12 months,Below 30
1237-WIYYZ,Female,0,No,No,18,Yes,No,No,No,No,No,No,No,No,Month-to-month,Yes,Mailed check,19.55,351.9,No,13–24 months,Below 30
1987-AUELQ,Female,0,Yes,No,71,Yes,Yes,No,No,No,No,No,No,No,Two year,No,Credit card,25.05,1778.55,No,61+ months,Below 30
7852-LECYP,Male,1,Yes,No,13,Yes,Yes,Fiber optic,Yes,Yes,No,No,No,No,Month-to-month,No,Credit card,93.8,1219.4,No,13–24 months,Above 90
4430-UZIPO,Male,0,No,No,3,No,No,DSL,No,Yes,No,Yes,No,Yes,Month-to-month,Yes,Mailed check,36.85,110.55,Yes,0–12 months,30–60
4822-LPTYJ,Male,0,Yes,No,72,Yes,Yes,Fiber optic,No,Yes,Yes,No,Yes,No,Two year,Yes,Bank transfer,103.75,7470.0,No,61+ months,Above 90
8165-CBKXO,Male,0,Yes,Yes,66,No,No,DSL,No,Yes,Yes,No,Yes,Yes,Two year,Yes,Credit card,56.75,3745.5,No,61+ months,30–60
6527-PZFPV,Male,0,Yes,Yes,24,Yes,No,No,No,No,No,No,No,Yes,One year,Yes,Credit card,20.8,499.2,No,13–24 months,Below 30
4855-SNKMY,Female,0,No,No,1,Yes,No,DSL,No,No,No,No,No,No,Month-to-month,Yes,Electronic check,44.1,44.1,Yes,0–12 months,30–60
9593-CVZKR,Female,0,Yes,Yes,56,Yes,Yes,No,No,No,No,No,No,No,Two year,Yes,Mailed check,24.45,1369.2,No,49–60 months,Below 30
8595-SIZNC,Female,1,Yes,No,22,Yes,Yes,No,No,No,No,No,No,No,One year,No,Bank transfer,25.6,563.2,No,13–24 months,Below 30
8008-HAWED,Male,0,No,No,14,No,No,DSL,No,No,Yes,No,Yes,No,Month-to-month,Yes,Electronic check,50.75,710.5,Yes,13–24 months,30–60
7124-UGSUR,Female,1,Yes,No,61,Yes,Yes,Fiber optic,No,Yes,Yes,No,Yes,Yes,One year,Yes,Credit card,104.4,6368.4,Yes,61+ months,Above 90
1862-SKORY,Female,1,Yes,No,40,No,No,DSL,No,Yes,No,No,Yes,Yes,Month-to-month,Yes,Electronic check,39.3,1572.0,Yes,25–48 months,30–60
5236-XMZJY,Female,0,No,No,42,Yes,No,DSL,Yes,Yes,Yes,No,No,No,Month-to-month,No,Bank transfer,59.65,2505.3,No,25–48 months,30–60
4827-DPADN,Female,0,Yes,Yes,72,Yes,Yes,DSL,Yes,No,Yes,Yes,Yes,No,Two year,Yes,Bank transfer,83.3,5997.6,No,61+ months,60–90
2694-CIUMO,Female,0,No,No,12,Yes,Yes,Fiber optic,No,No,No,Yes,No,Yes,Month-to-month,Yes,Credit card,79.55,954.6,No,0–12 months,60–90
5846-ABOBJ,Male,0,Yes,No,71,Yes,Yes,No,No,No,No,No,No,No,Two year,No,Bank transfer,24.45,1735.95,No,61+ months,Below 30
1439-LCGVL,Female,0,Yes,No,26,Yes,No,No,No,No,No,No,No,No,One year,No,Mailed check,19.2,499.2,No,25–48 months,Below 30
0909-SDHNU,Female,0,No,Yes,7,No,No,DSL,Yes,No,No,No,No,No,Month-to-month,No,Mailed check,29.8,208.6,No,0–12 months,Below 30
4647-XXZAM,Female,0,Yes,Yes,6,Yes,No,DSL,No,No,No,No,No,No,Month-to-month,No,Mailed check,45.5,273.0,No,0–12 months,30–60
1502-XFCVR,Female,0,No,No,58,Yes,No,Fiber optic,Yes,Yes,Yes,No,Yes,No,One year,Yes,Electronic check,106.45,6174.1,Yes,49–60 months,Above 90
7740-KKCXF,Male,0,Yes,No,51,No,No,DSL,No,Yes,No,No,No,Yes,Month-to-month,Yes,Credit card,30.05,1532.55,No,49–60 months,30–60
5360-XGYAZ,Male,0,Yes,Yes,72,No,No,DSL,Yes,Yes,Yes,Yes,Yes,No,Two year,Yes,Bank transfer,65.65,4726.8,No,61+ months,60–90
9692-TUSXH,Female,0,No,No,18,Yes,No,Fiber optic,Yes,No,No,No,Yes,Yes,Month-to-month,Yes,Electronic check,96.05,1728.9,Yes,13–24 months,Above 90
7912-SYRQT,Female,0,No,No,7,Yes,Yes,Fiber optic,No,No,No,No,No,Yes,Month-to-month,Yes,Bank transfer,75.1,525.7,Yes,0–12 months,60–90
3557-HTYWR,Female,0,No,No,47,Yes,Yes,DSL,Yes,Yes,No,Yes,No,No,Two year,No,Mailed check,74.05,3480.35,No,25–48 months,60–90
4816-JBHOV,Male,1,No,No,2,Yes,No,DSL,No,No,No,No,No,Yes,Month-to-month,Yes,Electronic check,44.7,89.4,Yes,0–12 months,30–60
8920-NAVAY,Male,1,No,No,62,Yes,Yes,Fiber optic,No,Yes,Yes,Yes,Yes,No,One year,Yes,Bank transfer,110.75,6866.5,No,61+ months,Above 90
1699-TLDLZ,Female,0,Yes,Yes,16,Yes,No,No,No,No,No,No,No,Yes,Two year,No,Mailed check,19.7,315.2,No,13–24 months,Below 30
5600-PDUJF,Male,0,No,No,6,Yes,No,DSL,No,No,No,Yes,No,No,Month-to-month,Yes,Credit card,49.5,297.0,No,0–12 months,30–60
8292-TYSPY,Male,0,No,No,19,Yes,No,DSL,No,No,Yes,Yes,No,No,Month-to-month,Yes,Credit card,55.0,1045.0,Yes,13–24 months,30–60
0567-XRHCU,Female,0,Yes,Yes,69,No,No,DSL,Yes,No,Yes,No,No,No,Two year,Yes,Credit card,43.95,3032.55,No,61+ months,30–60
1867-BDVFH,Male,0,Yes,Yes,11,Yes,Yes,Fiber optic,No,No,No,No,No,Yes,Month-to-month,Yes,Electronic check,74.35,817.85,Yes,0–12 months,60–90
2067-QYTCF,Female,0,Yes,No,64,Yes,Yes,Fiber optic,No,Yes,Yes,Yes,Yes,No,Month-to-month,Yes,Electronic check,111.15,7113.6,No,61+ months,Above 90
2359-QWQUL,Female,0,Yes,No,39,Yes,No,Fiber optic,Yes,No,Yes,Yes,Yes,Yes,One year,Yes,Credit card,104.7,4083.3,Yes,25–48 months,Above 90
9103-TCIHJ,Female,0,No,No,15,Yes,Yes,DSL,Yes,No,No,No,No,Yes,Month-to-month,Yes,Mailed check,55.7,835.5,Yes,13–24 months,30–60
7407-SUJIZ,Male,0,No,No,25,Yes,No,No,No,No,No,No,No,No,Month-to-month,No,Mailed check,20.6,515.0,No,25–48 months,Below 30
9150-KPBJQ,Female,0,No,No,6,Yes,No,No,No,No,No,No,No,No,Two year,No,Credit card,19.65,117.9,No,0–12 months,Below 30
0052-DCKON,Male,0,Yes,No,66,Yes,Yes,Fiber optic,Yes,Yes,Yes,Yes,Yes,No,One year,No,Bank transfer,115.8,7642.8,No,61+ months,Above 90
3654-ARMGP,Female,0,No,No,61,Yes,Yes,DSL,No,Yes,Yes,Yes,Yes,Yes,Two year,No,Credit card,88.65,5407.65,No,61+ months,60–90
9699-UBQFS,Female,1,Yes,No,43,Yes,Yes,Fiber optic,Yes,Yes,No,No,Yes,Yes,Month-to-month,Yes,Electronic check,94.5,4063.5,No,25–48 months,Above 90
9367-TCUYN,Female,0,No,No,12,Yes,No,No,No,No,No,No,No,No,Month-to-month,No,Mailed check,20.1,241.2,No,0–12 months,Below 30
1261-FWTTE,Male,1,No,No,23,No,No,DSL,No,No,No,No,No,No,Month-to-month,Yes,Bank transfer,34.65,796.95,No,13–24 months,30–60
3528-HFRIQ,Male,1,Yes,No,71,No,No,DSL,No,Yes,Yes,No,Yes,Yes,Month-to-month,Yes,Bank transfer,52.3,3713.3,No,61+ months,30–60
0708-SJDIS,Female,0,No,No,34,Yes,Yes,DSL,No,No,No,Yes,Yes,Yes,Month-to-month,No,Mailed check,65.0,2210.0,No,25–48 months,60–90
4140-WJAWW,Female,0,No,No,5,Yes,No,No,No,No,No,No,No,No,Month-to-month,No,Credit card,19.85,99.25,Yes,0–12 months,Below 30
2073-QBVBI,Female,0,Yes,No,41,No,No,DSL,No,Yes,No,Yes,No,No,One year,No,Mailed check,35.45,1453.45,No,25–48 months,30–60
6928-ONTRW,Female,0,Yes,Yes,72,Yes,No,No,No,No,No,No,No,No,Two year,No,Credit card,19.7,1418.4,No,61+ months,Below 30
3320-VEOYC,Male,1,No,No,14,Yes,Yes,Fiber optic,No,No,No,No,Yes,No,Month-to-month,Yes,Electronic check,95.6,1338.4,No,13–24 months,Above 90
5231-FIQPA,Female,0,No,No,41,Yes,No,No,No,No,No,No,No,Yes,Two year,Yes,Mailed check,19.85,813.85,No,25–48 months,Below 30
6617-WLBQC,Female,0,Yes,Yes,23,Yes,Yes,Fiber optic,Yes,No,No,No,No,No,One year,No,Credit card,81.85,1882.55,No,13–24 months,60–90
2599-CIPQE,Male,0,Yes,Yes,71,Yes,No,Fiber optic,Yes,Yes,Yes,Yes,Yes,No,Two year,No,Credit card,109.3,7760.3,No,61+ months,Above 90
6653-CBBOM,Female,0,No,No,1,Yes,No,Fiber optic,No,No,No,No,No,Yes,Month-to-month,Yes,Electronic check,70.3,70.3,Yes,0–12 months,60–90
8774-GSBUN,Male,0,Yes,No,72,Yes,Yes,No,No,No,No,No,No,No,Two year,No,Mailed check,25.4,1828.8,No,61+ months,Below 30
7326-RIGQZ,Male,0,Yes,Yes,6,Yes,No,Fiber optic,No,No,No,No,No,No,Month-to-month,Yes,Electronic check,69.8,418.8,No,0–12 months,60–90
1401-FTHFQ,Male,0,Yes,Yes,23,Yes,No,No,No,No,No,No,No,No,One year,Yes,Credit card,20.0,460.0,No,13–24 months,Below 30
3247-ZVOUO,Male,1,Yes,No,10,Yes,Yes,Fiber optic,No,No,No,No,No,No,Month-to-month,No,Electronic check,85.55,855.5,Yes,0–12 months,60–90
0254-FNMCI,Female,0,No,No,72,Yes,No,Fiber optic,Yes,Yes,Yes,Yes,Yes,Yes,Two year,Yes,Electronic check,109.9,7912.8,No,61+ months,Above 90
1848-LBZHY,Female,0,Yes,No,7,Yes,No,DSL,Yes,No,No,No,No,Yes,Month-to-month,Yes,Bank transfer,50.3,352.1,No,0–12 months,30–60
6101-IMRMM,Male,0,No,Yes,6,Yes,No,Fiber optic,No,No,Yes,No,Yes,No,Month-to-month,No,Mailed check,94.5,567.0,Yes,0–12 months,Above 90
8118-TJAFG,Male,0,Yes,Yes,9,Yes,No,Fiber optic,No,Yes,No,Yes,Yes,Yes,Month-to-month,Yes,Electronic check,101.5,913.5,No,0–12 months,Above 90
5429-LWCMV,Female,0,No,No,12,Yes,Yes,Fiber optic,No,Yes,No,No,No,Yes,Month-to-month,Yes,Electronic check,89.15,1069.8,No,0–12 months,60–90
7298-IZWLY,Female,0,No,No,1,Yes,No,No,No,No,No,No,No,Yes,Month-to-month,Yes,Mailed check,19.4,19.4,No,0–12 months,Below 30
9758-MFWGD,Female,1,Yes,Yes,48,No,No,DSL,No,Yes,No,No,No,No,One year,No,Bank transfer,29.9,1435.2,No,25–48 months,Below 30
3955-JBZZM,Male,0,No,No,20,Yes,No,Fiber optic,No,No,No,No,Yes,No,Month-to-month,No,Electronic check,78.8,1576.0,No,13–24 months,60–90
1268-ASBGA,Female,1,Yes,No,16,Yes,Yes,Fiber optic,No,No,No,No,No,No,Month-to-month,Yes,Credit card,85.35,1365.6,Yes,13–24 months,60–90
8943-URTMR,Female,0,No,No,2,Yes,No,Fiber optic,No,No,No,No,Yes,Yes,Month-to-month,Yes,Mailed check,79.65,159.3,Yes,0–12 months,60–90
4815-TUMEQ,Female,0,No,No,10,Yes,No,No,No,No,No,No,No,No,One year,Yes,Mailed check,19.3,193.0,No,0–12 months,Below 30
4713-LZDRV,Female,1,No,No,2,Yes,No,Fiber optic,No,No,No,No,No,No,Month-to-month,Yes,Electronic check,79.6,159.2,Yes,0–12 months,60–90
9909-IDLEK,Male,0,Yes,Yes,20,Yes,Yes,Fiber optic,No,Yes,No,Yes,Yes,Yes,Month-to-month,No,Mailed check,96.8,1936.0,No,13–24 months,Above 90
4092-OFQZS,Male,0,Yes,No,20,Yes,No,No,No,No,No,No,No,No,One year,No,Mailed check,20.65,413.0,No,13–24 months,Below 30
1561-BWHIN,Male,0,Yes,Yes,19,Yes,No,No,No,No,No,No,No,No,One year,No,Mailed check,19.8,376.2,No,13–24 months,Below 30
4325-NFSKC,Male,1,No,No,19,Yes,Yes,Fiber optic,Yes,No,No,No,Yes,No,Month-to-month,Yes,Electronic check,90.6,1721.4,Yes,13–24 months,Above 90
9927-DSWDF,Male,0,Yes,No,22,Yes,No,Fiber optic,Yes,Yes,No,Yes,Yes,No,Month-to-month,Yes,Electronic check,104.6,2301.2,No,13–24 months,Above 90
9500-LTVBP,Female,0,No,No,35,Yes,Yes,Fiber optic,No,No,No,Yes,No,Yes,Month-to-month,No,Credit card,80.05,2801.75,No,25–48 months,60–90
7252-NTGSS,Female,0,No,No,1,Yes,No,DSL,No,No,No,No,No,No,Month-to-month,No,Mailed check,45.15,45.15,No,0–12 months,30–60
8149-AIQCG,Male,0,No,No,39,Yes,Yes,Fiber optic,No,No,No,No,No,No,Month-to-month,Yes,Credit card,73.15,2852.85,No,25–48 months,60–90
1360-JYXKQ,Female,1,Yes,No,54,Yes,No,Fiber optic,No,No,Yes,Yes,Yes,No,One year,Yes,Electronic check,99.1,5351.4,No,49–60 months,Above 90
2955-PSXOE,Female,0,No,No,1,Yes,No,No,No,No,No,No,No,Yes,Month-to-month,Yes,Bank transfer,20.2,20.2,Yes,0–12 months,Below 30
7762-URZQH,Male,0,Yes,No,66,Yes,Yes,Fiber optic,Yes,No,Yes,No,Yes,No,Two year,Yes,Credit card,106.05,6999.3,Yes,61+ months,Above 90
0899-WZRSD,Male,0,No,No,56,Yes,Yes,Fiber optic,Yes,No,No,Yes,Yes,Yes,Month-to-month,Yes,Mailed check,105.35,5899.6,No,49–60 months,Above 90
3255-GRXMG,Male,0,No,Yes,18,Yes,No,DSL,No,No,No,No,No,Yes,Month-to-month,Yes,Credit card,45.65,821.7,No,13–24 months,30–60
4828-FAZPK,Female,0,Yes,Yes,16,Yes,Yes,Fiber optic,No,Yes,No,No,No,No,Month-to-month,Yes,Credit card,79.95,1279.2,No,13–24 months,60–90
6094-ZIVKX,Female,0,No,No,68,Yes,No,DSL,Yes,No,Yes,No,No,No,One year,Yes,Credit card,54.45,3702.6,No,61+ months,30–60
6925-BAYGL,Female,1,Yes,No,53,Yes,Yes,No,No,No,No,No,No,No,Two year,No,Credit card,25.1,1330.3,No,49–60 months,Below 30
3262-EIDHV,Female,0,Yes,Yes,72,Yes,Yes,DSL,Yes,No,Yes,Yes,Yes,No,Two year,No,Credit card,84.7,6098.4,No,61+ months,60–90
7354-OIJLX,Male,0,No,No,9,Yes,Yes,Fiber optic,No,No,No,No,No,Yes,Month-to-month,Yes,Electronic check,75.85,682.65,No,0–12 months,60–90
1376-HHBDV,Female,0,No,No,30,Yes,No,DSL,Yes,No,No,No,No,No,Month-to-month,Yes,Mailed check,48.8,1464.0,No,25–48 months,30–60
6907-NZZIJ,Female,0,No,No,36,Yes,Yes,Fiber optic,No,Yes,No,No,Yes,No,Month-to-month,Yes,Electronic check,99.15,3569.4,Yes,25–48 months,Above 90
6133-OZILE,Female,0,No,No,18,No,No,DSL,No,No,Yes,Yes,No,Yes,Month-to-month,Yes,Electronic check,35.2,633.6,No,13–24 months,30–60
4135-FRWKJ,Female,1,Yes,Yes,55,Yes,Yes,DSL,Yes,No,Yes,Yes,Yes,No,One year,No,Electronic check,76.25,4193.75,No,49–60 months,60–90
2911-UREFD,Female,0,Yes,No,39,No,No,DSL,Yes,No,Yes,No,Yes,No,Month-to-month,No,Electronic check,55.9,2180.1,Yes,25–48 months,30–60
3744-ZRRDZ,Male,0,No,No,21,Yes,Yes,Fiber optic,No,Yes,No,No,No,Yes,Month-to-month,Yes,Electronic check,82.35,1729.35,Yes,13–24 months,60–90
5673-TIYIB,Male,0,No,No,2,No,No,DSL,No,Yes,Yes,Yes,No,No,Month-to-month,Yes,Credit card,40.4,80.8,Yes,0–12 months,30–60
6551-ZCOTS,Male,1,No,No,33,Yes,Yes,No,No,No,No,No,No,No,One year,Yes,Bank transfer,24.9,821.7,No,25–48 months,Below 30
7191-ADRGF,Male,0,Yes,No,44,No,No,DSL,No,Yes,Yes,No,Yes,No,Two year,No,Bank transfer,54.3,2389.2,No,25–48 months,30–60
5018-LXQQG,Female,0,Yes,Yes,30,Yes,No,DSL,Yes,No,No,Yes,No,Yes,Month-to-month,No,Bank transfer,66.3,1989.0,No,25–48 months,60–90
6892-BOGQE,Female,0,Yes,No,71,Yes,No,No,No,No,No,No,No,Yes,Two year,Yes,Bank transfer,20.9,1483.9,No,61+ months,Below 30
1602-IJQQE,Female,0,No,No,4,Yes,Yes,Fiber optic,No,No,No,No,No,No,Month-to-month,No,Electronic check,75.35,301.4,Yes,0–12 months,60–90
4628-WQCQQ,Male,0,No,Yes,35,Yes,No,Fiber optic,No,No,Yes,No,Yes,No,One year,Yes,Electronic check,85.15,2980.25,Yes,25–48 months,60–90
1746-TGTWV,Male,0,Yes,No,1,Yes,No,Fiber optic,No,No,Yes,No,No,No,Month-to-month,No,Credit card,75.35,75.35,No,0–12 months,60–90
5995-SNNEW,Male,1,Yes,No,23,Yes,Yes,Fiber optic,No,Yes,Yes,No,Yes,No,Month-to-month,Yes,Electronic check,104.45,2402.35,No,13–24 months,Above 90
8050-WYBND,Female,0,No,Yes,22,No,No,DSL,No,No,Yes,No,Yes,Yes,One year,Yes,Credit card,49.45,1087.9,No,13–24 months,30–60
2821-WARNZ,Female,0,No,Yes,49,Yes,No,No,No,No,No,No,No,Yes,One year,No,Credit card,19.45,953.05,No,49–60 months,Below 30
4879-GZLFH,Female,0,Yes,Yes,42,Yes,No,Fiber optic,No,No,Yes,No,Yes,No,Month-to-month,Yes,Electronic check,92.15,3870.3,No,25–48 months,Above 90
1644-IRKSF,Female,0,Yes,Yes,33,Yes,No,Fiber optic,No,No,Yes,No,Yes,Yes,One year,Yes,Electronic check,93.8,3095.4,Yes,25–48 months,Above 90
8314-HTWVE,Female,0,Yes,Yes,7,Yes,No,No,No,No,No,No,No,Yes,Two year,No,Mailed check,19.85,138.95,No,0–12 months,Below 30
9402-ROUMJ,Female,0,Yes,Yes,67,Yes,Yes,Fiber optic,Yes,No,Yes,Yes,No,No,One year,Yes,Bank transfer,100.25,6716.75,No,61+ months,Above 90
2507-QZPQS,Male,0,No,No,15,Yes,Yes,Fiber optic,No,Yes,No,Yes,No,Yes,Month-to-month,No,Electronic check,95.7,1435.5,No,13–24 months,Above 90
7159-NOKYQ,Male,0,Yes,No,67,Yes,Yes,Fiber optic,No,Yes,Yes,No,No,Yes,Two year,Yes,Electronic check,93.15,6241.05,No,61+ months,Above 90
5707-ZMDJP,Male,0,Yes,Yes,53,Yes,No,DSL,Yes,Yes,No,Yes,Yes,Yes,Two year,Yes,Mailed check,69.7,3694.1,No,49–60 months,60–90
8779-YIQQA,Male,0,Yes,Yes,21,Yes,No,No,No,No,No,No,No,No,One year,No,Mailed check,19.8,415.8,No,13–24 months,Below 30
7136-IHZJA,Female,0,Yes,Yes,40,Yes,No,DSL,Yes,Yes,No,Yes,No,No,Month-to-month,Yes,Mailed check,71.35,2854.0,No,25–48 months,60–90
8966-OIQHG,Female,0,Yes,Yes,22,Yes,No,No,No,No,No,No,No,Yes,One year,No,Bank transfer,20.75,456.5,No,13–24 months,Below 30
7074-STDCN,Male,0,No,No,39,No,No,DSL,No,No,No,Yes,No,No,Month-to-month,Yes,Electronic check,40.6,1583.4,No,25–48 months,30–60
3705-PSNGL,Male,0,No,No,45,Yes,No,No,No,No,No,No,No,Yes,One year,Yes,Electronic check,20.4,918.0,Yes,25–48 months,Below 30
8739-QOTTN,Female,0,Yes,No,2,Yes,No,No,No,No,No,No,No,No,Month-to-month,No,Mailed check,20.35,40.7,No,0–12 months,Below 30
1399-OUPJN,Female,0,Yes,Yes,57,Yes,No,No,No,No,No,No,No,No,Two year,No,Bank transfer,19.75,1125.75,No,49–60 months,Below 30
0277-BKSQP,Male,0,Yes,Yes,8,Yes,No,DSL,No,No,No,No,Yes,No,Month-to-month,Yes,Electronic check,54.4,435.2,No,0–12 months,30–60
6502-HCJTI,Male,1,Yes,No,7,Yes,Yes,Fiber optic,Yes,Yes,No,No,No,No,Month-to-month,Yes,Credit card,94.7,662.9,Yes,0–12 months,Above 90
2606-RMDHZ,Male,0,No,No,6,No,No,DSL,No,Yes,No,No,No,Yes,Month-to-month,Yes,Credit card,30.5,183.0,Yes,0–12 months,30–60
5774-XZTQC,Female,0,Yes,Yes,7,Yes,No,No,No,No,No,No,No,No,Month-to-month,No,Mailed check,20.45,143.15,No,0–12 months,Below 30
2676-SSLTO,Male,0,No,No,49,Yes,Yes,DSL,No,No,No,Yes,Yes,No,Two year,Yes,Bank transfer,66.15,3241.35,No,49–60 months,60–90
6266-QHOJZ,Female,0,No,No,65,Yes,Yes,Fiber optic,Yes,Yes,No,Yes,No,No,One year,Yes,Electronic check,89.85,5840.25,No,61+ months,60–90
7269-JISCY,Female,0,No,No,55,Yes,No,DSL,No,No,No,No,No,No,One year,No,Bank transfer,45.05,2477.75,No,49–60 months,30–60
0363-SVHYR,Male,0,Yes,Yes,71,Yes,Yes,DSL,Yes,Yes,Yes,Yes,Yes,No,Two year,No,Bank transfer,86.85,6166.35,No,61+ months,60–90
8547-NSBBO,Male,0,No,No,35,Yes,Yes,Fiber optic,Yes,Yes,Yes,Yes,No,Yes,Month-to-month,Yes,Mailed check,96.75,3386.25,No,25–48 months,Above 90
8258-GSTJK,Male,1,No,No,3,Yes,Yes,Fiber optic,No,No,No,No,No,No,Month-to-month,Yes,Electronic check,77.0,231.0,Yes,0–12 months,60–90
6861-OKBCE,Female,0,No,Yes,11,Yes,No,No,No,No,No,No,No,No,Month-to-month,No,Credit card,20.1,221.1,Yes,0–12 months,Below 30
9940-RHLFB,Female,0,No,No,1,Yes,No,Fiber optic,No,No,Yes,No,No,No,Month-to-month,No,Electronic check,75.3,75.3,Yes,0–12 months,60–90
6591-QGOYB,Male,0,No,No,17,Yes,Yes,Fiber optic,Yes,Yes,Yes,Yes,Yes,No,Month-to-month,Yes,Bank transfer,106.65,1813.05,No,13–24 months,Above 90
9070-BCKQP,Female,0,Yes,No,72,Yes,Yes,Fiber optic,Yes,No,Yes,Yes,Yes,No,Two year,Yes,Credit card,110.15,7930.8,No,61+ months,Above 90
6421-SZVEM,Female,0,Yes,Yes,28,Yes,No,Fiber optic,Yes,No,No,No,No,Yes,One year,Yes,Bank transfer,82.85,2319.8,No,25–48 months,60–90
1328-EUZHC,Female,0,Yes,No,18,Yes,No,No,No,No,No,No,No,Yes,Two year,No,Mailed check,20.1,361.8,No,13–24 months,Below 30
2995-UPRYS,Female,1,Yes,No,40,Yes,No,Fiber optic,No,Yes,No,Yes,Yes,No,One year,Yes,Credit card,99.2,3968.0,Yes,25–48 months,Above 90
8878-RYUKI,Female,0,No,No,52,Yes,No,DSL,No,No,Yes,No,No,Yes,Month-to-month,Yes,Electronic check,59.45,3091.4,No,49–60 months,30–60
9633-DENPU,Female,0,Yes,No,47,Yes,No,DSL,No,Yes,No,No,Yes,Yes,Month-to-month,Yes,Bank transfer,58.6,2754.2,No,25–48 months,30–60
7811-JIVPF,Female,0,No,No,23,Yes,No,DSL,No,No,Yes,No,No,No,Month-to-month,No,Credit card,49.7,1143.1,No,13–24 months,30–60
7113-HIPFI,Male,0,Yes,Yes,66,Yes,No,DSL,Yes,Yes,Yes,Yes,No,No,Two year,No,Mailed check,65.85,4346.1,No,61+ months,60–90
8541-QVFKM,Female,0,No,No,8,Yes,Yes,Fiber optic,No,No,No,No,No,No,Month-to-month,Yes,Electronic check,73.5,588.0,No,0–12 months,60–90
6686-YPGHK,Male,1,No,No,47,Yes,No,Fiber optic,Yes,No,No,No,No,No,Month-to-month,No,Mailed check,85.5,4018.5,Yes,25–48 months,60–90
1383-EZRWL,Female,0,No,No,7,Yes,No,No,No,No,No,No,No,Yes,Month-to-month,No,Mailed check,20.05,140.35,Yes,0–12 months,Below 30
9258-CNWAC,Female,0,Yes,Yes,71,Yes,Yes,Fiber optic,Yes,Yes,Yes,Yes,Yes,No,Two year,No,Credit card,113.65,8069.15,No,61+ months,Above 90
5371-VYLSX,Female,1,No,No,50,Yes,Yes,Fiber optic,Yes,Yes,No,No,No,Yes,Month-to-month,Yes,Electronic check,83.4,4170.0,No,49–60 months,60–90
6374-AFWOX,Male,0,Yes,No,46,Yes,No,DSL,Yes,Yes,Yes,Yes,No,No,Two year,No,Mailed check,65.65,3019.9,No,25–48 months,60–90
4759-TRPLW,Male,0,No,No,1,Yes,No,Fiber optic,No,No,No,No,No,No,Month-to-month,No,Electronic check,70.4,70.4,Yes,0–12 months,60–90
5317-FLPJF,Female,0,No,No,66,No,No,DSL,Yes,No,Yes,Yes,Yes,No,Two year,Yes,Bank transfer,61.35,4049.1,No,61+ months,60–90
7621-VPNET,Female,0,Yes,No,42,Yes,Yes,Fiber optic,No,No,Yes,Yes,No,Yes,Month-to-month,Yes,Credit card,85.9,3607.8,No,25–48 months,60–90
6034-YMTOB,Female,0,No,No,5,Yes,No,Fiber optic,No,No,No,Yes,No,No,Month-to-month,Yes,Mailed check,75.65,378.25,No,0–12 months,60–90
8563-IIOXK,Male,0,Yes,Yes,7,Yes,No,DSL,Yes,No,No,No,No,No,One year,Yes,Electronic check,49.75,348.25,Yes,0–12 months,30–60
4903-CNOZC,Male,0,No,No,29,Yes,Yes,DSL,No,Yes,Yes,No,No,No,One year,No,Credit card,70.9,2056.1,No,25–48 months,60–90
4353-HYOJD,Female,0,Yes,Yes,27,Yes,No,DSL,No,Yes,No,No,No,Yes,Month-to-month,No,Mailed check,49.85,1345.95,No,25–48 months,30–60
8020-BWHYL,Female,1,No,No,15,Yes,No,Fiber optic,No,Yes,No,No,No,No,Month-to-month,Yes,Credit card,75.3,1129.5,Yes,13–24 months,60–90
7267-FRMJW,Female,0,Yes,Yes,25,Yes,No,No,No,No,No,No,No,No,Two year,No,Mailed check,20.1,502.5,No,25–48 months,Below 30
2982-VPSGI,Female,0,Yes,No,11,Yes,Yes,Fiber optic,No,No,No,No,Yes,No,Month-to-month,Yes,Electronic check,94.0,1034.0,Yes,0–12 months,Above 90
4188-FRABG,Male,0,Yes,No,57,Yes,Yes,Fiber optic,Yes,Yes,Yes,Yes,Yes,Yes,Month-to-month,Yes,Electronic check,103.05,5873.85,No,49–60 months,Above 90
8199-ZLLSA,Male,0,No,No,67,Yes,Yes,Fiber optic,Yes,Yes,Yes,Yes,Yes,No,One year,Yes,Bank transfer,118.35,7929.45,Yes,61+ months,Above 90
4128-ETESU,Female,1,Yes,No,47,Yes,Yes,Fiber optic,No,No,Yes,No,Yes,Yes,Month-to-month,No,Electronic check,99.7,4685.9,No,25–48 months,Above 90
0620-DLSLK,Female,0,No,No,13,Yes,No,Fiber optic,No,No,No,No,Yes,Yes,Month-to-month,Yes,Mailed check,81.9,1064.7,No,13–24 months,60–90
4625-EWPTF,Male,0,No,No,8,No,No,DSL,Yes,No,No,No,No,No,Month-to-month,Yes,Electronic check,30.45,243.6,Yes,0–12 months,30–60
5980-NOPLP,Female,0,Yes,No,44,Yes,Yes,Fiber optic,No,No,No,No,Yes,No,Month-to-month,Yes,Electronic check,96.1,4228.4,Yes,25–48 months,Above 90
3850-OKINF,Male,0,Yes,Yes,71,Yes,Yes,DSL,Yes,No,No,No,Yes,Yes,One year,Yes,Electronic check,66.2,4700.2,No,61+ months,60–90
6892-XPFPU,Male,1,Yes,No,24,Yes,Yes,Fiber optic,No,Yes,Yes,No,Yes,No,Month-to-month,Yes,Electronic check,104.25,2502.0,Yes,13–24 months,Above 90
8010-EZLOU,Male,1,No,No,15,Yes,Yes,Fiber optic,No,Yes,No,No,No,Yes,Month-to-month,Yes,Electronic check,80.2,1203.0,Yes,13–24 months,60–90
1156-ZFYDO,Female,0,No,No,1,Yes,No,No,No,No,No,No,No,No,Month-to-month,No,Electronic check,19.75,19.75,No,0–12 months,Below 30
3295-YVUSR,Male,1,No,No,2,Yes,Yes,Fiber optic,No,No,No,No,No,No,Month-to-month,Yes,Mailed check,72.6,145.2,No,0–12 months,60–90
8016-NCFVO,Male,1,No,No,55,Yes,Yes,Fiber optic,Yes,Yes,Yes,Yes,Yes,No,Month-to-month,Yes,Electronic check,116.5,6407.5,No,49–60 months,Above 90
4119-ZYPZY,Male,1,No,No,71,Yes,Yes,Fiber optic,No,Yes,No,Yes,Yes,Yes,Two year,Yes,Electronic check,106.8,7582.8,No,61+ months,Above 90
5549-ZGHFB,Male,0,Yes,Yes,50,Yes,Yes,No,No,No,No,No,No,Yes,Two year,No,Mailed check,24.95,1247.5,No,49–60 months,Below 30
7577-SWIFR,Male,0,No,No,1,Yes,No,Fiber optic,No,No,No,No,Yes,No,Month-to-month,Yes,Electronic check,89.25,89.25,No,0–12 months,60–90
0303-WMMRN,Male,0,No,No,5,Yes,No,No,No,No,No,No,No,Yes,Month-to-month,Yes,Mailed check,19.25,96.25,No,0–12 months,Below 30
6408-OTUBZ,Female,0,No,No,66,Yes,Yes,Fiber optic,Yes,Yes,Yes,Yes,Yes,No,One year,Yes,Bank transfer,104.55,6900.3,No,61+ months,Above 90
5204-HMGYF,Female,0,Yes,Yes,49,Yes,No,DSL,Yes,Yes,Yes,Yes,Yes,No,One year,Yes,Mailed check,87.2,4272.8,No,49–60 months,60–90
1078-TDCRN,Female,1,Yes,No,3,No,No,DSL,No,Yes,No,No,No,Yes,Month-to-month,Yes,Electronic check,30.75,92.25,No,0–12 months,30–60
3727-OVPRY,Male,0,Yes,Yes,66,Yes,Yes,No,No,No,No,No,No,No,One year,Yes,Credit card,25.7,1696.2,No,61+ months,Below 30
3797-FKOGQ,Male,0,No,Yes,11,Yes,Yes,Fiber optic,No,No,No,No,No,No,Month-to-month,No,Electronic check,86.2,948.2,No,0–12 months,60–90
7622-NXQZR,Male,0,No,No,28,No,No,DSL,No,No,No,Yes,No,Yes,Month-to-month,Yes,Credit card,30.1,842.8,No,25–48 months,30–60
6196-HBOBZ,Male,0,Yes,No,65,Yes,Yes,Fiber optic,Yes,Yes,Yes,No,Yes,No,Two year,Yes,Electronic check,99.35,6457.75,No,61+ months,Above 90
3970-XGJDU,Female,0,No,No,62,Yes,No,No,No,No,No,No,No,No,Two year,Yes,Credit card,19.2,1190.4,No,61+ months,Below 30
7017-VFULY,Female,0,Yes,No,2,Yes,No,No,No,No,No,No,No,No,Month-to-month,No,Bank transfer,20.1,40.2,No,0–12 months,Below 30
5562-YJQGT,Female,0,No,No,2,Yes,No,No,No,No,No,No,No,No,Month-to-month,No,Credit card,20.35,40.7,No,0–12 months,Below 30
8807-OPMBM,Female,0,Yes,Yes,55,Yes,Yes,No,No,No,No,No,No,No,Two year,Yes,Credit card,25.65,1410.75,No,49–60 months,Below 30
5439-WIKXB,Male,1,Yes,No,41,Yes,No,Fiber optic,No,Yes,No,No,Yes,No,Month-to-month,Yes,Electronic check,94.55,3876.55,No,25–48 months,Above 90
9874-QLCLH,Female,0,Yes,Yes,17,Yes,Yes,Fiber optic,Yes,No,Yes,No,Yes,Yes,Month-to-month,Yes,Electronic check,104.2,1771.4,Yes,13–24 months,Above 90
8294-UIMBA,Female,0,No,No,30,Yes,No,Fiber optic,No,No,No,Yes,Yes,Yes,One year,Yes,Bank transfer,94.4,2832.0,No,25–48 months,Above 90
8109-YUOHE,Male,0,No,No,17,Yes,No,DSL,Yes,Yes,No,No,No,Yes,One year,No,Mailed check,56.1,953.7,No,13–24 months,30–60
5840-NVDCG,Female,0,Yes,Yes,16,Yes,No,DSL,Yes,Yes,No,Yes,No,No,Two year,No,Bank transfer,68.25,1092.0,No,13–24 months,60–90
8092-NLTGF,Male,0,No,No,72,Yes,Yes,No,No,No,No,No,No,Yes,Two year,No,Bank transfer,24.75,1782.0,No,61+ months,Below 30
5928-QLDHB,Male,0,No,No,9,Yes,Yes,Fiber optic,No,No,No,No,No,No,Month-to-month,Yes,Electronic check,76.25,686.25,No,0–12 months,60–90
9840-EFJQB,Female,0,No,No,1,Yes,No,Fiber optic,No,Yes,No,No,No,No,Month-to-month,No,Electronic check,74.35,74.35,No,0–12 months,60–90
0696-UKTOX,Male,0,No,Yes,23,Yes,No,DSL,No,Yes,No,Yes,No,No,Month-to-month,No,Electronic check,54.15,1245.45,No,13–24 months,30–60
4801-KFYKL,Male,0,No,Yes,8,Yes,No,No,No,No,No,No,No,No,Month-to-month,No,Bank transfer,19.45,155.6,No,0–12 months,Below 30
3472-OAOOR,Male,0,Yes,Yes,19,No,No,DSL,Yes,Yes,No,No,No,No,Month-to-month,Yes,Mailed check,34.95,664.05,No,13–24 months,30–60
6135-OZQVA,Female,0,No,No,7,Yes,Yes,DSL,Yes,No,No,No,No,No,Month-to-month,Yes,Electronic check,53.65,375.55,No,0–12 months,30–60
8062-YBDOE,Male,1,No,No,1,Yes,No,Fiber optic,No,No,No,No,No,No,Month-to-month,Yes,Electronic check,69.65,69.65,Yes,0–12 months,60–90
2252-JHJGE,Male,0,No,No,61,Yes,Yes,Fiber optic,Yes,No,Yes,No,Yes,No,One year,No,Electronic check,104.0,6344.0,No,61+ months,Above 90
4188-PCPIG,Female,0,Yes,No,57,Yes,No,DSL,Yes,Yes,No,Yes,Yes,Yes,Two year,Yes,Credit card,70.35,4009.95,No,49–60 months,60–90
6000-APYLU,Male,0,No,No,9,Yes,No,Fiber optic,No,No,No,No,No,No,Month-to-month,Yes,Electronic check,80.8,727.2,Yes,0–12 months,60–90
7105-BENQF,Male,0,No,Yes,15,Yes,No,DSL,Yes,No,Yes,No,No,Yes,One year,No,Mailed check,64.85,972.75,No,13–24 months,60–90
7721-DVEKZ,Female,0,No,No,1,Yes,No,No,No,No,No,No,No,Yes,Month-to-month,No,Mailed check,19.65,19.65,No,0–12 months,Below 30
3566-VVORZ,Female,0,Yes,No,12,Yes,No,DSL,No,No,No,No,No,No,Month-to-month,No,Bank transfer,45.9,550.8,No,0–12 months,30–60
9507-HSMMZ,Male,0,No,No,54,Yes,No,No,No,No,No,No,No,No,Two year,No,Mailed check,20.0,1080.0,No,49–60 months,Below 30
2480-SQIOB,Male,0,Yes,Yes,4,Yes,No,DSL,No,No,No,No,No,No,Month-to-month,No,Electronic check,44.8,179.2,No,0–12 months,30–60
0947-IDHRQ,Female,0,No,No,7,Yes,No,Fiber optic,No,No,No,No,Yes,No,Month-to-month,Yes,Mailed check,80.3,562.1,Yes,0–12 months,60–90
7813-TKCVO,Female,0,Yes,No,20,Yes,No,No,No,No,No,No,No,No,One year,No,Mailed check,20.35,407.0,No,13–24 months,Below 30
0128-MKWSG,Female,0,No,Yes,26,No,No,DSL,Yes,No,No,Yes,No,No,Month-to-month,No,Mailed check,45.8,1190.8,No,25–48 months,30–60
3672-YITQD,Male,1,Yes,No,36,Yes,Yes,Fiber optic,No,No,No,No,No,Yes,Month-to-month,Yes,Electronic check,84.1,3027.6,Yes,25–48 months,60–90
4350-ZTLPI,Female,0,Yes,No,53,Yes,Yes,Fiber optic,No,Yes,Yes,Yes,Yes,Yes,One year,Yes,Bank transfer,108.95,5774.35,No,49–60 months,Above 90
9048-JVYVF,Male,0,No,No,3,Yes,No,DSL,No,No,No,Yes,Yes,Yes,Month-to-month,Yes,Electronic check,69.35,208.05,Yes,0–12 months,60–90
0361-HJRDX,Female,0,No,No,68,No,No,DSL,Yes,Yes,Yes,Yes,Yes,Yes,Two year,No,Credit card,64.35,4375.8,No,61+ months,60–90
5727-MYATE,Male,0,Yes,Yes,72,Yes,Yes,DSL,Yes,Yes,Yes,Yes,Yes,Yes,Two year,Yes,Credit card,90.8,6537.6,No,61+ months,Above 90
3823-KYNQY,Male,0,No,No,12,Yes,Yes,No,No,No,No,No,No,Yes,One year,No,Credit card,24.95,299.4,No,0–12 months,Below 30
8988-ECPJR,Female,1,Yes,Yes,34,Yes,Yes,Fiber optic,No,Yes,No,No,No,No,Month-to-month,Yes,Mailed check,79.6,2706.4,Yes,25–48 months,60–90
7570-WELNY,Female,0,Yes,No,68,Yes,Yes,Fiber optic,Yes,Yes,No,No,No,No,Two year,Yes,Bank transfer,84.7,5759.6,No,61+ months,60–90
3021-VLNRJ,Female,0,No,Yes,50,Yes,No,DSL,Yes,No,Yes,Yes,Yes,No,One year,Yes,Credit card,70.8,3540.0,No,49–60 months,60–90
3776-EKTKM,Female,1,No,No,1,No,No,DSL,No,No,No,No,Yes,No,Month-to-month,Yes,Electronic check,36.45,36.45,Yes,0–12 months,30–60
2080-CAZNM,Female,1,No,No,41,Yes,Yes,Fiber optic,No,Yes,Yes,No,Yes,No,Month-to-month,Yes,Electronic check,104.4,4280.4,No,25–48 months,Above 90
1028-FFNJK,Male,1,Yes,No,30,Yes,Yes,Fiber optic,No,No,No,Yes,Yes,Yes,Month-to-month,Yes,Electronic check,101.5,3045.0,No,25–48 months,Above 90
6907-FLBER,Male,0,No,No,1,Yes,Yes,DSL,No,Yes,No,No,No,Yes,Month-to-month,No,Electronic check,54.3,54.3,No,0–12 months,30–60
3001-UNBTL,Male,1,Yes,Yes,29,Yes,Yes,Fiber optic,No,No,Yes,No,Yes,No,Month-to-month,Yes,Electronic check,103.95,3014.55,No,25–48 months,Above 90
5982-PSMKW,Female,0,Yes,Yes,23,Yes,Yes,DSL,Yes,Yes,Yes,Yes,Yes,Yes,Two year,Yes,Credit card,91.1,2095.3,No,13–24 months,Above 90
3507-GASNP,Male,0,No,Yes,60,Yes,No,No,No,No,No,No,No,Yes,Two year,No,Mailed check,19.95,1197.0,No,49–60 months,Below 30
7096-ZNBZI,Female,0,Yes,No,72,Yes,Yes,No,No,No,No,No,No,No,Two year,No,Credit card,26.45,1904.4,No,61+ months,Below 30
1902-XBTFB,Male,0,No,Yes,22,Yes,No,Fiber optic,No,Yes,Yes,No,Yes,No,Month-to-month,Yes,Electronic check,89.4,1966.8,Yes,13–24 months,60–90
1676-MQAOA,Male,0,No,No,72,Yes,No,DSL,Yes,Yes,Yes,Yes,Yes,No,Two year,Yes,Bank transfer,75.1,5407.2,No,61+ months,60–90
0786-IVLAW,Female,1,No,No,66,Yes,Yes,Fiber optic,No,Yes,Yes,No,Yes,No,One year,No,Bank transfer,108.1,7134.6,No,61+ months,Above 90
7566-DSRLQ,Female,0,Yes,No,72,Yes,Yes,Fiber optic,No,Yes,Yes,Yes,Yes,Yes,Two year,Yes,Electronic check,110.15,7930.8,No,61+ months,Above 90
0643-OKLRP,Female,1,Yes,No,47,Yes,Yes,Fiber optic,Yes,No,No,No,No,Yes,Month-to-month,No,Electronic check,80.35,3776.45,Yes,25–48 months,60–90
7245-JMTTQ,Female,0,No,No,51,Yes,Yes,Fiber optic,No,Yes,Yes,Yes,Yes,No,One year,Yes,Electronic check,111.5,5686.5,No,49–60 months,Above 90
6050-IJRHS,Female,0,Yes,Yes,70,Yes,Yes,Fiber optic,No,Yes,Yes,No,Yes,Yes,One year,Yes,Electronic check,106.5,7455.0,No,61+ months,Above 90
6202-JVYEU,Male,0,No,No,9,Yes,No,No,No,No,No,No,No,Yes,One year,Yes,Electronic check,19.9,179.1,No,0–12 months,Below 30
8591-TKMZH,Male,0,Yes,Yes,59,Yes,Yes,Fiber optic,Yes,Yes,No,Yes,Yes,No,Two year,Yes,Mailed check,111.1,6554.9,No,49–60 months,Above 90
0734-OXWBT,Male,0,No,Yes,3,Yes,No,DSL,No,No,No,Yes,Yes,Yes,Month-to-month,No,Mailed check,70.7,212.1,No,0–12 months,60–90
4282-ACRXS,Male,1,Yes,No,38,No,No,DSL,No,No,No,No,No,Yes,Month-to-month,Yes,Electronic check,24.85,944.3,No,25–48 months,Below 30
0365-TRTPY,Female,0,No,No,37,Yes,Yes,Fiber optic,Yes,Yes,Yes,No,No,No,Month-to-month,No,Bank transfer,91.2,3374.4,No,25–48 months,Above 90
7349-ALMUX,Male,0,No,No,37,Yes,No,DSL,Yes,Yes,Yes,Yes,No,No,Two year,No,Bank transfer,65.6,2427.2,No,25–48 months,60–90
9381-NDKME,Female,1,Yes,No,24,No,No,DSL,No,No,Yes,No,No,No,Month-to-month,Yes,Credit card,40.65,975.6,Yes,13–24 months,30–60
6502-KUGLL,Female,0,Yes,Yes,14,Yes,No,DSL,Yes,Yes,No,Yes,No,Yes,Month-to-month,No,Bank transfer,59.45,832.3,No,13–24 months,30–60
1841-YSJGV,Male,0,Yes,No,72,Yes,Yes,Fiber optic,Yes,Yes,No,Yes,Yes,No,Two year,Yes,Credit card,109.95,7916.4,No,61+ months,Above 90
2794-XIMMO,Male,0,Yes,No,53,No,No,DSL,No,Yes,Yes,Yes,Yes,Yes,One year,Yes,Electronic check,60.45,3203.85,Yes,49–60 months,60–90
8382-SHQEH,Female,0,Yes,No,8,Yes,Yes,Fiber optic,No,No,No,No,No,Yes,Month-to-month,Yes,Electronic check,84.9,679.2,Yes,0–12 months,60–90
3511-BFTJW,Male,0,Yes,Yes,72,No,No,DSL,Yes,Yes,Yes,No,No,Yes,Two year,No,Credit card,38.5,2772.0,No,61+ months,30–60
7668-XCFYV,Female,1,Yes,No,17,Yes,Yes,Fiber optic,No,No,No,No,Yes,No,Month-to-month,Yes,Electronic check,92.55,1573.35,No,13–24 months,Above 90
2983-ZANRP,Female,0,Yes,Yes,2,Yes,No,Fiber optic,No,Yes,No,No,No,Yes,Month-to-month,Yes,Bank transfer,73.55,147.1,Yes,0–12 months,60–90
7845-URHJN,Female,0,Yes,No,8,Yes,No,No,No,No,No,No,No,No,Month-to-month,No,Bank transfer,20.15,161.2,Yes,0–12 months,Below 30
3034-ZBEQN,Female,0,Yes,No,48,No,No,DSL,No,Yes,Yes,No,No,No,One year,No,Mailed check,34.7,1665.6,Yes,25–48 months,30–60
5018-HEKFO,Female,0,No,No,10,Yes,Yes,No,No,No,No,No,No,No,Month-to-month,Yes,Mailed check,24.5,245.0,No,0–12 months,Below 30
2923-ARZLG,Male,0,Yes,Yes,0,Yes,No,No,No,No,No,No,No,No,One year,Yes,Mailed check,19.7,0.0,No,0–12 months,Below 30
3976-NLDEZ,Male,0,No,No,1,Yes,No,No,No,No,No,No,No,No,Month-to-month,No,Mailed check,20.6,20.6,No,0–12 months,Below 30
2282-YGNOR,Female,0,No,No,29,Yes,No,DSL,Yes,No,Yes,Yes,No,No,One year,No,Credit card,58.0,1682.0,No,25–48 months,30–60
5336-UFNZP,Female,1,Yes,Yes,65,Yes,Yes,Fiber optic,No,Yes,Yes,No,Yes,No,One year,Yes,Electronic check,107.45,6984.25,No,61+ months,Above 90
6854-EXGSF,Female,0,No,No,8,Yes,Yes,DSL,Yes,Yes,Yes,No,No,Yes,Month-to-month,Yes,Bank transfer,65.5,524.0,No,0–12 months,60–90
1241-EZFMJ,Male,0,Yes,No,61,Yes,Yes,No,No,No,No,No,No,No,Two year,No,Bank transfer,25.45,1552.45,No,61+ months,Below 30
9233-PSYHO,Female,1,No,No,45,Yes,Yes,Fiber optic,No,No,Yes,No,Yes,No,One year,Yes,Bank transfer,100.15,4506.75,No,25–48 months,Above 90
5376-PCKNB,Male,0,Yes,Yes,72,Yes,Yes,Fiber optic,No,Yes,Yes,No,Yes,Yes,One year,Yes,Credit card,104.45,7520.4,No,61+ months,Above 90
8044-BGWPI,Male,0,Yes,Yes,12,Yes,No,No,No,No,No,No,No,Yes,Month-to-month,Yes,Electronic check,21.15,253.8,No,0–12 months,Below 30
4060-LDNLU,Male,0,No,No,7,Yes,Yes,Fiber optic,No,No,No,No,Yes,No,Month-to-month,No,Electronic check,96.2,673.4,No,0–12 months,Above 90
3589-PPVKW,Male,0,No,No,9,Yes,No,DSL,No,No,No,No,No,Yes,Month-to-month,Yes,Mailed check,44.4,399.6,No,0–12 months,30–60
8327-LZKAS,Female,1,Yes,No,43,Yes,Yes,Fiber optic,No,No,Yes,Yes,Yes,No,One year,Yes,Electronic check,107.55,4624.65,Yes,25–48 months,Above 90
5887-IKKYO,Male,0,Yes,Yes,58,Yes,Yes,Fiber optic,No,No,Yes,Yes,No,Yes,Two year,No,Bank transfer,94.35,5472.3,No,49–60 months,Above 90
1075-BGWOH,Male,1,Yes,No,16,Yes,Yes,Fiber optic,No,No,Yes,No,Yes,Yes,Month-to-month,Yes,Electronic check,98.75,1580.0,Yes,13–24 months,Above 90
1755-RMCXH,Male,0,Yes,Yes,2,Yes,No,No,No,No,No,No,No,Yes,Month-to-month,No,Mailed check,20.3,40.6,No,0–12 months,Below 30
0302-JOIVN,Female,0,Yes,No,8,Yes,No,Fiber optic,No,Yes,Yes,No,Yes,No,Month-to-month,No,Electronic check,101.15,809.2,Yes,0–12 months,Above 90
3858-XHYJO,Female,0,Yes,No,40,Yes,Yes,Fiber optic,Yes,No,Yes,No,Yes,Yes,One year,No,Bank transfer,105.75,4230.0,No,25–48 months,Above 90
4299-SIMNS,Male,0,No,No,9,Yes,Yes,Fiber optic,Yes,No,No,No,No,Yes,Month-to-month,Yes,Electronic check,81.15,730.35,No,0–12 months,60–90
7025-IWFHT,Male,0,No,No,41,Yes,No,Fiber optic,No,Yes,No,Yes,Yes,No,One year,Yes,Electronic check,89.55,3671.55,No,25–48 months,60–90
6261-LHRTG,Female,0,No,No,26,Yes,No,DSL,No,Yes,Yes,No,No,No,Month-to-month,Yes,Credit card,54.75,1423.5,No,25–48 months,30–60
7841-FCRQD,Female,0,Yes,No,33,Yes,No,DSL,No,Yes,No,Yes,No,No,One year,Yes,Credit card,53.75,1773.75,No,25–48 months,30–60
2056-EVGZL,Male,0,Yes,Yes,68,Yes,No,Fiber optic,No,Yes,Yes,Yes,Yes,No,One year,No,Credit card,105.75,7191.0,No,61+ months,Above 90
8777-MBMTS,Female,1,Yes,No,65,Yes,No,Fiber optic,No,Yes,Yes,Yes,Yes,Yes,Two year,Yes,Credit card,105.85,6880.25,No,61+ months,Above 90
7753-USQYQ,Male,0,No,No,55,Yes,No,DSL,No,Yes,No,Yes,No,Yes,One year,Yes,Electronic check,64.2,3531.0,No,49–60 months,60–90
5366-IJEQJ,Male,0,No,No,20,Yes,Yes,Fiber optic,No,No,Yes,No,Yes,Yes,Month-to-month,Yes,Electronic check,88.7,1774.0,Yes,13–24 months,60–90
7661-CPURM,Male,0,No,No,19,Yes,No,Fiber optic,No,No,No,Yes,No,No,One year,Yes,Credit card,87.7,1666.3,No,13–24 months,60–90
6233-HXJMX,Female,0,No,No,45,Yes,Yes,Fiber optic,No,No,Yes,No,No,Yes,Month-to-month,Yes,Credit card,89.3,4018.5,No,25–48 months,60–90
5902-WBLSE,Female,0,Yes,Yes,70,Yes,No,No,No,No,No,No,No,Yes,Two year,Yes,Credit card,20.15,1410.5,No,61+ months,Below 30
1981-INRFU,Female,0,No,No,2,Yes,No,Fiber optic,No,No,No,No,Yes,No,Month-to-month,Yes,Electronic check,79.75,159.5,Yes,0–12 months,60–90
4971-PUYQO,Female,0,No,No,27,Yes,Yes,Fiber optic,No,No,No,No,Yes,No,Month-to-month,Yes,Mailed check,94.55,2552.85,Yes,25–48 months,Above 90
3239-TPHPZ,Female,0,Yes,No,12,Yes,No,No,No,No,No,No,No,Yes,Two year,Yes,Electronic check,20.05,240.6,No,0–12 months,Below 30
5115-GZDEL,Male,0,No,Yes,72,No,No,DSL,Yes,Yes,Yes,Yes,Yes,No,Two year,No,Credit card,67.2,4838.4,No,61+ months,60–90
3338-CVVEH,Male,0,No,No,12,Yes,Yes,Fiber optic,No,No,No,No,Yes,Yes,Month-to-month,No,Electronic check,94.55,1134.6,No,0–12 months,Above 90
8485-GJCDN,Female,1,No,No,5,Yes,No,Fiber optic,No,No,No,No,No,Yes,Month-to-month,Yes,Mailed check,69.05,345.25,Yes,0–12 months,60–90
2615-YVMYX,Male,1,Yes,No,71,Yes,Yes,Fiber optic,Yes,Yes,Yes,No,Yes,No,Month-to-month,Yes,Electronic check,107.5,7632.5,No,61+ months,Above 90
2851-STERV,Male,1,No,No,35,Yes,No,DSL,No,No,Yes,Yes,Yes,Yes,One year,Yes,Electronic check,73.0,2555.0,No,25–48 months,60–90
4393-GEADV,Male,0,Yes,Yes,70,Yes,Yes,Fiber optic,Yes,Yes,Yes,Yes,Yes,Yes,Two year,No,Credit card,114.75,8032.5,No,61+ months,Above 90
8486-AYEQH,Female,0,No,No,31,Yes,Yes,Fiber optic,No,No,No,No,No,Yes,Month-to-month,Yes,Electronic check,76.05,2357.55,No,25–48 months,60–90
1527-SXDPN,Male,0,Yes,Yes,52,Yes,Yes,Fiber optic,No,No,Yes,Yes,No,No,Two year,Yes,Bank transfer,96.25,5005.0,Yes,49–60 months,Above 90
6029-WTIPC,Male,1,No,No,37,Yes,Yes,Fiber optic,No,No,Yes,No,Yes,Yes,Month-to-month,Yes,Electronic check,101.1,3740.7,Yes,25–48 months,Above 90
8634-CILSZ,Male,0,No,No,69,Yes,Yes,Fiber optic,No,Yes,No,Yes,Yes,Yes,One year,Yes,Bank transfer,104.7,7224.3,Yes,61+ months,Above 90
5419-JKZNQ,Male,1,Yes,No,30,Yes,Yes,Fiber optic,No,No,No,No,No,Yes,Month-to-month,No,Mailed check,77.9,2337.0,No,25–48 months,60–90
2495-KZNFB,Female,0,No,No,33,Yes,Yes,Fiber optic,Yes,No,No,No,No,No,Month-to-month,Yes,Electronic check,90.65,2991.45,No,25–48 months,Above 90
1409-PHXTF,Male,1,Yes,No,54,Yes,Yes,Fiber optic,No,Yes,Yes,Yes,Yes,Yes,Two year,Yes,Electronic check,110.45,5964.3,No,49–60 months,Above 90
4560-WQAQW,Female,0,No,No,59,Yes,Yes,DSL,Yes,No,No,Yes,No,Yes,One year,No,Bank transfer,68.7,4053.3,No,49–60 months,60–90
9591-YVTEB,Male,1,No,No,55,No,No,DSL,Yes,Yes,No,No,Yes,Yes,Month-to-month,Yes,Electronic check,44.85,2466.75,No,49–60 months,30–60
9309-BZGNT,Male,1,Yes,No,69,No,No,DSL,No,No,Yes,No,No,No,One year,Yes,Credit card,29.8,2056.2,No,61+ months,Below 30
4274-DRSQT,Female,0,No,No,66,Yes,Yes,Fiber optic,No,Yes,No,No,Yes,No,One year,Yes,Bank transfer,88.9,5867.4,No,61+ months,60–90
2027-DNKIV,Male,0,Yes,Yes,37,Yes,No,DSL,Yes,No,Yes,Yes,No,No,One year,Yes,Mailed check,58.75,2173.75,No,25–48 months,30–60
8075-GXIUB,Male,1,Yes,No,9,Yes,No,No,No,No,No,No,No,No,One year,No,Credit card,19.85,178.65,No,0–12 months,Below 30
2885-HIJDH,Male,0,Yes,Yes,69,Yes,Yes,DSL,Yes,No,Yes,Yes,Yes,No,Two year,No,Bank transfer,86.9,5996.1,No,61+ months,60–90
5424-RLQLC,Male,0,No,No,10,Yes,No,DSL,No,Yes,No,No,Yes,Yes,Month-to-month,Yes,Mailed check,59.65,596.5,No,0–12 months,30–60
6682-QJDGB,Male,0,No,Yes,40,Yes,No,DSL,Yes,Yes,No,No,No,No,Month-to-month,Yes,Mailed check,55.25,2210.0,Yes,25–48 months,30–60
6507-DTJZV,Male,0,No,Yes,13,Yes,No,DSL,No,No,No,No,Yes,No,Month-to-month,No,Credit card,66.4,863.2,No,13–24 months,60–90
8780-IXSTS,Female,0,No,No,6,Yes,Yes,Fiber optic,No,Yes,No,No,Yes,Yes,Month-to-month,Yes,Electronic check,90.1,540.6,Yes,0–12 months,Above 90
7673-BQGKU,Female,0,Yes,Yes,69,Yes,No,No,No,No,No,No,No,No,Two year,No,Bank transfer,20.15,1390.35,No,61+ months,Below 30
6723-WSNTY,Female,1,Yes,No,66,Yes,Yes,Fiber optic,No,Yes,Yes,Yes,Yes,No,One year,Yes,Credit card,108.1,7134.6,No,61+ months,Above 90
9530-EHPOH,Male,0,No,No,11,Yes,Yes,DSL,No,No,Yes,No,No,Yes,Month-to-month,No,Electronic check,53.75,591.25,Yes,0–12 months,30–60
2725-IWWBA,Male,0,Yes,Yes,46,Yes,No,DSL,Yes,No,Yes,Yes,No,No,One year,No,Mailed check,56.9,2617.4,No,25–48 months,30–60
0345-HKJVM,Female,0,No,No,6,Yes,No,Fiber optic,No,No,No,No,Yes,No,Month-to-month,No,Electronic check,89.3,535.8,Yes,0–12 months,60–90
1061-PNTHC,Female,0,Yes,Yes,56,Yes,Yes,Fiber optic,Yes,No,Yes,Yes,Yes,Yes,Month-to-month,Yes,Mailed check,109.6,6137.6,No,49–60 months,Above 90
0394-YONDK,Male,0,Yes,Yes,70,Yes,Yes,No,No,No,No,No,No,Yes,Two year,No,Credit card,25.15,1760.5,No,61+ months,Below 30
6574-MCOEH,Female,0,Yes,Yes,33,Yes,Yes,DSL,No,No,Yes,Yes,Yes,No,One year,Yes,Electronic check,79.15,2611.95,No,25–48 months,60–90
7399-QHBJS,Female,0,Yes,Yes,72,Yes,Yes,DSL,Yes,Yes,No,Yes,No,Yes,Two year,No,Credit card,66.75,4806.0,No,61+ months,60–90
3049-SOLAY,Female,0,Yes,No,3,Yes,Yes,Fiber optic,No,No,No,No,Yes,No,Month-to-month,Yes,Electronic check,95.2,285.6,Yes,0–12 months,Above 90
0997-YTLNY,Female,0,No,Yes,19,Yes,No,DSL,No,No,No,Yes,No,Yes,Month-to-month,No,Mailed check,48.8,927.2,No,13–24 months,30–60
3317-HRTNN,Female,1,No,No,5,No,No,DSL,No,No,No,No,Yes,No,Month-to-month,No,Electronic check,45.7,228.5,Yes,0–12 months,30–60
9479-HYNYL,Female,0,Yes,No,71,Yes,No,DSL,No,Yes,Yes,Yes,Yes,Yes,Two year,Yes,Credit card,80.7,5729.7,No,61+ months,60–90
3235-ETOOB,Male,0,Yes,No,8,Yes,No,Fiber optic,Yes,No,No,No,No,Yes,Month-to-month,Yes,Electronic check,74.5,596.0,Yes,0–12 months,60–90
9708-KFDBY,Male,0,No,No,1,Yes,No,No,No,No,No,No,No,No,Month-to-month,No,Credit card,20.55,20.55,No,0–12 months,Below 30
8058-INTPH,Female,0,No,No,1,Yes,No,Fiber optic,No,No,No,No,Yes,No,Month-to-month,Yes,Electronic check,79.65,79.65,Yes,0–12 months,60–90
3642-GKTCT,Female,0,No,No,61,Yes,Yes,Fiber optic,Yes,Yes,Yes,Yes,Yes,No,One year,Yes,Mailed check,115.1,7021.1,No,61+ months,Above 90
0774-RMNUW,Female,0,Yes,Yes,71,No,No,DSL,Yes,Yes,No,Yes,Yes,Yes,Two year,No,Bank transfer,59.7,4238.7,No,61+ months,30–60
1334-PDUKM,Female,0,Yes,No,68,Yes,Yes,Fiber optic,No,Yes,Yes,No,No,Yes,One year,No,Credit card,86.45,5878.6,No,61+ months,60–90
0756-MPZRL,Male,0,No,No,46,No,No,DSL,No,No,Yes,Yes,No,No,One year,No,Credit card,33.7,1550.2,No,25–48 months,30–60
2242-MFOTG,Male,0,No,No,33,Yes,Yes,Fiber optic,Yes,No,No,No,No,No,One year,No,Bank transfer,80.1,2643.3,No,25–48 months,60–90
2927-CVULT,Female,0,Yes,Yes,53,Yes,Yes,Fiber optic,Yes,Yes,Yes,Yes,No,No,Two year,Yes,Bank transfer,104.05,5514.65,No,49–60 months,Above 90
2144-BFDSO,Female,1,Yes,No,50,Yes,Yes,Fiber optic,Yes,Yes,Yes,No,Yes,Yes,Month-to-month,No,Bank transfer,108.75,5437.5,No,49–60 months,Above 90
8745-PVESG,Female,0,No,No,57,No,No,DSL,Yes,No,Yes,Yes,No,Yes,One year,Yes,Credit card,41.1,2342.7,No,49–60 months,30–60
7647-GYYKX,Female,0,Yes,Yes,54,Yes,No,No,No,No,No,No,No,No,Two year,Yes,Bank transfer,20.35,1098.9,No,49–60 months,Below 30
5647-FXOTP,Female,1,Yes,No,60,Yes,Yes,Fiber optic,No,Yes,Yes,No,Yes,No,Month-to-month,Yes,Electronic check,105.9,6354.0,No,49–60 months,Above 90
5569-OUICF,Female,1,Yes,No,28,Yes,Yes,Fiber optic,No,No,No,Yes,Yes,Yes,Month-to-month,Yes,Credit card,101.3,2836.4,Yes,25–48 months,Above 90
8821-XNHVZ,Female,0,Yes,Yes,1,Yes,No,Fiber optic,No,No,No,No,Yes,Yes,Month-to-month,Yes,Mailed check,80.05,80.05,Yes,0–12 months,60–90
2082-OJVTK,Male,0,Yes,Yes,29,Yes,Yes,Fiber optic,No,No,Yes,No,No,No,Month-to-month,Yes,Electronic check,89.2,2586.8,Yes,25–48 months,60–90
9700-ISPUP,Female,0,Yes,Yes,10,Yes,No,DSL,No,Yes,No,Yes,No,Yes,Month-to-month,Yes,Electronic check,65.5,655.0,No,0–12 months,60–90
9839-ETQOE,Male,0,No,Yes,43,No,No,DSL,Yes,Yes,Yes,No,No,Yes,Month-to-month,Yes,Electronic check,40.45,1739.35,No,25–48 months,30–60
6078-VESFR,Male,1,Yes,No,13,Yes,No,Fiber optic,No,No,No,No,No,No,Month-to-month,No,Bank transfer,70.45,915.85,No,13–24 months,60–90
9027-TMATR,Female,0,Yes,No,43,Yes,No,DSL,Yes,No,Yes,Yes,Yes,No,Two year,Yes,Electronic check,78.8,3388.4,No,25–48 months,60–90
5940-NFXKV,Male,0,Yes,Yes,19,Yes,Yes,Fiber optic,No,No,No,No,No,Yes,Month-to-month,Yes,Electronic check,83.65,1589.35,Yes,13–24 months,60–90
1941-HOSAM,Male,0,Yes,Yes,1,Yes,No,Fiber optic,No,No,No,No,Yes,Yes,Month-to-month,Yes,Electronic check,90.1,90.1,No,0–12 months,Above 90
9110-HSGTV,Female,0,No,No,69,Yes,No,DSL,Yes,No,Yes,Yes,Yes,Yes,Two year,Yes,Credit card,82.45,5689.05,No,61+ months,60–90
0704-VCUMB,Female,0,Yes,No,61,Yes,No,No,No,No,No,No,No,Yes,Two year,No,Credit card,20.25,1235.25,No,61+ months,Below 30
6171-ZTVYB,Male,0,Yes,No,43,Yes,Yes,DSL,Yes,Yes,No,Yes,No,No,Month-to-month,No,Bank transfer,66.25,2848.75,No,25–48 months,60–90
8053-WWDRO,Female,0,Yes,No,6,Yes,No,No,No,No,No,No,No,No,Month-to-month,No,Bank transfer,19.5,117.0,Yes,0–12 months,Below 30
9564-KCLHR,Male,0,No,No,1,Yes,No,DSL,No,No,No,Yes,No,No,Month-to-month,No,Mailed check,51.25,51.25,Yes,0–12 months,30–60
1935-IMVBB,Male,0,Yes,No,56,Yes,No,Fiber optic,No,No,No,No,Yes,No,Month-to-month,No,Mailed check,89.7,5023.2,No,49–60 months,60–90
2535-PBCGC,Female,0,Yes,No,70,No,No,DSL,Yes,Yes,Yes,Yes,Yes,Yes,Two year,No,Bank transfer,64.55,4518.5,No,61+ months,60–90
2082-CEFLT,Male,0,No,No,1,Yes,No,DSL,No,No,No,No,No,Yes,Month-to-month,Yes,Electronic check,45.6,45.6,Yes,0–12 months,30–60
1470-PSXNM,Male,0,Yes,Yes,49,Yes,Yes,Fiber optic,No,Yes,Yes,No,Yes,No,One year,Yes,Electronic check,93.65,4588.85,No,49–60 months,Above 90
1213-NGCUN,Female,0,No,No,6,Yes,No,DSL,No,No,No,Yes,No,No,Month-to-month,Yes,Bank transfer,49.65,297.9,Yes,0–12 months,30–60
2498-XLDZR,Female,0,Yes,Yes,32,Yes,No,DSL,Yes,Yes,Yes,Yes,No,No,Two year,No,Mailed check,73.6,2355.2,No,25–48 months,60–90
9866-OCCKE,Female,1,Yes,No,72,Yes,Yes,Fiber optic,Yes,No,Yes,Yes,Yes,Yes,Two year,Yes,Mailed check,109.75,7902.0,No,61+ months,Above 90
5338-YHWYT,Male,0,No,Yes,37,Yes,No,DSL,Yes,Yes,No,Yes,No,Yes,Two year,No,Credit card,61.45,2273.65,No,25–48 months,60–90
7718-UPSKJ,Female,0,Yes,No,69,Yes,No,Fiber optic,Yes,Yes,No,Yes,Yes,No,One year,Yes,Credit card,106.4,7341.6,No,61+ months,Above 90
8731-WBBMB,Female,0,Yes,No,26,Yes,No,DSL,No,Yes,Yes,Yes,Yes,Yes,Month-to-month,No,Bank transfer,81.9,2129.4,No,25–48 months,60–90
1448-CYWKC,Female,0,Yes,Yes,58,Yes,Yes,Fiber optic,No,Yes,Yes,No,Yes,Yes,One year,Yes,Credit card,105.2,6101.6,No,49–60 months,Above 90
7901-IIDQV,Male,0,No,No,24,Yes,Yes,DSL,No,No,No,Yes,No,Yes,One year,No,Bank transfer,54.6,1310.4,No,13–24 months,30–60
2690-DVRVK,Male,0,Yes,Yes,5,Yes,No,No,No,No,No,No,No,No,One year,No,Electronic check,20.55,102.75,No,0–12 months,Below 30
5688-KZTSN,Male,0,Yes,Yes,15,Yes,No,No,No,No,No,No,No,No,Month-to-month,Yes,Electronic check,20.0,300.0,Yes,13–24 months,Below 30
1270-XKUCC,Female,0,Yes,Yes,30,Yes,No,No,No,No,No,No,No,No,Two year,No,Mailed check,19.7,591.0,No,25–48 months,Below 30
0334-ZFJSR,Female,0,Yes,No,55,Yes,Yes,DSL,Yes,Yes,No,Yes,No,No,One year,Yes,Credit card,66.05,3632.75,No,49–60 months,60–90
2894-QOJRX,Female,0,Yes,No,25,No,No,DSL,No,No,No,No,Yes,No,Month-to-month,Yes,Bank transfer,34.0,850.0,Yes,25–48 months,30–60
5747-PMBSQ,Male,1,Yes,No,10,Yes,No,Fiber optic,No,Yes,Yes,Yes,Yes,No,Month-to-month,Yes,Mailed check,92.5,925.0,Yes,0–12 months,Above 90
5583-EJXRD,Male,0,Yes,Yes,44,No,No,DSL,Yes,Yes,Yes,Yes,No,No,Two year,Yes,Credit card,54.05,2378.2,No,25–48 months,30–60
4565-EVZMJ,Female,0,No,No,47,Yes,No,DSL,Yes,Yes,No,Yes,No,Yes,One year,Yes,Mailed check,58.9,2768.3,No,25–48 months,30–60
3143-JQEGI,Female,0,Yes,Yes,13,Yes,No,Fiber optic,No,No,No,No,Yes,No,Month-to-month,No,Electronic check,88.35,1148.55,Yes,13–24 months,60–90
6386-SZZKH,Female,0,Yes,Yes,49,Yes,Yes,Fiber optic,No,Yes,Yes,Yes,Yes,Yes,Two year,Yes,Bank transfer,107.95,5289.55,Yes,49–60 months,Above 90
3327-YBAKM,Female,0,Yes,No,64,Yes,No,Fiber optic,Yes,No,No,Yes,Yes,Yes,One year,Yes,Mailed check,96.9,6201.6,No,61+ months,Above 90
9441-QHEVC,Male,0,No,No,1,Yes,No,No,No,No,No,No,No,Yes,Month-to-month,No,Mailed check,19.1,19.1,No,0–12 months,Below 30
6705-LNMDD,Male,0,No,No,20,Yes,No,DSL,No,No,No,Yes,No,No,Month-to-month,No,Mailed check,50.0,1000.0,No,13–24 months,30–60
2580-ASVVY,Female,0,Yes,No,37,No,No,DSL,Yes,No,No,Yes,Yes,No,Two year,No,Electronic check,45.4,1679.8,No,25–48 months,30–60
3370-GQEAL,Male,0,Yes,Yes,30,Yes,Yes,Fiber optic,No,No,No,No,Yes,No,Month-to-month,No,Electronic check,85.45,2563.5,No,25–48 months,60–90
5032-USPKF,Female,0,No,No,38,Yes,Yes,DSL,Yes,Yes,Yes,No,Yes,No,One year,No,Bank transfer,84.1,3195.8,No,25–48 months,60–90
2982-IHMFT,Female,1,No,No,1,Yes,Yes,Fiber optic,No,No,No,No,No,Yes,Month-to-month,Yes,Mailed check,74.45,74.45,Yes,0–12 months,60–90
3521-SYVOR,Female,0,No,No,37,Yes,No,DSL,No,No,No,No,Yes,No,Month-to-month,Yes,Electronic check,64.75,2395.75,Yes,25–48 months,60–90
4254-QPEDE,Female,0,Yes,No,52,No,No,DSL,Yes,Yes,Yes,Yes,Yes,Yes,Two year,No,Credit card,66.25,3445.0,No,49–60 months,60–90
6283-GITPX,Male,0,No,Yes,71,Yes,No,DSL,Yes,Yes,Yes,Yes,Yes,Yes,Two year,Yes,Credit card,76.9,5459.9,No,61+ months,60–90
9526-JAWYF,Male,0,No,No,26,Yes,No,Fiber optic,No,Yes,Yes,No,Yes,No,Month-to-month,No,Electronic check,89.8,2334.8,Yes,25–48 months,60–90
0771-CHWSK,Male,0,No,No,66,Yes,Yes,DSL,Yes,Yes,Yes,No,No,No,Two year,Yes,Credit card,74.6,4923.6,No,61+ months,60–90
9788-HNGUT,Male,0,Yes,No,72,Yes,Yes,Fiber optic,Yes,Yes,Yes,Yes,Yes,Yes,Two year,Yes,Credit card,116.95,8420.4,No,61+ months,Above 90
9495-REDIY,Male,0,No,Yes,25,No,No,DSL,Yes,No,No,No,Yes,Yes,One year,Yes,Credit card,40.65,1016.25,No,25–48 months,30–60
5375-XLDOF,Male,0,Yes,Yes,69,Yes,Yes,Fiber optic,Yes,Yes,Yes,Yes,Yes,No,Two year,Yes,Bank transfer,114.35,7890.15,No,61+ months,Above 90
1172-VIYBP,Male,0,Yes,Yes,53,Yes,Yes,DSL,Yes,Yes,No,No,No,Yes,Two year,No,Bank transfer,69.7,3694.1,No,49–60 months,60–90
5649-VUKMC,Female,0,No,No,12,Yes,No,Fiber optic,No,No,Yes,No,Yes,Yes,One year,No,Mailed check,95.5,1146.0,Yes,0–12 months,Above 90
6559-PDZLR,Male,0,No,No,26,Yes,No,Fiber optic,No,No,Yes,Yes,Yes,Yes,Month-to-month,Yes,Electronic check,98.65,2564.9,No,25–48 months,Above 90
8992-OBVDG,Male,0,No,No,21,Yes,No,DSL,No,No,Yes,No,No,Yes,Month-to-month,No,Mailed check,61.65,1294.65,No,13–24 months,60–90
4273-MBHYA,Female,0,No,Yes,1,Yes,No,Fiber optic,No,No,No,No,Yes,Yes,Month-to-month,Yes,Electronic check,89.35,89.35,No,0–12 months,60–90
4724-WXVWF,Male,0,No,No,48,Yes,Yes,Fiber optic,Yes,No,No,Yes,No,Yes,Month-to-month,Yes,Electronic check,95.4,4579.2,No,25–48 months,Above 90
5701-GUXDC,Female,0,Yes,No,26,No,No,DSL,Yes,No,Yes,No,No,Yes,One year,No,Credit card,35.4,920.4,No,25–48 months,30–60
1460-UZPRJ,Male,0,Yes,No,60,Yes,No,No,No,No,No,No,No,No,Two year,No,Mailed check,19.95,1197.0,No,49–60 months,Below 30
6082-GLJIX,Male,0,No,No,18,Yes,No,No,No,No,No,No,No,No,Month-to-month,No,Mailed check,19.25,346.5,No,13–24 months,Below 30
5143-EGQFK,Female,1,No,No,10,No,No,DSL,No,No,No,Yes,No,No,Month-to-month,Yes,Electronic check,29.65,296.5,Yes,0–12 months,Below 30
4919-IKATY,Male,0,Yes,Yes,5,Yes,Yes,Fiber optic,Yes,No,Yes,No,No,No,Month-to-month,Yes,Electronic check,84.5,422.5,Yes,0–12 months,60–90
2495-TTHBQ,Female,0,No,Yes,4,Yes,No,No,No,No,No,No,No,No,One year,Yes,Mailed check,20.4,81.6,No,0–12 months,Below 30
0485-ZBSLN,Male,0,Yes,Yes,65,Yes,Yes,No,No,No,No,No,No,No,Two year,No,Credit card,24.75,1608.75,No,61+ months,Below 30
3810-PJUHR,Male,0,Yes,Yes,70,Yes,Yes,No,No,No,No,No,No,No,Two year,No,Mailed check,25.35,1774.5,No,61+ months,Below 30
9050-QLROH,Male,0,No,No,18,Yes,Yes,Fiber optic,No,No,Yes,No,No,No,Month-to-month,Yes,Credit card,90.7,1632.6,Yes,13–24 months,Above 90
0847-HGRML,Male,0,No,Yes,62,Yes,No,No,No,No,No,No,No,Yes,Two year,No,Bank transfer,20.0,1240.0,No,61+ months,Below 30
8232-CTLKO,Female,0,Yes,Yes,66,Yes,No,DSL,Yes,No,No,No,Yes,No,Two year,Yes,Electronic check,59.75,3943.5,No,61+ months,30–60
9227-YBAXE,Female,0,Yes,Yes,65,Yes,Yes,DSL,Yes,Yes,No,Yes,Yes,No,Two year,Yes,Bank transfer,82.5,5362.5,No,61+ months,60–90
6168-WFVVF,Female,1,No,No,3,Yes,No,Fiber optic,No,No,No,No,No,Yes,Month-to-month,Yes,Electronic check,70.3,210.9,Yes,0–12 months,60–90
9860-LISIZ,Female,0,No,No,34,Yes,No,No,No,No,No,No,No,No,Month-to-month,No,Mailed check,20.35,691.9,No,25–48 months,Below 30
0112-QAWRZ,Male,0,Yes,Yes,16,Yes,Yes,Fiber optic,No,No,Yes,No,Yes,No,Month-to-month,Yes,Bank transfer,90.8,1452.8,No,13–24 months,Above 90
0877-SDMBN,Female,0,No,No,54,Yes,Yes,Fiber optic,Yes,No,Yes,No,Yes,No,One year,Yes,Bank transfer,103.95,5613.3,Yes,49–60 months,Above 90
2786-GCDPI,Female,1,No,No,50,Yes,Yes,Fiber optic,No,No,Yes,Yes,Yes,Yes,Month-to-month,Yes,Electronic check,104.95,5247.5,No,49–60 months,Above 90
4043-MKDTV,Male,0,Yes,No,71,Yes,No,Fiber optic,No,Yes,Yes,Yes,Yes,Yes,Two year,Yes,Electronic check,105.25,7472.75,No,61+ months,Above 90
8065-YKXKD,Female,0,No,No,10,Yes,Yes,Fiber optic,No,No,No,No,No,Yes,Month-to-month,Yes,Electronic check,74.75,747.5,Yes,0–12 months,60–90
9637-EIHEQ,Female,0,No,No,1,Yes,No,DSL,No,No,No,Yes,No,No,Month-to-month,Yes,Electronic check,50.8,50.8,Yes,0–12 months,30–60
9229-RQABD,Male,0,No,No,18,Yes,Yes,No,No,No,No,No,No,No,One year,No,Mailed check,23.75,427.5,No,13–24 months,Below 30
8313-KTIHG,Male,0,No,No,4,Yes,No,DSL,No,No,No,Yes,Yes,No,Month-to-month,Yes,Electronic check,61.3,245.2,No,0–12 months,60–90
5320-BRKGK,Female,0,Yes,Yes,58,Yes,Yes,DSL,Yes,No,Yes,Yes,Yes,No,Two year,No,Mailed check,75.8,4396.4,No,49–60 months,60–90
6284-KMNUF,Female,0,Yes,No,56,Yes,Yes,Fiber optic,Yes,No,No,No,Yes,No,One year,Yes,Electronic check,98.0,5488.0,No,49–60 months,Above 90
9689-PTNPG,Male,0,No,No,2,Yes,No,Fiber optic,No,No,No,No,Yes,Yes,Month-to-month,Yes,Electronic check,80.25,160.5,Yes,0–12 months,60–90
9465-RWMXL,Male,0,Yes,No,32,Yes,Yes,Fiber optic,No,No,Yes,No,No,No,Month-to-month,Yes,Electronic check,78.9,2524.8,Yes,25–48 months,60–90
6229-UOLQL,Male,0,Yes,Yes,56,No,No,DSL,Yes,Yes,No,Yes,Yes,No,One year,Yes,Mailed check,52.0,2912.0,No,49–60 months,30–60
2362-IBOOY,Male,0,No,No,36,Yes,Yes,Fiber optic,No,No,No,No,No,No,Month-to-month,Yes,Electronic check,84.75,3051.0,Yes,25–48 months,60–90
3137-LUPIX,Female,0,No,No,4,Yes,Yes,DSL,No,No,No,Yes,Yes,Yes,Month-to-month,Yes,Mailed check,64.4,257.6,No,0–12 months,60–90
0843-WTBXE,Male,0,No,No,53,Yes,Yes,Fiber optic,No,No,No,No,Yes,No,Month-to-month,No,Bank transfer,85.45,4528.85,Yes,49–60 months,60–90
6143-JQKEA,Male,0,No,No,10,Yes,No,DSL,No,No,No,No,No,No,Month-to-month,Yes,Credit card,45.8,458.0,No,0–12 months,30–60
8676-OOQEJ,Male,0,No,No,4,No,No,DSL,No,No,No,Yes,No,No,Month-to-month,No,Electronic check,30.5,122.0,No,0–12 months,30–60
5515-IDEJJ,Male,0,Yes,Yes,1,Yes,No,No,No,No,No,No,No,No,Month-to-month,No,Mailed check,19.9,19.9,Yes,0–12 months,Below 30
9701-CDXHR,Female,0,Yes,No,51,Yes,No,Fiber optic,No,No,No,No,No,No,Month-to-month,No,Mailed check,69.15,3526.65,No,49–60 months,60–90
7450-NWRTR,Male,1,No,No,12,Yes,Yes,Fiber optic,No,No,Yes,No,Yes,No,Month-to-month,Yes,Electronic check,99.45,1193.4,Yes,0–12 months,Above 90
8124-NZVGJ,Female,0,No,No,6,No,No,DSL,No,No,No,Yes,Yes,Yes,One year,Yes,Mailed check,49.25,295.5,No,0–12 months,30–60
2162-FRZAA,Male,0,Yes,Yes,63,No,No,DSL,No,Yes,Yes,Yes,No,Yes,Two year,No,Bank transfer,39.35,2479.05,No,61+ months,30–60
5376-DEQCP,Female,0,No,No,1,Yes,No,Fiber optic,No,No,No,No,No,No,Month-to-month,Yes,Electronic check,70.6,70.6,Yes,0–12 months,60–90
5118-MUEYH,Female,0,Yes,No,48,Yes,Yes,Fiber optic,No,Yes,No,Yes,Yes,No,Month-to-month,Yes,Credit card,105.1,5044.8,No,25–48 months,Above 90
9095-HFAFX,Female,0,No,No,5,Yes,No,Fiber optic,No,No,No,No,Yes,Yes,Month-to-month,Yes,Credit card,81.0,405.0,Yes,0–12 months,60–90
5627-TVBPP,Female,0,No,Yes,35,Yes,No,No,No,No,No,No,No,No,One year,Yes,Credit card,20.1,703.5,No,25–48 months,Below 30
2379-ENZGV,Male,0,No,No,6,Yes,No,Fiber optic,No,Yes,No,No,Yes,No,Month-to-month,Yes,Electronic check,84.85,509.1,Yes,0–12 months,60–90
3936-QQFLL,Male,0,No,No,2,Yes,No,No,No,No,No,No,No,No,Month-to-month,No,Mailed check,19.75,39.5,No,0–12 months,Below 30
2589-AYCRP,Female,0,No,No,50,Yes,No,No,No,No,No,No,No,No,One year,No,Bank transfer,19.75,987.5,No,49–60 months,Below 30
4067-HLYQI,Female,0,No,No,33,Yes,No,Fiber optic,No,No,No,No,No,No,Month-to-month,Yes,Bank transfer,70.4,2323.2,No,25–48 months,60–90
5124-EOGYE,Male,0,No,No,31,Yes,No,No,No,No,No,No,No,No,Two year,No,Mailed check,20.45,633.95,No,25–48 months,Below 30
5057-RKGLH,Female,0,Yes,Yes,9,Yes,No,No,No,No,No,No,No,No,Two year,No,Mailed check,20.35,183.15,No,0–12 months,Below 30
0292-WEGCH,Female,0,Yes,Yes,54,Yes,Yes,DSL,No,Yes,Yes,Yes,Yes,No,Month-to-month,Yes,Electronic check,86.2,4654.8,No,49–60 months,60–90
8910-ICHIU,Female,0,No,No,46,Yes,No,Fiber optic,Yes,Yes,Yes,No,Yes,Yes,One year,Yes,Credit card,95.65,4399.9,No,25–48 months,Above 90
4097-YODCF,Male,0,No,Yes,34,Yes,Yes,Fiber optic,Yes,Yes,No,No,Yes,No,One year,Yes,Electronic check,103.8,3529.2,No,25–48 months,Above 90
9715-WZCLW,Male,0,Yes,Yes,71,Yes,Yes,Fiber optic,Yes,No,No,No,Yes,Yes,Two year,Yes,Electronic check,97.2,6901.2,No,61+ months,Above 90
9786-YWNHU,Female,0,Yes,Yes,63,Yes,No,DSL,Yes,Yes,Yes,Yes,No,Yes,Two year,No,Mailed check,63.55,4003.65,No,61+ months,60–90
6407-GSJNL,Female,0,No,No,51,Yes,Yes,No,No,No,No,No,No,No,Two year,No,Bank transfer,24.95,1272.45,No,49–60 months,Below 30
6005-OBZPH,Female,1,No,No,26,Yes,Yes,Fiber optic,No,Yes,No,No,Yes,No,Month-to-month,Yes,Electronic check,89.15,2317.9,Yes,25–48 months,60–90
4049-ZPALD,Female,0,Yes,No,64,Yes,No,Fiber optic,Yes,No,Yes,No,Yes,No,Two year,Yes,Bank transfer,99.0,6336.0,No,61+ months,Above 90
7932-WPTDS,Female,1,Yes,No,1,No,No,DSL,No,No,No,No,No,Yes,Month-to-month,Yes,Electronic check,24.8,24.8,Yes,0–12 months,Below 30
3733-UOCWF,Male,1,Yes,No,61,Yes,Yes,Fiber optic,No,Yes,No,Yes,No,No,One year,Yes,Bank transfer,85.55,5218.55,No,61+ months,60–90
6833-JMZYP,Female,0,No,No,15,Yes,No,Fiber optic,No,No,Yes,No,Yes,No,Month-to-month,Yes,Credit card,94.0,1410.0,No,13–24 months,Above 90
2722-VOJQL,Male,0,No,No,64,Yes,Yes,Fiber optic,No,Yes,No,Yes,Yes,Yes,One year,Yes,Credit card,105.65,6761.6,Yes,61+ months,Above 90
1310-QRITU,Female,0,No,No,18,Yes,Yes,DSL,No,No,No,No,No,Yes,Month-to-month,Yes,Electronic check,50.3,905.4,No,13–24 months,30–60
8961-QDZZJ,Female,0,Yes,Yes,57,Yes,No,Fiber optic,No,Yes,No,No,Yes,No,One year,Yes,Electronic check,95.0,5415.0,No,49–60 months,Above 90
9715-SBVSU,Male,0,Yes,Yes,14,Yes,No,DSL,Yes,Yes,No,No,No,Yes,Two year,Yes,Bank transfer,61.4,859.6,No,13–24 months,60–90
8490-BXHEO,Male,1,No,No,18,Yes,Yes,Fiber optic,No,Yes,No,No,No,Yes,Month-to-month,Yes,Credit card,80.55,1449.9,No,13–24 months,60–90
7173-TETGO,Female,1,Yes,No,72,Yes,Yes,Fiber optic,Yes,No,No,No,No,No,Two year,No,Bank transfer,78.5,5652.0,No,61+ months,60–90
7929-SKFGK,Male,0,Yes,No,70,Yes,Yes,Fiber optic,Yes,Yes,Yes,Yes,Yes,No,Two year,No,Credit card,114.3,8001.0,No,61+ months,Above 90
2300-RQGOI,Female,0,No,No,38,Yes,No,No,No,No,No,No,No,Yes,Two year,No,Mailed check,20.05,761.9,No,25–48 months,Below 30
3563-SVYLG,Male,0,Yes,Yes,68,Yes,No,DSL,Yes,Yes,Yes,Yes,No,No,Two year,No,Credit card,62.65,4260.2,No,61+ months,60–90
5228-EXCET,Male,0,No,No,13,Yes,No,Fiber optic,No,No,No,No,No,No,Month-to-month,Yes,Electronic check,80.85,1051.05,Yes,13–24 months,60–90
6435-VWCCY,Male,1,Yes,No,65,Yes,Yes,Fiber optic,Yes,Yes,No,No,Yes,Yes,Two year,Yes,Credit card,92.7,6025.5,No,61+ months,Above 90
4998-IKFSE,Female,0,No,No,30,Yes,Yes,Fiber optic,No,No,Yes,No,Yes,No,Month-to-month,No,Electronic check,100.45,3013.5,No,25–48 months,Above 90
8630-QSGXK,Male,0,Yes,No,51,Yes,Yes,DSL,No,No,No,Yes,Yes,Yes,Two year,Yes,Bank transfer,75.2,3835.2,No,49–60 months,60–90
2455-USLMV,Female,0,No,No,31,Yes,Yes,Fiber optic,Yes,No,Yes,No,No,Yes,Month-to-month,Yes,Credit card,84.75,2627.25,No,25–48 months,60–90
7394-FKDNK,Female,0,Yes,No,9,Yes,No,Fiber optic,No,No,No,No,Yes,No,Month-to-month,No,Electronic check,89.45,805.05,Yes,0–12 months,60–90
9488-FVZCC,Female,0,Yes,Yes,72,Yes,Yes,DSL,Yes,Yes,Yes,Yes,No,Yes,Two year,Yes,Bank transfer,79.5,5724.0,No,61+ months,60–90
6331-LWDTQ,Male,0,No,No,10,Yes,Yes,DSL,No,No,No,No,Yes,Yes,Month-to-month,Yes,Credit card,72.15,721.5,Yes,0–12 months,60–90
5995-WWKKG,Female,0,No,No,37,Yes,No,No,No,No,No,No,No,Yes,One year,Yes,Electronic check,19.8,732.6,No,25–48 months,Below 30
1597-FZREH,Female,0,No,No,2,Yes,No,DSL,No,No,Yes,Yes,Yes,No,Month-to-month,No,Electronic check,76.4,152.8,Yes,0–12 months,60–90
7879-CGSFV,Male,0,No,No,55,Yes,No,Fiber optic,Yes,Yes,No,No,Yes,Yes,One year,Yes,Mailed check,100.9,5549.5,No,49–60 months,Above 90
9921-EZKBY,Male,0,No,Yes,33,Yes,Yes,Fiber optic,Yes,No,Yes,No,No,Yes,Month-to-month,Yes,Bank transfer,95.3,3144.9,No,25–48 months,Above 90
7432-FFVAR,Female,0,Yes,Yes,46,Yes,No,Fiber optic,No,No,Yes,Yes,No,Yes,One year,No,Bank transfer,90.95,4183.7,No,25–48 months,Above 90
7246-ZGQDF,Female,0,No,Yes,1,Yes,No,DSL,Yes,No,No,Yes,No,Yes,Month-to-month,No,Electronic check,54.5,54.5,No,0–12 months,30–60
7000-WCEVQ,Female,1,No,No,20,Yes,Yes,DSL,No,No,No,No,No,No,Month-to-month,Yes,Mailed check,61.6,1232.0,Yes,13–24 months,60–90
0727-IWKVK,Male,0,Yes,No,9,Yes,No,Fiber optic,No,Yes,Yes,No,No,Yes,Month-to-month,Yes,Electronic check,79.9,719.1,Yes,0–12 months,60–90
5959-BELXA,Male,1,No,No,32,Yes,Yes,Fiber optic,No,No,No,No,Yes,No,Month-to-month,Yes,Credit card,96.15,3076.8,Yes,25–48 months,Above 90
4456-RHSNB,Female,0,Yes,Yes,19,Yes,No,DSL,No,No,Yes,No,No,Yes,Month-to-month,Yes,Bank transfer,49.6,942.4,No,13–24 months,30–60
3512-IZIKN,Female,0,Yes,No,70,Yes,Yes,DSL,Yes,No,Yes,Yes,No,No,Two year,No,Credit card,65.3,4571.0,Yes,61+ months,60–90
2481-SBOYW,Female,0,No,Yes,61,Yes,Yes,No,No,No,No,No,No,No,Two year,Yes,Credit card,25.0,1525.0,No,61+ months,Below 30
7109-MFBYV,Male,0,No,No,26,Yes,No,DSL,No,No,No,No,No,No,Month-to-month,No,Electronic check,45.45,1181.7,No,25–48 months,30–60
1833-TCXKK,Male,0,Yes,No,45,Yes,Yes,Fiber optic,No,Yes,Yes,No,Yes,No,Month-to-month,Yes,Bank transfer,107.75,4848.75,No,25–48 months,Above 90
1832-PEUTS,Male,0,Yes,Yes,62,Yes,Yes,Fiber optic,No,No,Yes,No,Yes,Yes,Two year,Yes,Credit card,89.1,5524.2,No,61+ months,60–90
6141-OOXUQ,Male,0,No,No,1,Yes,No,No,No,No,No,No,No,No,Month-to-month,No,Mailed check,19.65,19.65,Yes,0–12 months,Below 30
8660-BUETV,Female,0,No,No,3,Yes,No,DSL,No,No,No,No,No,No,Month-to-month,No,Mailed check,44.75,134.25,No,0–12 months,30–60
0580-PIQHM,Female,0,Yes,Yes,41,Yes,Yes,Fiber optic,Yes,Yes,Yes,No,No,No,One year,Yes,Bank transfer,101.6,4165.6,No,25–48 months,Above 90
5696-CEIQJ,Male,0,Yes,Yes,67,Yes,No,Fiber optic,No,Yes,Yes,Yes,Yes,Yes,Two year,No,Bank transfer,103.15,6911.05,No,61+ months,Above 90
7503-ZGUZJ,Male,0,No,No,1,Yes,Yes,Fiber optic,No,No,No,No,Yes,Yes,Month-to-month,Yes,Mailed check,84.65,84.65,Yes,0–12 months,60–90
1696-HXOWK,Female,0,Yes,No,71,Yes,Yes,Fiber optic,Yes,Yes,No,No,Yes,No,One year,No,Mailed check,95.65,6791.15,No,61+ months,Above 90
3026-ATZYV,Female,0,Yes,Yes,37,Yes,No,DSL,Yes,Yes,No,No,Yes,No,One year,No,Bank transfer,75.1,2778.7,No,25–48 months,60–90
4012-YCFAI,Male,0,Yes,No,60,Yes,No,DSL,Yes,Yes,No,Yes,No,Yes,Two year,Yes,Mailed check,61.35,3681.0,No,49–60 months,60–90
2506-TNFCO,Female,1,Yes,No,1,Yes,No,Fiber optic,No,No,No,No,No,No,Month-to-month,Yes,Electronic check,69.55,69.55,Yes,0–12 months,60–90
9970-QBCDA,Female,0,No,No,6,Yes,No,No,No,No,No,No,No,No,Month-to-month,No,Credit card,19.7,118.2,No,0–12 months,Below 30
8718-PTMEZ,Female,0,No,No,13,No,No,DSL,No,Yes,No,No,No,No,Month-to-month,Yes,Electronic check,31.05,403.65,Yes,13–24 months,30–60
9496-IVVRP,Female,0,Yes,Yes,11,Yes,No,DSL,Yes,No,No,No,No,No,Month-to-month,No,Bank transfer,51.0,561.0,No,0–12 months,30–60
2207-OBZNX,Male,0,No,No,7,Yes,No,DSL,Yes,No,No,No,No,No,Month-to-month,Yes,Mailed check,51.0,357.0,Yes,0–12 months,30–60
2657-VPXTA,Female,0,Yes,Yes,10,Yes,No,Fiber optic,No,No,No,No,Yes,No,Month-to-month,Yes,Electronic check,88.85,888.5,No,0–12 months,60–90
6551-VLJMV,Male,0,Yes,No,34,Yes,No,No,No,No,No,No,No,Yes,Two year,No,Credit card,20.05,681.7,No,25–48 months,Below 30
1221-GHZEP,Female,0,No,No,62,Yes,No,DSL,Yes,No,No,Yes,No,No,Two year,Yes,Mailed check,65.1,4036.2,No,61+ months,60–90
9289-LBQVU,Male,0,Yes,No,64,Yes,Yes,DSL,No,Yes,No,Yes,No,Yes,One year,Yes,Mailed check,70.15,4489.6,No,61+ months,60–90
6142-VSJQO,Female,0,Yes,Yes,1,Yes,No,DSL,No,No,No,No,No,Yes,Month-to-month,Yes,Bank transfer,44.35,44.35,Yes,0–12 months,30–60
3458-IDMFK,Male,0,No,No,25,Yes,No,No,No,No,No,No,No,No,Two year,Yes,Mailed check,20.75,518.75,No,25–48 months,Below 30
6933-FHBZC,Female,0,No,No,26,Yes,No,DSL,No,Yes,Yes,No,No,No,One year,Yes,Mailed check,56.05,1457.3,No,25–48 months,30–60
0221-NAUXK,Male,0,No,Yes,10,Yes,No,No,No,No,No,No,No,No,One year,Yes,Bank transfer,19.95,199.5,No,0–12 months,Below 30
9770-KXGQU,Female,0,No,No,53,Yes,Yes,Fiber optic,Yes,Yes,Yes,No,Yes,No,One year,No,Mailed check,98.6,5225.8,No,49–60 months,Above 90
6437-UKHMV,Female,0,No,No,7,Yes,No,Fiber optic,No,No,No,No,Yes,No,Month-to-month,Yes,Electronic check,79.7,557.9,Yes,0–12 months,60–90
6538-POCHL,Male,0,No,No,33,Yes,No,Fiber optic,No,Yes,Yes,No,No,No,Month-to-month,Yes,Credit card,79.0,2607.0,No,25–48 months,60–90
6726-NNFWD,Female,1,Yes,No,71,Yes,No,Fiber optic,No,Yes,Yes,No,No,No,Two year,No,Credit card,89.45,6350.95,No,61+ months,60–90
3002-WQZWT,Female,0,No,No,29,Yes,Yes,Fiber optic,No,No,No,No,No,Yes,Month-to-month,Yes,Electronic check,74.2,2151.8,No,25–48 months,60–90
4277-UDIEF,Male,0,Yes,Yes,24,Yes,Yes,DSL,Yes,No,No,Yes,Yes,No,Month-to-month,No,Bank transfer,81.0,1944.0,No,13–24 months,60–90
1208-NBVFH,Male,0,Yes,Yes,20,Yes,No,DSL,No,No,Yes,No,No,Yes,Month-to-month,Yes,Electronic check,49.6,992.0,No,13–24 months,30–60
4912-PIGUY,Female,0,No,No,1,Yes,Yes,Fiber optic,No,No,No,No,Yes,No,Month-to-month,Yes,Electronic check,84.6,84.6,No,0–12 months,60–90
1114-CENIM,Male,0,No,Yes,54,Yes,Yes,DSL,No,Yes,No,No,No,No,Month-to-month,Yes,Credit card,55.0,2970.0,Yes,49–60 months,30–60
6060-DRTNL,Female,1,No,No,5,Yes,No,Fiber optic,No,No,Yes,No,Yes,No,Month-to-month,Yes,Mailed check,84.85,424.25,Yes,0–12 months,60–90
2725-TTRIQ,Female,0,Yes,Yes,72,Yes,Yes,DSL,Yes,No,Yes,Yes,Yes,No,Two year,Yes,Bank transfer,84.2,6062.4,No,61+ months,60–90
3374-TTZTK,Male,0,Yes,No,52,Yes,No,Fiber optic,Yes,Yes,Yes,Yes,Yes,Yes,Two year,Yes,Electronic check,106.3,5527.6,No,49–60 months,Above 90
8990-ZXLSU,Female,0,No,No,9,Yes,No,Fiber optic,No,No,No,No,No,Yes,Month-to-month,No,Electronic check,69.05,621.45,No,0–12 months,60–90
2275-RBYQS,Female,0,No,No,1,Yes,No,DSL,No,No,No,No,No,No,Month-to-month,Yes,Mailed check,45.4,45.4,No,0–12 months,30–60
8473-VUVJN,Male,1,No,No,1,Yes,Yes,Fiber optic,No,No,No,No,No,No,Month-to-month,Yes,Electronic check,73.65,73.65,Yes,0–12 months,60–90
6289-CPNLD,Male,0,Yes,Yes,33,Yes,No,DSL,No,No,Yes,Yes,Yes,No,One year,Yes,Mailed check,73.9,2438.7,Yes,25–48 months,60–90
5536-SLHPM,Female,0,Yes,No,55,Yes,Yes,Fiber optic,No,No,Yes,No,No,Yes,Month-to-month,Yes,Electronic check,77.75,4276.25,Yes,49–60 months,60–90
4419-UJMUS,Male,0,Yes,Yes,69,Yes,Yes,Fiber optic,No,No,No,Yes,Yes,No,Two year,Yes,Electronic check,99.35,6855.15,No,61+ months,Above 90
7794-JASDG,Male,0,No,No,1,Yes,No,DSL,Yes,No,No,No,No,Yes,Month-to-month,Yes,Mailed check,50.75,50.75,No,0–12 months,30–60
7609-YBPXG,Male,0,No,No,54,Yes,Yes,DSL,Yes,No,Yes,Yes,Yes,No,Two year,No,Bank transfer,87.1,4703.4,No,49–60 months,60–90
5519-TEEUH,Male,0,No,Yes,33,Yes,No,No,No,No,No,No,No,Yes,One year,Yes,Mailed check,20.15,664.95,No,25–48 months,Below 30
7856-GANIL,Male,1,Yes,No,45,Yes,Yes,Fiber optic,No,Yes,Yes,Yes,Yes,No,One year,Yes,Bank transfer,98.7,4441.5,No,25–48 months,Above 90
0804-XBFBV,Female,0,No,Yes,11,No,No,DSL,No,No,No,No,No,No,Month-to-month,No,Electronic check,25.2,277.2,No,0–12 months,Below 30
2676-OXPPQ,Male,0,No,No,6,Yes,No,DSL,Yes,Yes,No,No,No,No,Month-to-month,Yes,Bank transfer,55.7,334.2,No,0–12 months,30–60
3703-TTEPD,Male,0,No,No,21,Yes,No,DSL,Yes,No,Yes,No,Yes,No,Month-to-month,No,Bank transfer,65.35,1372.35,No,13–24 months,60–90
2799-TSLAG,Female,0,Yes,Yes,65,Yes,Yes,No,No,No,No,No,No,No,Two year,Yes,Bank transfer,25.3,1644.5,No,61+ months,Below 30
0196-VULGZ,Female,1,Yes,No,6,Yes,Yes,Fiber optic,No,No,No,No,No,No,Month-to-month,Yes,Electronic check,84.35,506.1,Yes,0–12 months,60–90
8837-VVWLQ,Female,0,No,No,8,Yes,No,Fiber optic,Yes,No,No,No,Yes,Yes,Month-to-month,No,Electronic check,84.95,679.6,Yes,0–12 months,60–90
2696-NARTR,Male,0,No,No,11,Yes,No,Fiber optic,No,No,No,Yes,No,No,Month-to-month,Yes,Electronic check,73.85,812.35,Yes,0–12 months,60–90
2208-NKVVH,Male,0,Yes,Yes,43,Yes,Yes,No,No,No,No,No,No,No,Two year,No,Mailed check,24.25,1042.75,No,25–48 months,Below 30
7614-QVWQL,Male,0,Yes,Yes,49,No,No,DSL,No,Yes,No,No,Yes,No,One year,Yes,Bank transfer,51.8,2538.2,Yes,49–60 months,30–60
1976-CFOCS,Female,1,Yes,No,1,Yes,No,DSL,No,No,No,No,No,Yes,Month-to-month,No,Electronic check,46.0,46.0,Yes,0–12 months,30–60
4631-OACRM,Male,1,No,No,15,Yes,No,Fiber optic,No,No,No,No,No,No,Month-to-month,Yes,Electronic check,79.4,1191.0,Yes,13–24 months,60–90
7139-JZFVG,Male,0,Yes,Yes,60,Yes,No,DSL,Yes,Yes,Yes,No,No,Yes,Two year,No,Bank transfer,60.5,3630.0,No,49–60 months,60–90
4987-GQWPO,Male,0,No,No,17,No,No,DSL,No,No,No,No,No,No,Month-to-month,No,Credit card,25.1,426.7,No,13–24 months,Below 30
3755-JBMNH,Male,1,Yes,No,16,Yes,No,Fiber optic,No,No,No,No,No,No,Month-to-month,Yes,Bank transfer,71.8,1148.8,Yes,13–24 months,60–90
1757-TCATG,Male,0,Yes,Yes,35,Yes,No,No,No,No,No,No,No,No,One year,No,Bank transfer,20.05,701.75,No,25–48 months,Below 30
6345-ULYRW,Male,1,Yes,No,44,Yes,Yes,Fiber optic,No,Yes,No,No,No,No,One year,No,Mailed check,88.4,3889.6,Yes,25–48 months,60–90
4776-XSKYQ,Female,0,Yes,Yes,12,No,No,DSL,No,No,No,Yes,No,Yes,One year,No,Credit card,30.25,363.0,No,0–12 months,30–60
8048-DSDFQ,Male,0,No,No,1,Yes,No,No,No,No,No,No,No,No,Month-to-month,No,Mailed check,20.2,20.2,No,0–12 months,Below 30
5753-QQWPW,Female,0,No,No,28,Yes,No,DSL,Yes,Yes,No,Yes,No,No,One year,Yes,Electronic check,59.9,1677.2,No,25–48 months,30–60
6010-DDPPW,Male,0,Yes,No,70,Yes,Yes,No,No,No,No,No,No,No,Two year,No,Bank transfer,25.15,1760.5,No,61+ months,Below 30
1809-DMJHQ,Female,0,No,Yes,5,Yes,No,DSL,No,No,No,No,No,No,Month-to-month,No,Mailed check,46.0,230.0,Yes,0–12 months,30–60
6693-FRIRW,Male,0,No,No,18,Yes,No,Fiber optic,No,Yes,Yes,No,Yes,No,Month-to-month,No,Credit card,101.3,1823.4,No,13–24 months,Above 90
6586-MYGKD,Male,0,Yes,No,70,Yes,Yes,DSL,Yes,No,No,Yes,Yes,Yes,Two year,Yes,Credit card,76.95,5386.5,No,61+ months,60–90
3173-NVMPX,Female,0,Yes,Yes,9,Yes,Yes,DSL,No,Yes,No,No,No,Yes,Month-to-month,Yes,Mailed check,55.3,497.7,No,0–12 months,30–60
0248-PGHBZ,Female,1,No,No,67,Yes,No,Fiber optic,Yes,Yes,No,Yes,Yes,No,Two year,Yes,Bank transfer,92.45,6194.15,No,61+ months,Above 90
0623-GDISB,Female,0,No,No,1,Yes,No,DSL,Yes,No,No,No,No,No,Month-to-month,Yes,Bank transfer,48.45,48.45,No,0–12 months,30–60
2892-GESUL,Female,0,Yes,Yes,18,Yes,No,No,No,No,No,No,No,No,Two year,No,Mailed check,19.35,348.3,No,13–24 months,Below 30
6923-EFPNL,Male,0,No,No,4,Yes,Yes,DSL,No,No,No,No,No,No,Month-to-month,No,Credit card,51.75,207.0,Yes,0–12 months,30–60
7472-EQOAV,Male,1,Yes,Yes,71,Yes,No,Fiber optic,Yes,Yes,Yes,No,No,No,One year,Yes,Bank transfer,86.7,6155.7,No,61+ months,60–90
9574-RKJIF,Male,0,Yes,Yes,30,Yes,Yes,Fiber optic,Yes,Yes,No,No,Yes,No,Month-to-month,Yes,Electronic check,94.4,2832.0,Yes,25–48 months,Above 90
2043-WVTQJ,Male,0,Yes,No,1,Yes,No,DSL,Yes,No,Yes,No,No,No,Month-to-month,No,Mailed check,55.7,55.7,No,0–12 months,30–60
8034-RYTVV,Female,0,No,No,55,Yes,Yes,Fiber optic,Yes,No,Yes,No,No,No,One year,Yes,Credit card,84.25,4633.75,No,49–60 months,60–90
3863-QSTYI,Male,0,No,No,59,Yes,No,DSL,No,No,Yes,Yes,Yes,No,Month-to-month,Yes,Electronic check,64.65,3814.35,No,49–60 months,60–90
2619-WFQWU,Female,0,No,No,1,Yes,No,Fiber optic,No,No,No,No,No,No,Month-to-month,Yes,Mailed check,70.15,70.15,Yes,0–12 months,60–90
5044-LRQAQ,Female,0,Yes,No,7,Yes,No,Fiber optic,No,No,No,No,No,No,Month-to-month,Yes,Bank transfer,69.2,484.4,No,0–12 months,60–90
1716-LSAMB,Male,0,Yes,Yes,45,Yes,No,DSL,Yes,No,No,Yes,No,No,Two year,No,Bank transfer,54.65,2459.25,No,25–48 months,30–60
1333-PBMXB,Female,0,Yes,Yes,54,Yes,Yes,No,No,No,No,No,No,No,One year,Yes,Bank transfer,24.75,1336.5,No,49–60 months,Below 30
6546-OPBBH,Male,0,Yes,Yes,51,Yes,Yes,No,No,No,No,No,No,No,One year,Yes,Mailed check,23.95,1221.45,No,49–60 months,Below 30
5985-BEHZK,Female,1,Yes,No,72,Yes,Yes,Fiber optic,No,Yes,Yes,No,Yes,No,One year,No,Credit card,105.0,7560.0,No,61+ months,Above 90
9127-QRZMH,Male,0,Yes,No,44,Yes,No,DSL,Yes,Yes,No,Yes,No,Yes,One year,Yes,Bank transfer,59.85,2633.4,No,25–48 months,30–60
5919-VCZYM,Male,0,No,No,2,Yes,No,No,No,No,No,No,No,No,Month-to-month,No,Mailed check,20.05,40.1,No,0–12 months,Below 30
9644-KVCNC,Female,0,No,No,66,Yes,Yes,Fiber optic,No,No,Yes,No,Yes,No,One year,Yes,Bank transfer,92.15,6081.9,No,61+ months,Above 90
2137-DQMEV,Male,0,Yes,Yes,68,No,No,DSL,Yes,Yes,No,No,Yes,No,One year,No,Mailed check,44.8,3046.4,No,61+ months,30–60
8174-LNWMW,Female,0,No,No,31,Yes,No,No,No,No,No,No,No,No,Two year,No,Credit card,20.9,647.9,No,25–48 months,Below 30
9279-CJEOJ,Female,1,No,No,21,Yes,Yes,Fiber optic,No,No,No,No,Yes,No,Month-to-month,Yes,Bank transfer,95.4,2003.4,No,13–24 months,Above 90
7964-VEXDG,Male,0,No,Yes,21,Yes,Yes,Fiber optic,Yes,No,No,No,No,Yes,Month-to-month,No,Electronic check,80.35,1687.35,No,13–24 months,60–90
2404-JIBFC,Female,0,Yes,Yes,55,Yes,Yes,DSL,Yes,No,Yes,Yes,Yes,No,Two year,Yes,Bank transfer,85.1,4680.5,No,49–60 months,60–90
0778-NELLA,Male,0,No,No,9,No,No,DSL,No,No,No,No,Yes,Yes,Month-to-month,Yes,Credit card,34.7,312.3,Yes,0–12 months,30–60
8029-XYPWT,Male,1,Yes,No,71,Yes,Yes,Fiber optic,Yes,Yes,Yes,Yes,Yes,No,Two year,Yes,Bank transfer,115.05,8168.55,No,61+ months,Above 90
4614-NUVZD,Female,0,No,No,1,Yes,No,Fiber optic,No,No,No,No,No,Yes,Month-to-month,Yes,Electronic check,81.1,81.1,Yes,0–12 months,60–90
4632-PAOYU,Male,0,Yes,Yes,22,Yes,No,No,No,No,No,No,No,Yes,One year,No,Mailed check,19.95,438.9,No,13–24 months,Below 30
3803-KMQFW,Female,0,Yes,Yes,1,Yes,No,No,No,No,No,No,No,No,Month-to-month,No,Mailed check,20.55,20.55,Yes,0–12 months,Below 30
6804-GDMOI,Female,0,No,No,61,Yes,Yes,Fiber optic,No,No,Yes,Yes,Yes,No,Two year,Yes,Electronic check,106.6,6502.6,Yes,61+ months,Above 90
2990-OGYTD,Female,0,Yes,No,67,Yes,Yes,DSL,No,Yes,Yes,Yes,Yes,Yes,Two year,No,Bank transfer,86.15,5772.05,No,61+ months,60–90
6646-JPPHA,Female,1,No,No,14,Yes,No,Fiber optic,Yes,Yes,No,No,No,Yes,Month-to-month,No,Electronic check,78.85,1103.9,No,13–24 months,60–90
9572-MTILT,Male,0,Yes,No,59,Yes,Yes,Fiber optic,Yes,Yes,Yes,Yes,Yes,No,Month-to-month,Yes,Electronic check,106.75,6298.25,Yes,49–60 months,Above 90
7658-UYUQS,Male,1,Yes,No,21,Yes,No,Fiber optic,No,No,Yes,No,Yes,No,Month-to-month,No,Bank transfer,86.55,1817.55,No,13–24 months,60–90
7880-XSOJX,Male,0,No,No,4,No,No,DSL,Yes,Yes,No,Yes,No,No,Month-to-month,No,Mailed check,42.4,169.6,No,0–12 months,30–60
9611-CTWIH,Female,0,No,No,3,Yes,No,Fiber optic,No,No,No,No,Yes,No,Month-to-month,Yes,Electronic check,89.45,268.35,Yes,0–12 months,60–90
4589-IUAJB,Male,0,Yes,No,70,Yes,Yes,No,No,No,No,No,No,Yes,Two year,No,Bank transfer,24.25,1697.5,No,61+ months,Below 30
0329-GTIAJ,Female,0,No,No,3,Yes,No,Fiber optic,No,Yes,No,Yes,Yes,No,Month-to-month,Yes,Electronic check,97.9,293.7,Yes,0–12 months,Above 90
8746-BFOAJ,Male,1,No,No,21,Yes,No,No,No,No,No,No,No,Yes,One year,No,Bank transfer,20.5,430.5,No,13–24 months,Below 30
8457-XIGKN,Male,0,No,No,20,Yes,No,No,No,No,No,No,No,No,Month-to-month,Yes,Credit card,19.6,392.0,No,13–24 months,Below 30
6072-NUQCB,Male,0,Yes,Yes,22,Yes,No,No,No,No,No,No,No,No,One year,No,Bank transfer,20.25,445.5,No,13–24 months,Below 30
6629-CZTTH,Male,0,No,No,1,Yes,No,DSL,No,No,No,No,No,No,Month-to-month,Yes,Mailed check,55.7,55.7,Yes,0–12 months,30–60
8838-GPHZP,Female,0,No,No,63,Yes,No,No,No,No,No,No,No,Yes,Two year,Yes,Mailed check,20.6,1297.8,No,61+ months,Below 30
8750-QWZAJ,Female,0,Yes,Yes,70,Yes,No,No,No,No,No,No,No,No,Two year,No,Bank transfer,19.8,1386.0,No,61+ months,Below 30
5364-EVNIB,Male,0,No,No,13,Yes,No,Fiber optic,No,Yes,Yes,No,No,No,Month-to-month,Yes,Electronic check,79.8,1037.4,Yes,13–24 months,60–90
6918-UMQCG,Female,0,No,No,5,Yes,No,Fiber optic,No,No,No,No,Yes,No,Month-to-month,No,Electronic check,80.2,401.0,No,0–12 months,60–90
0675-NCDYU,Female,0,Yes,Yes,72,Yes,Yes,Fiber optic,Yes,Yes,Yes,Yes,Yes,No,Two year,Yes,Credit card,116.4,8380.8,No,61+ months,Above 90
6339-DKLMK,Female,0,No,No,13,No,No,DSL,No,Yes,No,No,No,Yes,Month-to-month,Yes,Electronic check,31.65,411.45,No,13–24 months,30–60
1346-PJWTK,Male,0,Yes,No,61,Yes,No,Fiber optic,No,Yes,Yes,Yes,No,No,Month-to-month,No,Credit card,94.15,5743.15,No,61+ months,Above 90
5088-QZLRL,Male,0,No,No,1,Yes,No,No,No,No,No,No,No,Yes,Month-to-month,No,Electronic check,20.65,20.65,No,0–12 months,Below 30
8023-QHAIO,Female,1,Yes,No,56,Yes,Yes,Fiber optic,No,No,No,Yes,No,No,Month-to-month,Yes,Bank transfer,76.85,4303.6,No,49–60 months,60–90
4397-FRLTA,Female,0,No,No,4,Yes,No,No,No,No,No,No,No,No,Month-to-month,No,Mailed check,20.15,80.6,No,0–12 months,Below 30
3057-VJJQE,Male,0,No,No,35,Yes,Yes,DSL,Yes,No,No,No,No,No,Two year,No,Mailed check,55.25,1933.75,No,25–48 months,30–60
5087-SUURX,Female,0,Yes,No,18,No,No,DSL,No,No,Yes,No,Yes,No,Month-to-month,Yes,Electronic check,39.05,702.9,Yes,13–24 months,30–60
2302-OUZXB,Male,0,Yes,No,72,Yes,Yes,DSL,No,Yes,Yes,No,Yes,No,Two year,No,Bank transfer,82.15,5914.8,No,61+ months,60–90
8133-ANHHJ,Female,1,No,No,49,Yes,Yes,Fiber optic,Yes,Yes,Yes,Yes,No,Yes,One year,No,Bank transfer,103.0,5047.0,No,49–60 months,Above 90
2270-CHBFN,Female,0,Yes,No,44,Yes,Yes,Fiber optic,Yes,Yes,Yes,Yes,No,Yes,Month-to-month,Yes,Credit card,95.1,4184.4,No,25–48 months,Above 90
0013-EXCHZ,Female,1,Yes,No,3,Yes,No,Fiber optic,No,No,No,Yes,Yes,No,Month-to-month,Yes,Mailed check,83.9,251.7,Yes,0–12 months,60–90
5982-FPVQN,Female,0,Yes,Yes,37,Yes,Yes,Fiber optic,No,Yes,Yes,No,No,No,Month-to-month,Yes,Electronic check,95.15,3520.55,No,25–48 months,Above 90
9107-UKCKY,Male,0,Yes,No,61,Yes,Yes,DSL,No,Yes,Yes,No,Yes,Yes,One year,Yes,Electronic check,79.8,4867.8,No,61+ months,60–90
4654-ULTTN,Male,0,Yes,No,70,Yes,Yes,DSL,Yes,No,Yes,Yes,No,Yes,Two year,Yes,Credit card,74.8,5236.0,No,61+ months,60–90
5550-VFRLC,Female,1,No,No,1,Yes,No,Fiber optic,No,No,No,No,No,Yes,Month-to-month,Yes,Electronic check,69.85,69.85,Yes,0–12 months,60–90
5546-BYZSM,Female,0,No,No,41,Yes,No,No,No,No,No,No,No,No,Month-to-month,No,Electronic check,20.45,838.45,No,25–48 months,Below 30
1492-KGETH,Male,0,Yes,Yes,70,Yes,Yes,DSL,Yes,Yes,Yes,Yes,No,No,One year,No,Bank transfer,78.35,5484.5,No,61+ months,60–90
4929-BSTRX,Female,0,No,No,1,Yes,No,DSL,No,No,No,No,Yes,Yes,Month-to-month,Yes,Mailed check,53.55,53.55,Yes,0–12 months,30–60
4163-HFTUK,Male,0,No,No,51,Yes,No,No,No,No,No,No,No,No,One year,No,Electronic check,19.1,974.1,No,49–60 months,Below 30
8215-NGSPE,Female,0,Yes,Yes,42,Yes,No,No,No,No,No,No,No,No,Two year,No,Mailed check,20.0,840.0,No,25–48 months,Below 30
2225-ZRGSG,Female,0,Yes,Yes,70,Yes,Yes,Fiber optic,Yes,Yes,Yes,Yes,No,No,Two year,No,Bank transfer,93.9,6573.0,Yes,61+ months,Above 90
8859-YSTWS,Male,0,No,No,48,Yes,No,No,No,No,No,No,No,No,One year,No,Bank transfer,19.95,957.6,No,25–48 months,Below 30
5271-YNWVR,Male,0,Yes,Yes,68,Yes,Yes,Fiber optic,Yes,Yes,Yes,Yes,Yes,No,Two year,Yes,Electronic check,113.15,7694.2,Yes,61+ months,Above 90
7601-DHFWZ,Female,0,No,No,48,Yes,Yes,No,No,No,No,No,No,Yes,Two year,No,Credit card,24.0,1152.0,No,25–48 months,Below 30
2657-ALMWY,Female,1,Yes,No,26,Yes,No,Fiber optic,No,Yes,No,No,No,No,Month-to-month,No,Electronic check,84.95,2208.7,Yes,25–48 months,60–90
6330-JKLPC,Male,0,Yes,No,11,Yes,Yes,Fiber optic,No,Yes,No,No,No,Yes,Month-to-month,Yes,Bank transfer,80.5,885.5,Yes,0–12 months,60–90
4667-OHGKG,Male,0,No,No,1,Yes,No,No,No,No,No,No,No,No,Month-to-month,Yes,Mailed check,19.3,19.3,Yes,0–12 months,Below 30
1998-VHJHK,Female,0,No,No,27,Yes,No,No,No,No,No,No,No,No,One year,No,Mailed check,19.15,517.05,No,25–48 months,Below 30
1707-HABPF,Female,1,No,No,46,Yes,No,Fiber optic,No,Yes,Yes,No,Yes,No,One year,Yes,Bank transfer,91.3,4199.8,No,25–48 months,Above 90
1660-HSOOQ,Male,0,No,No,1,Yes,No,DSL,No,No,Yes,No,No,No,Month-to-month,Yes,Mailed check,49.65,49.65,Yes,0–12 months,30–60
7253-UVNDW,Female,0,No,No,46,Yes,No,DSL,No,No,Yes,Yes,No,No,Two year,No,Credit card,54.35,2500.1,Yes,25–48 months,30–60
0487-VVUVK,Male,0,Yes,Yes,25,Yes,No,No,No,No,No,No,No,No,Month-to-month,Yes,Mailed check,19.15,478.75,No,25–48 months,Below 30
7228-OMTPN,Male,0,No,No,4,Yes,No,Fiber optic,No,No,No,No,Yes,No,Month-to-month,Yes,Electronic check,88.45,353.8,Yes,0–12 months,60–90
5063-IUOKK,Male,0,No,No,13,Yes,No,No,No,No,No,No,No,Yes,Two year,No,Mailed check,19.75,256.75,No,13–24 months,Below 30
4508-OEBEY,Male,0,Yes,No,31,Yes,No,DSL,Yes,Yes,Yes,Yes,No,No,One year,Yes,Credit card,75.5,2340.5,No,25–48 months,60–90
0027-KWYKW,Female,0,Yes,Yes,23,Yes,Yes,Fiber optic,No,No,No,No,Yes,Yes,Month-to-month,Yes,Electronic check,83.75,1926.25,No,13–24 months,60–90
2308-STERM,Female,0,No,No,2,Yes,No,No,No,No,No,No,No,No,Month-to-month,No,Mailed check,19.4,38.8,No,0–12 months,Below 30
5982-XMDEX,Female,0,No,No,65,Yes,Yes,No,No,No,No,No,No,No,Two year,No,Bank transfer,26.5,1722.5,No,61+ months,Below 30
6284-AHOOQ,Male,1,No,No,22,Yes,Yes,Fiber optic,No,No,No,Yes,Yes,No,Month-to-month,Yes,Bank transfer,90.5,1991.0,Yes,13–24 months,Above 90
6051-PTVNS,Female,0,Yes,Yes,55,Yes,No,No,No,No,No,No,No,No,One year,No,Credit card,19.15,1053.25,No,49–60 months,Below 30
2344-JMOGN,Male,0,Yes,No,9,Yes,No,Fiber optic,No,Yes,Yes,Yes,Yes,No,Month-to-month,Yes,Mailed check,94.85,853.65,Yes,0–12 months,Above 90
3799-ISUZQ,Male,0,Yes,Yes,7,Yes,No,Fiber optic,No,No,No,No,No,No,Month-to-month,Yes,Bank transfer,69.95,489.65,Yes,0–12 months,60–90
2877-VDUER,Female,0,Yes,Yes,35,No,No,DSL,No,No,No,Yes,Yes,No,One year,No,Mailed check,40.9,1431.5,No,25–48 months,30–60
9152-AMKAK,Male,0,No,No,6,Yes,No,DSL,Yes,No,Yes,Yes,Yes,No,Two year,Yes,Mailed check,80.25,481.5,No,0–12 months,60–90
1794-HBQTJ,Female,0,No,No,1,Yes,No,DSL,Yes,No,No,No,No,Yes,Month-to-month,Yes,Credit card,48.6,48.6,Yes,0–12 months,30–60
9432-VOFYX,Male,0,No,No,17,Yes,No,Fiber optic,No,No,No,No,No,No,Month-to-month,Yes,Electronic check,70.8,1203.6,No,13–24 months,60–90
8049-WJCLQ,Male,0,Yes,Yes,10,Yes,No,DSL,No,No,Yes,No,Yes,No,Month-to-month,No,Mailed check,60.2,602.0,No,0–12 months,60–90
6586-PSJOX,Male,0,No,Yes,15,Yes,No,DSL,No,No,Yes,Yes,No,No,One year,No,Credit card,55.2,828.0,No,13–24 months,30–60
2460-FPSYH,Female,1,No,No,40,No,No,DSL,Yes,Yes,No,No,Yes,No,Month-to-month,Yes,Electronic check,55.8,2232.0,Yes,25–48 months,30–60
9705-ZJBCG,Female,0,Yes,Yes,13,Yes,No,DSL,Yes,No,No,Yes,No,Yes,One year,No,Bank transfer,54.15,703.95,No,13–24 months,30–60
4818-DRBQT,Male,0,Yes,No,29,Yes,Yes,Fiber optic,No,Yes,No,No,No,No,Month-to-month,Yes,Bank transfer,80.15,2324.35,Yes,25–48 months,60–90
1320-HTRDR,Female,0,No,No,3,Yes,Yes,Fiber optic,No,No,No,No,No,No,Month-to-month,Yes,Electronic check,75.5,226.5,Yes,0–12 months,60–90
6847-KJLTS,Female,1,Yes,No,58,Yes,Yes,Fiber optic,No,No,No,Yes,Yes,No,Month-to-month,Yes,Bank transfer,100.4,5823.2,No,49–60 months,Above 90
9670-BPNXF,Female,0,No,No,45,Yes,No,DSL,Yes,Yes,No,Yes,No,Yes,One year,Yes,Credit card,62.55,2814.75,No,25–48 months,60–90
3913-FCUUW,Female,0,Yes,Yes,72,Yes,Yes,DSL,Yes,Yes,Yes,Yes,No,No,Two year,Yes,Bank transfer,70.45,5072.4,No,61+ months,60–90
3301-VKTGC,Male,0,Yes,Yes,68,Yes,Yes,Fiber optic,Yes,Yes,No,No,No,No,One year,Yes,Bank transfer,85.5,5814.0,No,61+ months,60–90
1493-AMTIE,Male,0,No,No,1,Yes,No,No,No,No,No,No,No,No,Month-to-month,Yes,Bank transfer,20.2,20.2,Yes,0–12 months,Below 30
9555-SAHUZ,Female,0,Yes,Yes,38,Yes,No,DSL,Yes,Yes,No,No,No,No,Month-to-month,No,Electronic check,54.5,2071.0,No,25–48 months,30–60
0816-TSPHQ,Male,0,No,No,2,Yes,No,No,No,No,No,No,No,No,Month-to-month,No,Mailed check,20.75,41.5,No,0–12 months,Below 30
9932-WBWIK,Male,0,No,No,11,Yes,No,No,No,No,No,No,No,No,Month-to-month,No,Mailed check,20.35,223.85,No,0–12 months,Below 30
4619-EVPHY,Female,1,Yes,No,20,Yes,No,Fiber optic,No,No,No,No,Yes,No,One year,Yes,Bank transfer,91.0,1820.0,No,13–24 months,Above 90
5286-YHCVC,Male,0,Yes,No,72,Yes,Yes,Fiber optic,No,Yes,Yes,No,Yes,Yes,Two year,Yes,Bank transfer,104.8,7545.6,No,61+ months,Above 90
6424-ELEYH,Female,0,Yes,No,3,Yes,Yes,Fiber optic,No,No,No,No,No,Yes,Month-to-month,Yes,Credit card,74.75,224.25,Yes,0–12 months,60–90
4391-RESHN,Male,0,No,No,23,Yes,Yes,Fiber optic,No,No,Yes,Yes,Yes,No,Month-to-month,Yes,Mailed check,104.05,2393.15,Yes,13–24 months,Above 90
9115-YQHGA,Male,0,No,No,40,Yes,No,DSL,No,No,No,Yes,No,Yes,Month-to-month,Yes,Electronic check,51.1,2044.0,No,25–48 months,30–60
4462-CYWMH,Male,1,Yes,No,62,Yes,Yes,Fiber optic,No,Yes,No,No,No,No,Month-to-month,Yes,Bank transfer,89.8,5567.6,No,61+ months,60–90
8963-MQVYN,Female,0,No,Yes,22,Yes,No,No,No,No,No,No,No,Yes,Month-to-month,Yes,Electronic check,20.55,452.1,No,13–24 months,Below 30
2458-EOMRE,Female,0,No,No,11,Yes,No,DSL,Yes,No,Yes,No,No,No,Month-to-month,No,Bank transfer,64.05,704.55,No,0–12 months,60–90
9334-GWGOW,Male,1,Yes,No,7,Yes,Yes,Fiber optic,No,No,No,No,No,Yes,Month-to-month,Yes,Electronic check,74.85,523.95,No,0–12 months,60–90
6821-BUXUX,Female,0,No,No,13,Yes,Yes,Fiber optic,Yes,Yes,No,No,Yes,No,Month-to-month,Yes,Electronic check,96.65,1256.45,Yes,13–24 months,Above 90
5028-HTLJB,Male,1,No,No,1,Yes,No,No,No,No,No,No,No,No,Month-to-month,No,Mailed check,20.05,20.05,Yes,0–12 months,Below 30
9801-GDWGV,Female,0,No,No,39,Yes,Yes,Fiber optic,No,Yes,Yes,No,Yes,No,Month-to-month,Yes,Electronic check,103.45,4034.55,Yes,25–48 months,Above 90
6542-LWGXJ,Male,0,Yes,No,3,No,No,DSL,No,No,No,No,No,Yes,Month-to-month,No,Mailed check,25.0,75.0,No,0–12 months,Below 30
5567-GZKQY,Male,0,No,No,58,Yes,No,No,No,No,No,No,No,No,Two year,No,Credit card,20.3,1177.4,No,49–60 months,Below 30
1222-LRYKO,Male,0,No,Yes,6,Yes,Yes,No,No,No,No,No,No,No,Month-to-month,No,Mailed check,26.35,158.1,No,0–12 months,Below 30
2320-JRSDE,Female,0,Yes,Yes,1,Yes,No,No,No,No,No,No,No,No,Month-to-month,Yes,Electronic check,19.9,19.9,Yes,0–12 months,Below 30
2087-QAREY,Female,0,Yes,No,22,Yes,No,DSL,No,Yes,Yes,No,No,No,Month-to-month,Yes,Mailed check,54.7,1203.4,No,13–24 months,30–60
0601-WZHJF,Male,0,Yes,No,14,No,No,DSL,No,No,No,No,Yes,No,Month-to-month,No,Electronic check,46.35,648.9,Yes,13–24 months,30–60
4423-JWZJN,Male,0,Yes,Yes,64,Yes,Yes,Fiber optic,No,No,Yes,No,No,Yes,One year,No,Credit card,90.25,5776.0,No,61+ months,Above 90
5143-WMWOG,Male,0,No,No,1,Yes,No,No,No,No,No,No,No,Yes,Month-to-month,No,Electronic check,19.95,19.95,Yes,0–12 months,Below 30
6490-FGZAT,Male,0,No,No,6,Yes,No,No,No,No,No,No,No,No,Month-to-month,No,Mailed check,20.65,123.9,No,0–12 months,Below 30
5393-RXQSZ,Male,0,No,No,1,Yes,No,Fiber optic,No,No,No,No,No,No,Month-to-month,No,Electronic check,79.6,79.6,Yes,0–12 months,60–90
7452-FOLON,Male,0,No,Yes,39,Yes,Yes,No,No,No,No,No,No,Yes,One year,No,Bank transfer,25.45,992.55,No,25–48 months,Below 30
2320-TZRRH,Female,0,No,No,20,Yes,No,No,No,No,No,No,No,No,One year,No,Mailed check,19.5,390.0,No,13–24 months,Below 30
0231-LXVAP,Male,0,No,No,1,Yes,No,Fiber optic,No,No,No,Yes,No,No,Month-to-month,Yes,Electronic check,75.9,75.9,Yes,0–12 months,60–90
9444-JTXHZ,Male,0,Yes,No,1,Yes,No,Fiber optic,No,No,Yes,No,No,No,Month-to-month,No,Electronic check,76.2,76.2,Yes,0–12 months,60–90
4942-VZZOM,Male,0,Yes,No,64,Yes,Yes,DSL,Yes,No,No,No,Yes,No,One year,Yes,Credit card,66.15,4233.6,No,61+ months,60–90
5510-BOIUJ,Male,0,No,Yes,1,Yes,No,No,No,No,No,No,No,No,Month-to-month,No,Mailed check,19.25,19.25,Yes,0–12 months,Below 30
7502-BNYGS,Female,0,Yes,No,46,Yes,No,DSL,No,Yes,No,No,Yes,No,Month-to-month,Yes,Credit card,69.1,3178.6,No,25–48 months,60–90
4291-HYEBC,Female,1,Yes,Yes,28,No,No,DSL,No,Yes,No,No,No,Yes,One year,Yes,Electronic check,39.1,1094.8,No,25–48 months,30–60
6147-CBCRA,Female,0,Yes,No,33,Yes,No,No,No,No,No,No,No,Yes,Month-to-month,No,Mailed check,20.05,661.65,No,25–48 months,Below 30
6047-SUHPR,Male,0,Yes,Yes,39,Yes,No,DSL,Yes,Yes,Yes,No,No,No,One year,No,Electronic check,59.8,2332.2,No,25–48 months,30–60
4471-KXAUH,Female,0,Yes,No,42,Yes,Yes,Fiber optic,No,No,Yes,Yes,No,No,Month-to-month,Yes,Electronic check,84.3,3540.6,Yes,25–48 months,60–90
9752-ZNQUT,Female,0,No,No,1,Yes,No,DSL,No,Yes,No,No,No,No,Month-to-month,Yes,Electronic check,48.6,48.6,No,0–12 months,30–60
7638-QVMVY,Female,0,No,No,7,Yes,No,Fiber optic,No,No,No,No,Yes,No,Month-to-month,Yes,Electronic check,79.0,553.0,Yes,0–12 months,60–90
1576-PFZIW,Male,1,Yes,No,70,Yes,No,Fiber optic,Yes,Yes,Yes,No,Yes,No,Two year,No,Credit card,105.35,7374.5,No,61+ months,Above 90
5666-MBJPT,Male,0,No,No,65,Yes,Yes,No,No,No,No,No,No,Yes,Two year,Yes,Bank transfer,25.1,1631.5,No,61+ months,Below 30
7312-XSBAT,Male,0,No,No,1,Yes,No,DSL,Yes,No,No,No,No,No,Month-to-month,No,Electronic check,49.75,49.75,No,0–12 months,30–60
3096-GKWEB,Male,0,Yes,No,18,Yes,Yes,Fiber optic,No,No,No,No,Yes,No,Month-to-month,Yes,Electronic check,94.75,1705.5,No,13–24 months,Above 90
2371-JQHZZ,Male,0,Yes,No,24,Yes,Yes,Fiber optic,No,No,No,No,Yes,Yes,Month-to-month,Yes,Electronic check,93.0,2232.0,No,13–24 months,Above 90
0674-GCDXG,Male,0,No,No,63,Yes,Yes,DSL,Yes,No,Yes,Yes,No,Yes,Two year,Yes,Bank transfer,71.9,4529.7,No,61+ months,60–90
1121-QSIVB,Female,0,No,Yes,44,Yes,Yes,DSL,No,Yes,No,No,Yes,Yes,One year,Yes,Mailed check,77.55,3412.2,No,25–48 months,60–90
4396-KLSEH,Male,0,No,No,4,Yes,No,No,No,No,No,No,No,Yes,Month-to-month,Yes,Electronic check,19.85,79.4,No,0–12 months,Below 30
3244-DCJWY,Female,0,No,No,1,Yes,No,Fiber optic,No,No,No,No,No,No,Month-to-month,Yes,Electronic check,70.25,70.25,Yes,0–12 months,60–90
2824-MYYBN,Female,0,Yes,Yes,37,Yes,Yes,Fiber optic,No,No,No,No,Yes,No,Month-to-month,Yes,Electronic check,95.25,3524.25,No,25–48 months,Above 90
0875-CABNR,Female,1,No,No,10,Yes,No,Fiber optic,No,No,Yes,No,No,Yes,Month-to-month,Yes,Credit card,84.6,846.0,Yes,0–12 months,60–90
6345-HOVES,Male,0,No,No,34,No,No,DSL,No,No,No,No,No,Yes,Month-to-month,Yes,Bank transfer,25.05,851.7,No,25–48 months,Below 30
8318-LCNBW,Male,0,Yes,No,35,No,No,DSL,Yes,No,Yes,No,Yes,No,One year,No,Credit card,53.15,1860.25,No,25–48 months,30–60
6469-QJKZW,Female,0,Yes,No,4,Yes,No,No,No,No,No,No,No,Yes,Month-to-month,No,Electronic check,20.15,80.6,No,0–12 months,Below 30
0147-ESWWR,Female,1,Yes,No,39,Yes,Yes,Fiber optic,No,No,No,Yes,Yes,No,Month-to-month,Yes,Electronic check,101.25,3948.75,No,25–48 months,Above 90
1217-VASWC,Male,1,Yes,No,43,Yes,No,Fiber optic,No,Yes,Yes,No,Yes,Yes,One year,Yes,Bank transfer,100.55,4323.65,No,25–48 months,Above 90
7812-FZHPE,Female,0,Yes,Yes,17,Yes,Yes,No,No,No,No,No,No,Yes,Month-to-month,No,Mailed check,24.1,409.7,Yes,13–24 months,Below 30
6370-ZVHDV,Female,0,Yes,No,61,Yes,Yes,No,No,No,No,No,No,No,Two year,No,Bank transfer,25.3,1543.3,No,61+ months,Below 30
5915-DGNVC,Female,0,Yes,No,49,Yes,Yes,DSL,Yes,Yes,Yes,No,No,No,One year,No,Electronic check,71.8,3518.2,No,49–60 months,60–90
6260-XLACS,Male,0,No,No,4,Yes,No,No,No,No,No,No,No,Yes,One year,No,Mailed check,19.7,78.8,No,0–12 months,Below 30
3566-CAAYU,Female,0,Yes,Yes,64,No,No,DSL,No,Yes,Yes,Yes,No,No,Two year,No,Electronic check,49.85,3190.4,No,61+ months,30–60
4983-CCWMC,Male,0,No,No,3,Yes,No,Fiber optic,No,No,No,No,No,Yes,Month-to-month,Yes,Mailed check,69.6,208.8,No,0–12 months,60–90
9103-CXVOK,Male,0,Yes,Yes,1,Yes,No,No,No,No,No,No,No,No,Month-to-month,No,Electronic check,19.75,19.75,No,0–12 months,Below 30
2896-TBNBE,Male,0,Yes,No,40,Yes,No,Fiber optic,No,Yes,Yes,No,No,No,One year,No,Electronic check,80.8,3232.0,No,25–48 months,60–90
4797-AXPXK,Female,0,No,Yes,1,Yes,No,DSL,Yes,Yes,No,Yes,No,No,Month-to-month,Yes,Electronic check,60.0,60.0,Yes,0–12 months,60–90
5229-PRWKT,Male,0,No,No,8,Yes,Yes,Fiber optic,No,No,No,No,No,No,Month-to-month,Yes,Electronic check,86.55,692.4,Yes,0–12 months,60–90
6982-UQZLY,Female,1,Yes,No,1,Yes,No,No,No,No,No,No,No,Yes,Month-to-month,Yes,Mailed check,20.85,20.85,Yes,0–12 months,Below 30
2522-WLNSF,Female,1,Yes,No,34,Yes,No,DSL,No,No,Yes,Yes,Yes,No,One year,No,Bank transfer,64.2,2182.8,No,25–48 months,60–90
3841-CONLJ,Female,0,Yes,No,1,No,No,DSL,No,No,No,No,No,No,Month-to-month,No,Electronic check,35.0,35.0,No,0–12 months,30–60
5057-LCOUI,Female,0,No,No,39,No,No,DSL,No,No,Yes,No,Yes,Yes,Month-to-month,Yes,Electronic check,50.75,1979.25,Yes,25–48 months,30–60
0193-ESZXP,Female,1,Yes,No,58,Yes,No,Fiber optic,Yes,Yes,No,Yes,Yes,Yes,One year,Yes,Credit card,105.5,6119.0,Yes,49–60 months,Above 90
4475-NVTLU,Male,0,Yes,Yes,45,Yes,No,No,No,No,No,No,No,Yes,Two year,No,Electronic check,19.2,864.0,No,25–48 months,Below 30
4369-HTUIF,Male,1,No,No,6,Yes,No,Fiber optic,Yes,No,No,No,Yes,No,Month-to-month,Yes,Bank transfer,85.15,510.9,Yes,0–12 months,60–90
9386-LDCZR,Male,0,No,No,43,Yes,No,Fiber optic,Yes,Yes,Yes,Yes,No,No,One year,Yes,Credit card,90.65,3897.95,No,25–48 months,Above 90
9585-KKMFD,Male,0,Yes,Yes,41,Yes,No,No,No,No,No,No,No,No,Two year,Yes,Mailed check,20.0,820.0,No,25–48 months,Below 30
5399-ZIMKF,Male,0,No,No,5,Yes,No,Fiber optic,No,Yes,No,No,No,No,Month-to-month,Yes,Electronic check,74.65,373.25,No,0–12 months,60–90
0336-KXKFK,Male,0,No,No,72,No,No,DSL,Yes,No,Yes,Yes,Yes,No,Two year,Yes,Credit card,61.2,4406.4,No,61+ months,60–90
5619-XZZKR,Male,0,No,No,4,Yes,No,No,No,No,No,No,No,Yes,One year,No,Mailed check,19.95,79.8,No,0–12 months,Below 30
3948-FVVRP,Male,0,Yes,Yes,9,Yes,No,DSL,No,Yes,No,Yes,No,No,Month-to-month,No,Mailed check,54.8,493.2,No,0–12 months,30–60
5327-XOKKY,Male,1,Yes,No,72,Yes,Yes,DSL,No,No,Yes,No,Yes,No,Two year,Yes,Credit card,73.45,5288.4,No,61+ months,60–90
0983-TATYJ,Female,0,Yes,No,33,Yes,No,DSL,No,No,No,Yes,No,Yes,One year,Yes,Mailed check,51.45,1697.85,No,25–48 months,30–60
1813-JYWTO,Female,0,Yes,No,72,Yes,Yes,Fiber optic,Yes,No,No,No,No,No,Two year,No,Bank transfer,80.45,5792.4,No,61+ months,60–90
0156-FVPTA,Male,0,Yes,No,22,Yes,No,DSL,Yes,No,No,Yes,No,No,Month-to-month,Yes,Electronic check,54.2,1192.4,Yes,13–24 months,30–60
1984-FCOWB,Female,0,Yes,No,70,Yes,Yes,Fiber optic,No,Yes,Yes,Yes,Yes,No,One year,Yes,Electronic check,109.5,7665.0,Yes,61+ months,Above 90
0654-HMSHN,Male,0,Yes,Yes,21,Yes,Yes,Fiber optic,No,Yes,Yes,No,Yes,Yes,Month-to-month,No,Electronic check,104.4,2192.4,Yes,13–24 months,Above 90
6719-OXYBR,Male,0,No,No,15,Yes,No,Fiber optic,No,No,Yes,No,Yes,Yes,Month-to-month,No,Electronic check,85.3,1279.5,No,13–24 months,60–90
3312-ZWLGF,Male,1,Yes,No,29,Yes,Yes,Fiber optic,No,No,No,Yes,No,No,Month-to-month,Yes,Electronic check,79.3,2299.7,No,25–48 months,60–90
6476-YHMGA,Female,0,Yes,Yes,15,Yes,No,DSL,No,Yes,Yes,Yes,Yes,No,Month-to-month,No,Bank transfer,76.5,1147.5,No,13–24 months,60–90
5287-QWLKY,Male,1,Yes,Yes,71,Yes,Yes,Fiber optic,Yes,Yes,No,No,Yes,Yes,Month-to-month,Yes,Credit card,105.1,7462.1,Yes,61+ months,Above 90
0795-XCCTE,Male,1,No,No,72,Yes,Yes,No,No,No,No,No,No,Yes,Two year,No,Bank transfer,25.4,1828.8,No,61+ months,Below 30
0168-XZKBB,Female,0,Yes,No,19,Yes,Yes,Fiber optic,No,No,No,No,Yes,No,Month-to-month,Yes,Electronic check,86.85,1650.15,No,13–24 months,60–90
3785-NRHYR,Male,0,No,No,1,Yes,No,No,No,No,No,No,No,No,Month-to-month,No,Mailed check,19.65,19.65,No,0–12 months,Below 30
5196-SGOAK,Female,0,No,No,1,Yes,No,Fiber optic,No,Yes,No,No,No,No,Month-to-month,Yes,Electronic check,75.7,75.7,Yes,0–12 months,60–90
4537-DKTAL,Female,0,No,No,2,Yes,No,DSL,No,No,No,No,No,No,Month-to-month,No,Electronic check,45.55,91.1,No,0–12 months,30–60
7072-MBHEV,Female,1,Yes,Yes,11,Yes,Yes,Fiber optic,No,No,Yes,No,No,No,Month-to-month,Yes,Credit card,78.1,859.1,No,0–12 months,60–90
5602-BVFMK,Female,0,No,No,12,Yes,No,No,No,No,No,No,No,No,One year,No,Mailed check,19.3,231.6,No,0–12 months,Below 30
6297-NOOPG,Female,0,Yes,No,70,Yes,Yes,Fiber optic,No,Yes,Yes,Yes,Yes,No,Two year,Yes,Electronic check,110.5,7735.0,No,61+ months,Above 90
1891-UAWWU,Female,1,Yes,No,20,Yes,Yes,Fiber optic,No,No,Yes,No,Yes,Yes,Month-to-month,No,Electronic check,90.8,1816.0,Yes,13–24 months,Above 90
8204-TIFGJ,Female,0,No,No,23,Yes,No,No,No,No,No,No,No,No,Month-to-month,Yes,Bank transfer,20.3,466.9,No,13–24 months,Below 30
8050-DVOJX,Male,1,No,No,49,Yes,Yes,DSL,Yes,Yes,Yes,Yes,No,No,Two year,No,Credit card,81.35,3986.15,No,49–60 months,60–90
6108-OQZDQ,Female,0,Yes,Yes,4,Yes,Yes,Fiber optic,No,Yes,No,No,Yes,Yes,Month-to-month,Yes,Electronic check,97.95,391.8,Yes,0–12 months,Above 90
0363-QJVFX,Male,0,No,No,32,Yes,Yes,Fiber optic,Yes,Yes,No,Yes,Yes,Yes,Month-to-month,Yes,Credit card,108.15,3460.8,Yes,25–48 months,Above 90
8903-XEBGX,Male,0,No,Yes,2,Yes,No,DSL,No,No,No,No,No,Yes,Month-to-month,Yes,Electronic check,55.3,110.6,No,0–12 months,30–60
8169-SAEJD,Male,1,Yes,No,69,No,No,DSL,Yes,Yes,No,No,Yes,Yes,Two year,No,Credit card,56.55,3901.95,No,61+ months,30–60
9840-DVNDC,Male,0,No,No,6,Yes,No,Fiber optic,No,No,No,No,Yes,Yes,Month-to-month,Yes,Credit card,80.5,483.0,Yes,0–12 months,60–90
1089-XZWHH,Female,0,Yes,Yes,24,Yes,No,No,No,No,No,No,No,No,Two year,Yes,Mailed check,19.7,472.8,No,13–24 months,Below 30
2325-WINES,Female,0,No,No,32,Yes,Yes,Fiber optic,No,Yes,Yes,No,Yes,No,One year,Yes,Credit card,104.05,3329.6,No,25–48 months,Above 90
6064-ZATLR,Female,0,No,No,27,Yes,No,DSL,Yes,Yes,No,No,No,Yes,Two year,No,Bank transfer,52.85,1426.95,No,25–48 months,30–60
3096-JRDSO,Female,1,Yes,No,27,Yes,Yes,Fiber optic,Yes,No,No,Yes,Yes,No,Month-to-month,Yes,Bank transfer,104.3,2816.1,Yes,25–48 months,Above 90
7824-PANSQ,Male,0,No,No,58,Yes,Yes,Fiber optic,No,No,No,Yes,No,Yes,Month-to-month,No,Bank transfer,80.65,4677.7,No,49–60 months,60–90
8042-JVNFH,Male,0,No,No,1,Yes,No,Fiber optic,No,No,No,No,No,No,Month-to-month,Yes,Mailed check,71.35,71.35,Yes,0–12 months,60–90
9648-BCHKM,Female,0,Yes,Yes,18,Yes,Yes,No,No,No,No,No,No,No,Two year,Yes,Credit card,24.65,443.7,No,13–24 months,Below 30
2888-ADFAO,Female,0,Yes,Yes,47,Yes,No,No,No,No,No,No,No,No,Two year,Yes,Bank transfer,21.3,1001.1,No,25–48 months,Below 30
8707-HOEDG,Female,0,Yes,Yes,70,Yes,Yes,Fiber optic,No,Yes,Yes,Yes,Yes,No,Two year,Yes,Electronic check,110.2,7714.0,No,61+ months,Above 90
3374-LXDEV,Female,0,No,No,13,Yes,Yes,Fiber optic,No,Yes,Yes,Yes,No,Yes,Month-to-month,No,Electronic check,89.4,1162.2,Yes,13–24 months,60–90
4072-IPYLT,Female,0,Yes,Yes,36,Yes,No,DSL,Yes,No,No,No,No,No,Month-to-month,No,Credit card,51.05,1837.8,No,25–48 months,30–60
7167-PCEYD,Male,0,No,No,67,Yes,No,No,No,No,No,No,No,No,Two year,Yes,Mailed check,19.8,1326.6,No,61+ months,Below 30
4936-YPJNK,Female,0,No,No,10,Yes,No,No,No,No,No,No,No,No,Month-to-month,Yes,Mailed check,19.9,199.0,No,0–12 months,Below 30
1580-BMCMR,Male,1,No,No,19,Yes,No,Fiber optic,Yes,No,No,No,No,No,Month-to-month,Yes,Electronic check,87.3,1658.7,No,13–24 months,60–90
4817-KEQSP,Female,0,Yes,Yes,71,Yes,No,No,No,No,No,No,No,Yes,Two year,No,Bank transfer,19.85,1409.35,No,61+ months,Below 30
6408-WHTEF,Male,0,Yes,Yes,72,Yes,Yes,DSL,Yes,Yes,Yes,Yes,Yes,No,Two year,Yes,Mailed check,89.4,6436.8,No,61+ months,60–90
9251-AWQGT,Female,0,Yes,Yes,48,Yes,No,No,No,No,No,No,No,Yes,Two year,No,Mailed check,20.0,960.0,No,25–48 months,Below 30
8749-CLJXC,Male,0,No,No,1,Yes,No,No,No,No,No,No,No,No,Month-to-month,No,Mailed check,20.05,20.05,No,0–12 months,Below 30
7989-VCQOH,Male,0,Yes,Yes,18,Yes,No,DSL,Yes,No,Yes,Yes,Yes,No,Month-to-month,No,Electronic check,83.25,1498.5,No,13–24 months,60–90
5049-GLYVG,Male,0,No,No,1,Yes,No,No,No,No,No,No,No,Yes,Month-to-month,No,Mailed check,20.6,20.6,Yes,0–12 months,Below 30
4199-QHJNM,Male,1,Yes,No,67,Yes,Yes,Fiber optic,No,Yes,No,Yes,Yes,No,Two year,No,Bank transfer,102.9,6894.3,No,61+ months,Above 90
8882-TLVRW,Male,0,Yes,Yes,69,No,No,DSL,Yes,No,Yes,Yes,No,Yes,Two year,No,Mailed check,39.1,2697.9,No,61+ months,30–60
5883-GTGVD,Male,0,No,No,19,Yes,Yes,Fiber optic,No,Yes,No,No,Yes,No,Month-to-month,Yes,Electronic check,99.95,1899.05,Yes,13–24 months,Above 90
5135-GRQJV,Male,1,Yes,No,72,Yes,Yes,Fiber optic,Yes,Yes,Yes,Yes,Yes,Yes,Two year,Yes,Mailed check,114.5,8244.0,No,61+ months,Above 90
2384-OVPSA,Female,1,No,No,38,Yes,No,No,No,No,No,No,No,Yes,Two year,No,Mailed check,20.2,767.6,No,25–48 months,Below 30
1371-WEPDS,Male,1,Yes,No,40,Yes,No,DSL,No,No,No,No,No,No,One year,No,Electronic check,55.8,2232.0,No,25–48 months,30–60
3580-GICBM,Female,0,Yes,Yes,61,Yes,Yes,No,No,No,No,No,No,Yes,Two year,Yes,Mailed check,24.2,1476.2,No,61+ months,Below 30
4817-QRJSX,Female,0,No,No,10,Yes,Yes,Fiber optic,No,Yes,No,No,No,No,Month-to-month,Yes,Credit card,81.0,810.0,Yes,0–12 months,60–90
9730-DRTMJ,Male,0,Yes,No,32,Yes,Yes,DSL,Yes,No,No,Yes,Yes,No,One year,Yes,Credit card,72.8,2329.6,No,25–48 months,60–90
4686-UXDML,Female,0,No,No,21,Yes,Yes,Fiber optic,No,Yes,No,No,Yes,No,Month-to-month,Yes,Credit card,99.85,2096.85,No,13–24 months,Above 90
3349-ANQNH,Female,1,No,No,59,Yes,Yes,Fiber optic,No,No,Yes,No,Yes,Yes,One year,Yes,Electronic check,99.5,5870.5,No,49–60 months,Above 90
2398-YPMUR,Female,1,Yes,No,13,Yes,No,Fiber optic,No,No,No,No,No,Yes,Month-to-month,Yes,Electronic check,70.15,911.95,Yes,13–24 months,60–90
0932-YIXYU,Female,0,No,No,47,Yes,No,No,No,No,No,No,No,No,Two year,No,Credit card,20.25,951.75,No,25–48 months,Below 30
7480-SPLEF,Male,0,Yes,Yes,69,Yes,Yes,No,No,No,No,No,No,No,Two year,Yes,Bank transfer,26.0,1794.0,No,61+ months,Below 30
7636-XUHWW,Male,0,No,No,2,Yes,No,No,No,No,No,No,No,No,Month-to-month,Yes,Credit card,19.9,39.8,No,0–12 months,Below 30
1431-CYWMH,Female,0,Yes,Yes,22,Yes,No,No,No,No,No,No,No,No,Month-to-month,No,Bank transfer,19.05,419.1,No,13–24 months,Below 30
5937-EORGB,Male,1,Yes,No,15,Yes,Yes,Fiber optic,Yes,No,Yes,No,Yes,No,Month-to-month,Yes,Electronic check,96.5,1447.5,No,13–24 months,Above 90
6349-JDHQP,Female,0,No,No,53,Yes,No,No,No,No,No,No,No,No,Two year,No,Credit card,19.85,1052.05,No,49–60 months,Below 30
5539-HIVAK,Female,1,Yes,No,28,Yes,Yes,No,No,No,No,No,No,No,Month-to-month,No,Mailed check,25.7,719.6,No,25–48 months,Below 30
5847-MXBEO,Male,0,No,No,22,Yes,No,No,No,No,No,No,No,No,One year,No,Mailed check,20.3,446.6,No,13–24 months,Below 30
9985-MWVIX,Female,0,No,No,1,Yes,No,Fiber optic,No,No,No,No,No,No,Month-to-month,Yes,Mailed check,70.15,70.15,Yes,0–12 months,60–90
4583-PARNH,Male,1,Yes,No,16,Yes,No,Fiber optic,No,No,Yes,Yes,No,No,Month-to-month,Yes,Electronic check,91.55,1464.8,No,13–24 months,Above 90
1116-FRYVH,Female,0,Yes,Yes,48,No,No,DSL,Yes,Yes,No,Yes,No,Yes,Two year,No,Mailed check,39.4,1891.2,No,25–48 months,30–60
1421-HCERK,Male,1,Yes,No,30,Yes,Yes,Fiber optic,Yes,Yes,Yes,Yes,Yes,No,Month-to-month,Yes,Bank transfer,105.7,3171.0,No,25–48 months,Above 90
9633-XQABV,Female,0,No,No,3,Yes,No,Fiber optic,No,No,No,No,No,No,Month-to-month,Yes,Electronic check,70.25,210.75,No,0–12 months,60–90
0716-BQNDX,Male,1,No,No,57,Yes,Yes,Fiber optic,Yes,No,No,Yes,No,No,Two year,No,Electronic check,93.75,5343.75,No,49–60 months,Above 90
1265-XTECC,Female,1,Yes,No,68,Yes,Yes,Fiber optic,Yes,Yes,No,No,No,Yes,One year,Yes,Credit card,96.55,6565.4,Yes,61+ months,Above 90
1183-CANVH,Female,0,Yes,No,23,Yes,No,DSL,No,No,No,Yes,Yes,Yes,One year,No,Bank transfer,60.0,1380.0,No,13–24 months,60–90
1972-XMUWV,Female,0,Yes,No,65,Yes,No,DSL,No,No,No,Yes,Yes,No,Two year,Yes,Credit card,59.8,3887.0,No,61+ months,30–60
8679-LZBMD,Male,0,Yes,No,44,Yes,No,Fiber optic,No,No,No,No,Yes,No,One year,Yes,Bank transfer,90.65,3988.6,No,25–48 months,Above 90
3407-JMJQQ,Female,0,Yes,Yes,71,Yes,Yes,Fiber optic,Yes,Yes,Yes,No,Yes,Yes,Two year,Yes,Bank transfer,109.0,7739.0,No,61+ months,Above 90
6252-DFGTK,Female,0,Yes,No,37,Yes,Yes,DSL,Yes,No,Yes,Yes,No,Yes,One year,No,Credit card,68.1,2519.7,No,25–48 months,60–90
1539-LNKHM,Female,0,No,No,12,Yes,No,No,No,No,No,No,No,No,Month-to-month,No,Mailed check,20.4,244.8,No,0–12 months,Below 30
8645-KOMJQ,Male,0,Yes,Yes,69,Yes,Yes,DSL,No,Yes,Yes,Yes,Yes,No,Two year,Yes,Bank transfer,81.95,5654.55,No,61+ months,60–90
0289-IVARM,Female,0,No,No,35,Yes,No,DSL,Yes,Yes,Yes,No,No,Yes,Month-to-month,No,Electronic check,60.55,2119.25,No,25–48 months,60–90
9761-XUJWD,Male,0,No,No,5,Yes,No,DSL,No,Yes,No,Yes,No,No,Month-to-month,Yes,Bank transfer,65.6,328.0,No,0–12 months,60–90
4057-FKCZK,Male,0,Yes,Yes,58,Yes,Yes,Fiber optic,No,No,No,No,Yes,Yes,Two year,No,Bank transfer,82.5,4785.0,No,49–60 months,60–90
4291-TPNFG,Male,0,Yes,No,72,Yes,Yes,DSL,Yes,Yes,Yes,Yes,No,No,Two year,Yes,Bank transfer,82.3,5925.6,No,61+ months,60–90
6087-YPWHO,Male,0,Yes,No,72,Yes,Yes,DSL,Yes,Yes,Yes,Yes,No,Yes,Two year,No,Mailed check,68.15,4906.8,No,61+ months,60–90
3090-QFUVD,Female,0,No,No,1,Yes,No,No,No,No,No,No,No,No,Month-to-month,No,Credit card,20.3,20.3,No,0–12 months,Below 30
2237-ZFSMY,Female,0,No,No,39,Yes,No,Fiber optic,Yes,No,Yes,Yes,Yes,No,One year,Yes,Electronic check,95.55,3726.45,Yes,25–48 months,Above 90
1722-LDZJS,Male,0,Yes,Yes,53,Yes,No,No,No,No,No,No,No,No,One year,No,Credit card,20.2,1070.6,No,49–60 months,Below 30
1818-ESQMW,Female,0,No,No,27,Yes,No,Fiber optic,No,No,Yes,Yes,No,No,Month-to-month,Yes,Electronic check,89.2,2408.4,No,25–48 months,60–90
4871-JTKJF,Female,1,No,No,1,Yes,No,Fiber optic,No,No,No,No,No,Yes,Month-to-month,Yes,Electronic check,69.65,69.65,Yes,0–12 months,60–90
1415-YFWLT,Female,1,No,No,1,Yes,No,Fiber optic,No,No,No,No,Yes,No,Month-to-month,Yes,Electronic check,89.3,89.3,Yes,0–12 months,60–90
7401-RUBNK,Female,0,Yes,No,18,Yes,No,Fiber optic,Yes,No,No,No,No,Yes,Month-to-month,No,Electronic check,74.8,1346.4,No,13–24 months,60–90
0506-YLVKJ,Male,0,Yes,Yes,46,Yes,No,No,No,No,No,No,No,No,Two year,Yes,Mailed check,20.2,929.2,No,25–48 months,Below 30
8661-BOYNW,Female,0,Yes,No,72,Yes,Yes,DSL,Yes,No,Yes,Yes,Yes,No,Two year,Yes,Credit card,84.4,6076.8,No,61+ months,60–90
6711-VTNRE,Female,0,No,No,36,Yes,No,Fiber optic,No,No,Yes,Yes,No,Yes,Month-to-month,Yes,Electronic check,87.55,3151.8,Yes,25–48 months,60–90
4815-GBTCD,Female,0,Yes,No,4,No,No,DSL,No,No,No,No,No,Yes,Month-to-month,Yes,Electronic check,25.15,100.6,No,0–12 months,Below 30
2805-AUFQN,Female,0,No,No,25,Yes,No,No,No,No,No,No,No,No,Two year,No,Credit card,19.8,495.0,No,25–48 months,Below 30
0980-PVMRC,Female,0,Yes,Yes,40,No,No,DSL,No,Yes,No,No,Yes,No,Month-to-month,Yes,Electronic check,50.85,2034.0,No,25–48 months,30–60
7233-DRTRF,Male,0,Yes,No,63,Yes,Yes,Fiber optic,No,Yes,Yes,No,Yes,Yes,Month-to-month,Yes,Electronic check,102.4,6451.2,No,61+ months,Above 90
3500-RMZLT,Female,1,No,No,15,Yes,No,Fiber optic,Yes,No,Yes,Yes,No,Yes,Month-to-month,Yes,Mailed check,96.3,1444.5,Yes,13–24 months,Above 90
3873-NFTGI,Male,0,No,No,14,Yes,Yes,DSL,No,Yes,No,No,No,Yes,Month-to-month,Yes,Credit card,55.5,777.0,No,13–24 months,30–60
1162-ECVII,Male,1,Yes,No,72,Yes,Yes,Fiber optic,No,Yes,Yes,Yes,Yes,No,Two year,Yes,Bank transfer,109.75,7902.0,No,61+ months,Above 90
7048-GXDAY,Male,0,No,No,39,Yes,Yes,Fiber optic,Yes,Yes,No,No,Yes,Yes,Month-to-month,Yes,Electronic check,106.4,4149.6,No,25–48 months,Above 90
8571-ZCMCX,Female,0,Yes,Yes,47,No,No,DSL,Yes,Yes,Yes,No,Yes,Yes,Two year,Yes,Credit card,60.0,2820.0,No,25–48 months,60–90
1169-WCVAK,Male,0,Yes,No,19,Yes,Yes,Fiber optic,Yes,Yes,No,Yes,No,Yes,Month-to-month,Yes,Credit card,88.8,1687.2,No,13–24 months,60–90
4548-SDBKE,Female,0,No,No,5,Yes,Yes,Fiber optic,No,No,No,No,Yes,No,Month-to-month,Yes,Electronic check,85.2,426.0,Yes,0–12 months,60–90
8066-POXGX,Female,0,No,No,13,No,No,DSL,No,No,No,No,No,No,Month-to-month,Yes,Electronic check,35.1,456.3,Yes,13–24 months,30–60
7129-CAKJW,Female,0,No,No,17,Yes,Yes,Fiber optic,No,No,Yes,No,No,Yes,Month-to-month,No,Bank transfer,80.05,1360.85,No,13–24 months,60–90
8695-ARGXZ,Male,1,Yes,No,34,Yes,Yes,Fiber optic,No,No,No,No,No,No,Month-to-month,Yes,Electronic check,75.55,2568.7,No,25–48 months,60–90
3570-YUEKJ,Female,0,No,No,42,Yes,No,DSL,No,Yes,No,No,No,No,Month-to-month,Yes,Electronic check,49.55,2081.1,No,25–48 months,30–60
4143-OOBWZ,Male,0,Yes,No,5,Yes,Yes,Fiber optic,No,Yes,No,No,No,No,Month-to-month,Yes,Electronic check,81.3,406.5,Yes,0–12 months,60–90
1555-HAPSU,Female,0,Yes,Yes,71,Yes,Yes,No,No,No,No,No,No,No,Two year,No,Credit card,23.9,1696.9,No,61+ months,Below 30
1697-NVVGY,Male,1,Yes,No,19,Yes,No,DSL,Yes,No,Yes,No,Yes,No,Month-to-month,No,Bank transfer,66.4,1261.6,No,13–24 months,60–90
7854-EKTJL,Female,0,No,Yes,2,Yes,No,No,No,No,No,No,No,No,Month-to-month,Yes,Electronic check,19.6,39.2,Yes,0–12 months,Below 30
8464-EETCQ,Male,0,No,No,57,Yes,No,No,No,No,No,No,No,No,Two year,No,Credit card,18.8,1071.6,No,49–60 months,Below 30
2419-FSORS,Male,0,Yes,No,72,Yes,Yes,Fiber optic,No,Yes,Yes,Yes,Yes,No,Two year,Yes,Electronic check,108.4,7804.8,No,61+ months,Above 90
8132-YPVBX,Female,0,No,No,6,Yes,No,Fiber optic,No,Yes,No,No,No,Yes,Month-to-month,Yes,Mailed check,85.95,515.7,No,0–12 months,60–90
9102-IAYHT,Female,0,Yes,Yes,17,Yes,Yes,Fiber optic,No,No,No,No,No,Yes,Month-to-month,Yes,Electronic check,85.45,1452.65,Yes,13–24 months,60–90
6754-LZUKA,Male,0,Yes,No,61,Yes,Yes,DSL,No,Yes,Yes,No,Yes,Yes,Two year,No,Bank transfer,80.9,4934.9,No,61+ months,60–90
3422-LYEPQ,Male,0,Yes,Yes,1,Yes,No,Fiber optic,No,No,No,No,No,Yes,Month-to-month,Yes,Electronic check,71.0,71.0,Yes,0–12 months,60–90
8099-MZPUJ,Male,0,Yes,Yes,48,Yes,Yes,Fiber optic,Yes,Yes,Yes,Yes,Yes,No,Two year,No,Credit card,111.8,5366.4,No,25–48 months,Above 90
0787-LHDYT,Male,0,No,No,16,Yes,No,No,No,No,No,No,No,Yes,Month-to-month,Yes,Credit card,20.6,329.6,No,13–24 months,Below 30
2642-DTVCO,Male,1,No,No,9,Yes,Yes,Fiber optic,No,No,No,No,No,No,Month-to-month,Yes,Electronic check,85.05,765.45,Yes,0–12 months,60–90
0374-IOEGQ,Female,0,No,No,3,Yes,No,DSL,No,No,No,No,No,Yes,Month-to-month,No,Electronic check,44.6,133.8,No,0–12 months,30–60
4361-JEIVL,Male,0,No,Yes,1,Yes,No,DSL,No,No,No,No,No,No,Month-to-month,Yes,Electronic check,44.4,44.4,Yes,0–12 months,30–60
3197-NNYNB,Male,0,No,No,65,Yes,Yes,Fiber optic,No,Yes,Yes,No,Yes,No,Two year,No,Credit card,105.1,6831.5,No,61+ months,Above 90
3396-DKDEL,Female,0,Yes,Yes,70,Yes,Yes,Fiber optic,Yes,Yes,Yes,Yes,Yes,Yes,Two year,Yes,Credit card,115.15,8060.5,No,61+ months,Above 90
1752-OZXFY,Male,0,Yes,No,60,Yes,No,DSL,Yes,No,No,No,Yes,Yes,One year,Yes,Mailed check,59.8,3588.0,No,49–60 months,30–60
9066-QRSDU,Female,0,Yes,No,69,Yes,Yes,No,No,No,No,No,No,No,One year,Yes,Electronic check,26.3,1814.7,No,61+ months,Below 30
9112-WSNPU,Female,1,No,No,35,Yes,No,Fiber optic,No,No,No,No,No,No,Month-to-month,No,Electronic check,70.55,2469.25,No,25–48 months,60–90
9867-NNXLC,Female,0,No,No,22,Yes,No,No,No,No,No,No,No,No,Month-to-month,Yes,Mailed check,20.05,441.1,No,13–24 months,Below 30
5321-NTRKC,Male,0,Yes,Yes,66,Yes,Yes,DSL,No,Yes,Yes,No,Yes,No,Two year,No,Bank transfer,79.85,5270.1,No,61+ months,60–90
1363-TXLSL,Male,1,Yes,No,1,Yes,No,Fiber optic,No,No,No,No,No,Yes,Month-to-month,Yes,Electronic check,70.3,70.3,Yes,0–12 months,60–90
9507-EXLTT,Female,0,Yes,No,1,Yes,No,Fiber optic,No,No,No,No,Yes,No,Month-to-month,Yes,Bank transfer,79.35,79.35,Yes,0–12 months,60–90
3161-GETRM,Male,0,Yes,Yes,34,Yes,Yes,Fiber optic,No,No,Yes,No,No,No,Month-to-month,Yes,Credit card,90.05,3061.7,No,25–48 months,Above 90
0402-OAMEN,Female,0,Yes,Yes,72,Yes,Yes,No,No,No,No,No,No,Yes,Two year,No,Bank transfer,24.45,1760.4,No,61+ months,Below 30
6933-VLYFX,Male,0,Yes,Yes,31,No,No,DSL,Yes,No,Yes,Yes,Yes,No,One year,No,Electronic check,59.95,1858.45,No,25–48 months,30–60
6754-WKSHP,Male,0,No,Yes,30,Yes,Yes,No,No,No,No,No,No,Yes,One year,No,Bank transfer,25.35,760.5,No,25–48 months,Below 30
9846-GKXAS,Female,0,No,No,9,Yes,No,Fiber optic,No,No,No,No,Yes,No,Month-to-month,Yes,Bank transfer,90.8,817.2,Yes,0–12 months,Above 90
6017-PPLPX,Male,0,Yes,Yes,20,Yes,No,Fiber optic,No,No,No,No,No,Yes,Month-to-month,Yes,Electronic check,70.45,1409.0,Yes,13–24 months,60–90
4976-LNFVV,Male,1,Yes,No,19,No,No,DSL,No,Yes,Yes,No,No,No,Month-to-month,Yes,Credit card,34.3,651.7,No,13–24 months,30–60
5055-MGMGF,Female,0,Yes,No,65,Yes,Yes,Fiber optic,Yes,No,Yes,No,Yes,No,Month-to-month,Yes,Electronic check,105.05,6828.25,No,61+ months,Above 90
4641-FROLU,Female,0,Yes,Yes,30,Yes,No,No,No,No,No,No,No,Yes,Two year,No,Mailed check,19.3,579.0,No,25–48 months,Below 30
2862-JVEOY,Male,0,No,No,6,Yes,No,No,No,No,No,No,No,No,One year,No,Mailed check,19.15,114.9,No,0–12 months,Below 30
2969-QWUBZ,Female,0,No,No,2,No,No,DSL,No,Yes,No,No,Yes,No,Month-to-month,No,Electronic check,51.4,102.8,No,0–12 months,30–60
9822-BIIGN,Male,0,Yes,Yes,53,Yes,Yes,DSL,Yes,No,No,Yes,No,Yes,Month-to-month,No,Electronic check,71.85,3808.05,No,49–60 months,60–90
2077-MPJQO,Male,1,Yes,No,7,Yes,Yes,Fiber optic,No,No,No,No,No,Yes,Month-to-month,Yes,Electronic check,75.4,527.8,No,0–12 months,60–90
1534-OULXE,Female,0,Yes,Yes,61,Yes,No,DSL,Yes,No,No,No,No,No,One year,Yes,Bank transfer,49.7,3031.7,No,61+ months,30–60
7136-RVDTZ,Male,1,No,No,70,No,No,DSL,No,No,No,No,Yes,No,One year,Yes,Electronic check,45.25,3167.5,Yes,61+ months,30–60
2971-SGAFL,Female,0,No,No,13,Yes,Yes,DSL,Yes,No,Yes,No,Yes,Yes,Month-to-month,Yes,Electronic check,78.75,1023.75,No,13–24 months,60–90
1480-IVEVR,Male,1,Yes,No,35,Yes,Yes,Fiber optic,No,No,Yes,No,No,Yes,One year,Yes,Bank transfer,81.6,2856.0,No,25–48 months,60–90
2905-KFQUV,Female,0,Yes,No,2,Yes,No,Fiber optic,No,No,No,No,No,No,Month-to-month,Yes,Credit card,70.4,140.8,No,0–12 months,60–90
4581-SSPWD,Female,0,No,No,3,Yes,Yes,Fiber optic,No,No,No,No,No,No,Month-to-month,Yes,Electronic check,75.8,227.4,Yes,0–12 months,60–90
3370-HXOPH,Female,0,No,No,3,Yes,Yes,Fiber optic,No,No,No,No,No,No,Month-to-month,No,Electronic check,76.1,228.3,No,0–12 months,60–90
9391-YZEJW,Female,0,No,No,62,Yes,Yes,Fiber optic,No,No,No,No,Yes,No,One year,Yes,Bank transfer,94.0,5828.0,No,61+ months,Above 90
9958-MEKUC,Male,0,Yes,Yes,72,Yes,Yes,Fiber optic,Yes,Yes,Yes,Yes,No,Yes,Two year,No,Credit card,103.95,7484.4,No,61+ months,Above 90
0281-CNTZX,Male,0,Yes,No,63,Yes,No,No,No,No,No,No,No,Yes,Two year,Yes,Bank transfer,19.95,1256.85,No,61+ months,Below 30
6927-WTFIV,Male,1,No,No,20,Yes,No,Fiber optic,No,No,No,No,No,No,Month-to-month,No,Credit card,71.3,1426.0,Yes,13–24 months,60–90
4118-CEVPF,Female,1,No,No,35,Yes,Yes,Fiber optic,Yes,Yes,Yes,Yes,Yes,No,One year,Yes,Bank transfer,110.8,3878.0,No,25–48 months,Above 90
3398-ZOUAA,Male,1,Yes,No,21,Yes,No,Fiber optic,No,No,No,No,No,Yes,Month-to-month,Yes,Electronic check,69.1,1451.1,Yes,13–24 months,60–90
9114-VEPUF,Male,0,Yes,No,62,Yes,Yes,Fiber optic,Yes,Yes,No,No,No,No,One year,No,Electronic check,96.1,5958.2,No,61+ months,Above 90
7876-BEUTG,Female,0,No,No,15,Yes,Yes,DSL,No,No,No,No,No,Yes,Month-to-month,Yes,Mailed check,48.8,732.0,No,13–24 months,30–60
2338-BQEZT,Female,0,No,No,55,Yes,No,DSL,Yes,No,No,No,No,No,Month-to-month,Yes,Credit card,50.55,2780.25,No,49–60 months,30–60
9873-MNDKV,Female,0,No,No,11,Yes,No,DSL,No,No,No,No,No,No,Month-to-month,Yes,Mailed check,44.65,491.15,No,0–12 months,30–60
0378-NHQXU,Female,0,Yes,Yes,17,Yes,Yes,Fiber optic,No,No,Yes,No,Yes,No,Month-to-month,No,Electronic check,88.25,1500.25,Yes,13–24 months,60–90
8241-JUIQO,Female,0,No,No,61,Yes,No,No,No,No,No,No,No,No,One year,No,Bank transfer,19.45,1186.45,No,61+ months,Below 30
2194-IIQOF,Female,0,Yes,No,71,Yes,Yes,DSL,Yes,Yes,Yes,Yes,Yes,No,Two year,No,Credit card,89.3,6340.3,No,61+ months,60–90
4512-ZUIYL,Female,0,No,No,2,Yes,No,Fiber optic,No,No,No,No,No,Yes,Month-to-month,No,Bank transfer,70.0,140.0,Yes,0–12 months,60–90
9631-RXVJM,Male,0,No,No,35,Yes,No,No,No,No,No,No,No,No,Two year,No,Mailed check,19.25,673.75,No,25–48 months,Below 30
9584-EXCDZ,Female,0,No,No,17,Yes,No,Fiber optic,No,No,No,No,No,No,Month-to-month,No,Bank transfer,70.5,1198.5,No,13–24 months,60–90
7969-AULMZ,Female,0,No,No,21,Yes,Yes,Fiber optic,No,No,No,No,Yes,No,Month-to-month,Yes,Electronic check,97.35,2044.35,Yes,13–24 months,Above 90
5093-FEGLU,Female,0,Yes,No,47,Yes,No,No,No,No,No,No,No,Yes,Two year,No,Bank transfer,19.65,923.55,No,25–48 months,Below 30
2621-UDNLU,Female,0,Yes,No,3,Yes,No,No,No,No,No,No,No,No,Month-to-month,No,Mailed check,20.85,62.55,No,0–12 months,Below 30
7526-IVLYU,Male,0,No,No,3,Yes,No,No,No,No,No,No,No,No,Month-to-month,Yes,Mailed check,19.65,58.95,No,0–12 months,Below 30
2428-HYUNX,Male,1,Yes,No,44,Yes,No,No,No,No,No,No,No,No,Two year,Yes,Credit card,19.35,851.4,No,25–48 months,Below 30
9214-EKVXR,Female,0,No,No,1,Yes,No,DSL,No,No,No,No,No,No,Month-to-month,Yes,Mailed check,44.0,44.0,No,0–12 months,30–60
3410-MHHUM,Female,0,Yes,Yes,44,Yes,Yes,Fiber optic,No,Yes,Yes,No,No,No,One year,No,Electronic check,94.4,4153.6,No,25–48 months,Above 90
0568-ONFPC,Male,0,Yes,Yes,5,Yes,Yes,No,No,No,No,No,No,Yes,Month-to-month,Yes,Bank transfer,25.9,129.5,Yes,0–12 months,Below 30
0733-VUNUW,Male,0,No,No,24,Yes,Yes,DSL,Yes,No,No,No,No,No,Month-to-month,Yes,Bank transfer,55.65,1335.6,Yes,13–24 months,30–60
4550-EVXNY,Female,0,No,Yes,1,Yes,No,Fiber optic,No,No,No,No,No,No,Month-to-month,Yes,Electronic check,69.65,69.65,Yes,0–12 months,60–90
2122-YWVYA,Female,0,No,No,18,Yes,No,Fiber optic,Yes,No,No,No,No,No,Month-to-month,Yes,Electronic check,75.4,1357.2,No,13–24 months,60–90
2968-SSGAA,Female,0,No,No,10,Yes,Yes,Fiber optic,No,No,Yes,No,Yes,No,Month-to-month,Yes,Electronic check,100.6,1006.0,Yes,0–12 months,Above 90
2296-DKZFP,Female,0,Yes,No,65,Yes,No,DSL,Yes,Yes,Yes,No,No,Yes,Two year,No,Bank transfer,71.0,4615.0,No,61+ months,60–90
4844-JJWUY,Female,1,No,No,1,Yes,No,Fiber optic,No,Yes,No,No,No,Yes,Month-to-month,Yes,Electronic check,86.0,86.0,Yes,0–12 months,60–90
6777-TGHTM,Female,0,No,No,53,Yes,Yes,Fiber optic,Yes,No,Yes,No,Yes,Yes,One year,Yes,Credit card,106.95,5668.35,Yes,49–60 months,Above 90
8909-BOLNL,Male,0,No,No,3,Yes,No,No,No,No,No,No,No,Yes,One year,No,Mailed check,21.2,63.6,No,0–12 months,Below 30
6603-YRDCJ,Male,0,Yes,No,33,Yes,No,DSL,Yes,Yes,No,Yes,No,No,Two year,Yes,Mailed check,61.05,2014.65,No,25–48 months,60–90
3538-WZPHD,Male,0,No,No,3,No,No,DSL,No,Yes,No,No,No,No,Month-to-month,Yes,Electronic check,29.6,88.8,Yes,0–12 months,Below 30
3229-USWAR,Female,0,No,No,34,Yes,No,DSL,Yes,No,Yes,Yes,Yes,No,One year,Yes,Bank transfer,79.95,2718.3,No,25–48 months,60–90
2138-VFAPZ,Female,0,Yes,Yes,14,Yes,No,No,No,No,No,No,No,Yes,Two year,Yes,Mailed check,19.7,275.8,No,13–24 months,Below 30
6131-JLWZM,Female,0,No,No,13,Yes,No,No,No,No,No,No,No,No,Month-to-month,Yes,Mailed check,20.3,263.9,No,13–24 months,Below 30
4785-QRJHC,Male,1,Yes,No,46,No,No,DSL,No,Yes,Yes,Yes,Yes,No,One year,Yes,Bank transfer,59.9,2755.4,Yes,25–48 months,30–60
0269-XFESX,Male,0,Yes,Yes,23,Yes,Yes,No,No,No,No,No,No,Yes,One year,No,Mailed check,24.35,560.05,No,13–24 months,Below 30
1709-EJDOX,Female,0,Yes,Yes,47,Yes,No,No,No,No,No,No,No,No,Two year,No,Mailed check,19.75,928.25,No,25–48 months,Below 30
4316-XCSLJ,Male,0,No,Yes,17,Yes,No,DSL,Yes,No,No,No,No,No,Month-to-month,Yes,Mailed check,50.3,855.1,No,13–24 months,30–60
8610-WFCJF,Female,0,Yes,Yes,49,Yes,Yes,Fiber optic,No,No,No,No,Yes,No,Month-to-month,Yes,Electronic check,95.6,4684.4,Yes,49–60 months,Above 90
9693-XMUOB,Male,1,Yes,No,59,No,No,DSL,No,Yes,No,No,Yes,Yes,Month-to-month,Yes,Electronic check,50.25,2964.75,No,49–60 months,30–60
0383-CLDDA,Female,0,No,No,69,Yes,Yes,DSL,Yes,No,Yes,Yes,Yes,Yes,Two year,Yes,Credit card,85.35,5889.15,No,61+ months,60–90
4905-JEFDW,Male,0,No,No,11,No,No,DSL,No,No,Yes,No,Yes,Yes,One year,Yes,Electronic check,41.6,457.6,Yes,0–12 months,30–60
2709-UQGNP,Male,0,No,No,10,Yes,No,DSL,Yes,No,No,No,No,No,Month-to-month,Yes,Mailed check,51.65,516.5,No,0–12 months,30–60
3549-ZTMNH,Male,0,Yes,Yes,12,Yes,Yes,No,No,No,No,No,No,No,Two year,Yes,Bank transfer,24.0,288.0,No,0–12 months,Below 30
7881-INRLC,Male,0,No,No,45,Yes,Yes,Fiber optic,No,Yes,No,No,Yes,No,Month-to-month,Yes,Credit card,100.85,4538.25,Yes,25–48 months,Above 90
8033-ATFAS,Female,0,Yes,Yes,39,Yes,No,DSL,No,No,Yes,No,Yes,Yes,Month-to-month,Yes,Mailed check,59.85,2334.15,No,25–48 months,30–60
1635-NZATJ,Male,1,Yes,No,71,Yes,Yes,No,No,No,No,No,No,No,Two year,No,Credit card,25.45,1806.95,No,61+ months,Below 30
0562-HKHML,Male,0,Yes,Yes,71,Yes,Yes,No,No,No,No,No,No,No,Two year,No,Credit card,23.9,1696.9,No,61+ months,Below 30
8277-RVRSV,Female,0,Yes,Yes,33,Yes,Yes,No,No,No,No,No,No,No,One year,No,Credit card,24.15,796.95,No,25–48 months,Below 30
9943-VSZUV,Male,1,No,No,67,Yes,Yes,Fiber optic,No,No,No,No,No,No,Month-to-month,Yes,Mailed check,75.7,5071.9,No,61+ months,60–90
0117-LFRMW,Male,0,Yes,Yes,37,No,No,DSL,Yes,Yes,Yes,No,No,No,Month-to-month,No,Bank transfer,40.2,1487.4,Yes,25–48 months,30–60
6172-FECYY,Male,0,Yes,Yes,49,Yes,Yes,Fiber optic,No,No,No,No,Yes,No,Month-to-month,No,Electronic check,84.5,4140.5,Yes,49–60 months,60–90
7054-ENNGU,Female,0,Yes,No,9,Yes,No,DSL,No,Yes,No,No,No,No,Month-to-month,No,Mailed check,50.85,457.65,No,0–12 months,30–60
1455-HFBXA,Male,0,Yes,No,52,Yes,Yes,Fiber optic,Yes,No,Yes,Yes,No,No,Two year,Yes,Credit card,91.6,4763.2,No,49–60 months,Above 90
9402-CXWPL,Female,0,No,No,70,Yes,Yes,Fiber optic,No,Yes,No,No,Yes,No,One year,No,Electronic check,98.9,6923.0,No,61+ months,Above 90
1628-BIZYP,Male,0,No,No,1,Yes,No,Fiber optic,No,Yes,No,No,No,Yes,Month-to-month,Yes,Electronic check,85.0,85.0,No,0–12 months,60–90
1965-AKTSX,Female,1,No,No,14,Yes,Yes,Fiber optic,No,Yes,No,No,No,Yes,Month-to-month,Yes,Electronic check,78.95,1105.3,Yes,13–24 months,60–90
0082-LDZUE,Male,0,No,No,1,Yes,No,DSL,No,No,No,No,No,No,Month-to-month,Yes,Mailed check,44.3,44.3,No,0–12 months,30–60
4786-UKSNZ,Male,0,No,No,1,Yes,No,No,No,No,No,No,No,No,Month-to-month,No,Mailed check,20.2,20.2,Yes,0–12 months,Below 30
5343-SGUBI,Female,0,No,No,52,Yes,Yes,Fiber optic,No,Yes,No,No,No,No,One year,Yes,Mailed check,80.2,4170.4,No,49–60 months,60–90
0856-NAOES,Male,0,No,No,6,Yes,No,DSL,No,No,Yes,No,Yes,No,Month-to-month,No,Mailed check,60.9,365.4,No,0–12 months,60–90
1976-AZZPJ,Male,0,Yes,No,7,No,No,DSL,Yes,Yes,No,No,No,No,Month-to-month,No,Mailed check,34.2,239.4,No,0–12 months,30–60
7248-VZQLC,Female,1,No,No,47,Yes,Yes,Fiber optic,No,Yes,Yes,No,No,No,Month-to-month,Yes,Bank transfer,85.2,4004.4,Yes,25–48 months,60–90
6156-UZDLF,Female,0,No,No,26,Yes,No,Fiber optic,Yes,No,Yes,Yes,No,No,One year,Yes,Credit card,87.15,2265.9,No,25–48 months,60–90
3099-OONVS,Male,0,Yes,Yes,25,Yes,No,DSL,Yes,No,No,Yes,No,No,Month-to-month,No,Electronic check,54.3,1357.5,No,25–48 months,30–60
9500-WBGRP,Male,0,No,No,69,Yes,No,No,No,No,No,No,No,No,Two year,Yes,Mailed check,19.1,1317.9,No,61+ months,Below 30
5183-KLYEM,Female,0,No,No,72,Yes,Yes,Fiber optic,Yes,Yes,Yes,Yes,Yes,No,Two year,Yes,Credit card,112.75,8118.0,No,61+ months,Above 90
5144-PQCDZ,Male,0,No,No,4,Yes,No,No,No,No,No,No,No,Yes,Month-to-month,Yes,Mailed check,19.95,79.8,No,0–12 months,Below 30
8514-VZHEB,Male,0,Yes,Yes,59,Yes,No,No,No,No,No,No,No,No,Two year,No,Mailed check,19.5,1150.5,No,49–60 months,Below 30
6625-IUTTT,Male,0,No,No,67,Yes,No,DSL,Yes,No,Yes,No,No,No,Two year,No,Bank transfer,65.55,4391.85,No,61+ months,60–90
9355-NPPFS,Female,1,No,No,26,Yes,No,Fiber optic,No,No,No,No,No,Yes,Month-to-month,Yes,Electronic check,78.8,2048.8,No,25–48 months,60–90
0068-FIGTF,Female,0,No,No,27,Yes,No,DSL,No,Yes,Yes,Yes,Yes,Yes,One year,No,Mailed check,78.2,2111.4,No,25–48 months,60–90
5965-GGPRW,Male,0,Yes,Yes,72,Yes,Yes,Fiber optic,Yes,No,Yes,No,Yes,Yes,Two year,No,Bank transfer,105.25,7578.0,No,61+ months,Above 90
8035-PWSEV,Female,0,No,No,6,Yes,No,Fiber optic,No,No,Yes,Yes,No,Yes,Month-to-month,Yes,Electronic check,89.25,535.5,No,0–12 months,60–90
2236-HILPA,Male,0,Yes,Yes,62,Yes,No,No,No,No,No,No,No,Yes,Two year,No,Credit card,20.65,1280.3,No,61+ months,Below 30
1840-BIUOG,Male,0,No,No,20,Yes,Yes,DSL,No,Yes,No,Yes,Yes,No,One year,Yes,Electronic check,68.7,1374.0,No,13–24 months,60–90
1356-MKYSK,Male,0,No,No,6,Yes,No,DSL,Yes,No,Yes,Yes,Yes,No,Month-to-month,No,Credit card,78.65,471.9,No,0–12 months,60–90
6080-LNESI,Male,0,No,No,51,Yes,Yes,No,No,No,No,No,No,Yes,Two year,No,Mailed check,24.75,1262.25,No,49–60 months,Below 30
1830-IPXVJ,Female,0,Yes,Yes,61,Yes,No,No,No,No,No,No,No,No,Two year,No,Credit card,19.75,1204.75,No,61+ months,Below 30
5828-DWPIL,Male,1,Yes,No,62,Yes,Yes,Fiber optic,Yes,Yes,Yes,No,No,No,Month-to-month,Yes,Electronic check,89.1,5524.2,No,61+ months,60–90
8398-TBIYD,Female,0,No,No,72,Yes,Yes,Fiber optic,Yes,No,No,Yes,No,No,Two year,Yes,Bank transfer,84.7,6098.4,No,61+ months,60–90
0011-IGKFF,Male,1,Yes,No,13,Yes,No,Fiber optic,No,Yes,Yes,No,Yes,No,Month-to-month,Yes,Electronic check,98.0,1274.0,Yes,13–24 months,Above 90
4192-GORJT,Male,0,Yes,No,5,Yes,No,Fiber optic,No,No,Yes,No,Yes,Yes,Month-to-month,Yes,Electronic check,94.45,472.25,Yes,0–12 months,Above 90
6496-SLWHQ,Male,1,No,No,3,Yes,Yes,Fiber optic,No,Yes,Yes,No,Yes,Yes,Month-to-month,Yes,Electronic check,105.0,315.0,Yes,0–12 months,Above 90
9912-GVSEQ,Female,1,Yes,No,26,Yes,Yes,Fiber optic,No,Yes,Yes,No,No,Yes,Month-to-month,Yes,Electronic check,93.85,2440.1,Yes,25–48 months,Above 90
2931-FSOHN,Male,1,No,No,13,Yes,No,DSL,No,Yes,No,No,Yes,Yes,Month-to-month,Yes,Electronic check,59.9,778.7,No,13–24 months,30–60
9418-RUKPH,Female,0,Yes,Yes,38,Yes,No,No,No,No,No,No,No,No,Two year,Yes,Mailed check,19.95,758.1,No,25–48 months,Below 30
5383-MMTWC,Female,1,Yes,No,8,Yes,Yes,Fiber optic,No,No,No,No,No,No,Month-to-month,Yes,Electronic check,84.0,672.0,Yes,0–12 months,60–90
9971-ZWPBF,Male,1,Yes,Yes,34,Yes,Yes,Fiber optic,No,Yes,Yes,Yes,Yes,Yes,Month-to-month,Yes,Electronic check,108.9,3702.6,No,25–48 months,Above 90
4712-AUQZO,Male,0,No,No,18,No,No,DSL,Yes,No,Yes,No,No,Yes,Month-to-month,No,Mailed check,33.6,604.8,No,13–24 months,30–60
9711-FJTBX,Male,0,Yes,Yes,56,Yes,No,Fiber optic,No,Yes,Yes,Yes,No,No,One year,Yes,Mailed check,85.85,4807.6,No,49–60 months,60–90
2908-ZTPNF,Female,0,No,No,36,No,No,DSL,No,Yes,No,Yes,No,No,Month-to-month,Yes,Bank transfer,34.85,1254.6,No,25–48 months,30–60
7240-ETPTR,Female,0,Yes,No,9,No,No,DSL,No,No,Yes,No,Yes,No,Month-to-month,Yes,Electronic check,48.75,438.75,Yes,0–12 months,30–60
2202-CUYXZ,Male,0,No,No,1,Yes,No,Fiber optic,No,No,Yes,No,Yes,Yes,Month-to-month,Yes,Electronic check,84.85,84.85,Yes,0–12 months,60–90
5995-OIGLP,Male,0,No,No,12,Yes,No,DSL,Yes,No,No,Yes,No,No,Month-to-month,No,Mailed check,56.65,679.8,Yes,0–12 months,30–60
8421-WZOOW,Female,1,Yes,Yes,57,Yes,No,Fiber optic,No,Yes,Yes,Yes,Yes,No,Month-to-month,Yes,Credit card,95.3,5432.1,No,49–60 months,Above 90
6261-RCVNS,Female,0,No,No,42,Yes,No,DSL,Yes,Yes,Yes,Yes,No,No,One year,No,Credit card,73.9,3103.8,Yes,25–48 months,60–90
7951-QKZPL,Female,0,Yes,Yes,33,Yes,Yes,No,No,No,No,No,No,Yes,Two year,Yes,Mailed check,24.5,808.5,Yes,25–48 months,Below 30
1414-YADCW,Male,0,Yes,No,70,Yes,No,Fiber optic,Yes,Yes,No,Yes,No,No,Two year,No,Bank transfer,84.6,5922.0,No,61+ months,60–90
8756-RDDLT,Female,0,No,No,68,No,No,DSL,No,Yes,No,Yes,No,No,Month-to-month,No,Electronic check,44.95,3056.6,No,61+ months,30–60
2862-PFNIK,Male,0,No,Yes,1,No,No,DSL,No,No,No,No,No,Yes,Month-to-month,Yes,Electronic check,24.7,24.7,No,0–12 months,Below 30
5816-QVHRX,Female,0,No,No,37,Yes,Yes,Fiber optic,No,No,No,Yes,Yes,No,Month-to-month,No,Credit card,100.3,3711.1,No,25–48 months,Above 90
4430-YHXGG,Female,0,No,Yes,4,Yes,Yes,No,No,No,No,No,No,Yes,Month-to-month,Yes,Mailed check,25.45,101.8,No,0–12 months,Below 30
6888-SBYAI,Male,0,No,No,1,Yes,No,DSL,Yes,No,No,No,No,No,Month-to-month,Yes,Mailed check,50.7,50.7,No,0–12 months,30–60
7395-XWZOY,Male,0,No,No,20,No,No,DSL,Yes,Yes,Yes,Yes,Yes,No,Month-to-month,Yes,Credit card,55.0,1100.0,No,13–24 months,30–60
7169-YWAMK,Male,0,Yes,Yes,72,Yes,No,DSL,Yes,Yes,No,Yes,Yes,No,Two year,No,Bank transfer,68.4,4924.8,No,61+ months,60–90
3640-PHQXK,Female,0,No,No,31,Yes,Yes,Fiber optic,No,No,Yes,No,No,No,Month-to-month,Yes,Electronic check,89.9,2786.9,Yes,25–48 months,60–90
6877-LGWXO,Male,1,Yes,No,18,Yes,No,Fiber optic,No,No,No,No,No,Yes,Month-to-month,No,Electronic check,78.55,1413.9,Yes,13–24 months,60–90
6859-RKMZJ,Male,0,Yes,No,11,Yes,No,DSL,No,No,No,No,Yes,Yes,Month-to-month,Yes,Bank transfer,55.05,605.55,No,0–12 months,30–60
2729-VNVAP,Female,0,Yes,Yes,33,Yes,No,No,No,No,No,No,No,No,Two year,No,Credit card,19.8,653.4,No,25–48 months,Below 30
2957-JIRMN,Female,1,No,No,62,Yes,Yes,Fiber optic,No,No,No,No,Yes,No,One year,No,Electronic check,84.45,5235.9,No,61+ months,60–90
2049-BAFNW,Female,0,No,No,1,No,No,DSL,No,No,Yes,Yes,No,No,Month-to-month,No,Mailed check,35.9,35.9,No,0–12 months,30–60
3842-QTGDL,Male,0,Yes,No,16,Yes,No,Fiber optic,Yes,Yes,No,No,No,No,Month-to-month,No,Bank transfer,80.75,1292.0,No,13–24 months,60–90
7163-OCEQI,Male,0,Yes,Yes,22,Yes,Yes,DSL,No,No,Yes,Yes,Yes,No,One year,Yes,Mailed check,78.65,1730.3,No,13–24 months,60–90
9782-LGXMC,Female,0,Yes,Yes,49,Yes,No,DSL,Yes,No,Yes,Yes,No,Yes,Month-to-month,No,Bank transfer,61.75,3025.75,No,49–60 months,60–90
5975-BAICR,Male,0,Yes,Yes,36,Yes,No,DSL,Yes,No,Yes,No,No,No,One year,Yes,Credit card,63.7,2293.2,No,25–48 months,60–90
8019-ENHXU,Male,0,Yes,No,42,Yes,Yes,Fiber optic,No,Yes,Yes,Yes,No,Yes,Month-to-month,Yes,Electronic check,99.45,4176.9,Yes,25–48 months,Above 90
5167-GBFRE,Male,1,No,No,4,No,No,DSL,No,No,No,No,No,Yes,Month-to-month,Yes,Bank transfer,25.2,100.8,Yes,0–12 months,Below 30
9033-EOXWV,Female,0,No,No,12,Yes,Yes,DSL,No,No,No,Yes,Yes,No,One year,No,Mailed check,74.05,888.6,Yes,0–12 months,60–90
4673-KKSLS,Female,0,No,No,31,Yes,No,Fiber optic,Yes,No,Yes,Yes,No,Yes,Month-to-month,No,Electronic check,87.6,2715.6,No,25–48 months,60–90
4853-OITSN,Male,0,Yes,No,5,Yes,Yes,Fiber optic,Yes,No,No,No,No,No,Month-to-month,Yes,Electronic check,89.15,445.75,No,0–12 months,60–90
9800-OUIGR,Male,0,Yes,Yes,66,Yes,No,No,No,No,No,No,No,Yes,Two year,No,Credit card,20.0,1320.0,No,61+ months,Below 30
1324-NLTJE,Female,1,No,No,15,Yes,Yes,DSL,No,No,No,Yes,No,No,Month-to-month,No,Credit card,55.0,825.0,Yes,13–24 months,30–60
2324-EFHVG,Male,0,No,No,64,Yes,Yes,Fiber optic,No,Yes,Yes,No,Yes,No,Two year,Yes,Bank transfer,104.4,6681.6,No,61+ months,Above 90
7094-MSZAO,Male,0,Yes,Yes,10,Yes,No,No,No,No,No,No,No,Yes,Month-to-month,Yes,Credit card,20.05,200.5,No,0–12 months,Below 30
1522-VVDMG,Male,0,Yes,Yes,7,Yes,No,Fiber optic,No,Yes,No,Yes,Yes,No,Month-to-month,Yes,Electronic check,89.75,628.25,Yes,0–12 months,60–90
6907-CQGPN,Male,0,No,No,29,No,No,DSL,No,Yes,No,Yes,No,No,Month-to-month,No,Electronic check,34.3,994.7,No,25–48 months,30–60
0780-XNZFN,Male,0,No,No,57,Yes,No,No,No,No,No,No,No,No,Two year,No,Bank transfer,20.65,1177.05,No,49–60 months,Below 30
0239-OXEXL,Female,0,No,No,46,Yes,Yes,Fiber optic,Yes,Yes,No,No,No,No,Month-to-month,No,Mailed check,84.25,3875.5,No,25–48 months,60–90
2675-IJRGJ,Male,0,No,No,53,Yes,No,No,No,No,No,No,No,No,Two year,No,Bank transfer,19.65,1041.45,No,49–60 months,Below 30
7049-GKVZY,Female,0,No,No,17,Yes,No,DSL,Yes,Yes,No,Yes,Yes,No,One year,No,Credit card,79.85,1357.45,No,13–24 months,60–90
8577-QSOCG,Female,0,Yes,Yes,38,Yes,No,No,No,No,No,No,No,Yes,Two year,Yes,Mailed check,20.2,767.6,No,25–48 months,Below 30
3721-CNZHX,Male,0,No,No,15,Yes,No,No,No,No,No,No,No,No,One year,No,Mailed check,19.8,297.0,No,13–24 months,Below 30
0212-ISBBF,Female,0,No,No,22,No,No,DSL,No,Yes,No,No,Yes,No,Month-to-month,Yes,Electronic check,50.35,1107.7,No,13–24 months,30–60
9185-TQCVP,Male,0,Yes,No,14,Yes,Yes,Fiber optic,No,No,No,No,No,Yes,Month-to-month,Yes,Electronic check,85.15,1192.1,Yes,13–24 months,60–90
3585-YNADK,Female,0,Yes,No,57,Yes,Yes,DSL,No,Yes,Yes,Yes,Yes,Yes,One year,No,Bank transfer,74.6,4252.2,No,49–60 months,60–90
5271-DBYSJ,Male,1,No,No,11,Yes,No,Fiber optic,No,No,No,No,No,No,Month-to-month,Yes,Credit card,79.15,870.65,No,0–12 months,60–90
1099-GODLO,Female,0,Yes,Yes,1,Yes,No,No,No,No,No,No,No,Yes,Two year,No,Mailed check,20.35,20.35,No,0–12 months,Below 30
6828-HMKWP,Male,0,Yes,Yes,12,Yes,No,No,No,No,No,No,No,No,Two year,No,Bank transfer,21.05,252.6,No,0–12 months,Below 30
5567-WSELE,Male,1,Yes,No,3,Yes,Yes,Fiber optic,No,No,No,No,Yes,No,Month-to-month,Yes,Electronic check,94.6,283.8,Yes,0–12 months,Above 90
1472-TNCWL,Male,0,No,Yes,36,Yes,No,Fiber optic,No,Yes,No,No,Yes,Yes,Month-to-month,Yes,Electronic check,94.7,3409.2,No,25–48 months,Above 90
8063-RJYNF,Male,0,No,No,16,Yes,No,Fiber optic,Yes,No,No,No,Yes,Yes,Month-to-month,Yes,Electronic check,94.25,1508.0,Yes,13–24 months,Above 90
0687-ZVTHB,Male,0,Yes,Yes,65,Yes,Yes,DSL,Yes,Yes,Yes,No,No,Yes,One year,No,Credit card,72.45,4709.25,Yes,61+ months,60–90
2080-GKCWQ,Male,0,No,No,2,Yes,No,Fiber optic,No,Yes,No,No,No,Yes,Month-to-month,No,Electronic check,74.95,149.9,No,0–12 months,60–90
9661-ACXBS,Female,0,No,No,42,Yes,Yes,Fiber optic,Yes,No,Yes,No,Yes,No,Month-to-month,Yes,Electronic check,105.2,4418.4,Yes,25–48 months,Above 90
2193-SFWQW,Male,0,Yes,Yes,72,Yes,No,Fiber optic,Yes,Yes,Yes,Yes,Yes,Yes,Two year,No,Bank transfer,111.95,8060.4,No,61+ months,Above 90
5656-JAMLX,Male,0,No,No,62,Yes,No,No,No,No,No,No,No,Yes,Two year,No,Bank transfer,19.85,1230.7,No,61+ months,Below 30
3462-BJQQA,Female,0,No,No,6,Yes,Yes,Fiber optic,No,Yes,No,No,Yes,No,Month-to-month,Yes,Electronic check,89.75,538.5,No,0–12 months,60–90
0442-TDYUO,Male,0,Yes,No,48,Yes,No,No,No,No,No,No,No,No,Two year,Yes,Mailed check,20.05,962.4,No,25–48 months,Below 30
6733-LRIZX,Male,0,No,No,35,Yes,Yes,Fiber optic,Yes,No,Yes,Yes,Yes,No,Two year,Yes,Electronic check,108.95,3813.25,No,25–48 months,Above 90
9503-XJUME,Male,0,No,Yes,52,Yes,No,No,No,No,No,No,No,Yes,One year,No,Credit card,19.65,1021.8,No,49–60 months,Below 30
4367-NHWMM,Female,0,No,No,1,No,No,DSL,No,No,No,No,No,No,Month-to-month,Yes,Mailed check,24.9,24.9,No,0–12 months,Below 30
3727-RJMEO,Male,0,Yes,No,6,Yes,Yes,Fiber optic,No,No,No,No,Yes,No,Month-to-month,Yes,Electronic check,82.85,497.1,Yes,0–12 months,60–90
3779-OSWCF,Female,0,Yes,No,71,Yes,Yes,DSL,Yes,Yes,Yes,Yes,Yes,No,Two year,No,Credit card,93.2,6617.2,No,61+ months,Above 90
6736-DHUQI,Female,0,Yes,Yes,67,Yes,No,Fiber optic,Yes,Yes,Yes,No,No,Yes,One year,No,Bank transfer,84.8,5681.6,No,61+ months,60–90
3915-ODIYG,Male,1,No,No,60,Yes,Yes,DSL,Yes,Yes,No,No,No,No,One year,Yes,Electronic check,71.75,4305.0,No,49–60 months,60–90
1360-RCYRT,Male,0,Yes,Yes,23,No,No,DSL,No,No,No,Yes,No,Yes,Month-to-month,Yes,Bank transfer,30.35,698.05,No,13–24 months,30–60
2724-FJDYW,Male,0,No,Yes,39,No,No,DSL,No,No,Yes,Yes,Yes,No,One year,No,Bank transfer,54.85,2139.15,No,25–48 months,30–60
4451-RWASJ,Male,0,Yes,Yes,15,Yes,No,No,No,No,No,No,No,Yes,One year,Yes,Mailed check,19.5,292.5,No,13–24 months,Below 30
6646-VRFOL,Male,1,Yes,No,53,Yes,Yes,Fiber optic,No,Yes,Yes,No,Yes,No,Month-to-month,Yes,Electronic check,103.85,5504.05,Yes,49–60 months,Above 90
3460-TJBWI,Male,0,Yes,Yes,24,Yes,Yes,No,No,No,No,No,No,Yes,Two year,No,Mailed check,24.2,580.8,No,13–24 months,Below 30
5917-HBSDW,Female,0,Yes,Yes,37,Yes,No,No,No,No,No,No,No,No,Month-to-month,No,Electronic check,19.35,715.95,No,25–48 months,Below 30
5685-IIXLY,Female,0,Yes,Yes,5,Yes,No,Fiber optic,No,Yes,No,No,No,No,Month-to-month,Yes,Electronic check,83.6,418.0,Yes,0–12 months,60–90
5671-UUNXD,Female,1,Yes,No,50,Yes,Yes,Fiber optic,No,No,No,Yes,Yes,Yes,One year,Yes,Electronic check,100.65,5032.5,No,49–60 months,Above 90
0956-ACVZC,Female,0,No,No,54,Yes,No,Fiber optic,No,No,Yes,No,Yes,Yes,One year,Yes,Credit card,94.1,5081.4,No,49–60 months,Above 90
2325-NBPZG,Female,0,No,No,3,Yes,No,Fiber optic,Yes,No,No,No,No,Yes,Month-to-month,Yes,Electronic check,74.55,223.65,No,0–12 months,60–90
4250-ZBWLV,Male,0,No,No,68,Yes,Yes,Fiber optic,No,Yes,Yes,Yes,Yes,No,One year,No,Electronic check,108.45,7374.6,Yes,61+ months,Above 90
4482-FTFFX,Male,0,No,No,5,Yes,No,DSL,No,No,Yes,Yes,No,Yes,Month-to-month,No,Electronic check,56.15,280.75,No,0–12 months,30–60
8859-DZTGQ,Male,0,No,No,33,Yes,No,No,No,No,No,No,No,No,Two year,No,Mailed check,20.35,671.55,No,25–48 months,Below 30
0440-MOGPM,Female,0,No,No,41,Yes,Yes,DSL,No,Yes,Yes,No,Yes,No,One year,Yes,Electronic check,80.55,3302.55,No,25–48 months,60–90
0020-JDNXP,Female,0,Yes,Yes,34,No,No,DSL,Yes,No,Yes,Yes,Yes,Yes,One year,No,Mailed check,61.25,2082.5,No,25–48 months,60–90
3752-CQSJI,Female,0,Yes,Yes,13,Yes,No,No,No,No,No,No,No,Yes,Month-to-month,Yes,Mailed check,20.45,265.85,No,13–24 months,Below 30
5025-GOOKI,Female,0,No,No,20,Yes,No,No,No,No,No,No,No,No,Month-to-month,Yes,Credit card,18.9,378.0,No,13–24 months,Below 30
4698-KVLLG,Female,1,No,No,51,Yes,No,No,No,No,No,No,No,No,Two year,No,Credit card,19.6,999.6,No,49–60 months,Below 30
5095-AESKG,Female,0,Yes,No,3,Yes,Yes,Fiber optic,No,Yes,No,No,No,No,Month-to-month,Yes,Credit card,91.5,274.5,Yes,0–12 months,Above 90
2887-JPYLU,Female,0,No,Yes,41,Yes,No,DSL,No,No,No,No,No,Yes,Month-to-month,No,Bank transfer,45.2,1853.2,No,25–48 months,30–60
4770-QAZXN,Female,0,No,No,13,Yes,No,No,No,No,No,No,No,No,Month-to-month,No,Credit card,19.45,252.85,No,13–24 months,Below 30
4896-CPRPF,Male,0,Yes,Yes,35,Yes,Yes,No,No,No,No,No,No,No,Two year,No,Bank transfer,25.45,890.75,No,25–48 months,Below 30
1871-MOWRM,Male,0,Yes,No,12,Yes,No,Fiber optic,Yes,No,No,Yes,No,No,Month-to-month,No,Bank transfer,80.85,970.2,Yes,0–12 months,60–90
9714-EDSUC,Male,0,No,No,4,Yes,No,Fiber optic,Yes,Yes,No,Yes,No,No,Month-to-month,Yes,Mailed check,94.9,379.6,No,0–12 months,Above 90
2027-OAQQC,Female,0,No,No,43,No,No,DSL,No,No,Yes,No,Yes,Yes,Month-to-month,Yes,Bank transfer,49.05,2109.15,Yes,25–48 months,30–60
0282-NVSJS,Female,1,Yes,Yes,12,No,No,DSL,No,No,No,Yes,No,Yes,Month-to-month,Yes,Mailed check,29.3,351.6,No,0–12 months,Below 30
9090-SGQXL,Male,1,Yes,No,68,Yes,Yes,Fiber optic,No,Yes,Yes,No,Yes,No,Month-to-month,Yes,Electronic check,105.3,7160.4,Yes,61+ months,Above 90
6595-YGXIT,Male,1,No,No,25,Yes,Yes,Fiber optic,No,Yes,No,No,Yes,Yes,Month-to-month,Yes,Electronic check,88.95,2223.75,Yes,25–48 months,60–90
7353-YOWFP,Female,0,No,No,7,Yes,No,No,No,No,No,No,No,No,One year,No,Mailed check,20.25,141.75,No,0–12 months,Below 30
9835-ZIITK,Male,1,Yes,No,66,Yes,Yes,Fiber optic,No,Yes,Yes,Yes,Yes,No,One year,Yes,Electronic check,110.85,7316.1,Yes,61+ months,Above 90
8008-ESFLK,Female,0,Yes,No,53,Yes,No,Fiber optic,Yes,Yes,Yes,Yes,Yes,Yes,One year,No,Electronic check,110.5,5856.5,No,49–60 months,Above 90
7537-CBQUZ,Male,1,No,No,63,Yes,Yes,Fiber optic,Yes,Yes,Yes,No,Yes,Yes,Month-to-month,Yes,Bank transfer,109.4,6892.2,No,61+ months,Above 90
1555-DJEQW,Female,0,Yes,Yes,70,Yes,Yes,Fiber optic,Yes,Yes,Yes,Yes,Yes,Yes,Two year,Yes,Bank transfer,114.2,7994.0,Yes,61+ months,Above 90
5649-TJHOV,Male,1,Yes,No,27,No,No,DSL,No,No,No,No,No,Yes,Month-to-month,No,Bank transfer,36.5,985.5,Yes,25–48 months,30–60
0519-XUZJU,Female,0,No,No,1,Yes,No,Fiber optic,No,No,No,No,No,Yes,Month-to-month,No,Mailed check,70.75,70.75,Yes,0–12 months,60–90
3363-EWLGO,Female,0,No,No,5,Yes,No,No,No,No,No,No,No,No,Month-to-month,No,Mailed check,19.95,99.75,No,0–12 months,Below 30
4750-UKWJK,Female,1,Yes,No,37,Yes,No,No,No,No,No,No,No,No,One year,No,Mailed check,19.6,725.2,No,25–48 months,Below 30
6338-AVWCY,Male,0,No,No,3,No,No,DSL,No,No,Yes,No,Yes,No,Month-to-month,Yes,Mailed check,40.15,120.45,Yes,0–12 months,30–60
1689-YQBYY,Female,0,No,Yes,12,Yes,Yes,Fiber optic,No,No,No,No,No,No,Month-to-month,Yes,Electronic check,76.6,919.2,No,0–12 months,60–90
4487-ZYJZK,Female,0,Yes,Yes,38,Yes,No,No,No,No,No,No,No,No,One year,No,Credit card,19.6,744.8,No,25–48 months,Below 30
2959-FENLU,Female,0,No,No,9,Yes,No,Fiber optic,No,No,Yes,No,No,No,Month-to-month,Yes,Credit card,85.3,767.7,No,0–12 months,60–90
0708-LGSMF,Male,0,Yes,No,13,Yes,Yes,DSL,Yes,No,No,No,No,Yes,Month-to-month,Yes,Electronic check,65.85,856.05,No,13–24 months,60–90
9253-QXKBE,Male,1,Yes,No,29,Yes,Yes,Fiber optic,No,No,No,No,Yes,Yes,Month-to-month,Yes,Electronic check,94.45,2739.05,Yes,25–48 months,Above 90
7634-HLQJR,Female,0,Yes,Yes,47,Yes,No,No,No,No,No,No,No,Yes,Two year,No,Credit card,20.05,942.35,No,25–48 months,Below 30
0487-RPVUM,Male,0,Yes,No,61,Yes,Yes,Fiber optic,Yes,No,Yes,Yes,Yes,No,Month-to-month,No,Bank transfer,99.4,6063.4,No,61+ months,Above 90
4079-ULGFR,Male,0,No,No,16,Yes,No,No,No,No,No,No,No,No,Month-to-month,No,Mailed check,20.0,320.0,No,13–24 months,Below 30
2516-XSJKX,Female,0,Yes,Yes,41,Yes,No,DSL,Yes,Yes,No,Yes,Yes,No,Two year,No,Electronic check,78.45,3216.45,No,25–48 months,60–90
0057-QBUQH,Female,0,No,Yes,43,Yes,Yes,No,No,No,No,No,No,Yes,Two year,Yes,Electronic check,25.1,1079.3,No,25–48 months,Below 30
9445-SZLCH,Female,0,Yes,Yes,36,Yes,Yes,Fiber optic,No,Yes,Yes,No,Yes,No,Month-to-month,Yes,Bank transfer,97.35,3504.6,Yes,25–48 months,Above 90
6599-SFQVE,Female,0,No,No,6,Yes,No,DSL,No,No,No,No,No,No,Month-to-month,Yes,Electronic check,55.0,330.0,No,0–12 months,30–60
8331-ZXFOE,Female,0,No,No,58,Yes,Yes,DSL,Yes,Yes,Yes,Yes,No,Yes,One year,Yes,Credit card,71.1,4123.8,No,49–60 months,60–90
4003-FUSHP,Male,0,No,No,19,Yes,No,DSL,No,No,No,Yes,Yes,No,Month-to-month,Yes,Credit card,61.55,1169.45,No,13–24 months,60–90
0356-ERHVT,Male,0,Yes,No,11,Yes,No,DSL,No,No,No,No,No,No,Month-to-month,Yes,Bank transfer,45.9,504.9,No,0–12 months,30–60
7325-ENZFI,Female,0,No,No,39,No,No,DSL,Yes,Yes,No,Yes,No,No,One year,Yes,Bank transfer,40.3,1571.7,No,25–48 months,30–60
4884-ZTHVF,Female,1,No,No,8,Yes,No,Fiber optic,No,Yes,No,No,Yes,No,Month-to-month,Yes,Electronic check,87.1,696.8,No,0–12 months,60–90
3920-HIHMQ,Female,0,No,Yes,26,Yes,Yes,DSL,No,No,No,No,No,No,Month-to-month,Yes,Mailed check,49.5,1287.0,No,25–48 months,30–60
3055-OYMSE,Female,1,No,No,53,Yes,No,Fiber optic,No,Yes,No,No,No,No,Month-to-month,Yes,Credit card,73.8,3911.4,No,49–60 months,60–90
0613-WUXUM,Female,0,Yes,Yes,70,Yes,No,No,No,No,No,No,No,No,Two year,Yes,Mailed check,19.2,1344.0,No,61+ months,Below 30
7568-PODML,Male,0,No,No,1,No,No,DSL,No,No,No,No,Yes,No,Month-to-month,Yes,Mailed check,45.3,45.3,Yes,0–12 months,30–60
4458-KVRBJ,Male,0,No,No,59,Yes,Yes,No,No,No,No,No,No,Yes,Two year,No,Mailed check,25.0,1475.0,No,49–60 months,Below 30
5349-IECLD,Male,0,No,No,2,Yes,No,Fiber optic,No,No,Yes,No,Yes,No,Month-to-month,No,Electronic check,94.95,189.9,Yes,0–12 months,Above 90
1397-XKKWR,Male,0,No,No,7,No,No,DSL,Yes,No,Yes,No,No,Yes,One year,No,Mailed check,35.3,247.1,No,0–12 months,30–60
3945-GFWQL,Female,0,No,Yes,12,Yes,No,DSL,No,No,No,No,No,No,Month-to-month,Yes,Electronic check,44.55,534.6,Yes,0–12 months,30–60
8097-OMULG,Male,0,Yes,Yes,59,Yes,No,DSL,No,Yes,Yes,Yes,Yes,No,One year,No,Credit card,76.75,4528.25,No,49–60 months,60–90
6013-BHCAW,Male,0,Yes,Yes,61,Yes,Yes,DSL,No,No,Yes,Yes,Yes,Yes,Two year,Yes,Bank transfer,81.0,4941.0,No,61+ months,60–90
0401-WDBXM,Male,0,Yes,Yes,72,Yes,Yes,Fiber optic,Yes,No,Yes,No,Yes,Yes,Two year,Yes,Bank transfer,105.55,7599.6,No,61+ months,Above 90
3387-PLKUI,Female,0,Yes,Yes,13,Yes,No,No,No,No,No,No,No,Yes,Month-to-month,No,Mailed check,18.8,244.4,No,13–24 months,Below 30
6096-EGVTU,Female,0,Yes,Yes,64,Yes,Yes,No,No,No,No,No,No,No,One year,No,Mailed check,24.9,1593.6,No,61+ months,Below 30
3797-VTIDR,Male,0,Yes,No,1,No,No,DSL,No,No,No,No,No,No,Month-to-month,Yes,Electronic check,23.45,23.45,Yes,0–12 months,Below 30
5081-NWSUP,Female,0,No,No,10,Yes,No,DSL,No,Yes,No,Yes,No,No,One year,No,Mailed check,64.9,649.0,No,0–12 months,60–90
2580-ATZSQ,Female,0,Yes,Yes,65,Yes,No,DSL,Yes,Yes,Yes,No,No,Yes,One year,No,Bank transfer,61.35,3987.75,No,61+ months,60–90
8085-MSNLK,Female,0,Yes,No,62,Yes,Yes,Fiber optic,Yes,Yes,Yes,Yes,Yes,No,Two year,No,Mailed check,113.95,7064.9,No,61+ months,Above 90
9691-HKOVS,Female,0,Yes,No,55,Yes,Yes,DSL,Yes,Yes,Yes,Yes,Yes,Yes,One year,Yes,Electronic check,90.15,4958.25,No,49–60 months,Above 90
9881-VCZEP,Female,0,Yes,No,25,Yes,Yes,DSL,No,Yes,No,No,No,Yes,Month-to-month,No,Electronic check,54.1,1352.5,No,25–48 months,30–60
9526-BIHHD,Male,0,No,No,1,No,No,DSL,Yes,No,No,No,No,No,Month-to-month,No,Mailed check,29.7,29.7,Yes,0–12 months,Below 30
8757-TFHHJ,Male,0,No,No,1,Yes,No,DSL,Yes,No,No,No,No,No,Month-to-month,Yes,Credit card,49.8,49.8,No,0–12 months,30–60
4523-WXCEF,Female,0,Yes,No,59,Yes,Yes,Fiber optic,No,Yes,No,No,Yes,No,Month-to-month,No,Electronic check,101.1,5964.9,Yes,49–60 months,Above 90
1468-DEFNC,Male,1,Yes,Yes,64,Yes,Yes,No,No,No,No,No,No,Yes,Two year,Yes,Bank transfer,24.4,1561.6,No,61+ months,Below 30
5119-KEPFY,Male,0,Yes,No,36,Yes,Yes,Fiber optic,No,No,No,No,Yes,No,Month-to-month,Yes,Bank transfer,95.0,3420.0,No,25–48 months,Above 90
8364-TRMMK,Female,0,No,No,3,Yes,Yes,DSL,No,No,No,No,No,Yes,Month-to-month,Yes,Mailed check,50.65,151.95,Yes,0–12 months,30–60
0916-KNFAJ,Male,0,Yes,No,61,Yes,Yes,DSL,Yes,No,Yes,No,No,No,Two year,Yes,Mailed check,69.9,4263.9,No,61+ months,60–90
8319-QBEHW,Male,0,No,Yes,26,No,No,DSL,No,Yes,No,No,Yes,Yes,One year,Yes,Bank transfer,39.95,1038.7,No,25–48 months,30–60
3063-QFSZL,Female,0,No,No,1,Yes,No,DSL,No,No,No,No,No,No,Month-to-month,Yes,Electronic check,55.4,55.4,Yes,0–12 months,30–60
8775-LHDJH,Female,1,Yes,No,1,Yes,Yes,Fiber optic,No,Yes,No,No,Yes,Yes,Month-to-month,Yes,Electronic check,90.6,90.6,Yes,0–12 months,Above 90
9625-QNLUX,Male,0,Yes,Yes,68,Yes,No,Fiber optic,Yes,Yes,Yes,No,Yes,No,Two year,Yes,Credit card,103.25,7021.0,No,61+ months,Above 90
3097-NQYSN,Male,1,Yes,No,2,Yes,Yes,Fiber optic,No,No,No,No,Yes,Yes,Month-to-month,Yes,Mailed check,86.85,173.7,Yes,0–12 months,60–90
4024-CSNBY,Female,0,Yes,No,72,Yes,Yes,Fiber optic,Yes,Yes,Yes,Yes,No,No,Two year,Yes,Bank transfer,94.25,6786.0,No,61+ months,Above 90
7110-BDTWG,Female,0,Yes,No,71,No,No,DSL,No,No,Yes,Yes,No,No,Two year,Yes,Electronic check,47.05,3340.55,No,61+ months,30–60
7493-GVFIO,Male,0,No,No,57,Yes,No,No,No,No,No,No,No,Yes,Two year,No,Credit card,20.55,1171.35,No,49–60 months,Below 30
0690-SRQID,Male,0,No,No,4,Yes,No,No,No,No,No,No,No,No,Month-to-month,Yes,Mailed check,19.65,78.6,No,0–12 months,Below 30
9605-WGJVW,Female,1,No,No,1,Yes,No,Fiber optic,No,No,No,No,No,No,Month-to-month,Yes,Electronic check,70.2,70.2,No,0–12 months,60–90
9114-DPSIA,Male,0,Yes,Yes,72,Yes,Yes,DSL,Yes,Yes,Yes,Yes,No,No,Two year,No,Credit card,81.0,5832.0,No,61+ months,60–90
4700-UBQMV,Male,0,Yes,Yes,21,Yes,Yes,DSL,Yes,No,No,No,Yes,Yes,One year,Yes,Bank transfer,75.9,1593.9,No,13–24 months,60–90
7711-GQBZC,Female,0,Yes,Yes,71,Yes,Yes,No,No,No,No,No,No,Yes,Two year,No,Bank transfer,24.7,1753.7,No,61+ months,Below 30
3565-UNOCC,Female,1,Yes,No,29,Yes,Yes,Fiber optic,No,No,Yes,No,Yes,No,Month-to-month,Yes,Bank transfer,99.05,2872.45,Yes,25–48 months,Above 90
4627-MIHJH,Female,1,No,No,69,Yes,Yes,Fiber optic,Yes,No,Yes,Yes,Yes,Yes,Two year,No,Credit card,110.25,7607.25,No,61+ months,Above 90
9795-NREXC,Female,0,Yes,No,64,Yes,Yes,DSL,Yes,No,Yes,Yes,Yes,Yes,Two year,Yes,Credit card,85.0,5440.0,No,61+ months,60–90
8573-CGOCC,Male,0,No,No,16,Yes,No,No,No,No,No,No,No,Yes,Month-to-month,No,Credit card,19.75,316.0,No,13–24 months,Below 30
7356-AYNJP,Female,0,No,No,4,Yes,Yes,No,No,No,No,No,No,No,One year,No,Electronic check,23.9,95.6,No,0–12 months,Below 30
9249-FXSCK,Female,0,No,No,52,Yes,Yes,Fiber optic,Yes,Yes,No,Yes,Yes,No,One year,Yes,Credit card,111.25,5785.0,Yes,49–60 months,Above 90
5493-SDRDQ,Male,0,No,No,2,Yes,No,DSL,Yes,No,Yes,No,No,Yes,Month-to-month,Yes,Mailed check,55.1,110.2,Yes,0–12 months,30–60
6286-SUUWT,Male,0,No,No,1,Yes,No,No,No,No,No,No,No,No,Month-to-month,No,Mailed check,19.95,19.95,No,0–12 months,Below 30
4819-HJPIW,Male,0,No,No,18,No,No,DSL,No,No,No,No,No,No,Month-to-month,No,Mailed check,25.15,452.7,No,13–24 months,Below 30
8654-DHAOW,Female,0,No,No,2,Yes,Yes,DSL,No,Yes,No,No,No,No,Month-to-month,No,Mailed check,54.15,108.3,No,0–12 months,30–60
5438-QMDDL,Female,0,Yes,No,19,Yes,No,DSL,No,Yes,No,No,No,No,Month-to-month,Yes,Mailed check,59.8,1136.2,No,13–24 months,30–60
9812-GHVRI,Female,0,No,No,40,Yes,Yes,Fiber optic,No,No,No,No,No,Yes,Month-to-month,No,Bank transfer,83.85,3354.0,No,25–48 months,60–90
5553-AOINX,Female,1,Yes,Yes,66,Yes,Yes,Fiber optic,No,Yes,Yes,No,Yes,Yes,One year,Yes,Electronic check,104.9,6923.4,No,61+ months,Above 90
1228-ZLNBX,Male,0,No,No,21,Yes,Yes,Fiber optic,No,No,No,No,No,Yes,Month-to-month,No,Mailed check,75.3,1581.3,No,13–24 months,60–90
4226-KKDON,Male,0,No,No,8,Yes,No,DSL,No,Yes,No,Yes,Yes,No,Month-to-month,Yes,Electronic check,66.65,533.2,No,0–12 months,60–90
3831-YCPUO,Female,0,Yes,Yes,72,Yes,No,Fiber optic,Yes,Yes,Yes,Yes,Yes,No,Two year,Yes,Credit card,109.5,7884.0,No,61+ months,Above 90
7445-WMRBW,Female,0,No,No,48,Yes,Yes,DSL,No,Yes,Yes,Yes,Yes,Yes,One year,Yes,Bank transfer,73.85,3544.8,No,25–48 months,60–90
3308-DGHKL,Male,0,No,No,69,Yes,No,No,No,No,No,No,No,No,Two year,Yes,Bank transfer,19.3,1331.7,No,61+ months,Below 30
9924-JPRMC,Male,0,No,No,72,Yes,Yes,Fiber optic,Yes,Yes,Yes,Yes,Yes,No,Two year,Yes,Electronic check,118.2,8510.4,No,61+ months,Above 90
0080-EMYVY,Female,0,No,No,14,Yes,No,DSL,No,Yes,No,No,No,Yes,One year,No,Credit card,51.45,720.3,No,13–24 months,30–60
6218-KNUBD,Male,0,No,No,6,Yes,No,DSL,No,Yes,No,No,Yes,No,Month-to-month,No,Electronic check,59.45,356.7,No,0–12 months,30–60
7337-CINUD,Female,0,Yes,Yes,8,Yes,No,No,No,No,No,No,No,No,Two year,No,Bank transfer,19.5,156.0,No,0–12 months,Below 30
7609-NRNCA,Female,0,No,No,17,Yes,No,No,No,No,No,No,No,No,One year,No,Mailed check,19.55,332.35,No,13–24 months,Below 30
0623-EJQEG,Male,0,No,No,65,Yes,Yes,Fiber optic,Yes,No,No,Yes,No,No,One year,No,Electronic check,93.55,6080.75,No,61+ months,Above 90
7153-CHRBV,Female,0,Yes,Yes,57,Yes,No,DSL,Yes,No,Yes,Yes,No,Yes,One year,Yes,Mailed check,59.3,3380.1,No,49–60 months,30–60
0871-URUWO,Male,0,Yes,No,13,Yes,Yes,Fiber optic,No,No,Yes,No,Yes,No,Month-to-month,Yes,Credit card,102.25,1329.25,Yes,13–24 months,Above 90
9190-MFJLN,Male,1,No,No,19,Yes,No,Fiber optic,No,No,Yes,No,Yes,Yes,Month-to-month,Yes,Credit card,95.9,1822.1,Yes,13–24 months,Above 90
6198-PNNSZ,Female,0,Yes,No,56,Yes,Yes,Fiber optic,Yes,Yes,Yes,No,Yes,Yes,One year,No,Bank transfer,109.8,6148.8,No,49–60 months,Above 90
3317-VLGQT,Female,0,Yes,No,14,Yes,No,Fiber optic,No,No,No,No,No,Yes,Month-to-month,Yes,Electronic check,78.1,1093.4,No,13–24 months,60–90
4132-POCZS,Male,0,Yes,No,52,No,No,DSL,Yes,No,No,No,No,Yes,Month-to-month,Yes,Electronic check,39.9,2074.8,No,49–60 months,30–60
5614-DNZCE,Female,0,No,No,58,Yes,No,DSL,Yes,Yes,Yes,Yes,No,Yes,Two year,Yes,Credit card,64.9,3764.2,No,49–60 months,60–90
1095-JUDTC,Female,1,No,No,47,Yes,Yes,Fiber optic,No,Yes,No,Yes,Yes,No,Month-to-month,Yes,Electronic check,95.05,4467.35,Yes,25–48 months,Above 90
3896-RCYYE,Female,0,No,No,67,No,No,DSL,No,No,Yes,Yes,Yes,No,Month-to-month,Yes,Credit card,53.4,3577.8,No,61+ months,30–60
9638-JIQYA,Male,0,No,No,2,No,No,DSL,No,No,No,No,No,Yes,Month-to-month,Yes,Credit card,24.9,49.8,No,0–12 months,Below 30
3258-SANFR,Male,1,No,No,6,Yes,No,DSL,No,No,No,No,No,No,Month-to-month,No,Credit card,44.7,268.2,No,0–12 months,30–60
3726-TBHQT,Male,0,Yes,Yes,71,Yes,Yes,Fiber optic,Yes,Yes,Yes,Yes,Yes,No,Two year,Yes,Bank transfer,114.0,8094.0,No,61+ months,Above 90
3190-ITQXP,Female,0,Yes,Yes,46,Yes,No,No,No,No,No,No,No,Yes,Two year,No,Bank transfer,20.25,931.5,No,25–48 months,Below 30
0870-VEMYL,Female,0,No,No,5,Yes,No,DSL,Yes,No,No,Yes,No,No,Month-to-month,No,Credit card,53.85,269.25,Yes,0–12 months,30–60
4833-QTJNO,Male,1,Yes,No,67,Yes,Yes,Fiber optic,Yes,Yes,No,No,No,No,Month-to-month,No,Bank transfer,83.85,5617.95,No,61+ months,60–90
3039-MJSLN,Male,0,No,Yes,3,Yes,No,No,No,No,No,No,No,No,Month-to-month,No,Bank transfer,20.2,60.6,No,0–12 months,Below 30
0178-CIIKR,Female,0,No,No,3,Yes,No,No,No,No,No,No,No,No,Month-to-month,No,Mailed check,19.95,59.85,No,0–12 months,Below 30
5385-SUIRI,Male,1,Yes,No,52,Yes,Yes,Fiber optic,Yes,No,Yes,No,Yes,No,Month-to-month,Yes,Electronic check,104.2,5418.4,Yes,49–60 months,Above 90
3982-XWFZQ,Female,0,Yes,No,42,Yes,Yes,DSL,No,No,No,No,No,Yes,Month-to-month,Yes,Electronic check,50.25,2110.5,Yes,25–48 months,30–60
5774-QPLTF,Male,0,Yes,Yes,50,Yes,No,No,No,No,No,No,No,No,One year,Yes,Mailed check,20.35,1017.5,No,49–60 months,Below 30
2322-VCZHZ,Male,1,Yes,No,23,Yes,No,Fiber optic,Yes,Yes,No,No,No,No,Month-to-month,Yes,Electronic check,90.0,2070.0,No,13–24 months,Above 90
5010-IPEAQ,Female,0,Yes,Yes,67,No,No,DSL,Yes,Yes,Yes,Yes,Yes,Yes,Two year,No,Credit card,54.2,3631.4,No,61+ months,30–60
4009-ALQFH,Female,0,No,No,25,Yes,No,Fiber optic,No,Yes,Yes,No,Yes,No,Month-to-month,Yes,Electronic check,99.5,2487.5,Yes,25–48 months,Above 90
6383-ZTSIW,Female,1,Yes,No,39,Yes,No,Fiber optic,Yes,Yes,No,No,Yes,Yes,One year,No,Mailed check,99.1,3864.9,No,25–48 months,Above 90
8990-YOZLV,Female,0,No,No,69,Yes,Yes,DSL,Yes,Yes,No,Yes,No,Yes,Two year,Yes,Mailed check,66.9,4616.1,No,61+ months,60–90
3069-SSVSN,Female,0,No,No,1,No,No,DSL,No,No,No,No,No,No,One year,No,Mailed check,25.85,25.85,No,0–12 months,Below 30
5222-IMUKT,Male,0,No,No,32,Yes,No,Fiber optic,No,No,No,No,Yes,No,Month-to-month,No,Electronic check,91.05,2913.6,No,25–48 months,Above 90
3627-FCRDW,Female,0,No,No,9,Yes,No,Fiber optic,No,No,No,No,No,Yes,Month-to-month,No,Electronic check,71.0,639.0,Yes,0–12 months,60–90
7562-GSUHK,Female,0,No,No,16,Yes,No,Fiber optic,No,Yes,Yes,No,No,No,Month-to-month,Yes,Credit card,93.2,1491.2,Yes,13–24 months,Above 90
6685-XSHHU,Male,0,Yes,Yes,60,Yes,No,No,No,No,No,No,No,Yes,Two year,Yes,Bank transfer,20.95,1257.0,No,49–60 months,Below 30
8901-UPRHR,Female,0,Yes,Yes,72,Yes,Yes,Fiber optic,No,Yes,Yes,Yes,Yes,No,Two year,Yes,Bank transfer,109.2,7862.4,No,61+ months,Above 90
4903-UYAVB,Male,0,Yes,No,5,Yes,No,No,No,No,No,No,No,Yes,Month-to-month,No,Mailed check,19.35,96.75,Yes,0–12 months,Below 30
0118-JPNOY,Female,1,No,No,26,Yes,No,Fiber optic,Yes,No,No,No,Yes,No,Month-to-month,Yes,Credit card,85.8,2230.8,No,25–48 months,60–90
6776-TLWOI,Male,0,No,No,3,Yes,No,No,No,No,No,No,No,No,Month-to-month,No,Mailed check,19.85,59.55,Yes,0–12 months,Below 30
3845-FXCYS,Male,0,No,No,2,Yes,No,No,No,No,No,No,No,No,Month-to-month,Yes,Electronic check,19.65,39.3,No,0–12 months,Below 30
5857-XRECV,Female,0,No,Yes,2,Yes,No,No,No,No,No,No,No,No,One year,No,Bank transfer,20.5,41.0,No,0–12 months,Below 30
0725-CXOTM,Female,0,No,No,36,Yes,Yes,DSL,Yes,No,Yes,Yes,Yes,No,One year,Yes,Credit card,89.65,3227.4,No,25–48 months,60–90
4343-EJVQB,Male,0,No,No,7,Yes,No,Fiber optic,Yes,No,No,No,No,Yes,Month-to-month,No,Mailed check,74.35,520.45,No,0–12 months,60–90
9000-PLFUZ,Female,1,Yes,No,60,No,No,DSL,No,Yes,No,No,Yes,No,Two year,Yes,Credit card,49.45,2967.0,No,49–60 months,30–60
3427-GGZZI,Female,0,Yes,No,19,Yes,Yes,Fiber optic,No,Yes,No,No,No,Yes,Month-to-month,Yes,Electronic check,89.1,1692.9,No,13–24 months,60–90
7779-ORAEL,Male,1,Yes,No,45,Yes,Yes,DSL,Yes,No,Yes,Yes,No,Yes,Two year,No,Credit card,75.15,3381.75,No,25–48 months,60–90
0644-OQMDK,Male,1,No,No,4,Yes,No,Fiber optic,No,No,No,No,No,Yes,Month-to-month,Yes,Electronic check,70.65,282.6,No,0–12 months,60–90
4077-CROMM,Female,0,Yes,Yes,31,Yes,Yes,Fiber optic,No,No,Yes,Yes,Yes,No,Month-to-month,Yes,Electronic check,104.2,3230.2,Yes,25–48 months,Above 90
3154-CFSZG,Male,0,Yes,Yes,47,Yes,No,Fiber optic,Yes,No,Yes,No,No,Yes,Month-to-month,No,Electronic check,90.05,4232.35,No,25–48 months,Above 90
2868-MZAGQ,Male,0,No,No,1,Yes,No,Fiber optic,No,No,No,No,No,Yes,Month-to-month,Yes,Electronic check,79.25,79.25,Yes,0–12 months,60–90
4847-QNOKA,Female,0,No,No,1,Yes,No,DSL,No,No,No,No,No,Yes,Month-to-month,Yes,Bank transfer,44.9,44.9,Yes,0–12 months,30–60
2220-IAHLS,Female,0,No,No,1,Yes,No,No,No,No,No,No,No,No,Month-to-month,No,Credit card,19.4,19.4,No,0–12 months,Below 30
1658-XUHBX,Female,1,Yes,Yes,59,Yes,Yes,Fiber optic,No,No,Yes,No,No,No,Month-to-month,Yes,Credit card,88.75,5236.25,No,49–60 months,60–90
6379-RXJRQ,Male,0,Yes,No,10,Yes,No,Fiber optic,No,No,No,No,No,Yes,Month-to-month,Yes,Electronic check,70.1,701.0,Yes,0–12 months,60–90
2378-HTWFW,Male,1,No,No,35,Yes,Yes,Fiber optic,Yes,No,No,No,No,No,Month-to-month,No,Credit card,91.0,3185.0,No,25–48 months,Above 90
8650-RHRKE,Male,0,No,No,4,No,No,DSL,No,No,Yes,No,No,Yes,Month-to-month,Yes,Electronic check,29.65,118.6,Yes,0–12 months,Below 30
4377-VDHYI,Male,0,Yes,Yes,32,Yes,No,Fiber optic,Yes,Yes,No,No,No,No,One year,Yes,Electronic check,90.8,2905.6,No,25–48 months,Above 90
0475-RIJEP,Male,0,No,No,43,Yes,Yes,Fiber optic,No,Yes,No,No,No,Yes,Month-to-month,Yes,Electronic check,77.85,3347.55,Yes,25–48 months,60–90
1260-TTRXI,Male,0,No,No,4,Yes,No,DSL,No,No,No,No,No,No,Month-to-month,No,Electronic check,54.3,217.2,Yes,0–12 months,30–60
3719-TDVQB,Female,1,Yes,No,54,Yes,No,No,No,No,No,No,No,Yes,Two year,Yes,Mailed check,18.95,1023.3,No,49–60 months,Below 30
6328-ZPBGN,Female,1,No,No,11,Yes,Yes,Fiber optic,No,No,No,No,Yes,No,Month-to-month,Yes,Bank transfer,95.15,1046.65,Yes,0–12 months,Above 90
0201-MIBOL,Female,1,No,No,66,Yes,Yes,Fiber optic,Yes,No,No,No,Yes,Yes,Two year,Yes,Bank transfer,102.4,6758.4,No,61+ months,Above 90
4937-QPZPO,Male,0,Yes,Yes,61,Yes,Yes,Fiber optic,No,No,Yes,No,Yes,Yes,One year,Yes,Electronic check,99.9,6093.9,No,61+ months,Above 90
2925-VDZHY,Male,0,Yes,Yes,72,Yes,Yes,DSL,Yes,Yes,Yes,Yes,Yes,Yes,Two year,No,Credit card,88.7,6386.4,No,61+ months,60–90
6981-TDRFT,Male,0,Yes,Yes,44,No,No,DSL,No,No,Yes,Yes,Yes,Yes,One year,Yes,Electronic check,54.3,2389.2,No,25–48 months,30–60
3413-CSSTH,Male,0,No,No,41,Yes,Yes,DSL,No,No,Yes,No,No,Yes,Month-to-month,Yes,Bank transfer,55.7,2283.7,No,25–48 months,30–60
8033-VCZGH,Male,0,Yes,No,50,Yes,Yes,Fiber optic,Yes,No,Yes,No,Yes,No,One year,Yes,Electronic check,103.95,5197.5,No,49–60 months,Above 90
4789-KWMXN,Male,0,Yes,No,47,Yes,Yes,Fiber optic,Yes,No,Yes,Yes,Yes,Yes,One year,Yes,Credit card,110.85,5209.95,Yes,25–48 months,Above 90
0224-NIJLP,Male,0,Yes,Yes,8,Yes,No,No,No,No,No,No,No,Yes,Two year,No,Mailed check,20.15,161.2,No,0–12 months,Below 30
7542-CYDDM,Male,0,No,No,18,Yes,No,No,No,No,No,No,No,No,Month-to-month,No,Mailed check,20.05,360.9,No,13–24 months,Below 30
4718-WXBGI,Male,0,Yes,Yes,72,Yes,Yes,DSL,Yes,Yes,Yes,Yes,Yes,No,Two year,Yes,Credit card,91.95,6620.4,No,61+ months,Above 90
2867-UIMSS,Male,0,No,No,1,Yes,No,Fiber optic,No,No,No,No,No,Yes,Month-to-month,No,Electronic check,80.5,80.5,Yes,0–12 months,60–90
8495-PRWFH,Female,1,No,No,42,Yes,Yes,DSL,No,No,Yes,No,No,Yes,Month-to-month,No,Electronic check,55.65,2337.3,No,25–48 months,30–60
0439-IFYUN,Female,1,No,No,18,Yes,No,Fiber optic,No,Yes,No,No,No,No,Month-to-month,Yes,Electronic check,74.7,1344.6,No,13–24 months,60–90
5716-LIBJC,Female,0,No,Yes,13,Yes,Yes,Fiber optic,No,Yes,Yes,No,Yes,No,One year,Yes,Credit card,104.15,1353.95,No,13–24 months,Above 90
2868-LLSKM,Female,0,Yes,Yes,68,Yes,Yes,Fiber optic,No,Yes,No,Yes,No,Yes,One year,Yes,Bank transfer,83.65,5688.2,No,61+ months,60–90
8111-RKSPX,Male,0,No,No,4,Yes,Yes,Fiber optic,No,No,No,No,No,No,Month-to-month,Yes,Bank transfer,72.2,288.8,Yes,0–12 months,60–90
2988-QRAJY,Male,0,No,No,69,Yes,Yes,Fiber optic,Yes,Yes,Yes,No,Yes,No,Two year,Yes,Credit card,110.05,7593.45,No,61+ months,Above 90
1585-MQSSU,Male,0,No,No,17,Yes,No,DSL,No,No,No,Yes,No,Yes,Month-to-month,No,Mailed check,51.5,875.5,Yes,13–24 months,30–60
0071-NDAFP,Male,0,Yes,Yes,25,Yes,Yes,No,No,No,No,No,No,No,Two year,No,Credit card,25.5,637.5,No,25–48 months,Below 30
2856-NNASM,Male,1,No,No,43,Yes,No,Fiber optic,No,No,No,No,Yes,No,Month-to-month,Yes,Mailed check,89.55,3850.65,Yes,25–48 months,60–90
7328-ZJAJO,Female,0,Yes,Yes,59,Yes,No,No,No,No,No,No,No,Yes,Two year,No,Credit card,19.5,1150.5,No,49–60 months,Below 30
6458-CYIDZ,Female,1,No,No,5,Yes,No,Fiber optic,Yes,Yes,No,No,No,No,Month-to-month,No,Electronic check,80.7,403.5,No,0–12 months,60–90
8559-CIZFV,Male,0,Yes,Yes,21,Yes,Yes,DSL,Yes,Yes,No,Yes,Yes,No,One year,No,Mailed check,77.5,1627.5,Yes,13–24 months,60–90
1090-PYKCI,Female,0,Yes,Yes,69,Yes,Yes,Fiber optic,Yes,Yes,Yes,Yes,Yes,No,One year,Yes,Credit card,105.1,7251.9,No,61+ months,Above 90
3058-WQDRE,Male,0,No,No,13,No,No,DSL,No,No,No,No,No,No,Month-to-month,Yes,Bank transfer,25.15,326.95,No,13–24 months,Below 30
7547-EKNFS,Male,0,Yes,No,42,Yes,Yes,Fiber optic,No,Yes,Yes,No,Yes,No,Month-to-month,Yes,Bank transfer,95.25,4000.5,Yes,25–48 months,Above 90
2279-AXJJK,Male,0,Yes,No,52,Yes,Yes,Fiber optic,No,Yes,No,Yes,No,No,Month-to-month,Yes,Credit card,95.65,4973.8,No,49–60 months,Above 90
6769-DYBQN,Male,1,No,No,46,Yes,No,Fiber optic,Yes,No,No,No,No,Yes,Month-to-month,No,Electronic check,85.0,3910.0,Yes,25–48 months,60–90
0909-SELIE,Male,0,Yes,No,61,Yes,Yes,DSL,Yes,Yes,Yes,Yes,No,Yes,Two year,Yes,Bank transfer,80.8,4928.8,No,61+ months,60–90
3417-TSCIC,Male,0,No,No,29,No,No,DSL,No,No,No,No,No,Yes,One year,Yes,Mailed check,24.85,720.65,No,25–48 months,Below 30
1042-HFUCW,Female,0,No,Yes,25,Yes,No,DSL,No,Yes,No,Yes,No,No,One year,Yes,Credit card,54.75,1368.75,No,25–48 months,30–60
4439-JMPMT,Female,0,Yes,Yes,5,Yes,No,Fiber optic,No,No,No,Yes,Yes,No,Month-to-month,Yes,Electronic check,85.75,428.75,Yes,0–12 months,60–90
6537-OTKMY,Male,0,No,No,15,No,No,DSL,No,No,Yes,No,Yes,No,One year,No,Electronic check,50.75,761.25,No,13–24 months,30–60
8999-EXMNO,Female,0,Yes,Yes,19,Yes,No,No,No,No,No,No,No,Yes,Two year,No,Mailed check,20.15,382.85,No,13–24 months,Below 30
6725-TPKJO,Male,0,No,No,44,Yes,No,No,No,No,No,No,No,No,Two year,No,Mailed check,20.05,882.2,No,25–48 months,Below 30
2446-BEGGB,Female,1,No,No,6,Yes,Yes,Fiber optic,No,Yes,No,No,Yes,No,Month-to-month,Yes,Electronic check,98.25,589.5,Yes,0–12 months,Above 90
7162-WPHPM,Male,0,Yes,Yes,58,Yes,Yes,DSL,Yes,Yes,Yes,Yes,No,Yes,Two year,No,Credit card,71.6,4152.8,No,49–60 months,60–90
1599-MMYRQ,Male,0,Yes,Yes,62,Yes,No,Fiber optic,Yes,Yes,No,No,No,No,One year,Yes,Credit card,81.45,5049.9,No,61+ months,60–90
8821-KVZKQ,Female,0,Yes,Yes,70,No,No,DSL,No,Yes,Yes,Yes,Yes,No,One year,Yes,Bank transfer,58.4,4088.0,No,61+ months,30–60
1496-GGSUK,Female,1,No,No,1,No,No,DSL,No,No,No,No,No,Yes,Month-to-month,Yes,Mailed check,25.7,25.7,Yes,0–12 months,Below 30
6434-TTGJP,Male,0,Yes,Yes,10,No,No,DSL,Yes,Yes,Yes,Yes,No,No,Two year,No,Credit card,53.7,537.0,No,0–12 months,30–60
0042-JVWOJ,Male,0,No,No,26,Yes,No,No,No,No,No,No,No,Yes,One year,Yes,Bank transfer,19.6,509.6,No,25–48 months,Below 30
0130-SXOUN,Male,0,No,No,66,Yes,Yes,Fiber optic,No,Yes,No,No,No,No,Month-to-month,No,Credit card,89.4,5900.4,No,61+ months,60–90
2575-GFSOE,Female,0,Yes,Yes,7,Yes,No,Fiber optic,No,No,No,No,No,Yes,Month-to-month,Yes,Electronic check,69.0,483.0,Yes,0–12 months,60–90
2330-PQGDQ,Male,0,Yes,Yes,51,Yes,Yes,Fiber optic,No,Yes,No,Yes,No,No,One year,No,Bank transfer,84.2,4294.2,No,49–60 months,60–90
1452-UZOSF,Male,0,Yes,Yes,72,Yes,Yes,Fiber optic,Yes,Yes,Yes,Yes,Yes,No,Two year,Yes,Credit card,106.1,7639.2,No,61+ months,Above 90
2097-YVPKN,Male,0,No,No,65,Yes,Yes,No,No,No,No,No,No,No,Two year,No,Mailed check,25.75,1673.75,No,61+ months,Below 30
2842-JTCCU,Male,0,No,No,2,Yes,No,DSL,No,No,No,No,No,No,Month-to-month,No,Bank transfer,46.05,92.1,Yes,0–12 months,30–60
8597-CTXVJ,Male,0,No,Yes,70,Yes,Yes,DSL,Yes,Yes,No,Yes,No,No,One year,No,Bank transfer,64.95,4546.5,No,61+ months,60–90
6631-HMANX,Male,0,Yes,No,72,Yes,Yes,DSL,No,Yes,Yes,Yes,Yes,No,Two year,Yes,Credit card,85.45,6152.4,No,61+ months,60–90
9962-BFPDU,Female,0,Yes,Yes,1,Yes,No,No,No,No,No,No,No,Yes,Month-to-month,No,Mailed check,20.05,20.05,No,0–12 months,Below 30
3296-SILRA,Female,1,Yes,No,1,Yes,No,Fiber optic,No,Yes,No,No,No,No,Month-to-month,Yes,Mailed check,76.4,76.4,Yes,0–12 months,60–90
9681-OXGVC,Female,0,No,No,5,Yes,Yes,Fiber optic,No,No,Yes,No,Yes,No,Month-to-month,Yes,Electronic check,100.5,502.5,Yes,0–12 months,Above 90
6394-HHHZM,Male,0,No,No,3,Yes,No,No,No,No,No,No,No,Yes,Month-to-month,No,Mailed check,20.7,62.1,No,0–12 months,Below 30
5995-LFTLE,Male,0,No,No,58,Yes,Yes,No,No,No,No,No,No,No,Two year,Yes,Credit card,25.3,1467.4,No,49–60 months,Below 30
5180-UCIIQ,Male,1,Yes,Yes,22,No,No,DSL,Yes,No,No,No,No,No,Month-to-month,No,Mailed check,40.05,881.1,Yes,13–24 months,30–60
1932-UEDCX,Male,1,Yes,No,33,Yes,Yes,Fiber optic,No,Yes,No,No,Yes,Yes,Month-to-month,Yes,Bank transfer,100.6,3319.8,No,25–48 months,Above 90
7153-OANIO,Male,0,No,No,1,Yes,No,Fiber optic,No,No,No,No,No,Yes,Month-to-month,No,Electronic check,69.95,69.95,Yes,0–12 months,60–90
5188-HGMLP,Male,1,Yes,No,54,Yes,Yes,Fiber optic,No,No,No,No,No,No,Month-to-month,No,Bank transfer,74.0,3996.0,No,49–60 months,60–90
0665-XHDJU,Male,0,Yes,No,72,Yes,Yes,Fiber optic,No,Yes,No,No,Yes,No,Two year,Yes,Electronic check,99.4,7156.8,No,61+ months,Above 90
6521-YYTYI,Male,0,No,Yes,1,Yes,Yes,Fiber optic,No,No,No,No,Yes,Yes,Month-to-month,Yes,Electronic check,93.3,93.3,Yes,0–12 months,Above 90
8878-HMWBV,Male,0,No,No,3,Yes,No,DSL,No,No,Yes,No,No,Yes,Month-to-month,Yes,Electronic check,49.15,147.45,Yes,0–12 months,30–60
8265-HKSOW,Female,0,Yes,Yes,72,Yes,Yes,Fiber optic,Yes,Yes,Yes,Yes,No,No,Two year,No,Credit card,107.45,7736.4,No,61+ months,Above 90
3544-FBCAS,Female,0,Yes,Yes,72,Yes,Yes,DSL,Yes,Yes,Yes,No,Yes,Yes,Two year,Yes,Credit card,83.6,6019.2,No,61+ months,60–90
5331-RGMTT,Male,1,Yes,No,54,Yes,Yes,Fiber optic,No,No,Yes,No,Yes,Yes,Month-to-month,Yes,Credit card,99.05,5348.7,No,49–60 months,Above 90
4759-PXTAN,Female,0,Yes,No,59,Yes,Yes,DSL,No,Yes,No,Yes,Yes,Yes,One year,Yes,Electronic check,80.1,4725.9,No,49–60 months,60–90
7054-DMVAS,Male,0,No,No,54,Yes,No,DSL,Yes,Yes,No,No,Yes,Yes,Two year,Yes,Bank transfer,65.3,3526.2,No,49–60 months,60–90
3428-MMGUB,Male,0,No,No,60,Yes,Yes,Fiber optic,No,No,Yes,No,Yes,No,Two year,Yes,Electronic check,89.55,5373.0,No,49–60 months,60–90
6549-BTYPG,Female,0,Yes,No,60,No,No,DSL,No,Yes,Yes,Yes,Yes,No,Two year,No,Credit card,60.8,3648.0,No,49–60 months,60–90
7823-JSOAG,Male,0,No,No,3,Yes,Yes,Fiber optic,No,No,No,No,No,Yes,Month-to-month,No,Electronic check,74.5,223.5,No,0–12 months,60–90
3705-RHRFR,Female,0,Yes,No,69,Yes,Yes,Fiber optic,Yes,No,No,No,Yes,No,Two year,No,Bank transfer,99.15,6841.35,No,61+ months,Above 90
9374-YOLBJ,Female,0,Yes,Yes,1,Yes,No,No,No,No,No,No,No,Yes,Month-to-month,No,Electronic check,19.25,19.25,No,0–12 months,Below 30
9074-KGVOX,Male,0,Yes,Yes,50,No,No,DSL,Yes,No,No,No,Yes,No,Month-to-month,Yes,Credit card,39.45,1972.5,No,49–60 months,30–60
6128-DAFVY,Female,0,No,No,56,No,No,DSL,No,No,No,No,Yes,No,Month-to-month,Yes,Credit card,44.85,2511.6,No,49–60 months,30–60
9933-QRGTX,Female,0,Yes,No,60,Yes,No,Fiber optic,Yes,No,No,Yes,Yes,Yes,Two year,Yes,Electronic check,97.2,5832.0,No,49–60 months,Above 90
4476-OSWTN,Male,1,Yes,No,69,Yes,Yes,Fiber optic,Yes,No,Yes,Yes,Yes,Yes,One year,Yes,Mailed check,110.55,7627.95,No,61+ months,Above 90
3751-KTZEL,Female,0,No,No,1,No,No,DSL,No,No,No,No,No,Yes,Month-to-month,No,Mailed check,35.05,35.05,Yes,0–12 months,30–60
1977-STDKI,Female,1,No,No,1,Yes,No,Fiber optic,No,Yes,No,No,No,Yes,Month-to-month,Yes,Electronic check,73.0,73.0,Yes,0–12 months,60–90
5066-GFJMM,Female,0,Yes,No,3,Yes,No,No,No,No,No,No,No,No,Month-to-month,Yes,Mailed check,19.9,59.7,No,0–12 months,Below 30
2661-GKBTK,Male,0,Yes,Yes,60,Yes,No,DSL,No,Yes,No,Yes,Yes,No,Two year,No,Bank transfer,76.95,4617.0,No,49–60 months,60–90
0458-HEUZG,Female,0,No,No,13,No,No,DSL,No,No,Yes,Yes,No,Yes,Two year,No,Mailed check,35.4,460.2,No,13–24 months,30–60
7268-WNTCP,Male,0,Yes,Yes,62,Yes,No,No,No,No,No,No,No,No,Two year,No,Bank transfer,20.45,1267.9,No,61+ months,Below 30
0824-VWDPO,Female,0,No,No,45,Yes,Yes,Fiber optic,Yes,Yes,No,No,No,No,One year,No,Bank transfer,96.75,4353.75,No,25–48 months,Above 90
8409-WQJUX,Female,0,No,No,25,No,No,DSL,No,No,Yes,Yes,Yes,Yes,One year,No,Electronic check,54.2,1355.0,No,25–48 months,30–60
2578-JQPHZ,Male,0,No,No,44,Yes,No,Fiber optic,No,No,Yes,Yes,Yes,Yes,Two year,No,Bank transfer,100.1,4404.4,No,25–48 months,Above 90
3278-FSIXX,Female,0,No,No,2,Yes,No,DSL,No,No,No,No,No,Yes,Month-to-month,Yes,Mailed check,45.25,90.5,No,0–12 months,30–60
5813-UECBU,Male,1,No,No,33,Yes,Yes,Fiber optic,No,Yes,Yes,No,No,No,Month-to-month,Yes,Credit card,83.85,2767.05,Yes,25–48 months,60–90
0328-GRPMV,Female,0,No,No,1,Yes,No,Fiber optic,No,No,No,No,No,No,Month-to-month,Yes,Electronic check,70.1,70.1,Yes,0–12 months,60–90
9746-UGFAC,Female,0,No,No,22,Yes,No,No,No,No,No,No,No,No,One year,No,Bank transfer,20.85,458.7,No,13–24 months,Below 30
2946-KIQSP,Female,0,No,No,35,No,No,DSL,No,No,Yes,Yes,No,No,Month-to-month,Yes,Mailed check,33.45,1170.75,No,25–48 months,30–60
0625-AFOHS,Female,0,Yes,Yes,29,Yes,No,No,No,No,No,No,No,No,Two year,No,Mailed check,20.2,585.8,No,25–48 months,Below 30
6726-WEXXK,Male,1,Yes,No,27,Yes,Yes,Fiber optic,Yes,No,Yes,No,No,No,One year,Yes,Electronic check,85.9,2319.3,No,25–48 months,60–90
4636-OLWOE,Male,0,No,Yes,54,Yes,No,DSL,No,Yes,Yes,Yes,No,No,One year,Yes,Electronic check,61.0,3294.0,No,49–60 months,60–90
4342-HENTK,Female,1,No,No,2,Yes,No,Fiber optic,No,No,No,No,No,No,Month-to-month,Yes,Electronic check,70.65,141.3,Yes,0–12 months,60–90
4685-ERGHK,Male,0,No,No,57,Yes,Yes,Fiber optic,No,No,No,No,Yes,No,One year,Yes,Electronic check,86.9,4953.3,No,49–60 months,60–90
0885-HMGPY,Male,0,No,No,62,Yes,Yes,DSL,Yes,Yes,Yes,Yes,No,No,Two year,No,Bank transfer,69.4,4302.8,No,61+ months,60–90
5003-OKNNK,Female,0,Yes,Yes,15,Yes,No,No,No,No,No,No,No,No,One year,No,Credit card,20.35,305.25,No,13–24 months,Below 30
4195-SMMNX,Male,0,No,No,2,Yes,No,No,No,No,No,No,No,No,Month-to-month,No,Mailed check,20.35,40.7,Yes,0–12 months,Below 30
7208-PSIHR,Female,0,Yes,No,70,Yes,Yes,Fiber optic,No,No,Yes,Yes,Yes,No,Two year,Yes,Bank transfer,104.3,7301.0,No,61+ months,Above 90
4012-ZTHBR,Female,0,Yes,Yes,21,Yes,No,DSL,No,No,No,No,No,Yes,Month-to-month,Yes,Electronic check,44.95,943.95,No,13–24 months,30–60
0489-WMEMG,Female,0,No,Yes,23,Yes,No,DSL,No,No,No,Yes,No,No,One year,Yes,Electronic check,49.45,1137.35,No,13–24 months,30–60
7435-ZNUYY,Male,0,No,No,6,Yes,No,No,No,No,No,No,No,No,One year,No,Mailed check,20.6,123.6,No,0–12 months,Below 30
1354-YZFNB,Male,0,Yes,Yes,4,Yes,No,No,No,No,No,No,No,No,Two year,No,Credit card,19.55,78.2,No,0–12 months,Below 30
6956-SMUCM,Female,0,No,No,3,Yes,No,Fiber optic,Yes,No,Yes,No,Yes,No,Month-to-month,Yes,Credit card,99.0,297.0,Yes,0–12 months,Above 90
2985-FMWYF,Female,0,No,No,23,Yes,Yes,Fiber optic,No,No,No,No,Yes,Yes,Month-to-month,Yes,Electronic check,93.5,2150.5,No,13–24 months,Above 90
2812-ENYMO,Male,0,No,No,26,No,No,DSL,Yes,No,No,Yes,Yes,Yes,One year,No,Credit card,54.55,1418.3,No,25–48 months,30–60
2717-HVIZY,Female,0,No,Yes,8,Yes,No,No,No,No,No,No,No,Yes,Month-to-month,No,Mailed check,20.05,160.4,No,0–12 months,Below 30
3223-WZWJM,Male,0,No,No,26,Yes,Yes,Fiber optic,No,No,No,No,No,No,Month-to-month,Yes,Electronic check,83.95,2182.7,Yes,25–48 months,60–90
3422-GALYP,Male,0,No,No,2,Yes,Yes,Fiber optic,No,Yes,No,No,No,Yes,Month-to-month,Yes,Electronic check,79.45,158.9,No,0–12 months,60–90
9053-JZFKV,Male,0,No,No,67,Yes,Yes,Fiber optic,Yes,Yes,Yes,Yes,Yes,No,Two year,No,Credit card,116.2,7785.4,Yes,61+ months,Above 90
2530-ENDWQ,Female,0,Yes,No,71,Yes,Yes,Fiber optic,No,No,No,No,Yes,Yes,Two year,Yes,Bank transfer,93.7,6652.7,Yes,61+ months,Above 90
2890-WFBHU,Female,0,No,No,59,Yes,Yes,DSL,Yes,Yes,Yes,Yes,No,Yes,One year,No,Credit card,79.85,4711.15,No,49–60 months,60–90
0327-WFZSY,Male,0,Yes,Yes,39,Yes,Yes,Fiber optic,No,No,Yes,No,Yes,Yes,One year,No,Electronic check,100.0,3900.0,No,25–48 months,Above 90
7977-HXJKU,Male,0,No,Yes,21,Yes,No,No,No,No,No,No,No,Yes,Two year,No,Mailed check,19.6,411.6,No,13–24 months,Below 30
6615-ZGEDR,Male,0,No,No,1,Yes,No,No,No,No,No,No,No,No,Month-to-month,No,Mailed check,19.7,19.7,Yes,0–12 months,Below 30
7033-CLAMM,Female,0,Yes,Yes,48,Yes,No,No,No,No,No,No,No,No,Two year,No,Bank transfer,20.2,969.6,No,25–48 months,Below 30
4023-RTIQM,Female,1,Yes,No,31,No,No,DSL,Yes,Yes,Yes,No,No,No,One year,Yes,Credit card,50.4,1562.4,No,25–48 months,30–60
0864-FVJNJ,Female,0,Yes,Yes,64,Yes,Yes,Fiber optic,Yes,Yes,Yes,Yes,Yes,Yes,One year,No,Electronic check,113.35,7254.4,No,61+ months,Above 90
7356-IWLFW,Male,0,Yes,Yes,46,Yes,Yes,Fiber optic,No,Yes,No,No,No,Yes,Month-to-month,Yes,Bank transfer,80.0,3680.0,No,25–48 months,60–90
9541-PWTWO,Female,0,No,No,52,Yes,Yes,DSL,No,No,Yes,Yes,Yes,No,Two year,Yes,Bank transfer,80.95,4209.4,No,49–60 months,60–90
3967-VQOGC,Female,0,Yes,Yes,67,Yes,Yes,No,No,No,No,No,No,Yes,Two year,Yes,Mailed check,24.9,1668.3,No,61+ months,Below 30
7872-RDDLZ,Female,1,No,No,67,Yes,Yes,DSL,No,Yes,No,No,No,No,Month-to-month,No,Electronic check,54.9,3678.3,No,61+ months,30–60
9250-WYPLL,Female,0,No,No,5,Yes,Yes,Fiber optic,No,No,No,No,No,No,Month-to-month,No,Electronic check,75.55,377.75,Yes,0–12 months,60–90
6308-CQRBU,Female,0,Yes,No,71,Yes,Yes,Fiber optic,No,Yes,Yes,Yes,Yes,No,Two year,No,Electronic check,109.25,7756.75,No,61+ months,Above 90
2754-XBHTB,Female,0,No,No,9,Yes,No,Fiber optic,No,No,No,No,Yes,Yes,Month-to-month,Yes,Bank transfer,77.65,698.85,Yes,0–12 months,60–90
1597-LHYNC,Female,1,No,No,26,Yes,Yes,Fiber optic,Yes,Yes,No,No,No,No,Month-to-month,Yes,Electronic check,95.0,2470.0,Yes,25–48 months,Above 90
0186-CAERR,Male,0,No,No,71,Yes,Yes,Fiber optic,Yes,Yes,Yes,Yes,Yes,Yes,One year,Yes,Bank transfer,116.3,8257.3,No,61+ months,Above 90
3043-SUDUA,Female,0,No,No,32,Yes,No,No,No,No,No,No,No,Yes,Month-to-month,No,Bank transfer,19.9,636.8,No,25–48 months,Below 30
5442-BHQNG,Female,0,No,No,2,Yes,No,Fiber optic,No,No,No,No,No,No,Month-to-month,No,Electronic check,70.35,140.7,No,0–12 months,60–90
2169-RRLFW,Female,0,Yes,No,71,Yes,Yes,No,No,No,No,No,No,No,Two year,No,Credit card,25.6,1817.6,No,61+ months,Below 30
5872-OEQNH,Female,0,No,No,60,No,No,DSL,Yes,No,Yes,No,No,No,One year,Yes,Electronic check,44.45,2667.0,No,49–60 months,30–60
3162-KKZXO,Female,1,No,No,55,Yes,Yes,Fiber optic,No,No,Yes,No,Yes,Yes,One year,Yes,Electronic check,100.15,5508.25,No,49–60 months,Above 90
7055-VKGDA,Male,0,No,No,54,Yes,No,Fiber optic,Yes,Yes,No,Yes,Yes,Yes,One year,Yes,Credit card,105.4,5691.6,Yes,49–60 months,Above 90
0754-UKWQP,Male,0,No,No,2,Yes,No,Fiber optic,No,No,Yes,No,Yes,Yes,Month-to-month,Yes,Electronic check,95.85,191.7,Yes,0–12 months,Above 90
8873-GLDMH,Female,0,No,No,6,Yes,Yes,Fiber optic,No,No,No,No,No,Yes,Month-to-month,Yes,Mailed check,73.85,443.1,No,0–12 months,60–90
5696-JVVQY,Female,0,Yes,Yes,48,Yes,No,DSL,Yes,Yes,Yes,No,No,No,Two year,Yes,Credit card,70.1,3364.8,No,25–48 months,60–90
8946-BFWSG,Male,0,Yes,Yes,63,Yes,Yes,No,No,No,No,No,No,Yes,Two year,No,Mailed check,25.25,1590.75,No,61+ months,Below 30
7493-TPUWZ,Male,0,No,No,1,Yes,Yes,Fiber optic,No,Yes,No,No,No,No,Month-to-month,Yes,Electronic check,79.15,79.15,Yes,0–12 months,60–90
0547-HURJB,Male,0,No,Yes,12,Yes,No,No,No,No,No,No,No,No,Month-to-month,No,Credit card,21.05,252.6,No,0–12 months,Below 30
8904-OPDCK,Male,1,Yes,No,54,No,No,DSL,No,No,No,No,No,No,Month-to-month,Yes,Bank transfer,24.95,1347.3,No,49–60 months,Below 30
8845-LWKGE,Female,0,Yes,Yes,30,Yes,No,DSL,No,No,Yes,Yes,Yes,No,One year,Yes,Electronic check,64.5,1935.0,No,25–48 months,60–90
1577-HKTFG,Female,0,Yes,No,30,Yes,No,No,No,No,No,No,No,No,Month-to-month,No,Bank transfer,19.65,589.5,Yes,25–48 months,Below 30
8752-STIVR,Female,0,No,No,4,Yes,No,Fiber optic,No,No,No,No,Yes,No,Month-to-month,Yes,Electronic check,79.0,316.0,Yes,0–12 months,60–90
0691-NIKRI,Female,0,No,No,40,Yes,Yes,Fiber optic,No,No,Yes,Yes,Yes,No,One year,Yes,Credit card,105.95,4238.0,No,25–48 months,Above 90
5022-JNQEQ,Female,0,Yes,Yes,9,Yes,No,Fiber optic,No,No,No,Yes,No,Yes,Month-to-month,Yes,Electronic check,75.85,682.65,No,0–12 months,60–90
4558-FANTW,Female,0,Yes,Yes,17,Yes,No,Fiber optic,Yes,No,No,Yes,Yes,No,Month-to-month,No,Electronic check,91.85,1561.45,Yes,13–24 months,Above 90
3249-VHRIP,Female,0,No,No,62,No,No,DSL,No,Yes,Yes,No,No,No,Two year,Yes,Credit card,43.6,2703.2,No,61+ months,30–60
3736-BLEPA,Male,0,No,No,28,Yes,No,Fiber optic,No,Yes,No,Yes,Yes,Yes,One year,Yes,Bank transfer,91.25,2555.0,No,25–48 months,Above 90
4701-LKOZD,Female,0,No,No,70,Yes,Yes,DSL,Yes,Yes,Yes,Yes,Yes,No,Two year,No,Credit card,89.75,6282.5,No,61+ months,60–90
6603-QWSPR,Female,0,No,No,46,Yes,No,Fiber optic,No,Yes,Yes,Yes,Yes,Yes,Two year,Yes,Bank transfer,104.4,4802.4,No,25–48 months,Above 90
9921-QFQUL,Female,0,Yes,No,23,Yes,Yes,Fiber optic,No,No,Yes,No,No,Yes,Month-to-month,No,Mailed check,90.15,2073.45,No,13–24 months,Above 90
1929-ZCBHE,Male,0,Yes,Yes,47,No,No,DSL,Yes,No,Yes,Yes,No,Yes,One year,No,Electronic check,40.3,1894.1,No,25–48 months,30–60
4378-MYPGO,Male,0,Yes,Yes,68,Yes,No,Fiber optic,Yes,Yes,Yes,No,Yes,No,Two year,Yes,Bank transfer,105.25,7157.0,No,61+ months,Above 90
8651-ENBZX,Female,1,No,No,60,Yes,Yes,Fiber optic,No,No,Yes,Yes,Yes,Yes,One year,Yes,Electronic check,106.0,6360.0,Yes,49–60 months,Above 90
4129-LYCOI,Female,0,No,Yes,67,Yes,Yes,Fiber optic,No,Yes,No,Yes,Yes,Yes,Two year,Yes,Electronic check,104.0,6968.0,No,61+ months,Above 90
7798-JVXYM,Female,0,No,No,14,Yes,No,DSL,No,No,No,Yes,Yes,Yes,Month-to-month,Yes,Electronic check,69.65,975.1,No,13–24 months,60–90
8647-SDTWQ,Male,0,Yes,Yes,57,Yes,Yes,Fiber optic,No,No,No,No,No,Yes,Month-to-month,Yes,Electronic check,74.3,4235.1,No,49–60 months,60–90
2696-ECXKC,Female,0,Yes,Yes,55,Yes,Yes,Fiber optic,Yes,No,No,No,Yes,No,One year,No,Mailed check,100.9,5549.5,No,49–60 months,Above 90
2081-KJSQF,Male,0,No,No,1,Yes,No,No,No,No,No,No,No,Yes,Month-to-month,Yes,Mailed check,20.25,20.25,No,0–12 months,Below 30
7623-TRNQN,Male,0,No,Yes,1,Yes,No,DSL,No,No,No,Yes,No,No,Month-to-month,Yes,Mailed check,49.9,49.9,Yes,0–12 months,30–60
3323-CPBWR,Male,0,No,No,23,Yes,Yes,Fiber optic,No,No,Yes,Yes,Yes,No,Month-to-month,Yes,Credit card,96.9,2228.7,No,13–24 months,Above 90
9330-IJWIO,Female,0,No,No,13,Yes,Yes,Fiber optic,Yes,No,No,No,Yes,No,Month-to-month,Yes,Electronic check,100.35,1304.55,Yes,13–24 months,Above 90
3384-CTMSF,Male,0,Yes,No,47,Yes,Yes,Fiber optic,No,Yes,Yes,No,Yes,Yes,Month-to-month,Yes,Electronic check,104.1,4892.7,No,25–48 months,Above 90
0902-RFHOF,Male,0,No,No,38,Yes,No,No,No,No,No,No,No,Yes,One year,No,Mailed check,20.1,763.8,No,25–48 months,Below 30
9286-DOJGF,Female,1,Yes,No,38,Yes,Yes,Fiber optic,No,No,No,No,No,No,Month-to-month,Yes,Bank transfer,74.95,2848.1,Yes,25–48 months,60–90
6048-QBXKL,Female,1,No,No,2,Yes,Yes,DSL,No,Yes,No,No,No,No,Month-to-month,Yes,Credit card,56.55,113.1,No,0–12 months,30–60
9661-MHUMO,Male,1,Yes,Yes,1,Yes,No,DSL,No,No,No,Yes,No,No,Month-to-month,Yes,Credit card,49.25,49.25,Yes,0–12 months,30–60
7718-RXDGG,Male,0,Yes,No,15,Yes,No,Fiber optic,No,No,No,No,No,No,Month-to-month,Yes,Bank transfer,68.6,1029.0,No,13–24 months,60–90
1025-FALIX,Female,0,No,No,26,Yes,No,Fiber optic,No,No,No,No,No,No,Month-to-month,Yes,Credit card,69.05,1795.3,No,25–48 months,60–90
3451-VAWLI,Female,0,Yes,Yes,35,Yes,No,No,No,No,No,No,No,No,Two year,No,Credit card,19.7,689.5,No,25–48 months,Below 30
3407-QGWLG,Male,0,No,Yes,3,Yes,No,No,No,No,No,No,No,No,Month-to-month,Yes,Mailed check,20.05,60.15,No,0–12 months,Below 30
1842-EZJMK,Male,0,Yes,Yes,50,Yes,Yes,Fiber optic,No,Yes,No,Yes,Yes,No,Month-to-month,No,Electronic check,103.7,5185.0,Yes,49–60 months,Above 90
2347-WKKAE,Male,0,Yes,No,42,Yes,Yes,Fiber optic,Yes,No,Yes,No,No,Yes,Month-to-month,Yes,Electronic check,94.4,3964.8,No,25–48 months,Above 90
8735-DCXNF,Male,0,Yes,No,10,Yes,No,DSL,Yes,No,No,Yes,No,Yes,Month-to-month,Yes,Credit card,54.95,549.5,No,0–12 months,30–60
3214-IYUUQ,Female,0,Yes,No,61,Yes,No,Fiber optic,Yes,Yes,No,Yes,No,No,One year,No,Bank transfer,93.7,5715.7,No,61+ months,Above 90
1936-UAFEH,Female,0,No,No,68,Yes,Yes,Fiber optic,Yes,Yes,No,Yes,Yes,Yes,Two year,No,Credit card,110.25,7497.0,No,61+ months,Above 90
3587-PMCOY,Male,0,No,No,10,Yes,No,Fiber optic,Yes,No,Yes,No,Yes,Yes,One year,Yes,Electronic check,98.9,989.0,No,0–12 months,Above 90
8079-XRJRS,Male,0,Yes,No,65,Yes,Yes,Fiber optic,Yes,Yes,Yes,No,No,Yes,One year,No,Electronic check,89.75,5833.75,Yes,61+ months,60–90
1027-LKKQQ,Female,0,Yes,Yes,72,Yes,No,DSL,Yes,No,Yes,Yes,Yes,No,Two year,Yes,Bank transfer,80.45,5792.4,No,61+ months,60–90
7148-XZPHA,Male,0,Yes,Yes,55,Yes,No,Fiber optic,No,Yes,No,Yes,No,Yes,Month-to-month,No,Electronic check,79.4,4367.0,No,49–60 months,60–90
8073-IJDCM,Female,0,No,No,1,Yes,No,No,No,No,No,No,No,No,Month-to-month,Yes,Mailed check,20.3,20.3,Yes,0–12 months,Below 30
5309-TAIKL,Female,0,No,No,7,Yes,No,DSL,No,No,Yes,Yes,No,No,Month-to-month,No,Bank transfer,62.8,439.6,No,0–12 months,60–90
6856-RAURS,Female,0,No,No,2,Yes,Yes,Fiber optic,No,No,No,No,No,Yes,Month-to-month,Yes,Mailed check,74.9,149.8,No,0–12 months,60–90
8778-LMWTJ,Female,0,No,No,9,Yes,No,Fiber optic,Yes,No,No,No,No,No,Month-to-month,Yes,Electronic check,74.85,673.65,No,0–12 months,60–90
9717-IOAAF,Male,0,No,Yes,27,Yes,Yes,No,No,No,No,No,No,No,Two year,Yes,Credit card,25.85,697.95,No,25–48 months,Below 30
8884-ADFVN,Male,1,Yes,No,7,Yes,Yes,Fiber optic,No,No,Yes,No,Yes,No,Month-to-month,Yes,Electronic check,101.95,713.65,Yes,0–12 months,Above 90
2845-KDHVX,Female,0,Yes,No,64,Yes,No,DSL,No,Yes,Yes,Yes,No,Yes,Two year,Yes,Mailed check,68.3,4371.2,No,61+ months,60–90
0848-SOMKO,Male,0,No,No,70,No,No,DSL,Yes,No,Yes,Yes,No,Yes,Two year,No,Bank transfer,48.4,3388.0,No,61+ months,30–60
2720-WGKHP,Male,1,No,No,2,Yes,Yes,Fiber optic,No,No,No,No,Yes,Yes,Month-to-month,Yes,Electronic check,94.0,188.0,Yes,0–12 months,Above 90
6734-FQAJX,Male,1,No,No,67,Yes,No,Fiber optic,Yes,Yes,No,Yes,Yes,Yes,Two year,Yes,Electronic check,105.05,7038.35,No,61+ months,Above 90
2869-ADAWR,Female,0,No,No,45,Yes,Yes,Fiber optic,No,Yes,No,No,Yes,Yes,Month-to-month,Yes,Credit card,89.3,4018.5,Yes,25–48 months,60–90
1535-VTJOQ,Female,0,No,No,24,Yes,Yes,No,No,No,No,No,No,No,Two year,No,Credit card,25.15,603.6,No,13–24 months,Below 30
6368-TZZDT,Male,0,Yes,Yes,4,Yes,No,No,No,No,No,No,No,No,Two year,No,Credit card,19.5,78.0,No,0–12 months,Below 30
0943-ZQPXH,Male,0,Yes,Yes,44,Yes,No,Fiber optic,No,No,Yes,No,Yes,No,Month-to-month,Yes,Bank transfer,92.95,4089.8,No,25–48 months,Above 90
1293-BSEUN,Female,0,Yes,Yes,72,Yes,No,No,No,No,No,No,No,Yes,Two year,Yes,Mailed check,20.7,1490.4,No,61+ months,Below 30
9894-EZEWG,Female,0,No,No,1,Yes,No,Fiber optic,No,Yes,No,No,No,No,Month-to-month,Yes,Credit card,74.3,74.3,Yes,0–12 months,60–90
1302-TPUBN,Male,0,No,No,66,Yes,No,No,No,No,No,No,No,No,Two year,No,Bank transfer,19.35,1277.1,No,61+ months,Below 30
7851-FLGGQ,Male,0,No,No,1,No,No,DSL,No,Yes,No,Yes,No,No,Month-to-month,Yes,Mailed check,44.65,44.65,Yes,0–12 months,30–60
0637-UBJRP,Male,0,Yes,Yes,13,Yes,No,Fiber optic,Yes,No,No,No,No,Yes,Month-to-month,No,Electronic check,84.05,1092.65,Yes,13–24 months,60–90
0940-OUQEC,Male,0,No,No,10,Yes,Yes,Fiber optic,No,Yes,No,No,No,Yes,Month-to-month,Yes,Bank transfer,80.7,807.0,Yes,0–12 months,60–90
2378-VTKDH,Male,1,Yes,No,65,Yes,Yes,Fiber optic,No,Yes,Yes,No,Yes,No,Month-to-month,Yes,Electronic check,104.35,6782.75,No,61+ months,Above 90
0927-CNGRH,Male,0,No,Yes,1,Yes,No,No,No,No,No,No,No,Yes,Month-to-month,No,Mailed check,19.55,19.55,No,0–12 months,Below 30
8608-OZTLB,Male,0,Yes,Yes,38,Yes,No,DSL,Yes,Yes,Yes,Yes,Yes,No,One year,No,Electronic check,74.05,2813.9,No,25–48 months,60–90
2335-GSODA,Male,0,No,Yes,23,No,No,DSL,Yes,No,Yes,Yes,No,No,Two year,No,Mailed check,40.1,922.3,No,13–24 months,30–60
1952-DVVSW,Female,0,Yes,No,10,Yes,No,No,No,No,No,No,No,No,One year,No,Mailed check,20.1,201.0,No,0–12 months,Below 30
0702-PGIBZ,Male,0,No,Yes,4,Yes,Yes,Fiber optic,No,Yes,No,No,Yes,No,Month-to-month,Yes,Electronic check,101.7,406.8,Yes,0–12 months,Above 90
6656-GULJQ,Male,0,Yes,Yes,72,Yes,Yes,DSL,Yes,No,Yes,Yes,Yes,Yes,Two year,Yes,Credit card,83.55,6015.6,No,61+ months,60–90
9853-JFZDU,Female,0,Yes,No,35,Yes,No,DSL,No,Yes,No,Yes,No,Yes,Month-to-month,No,Electronic check,56.85,1989.75,No,25–48 months,30–60
1963-VAUKV,Female,0,No,No,1,Yes,No,No,No,No,No,No,No,No,Month-to-month,No,Mailed check,20.4,20.4,Yes,0–12 months,Below 30
3777-XROBG,Female,0,Yes,Yes,58,Yes,No,No,No,No,No,No,No,No,Two year,No,Credit card,19.55,1133.9,No,49–60 months,Below 30
6994-FGRHH,Male,0,Yes,Yes,70,Yes,No,Fiber optic,No,Yes,Yes,Yes,Yes,No,One year,Yes,Electronic check,106.15,7430.5,No,61+ months,Above 90
4000-VGMQP,Male,0,Yes,Yes,38,Yes,Yes,DSL,No,Yes,Yes,No,Yes,Yes,One year,No,Credit card,78.95,3000.1,No,25–48 months,60–90
3999-WRNGR,Female,0,Yes,Yes,60,No,No,DSL,No,Yes,No,No,Yes,Yes,Month-to-month,Yes,Electronic check,49.75,2985.0,No,49–60 months,30–60
3466-RITXD,Male,0,No,No,26,Yes,Yes,Fiber optic,Yes,Yes,No,No,Yes,Yes,Month-to-month,Yes,Credit card,92.4,2402.4,No,25–48 months,Above 90
2680-XKKNJ,Female,0,No,No,8,Yes,No,DSL,Yes,Yes,No,Yes,No,No,One year,No,Bank transfer,58.2,465.6,No,0–12 months,30–60
3058-HJCUY,Male,0,Yes,Yes,41,Yes,Yes,Fiber optic,No,No,Yes,Yes,Yes,No,One year,Yes,Electronic check,102.6,4206.6,Yes,25–48 months,Above 90
2974-GGUXS,Female,1,Yes,No,36,Yes,Yes,Fiber optic,No,Yes,No,No,Yes,Yes,Month-to-month,Yes,Credit card,91.95,3310.2,No,25–48 months,Above 90
7994-XIRTR,Male,1,No,No,54,Yes,No,DSL,No,No,Yes,Yes,No,No,One year,No,Bank transfer,65.25,3523.5,No,49–60 months,60–90
3259-FDWOY,Male,0,Yes,Yes,71,Yes,Yes,Fiber optic,No,Yes,Yes,No,Yes,Yes,Two year,Yes,Bank transfer,106.0,7526.0,Yes,61+ months,Above 90
2101-RANCD,Female,0,No,No,55,Yes,Yes,Fiber optic,No,No,No,No,No,Yes,Month-to-month,Yes,Electronic check,73.1,4020.5,No,49–60 months,60–90
7921-BEPCI,Female,0,No,No,72,Yes,Yes,DSL,Yes,Yes,No,No,No,No,Two year,No,Bank transfer,59.75,4302.0,No,61+ months,30–60
0807-ZABDG,Female,0,No,Yes,3,Yes,No,DSL,Yes,No,No,Yes,No,No,Month-to-month,Yes,Mailed check,55.1,165.3,Yes,0–12 months,30–60
8510-TMWYB,Female,0,Yes,Yes,54,Yes,Yes,DSL,No,Yes,Yes,No,No,No,Two year,Yes,Bank transfer,59.8,3229.2,No,49–60 months,30–60
3258-ZKPAI,Male,0,Yes,Yes,72,Yes,Yes,Fiber optic,Yes,Yes,Yes,Yes,Yes,No,Two year,Yes,Bank transfer,116.6,8395.2,No,61+ months,Above 90
1428-IEDPR,Male,0,No,No,52,Yes,Yes,Fiber optic,Yes,No,Yes,Yes,Yes,Yes,Two year,Yes,Electronic check,109.3,5683.6,No,49–60 months,Above 90
5298-GSTLM,Female,1,No,No,60,Yes,Yes,Fiber optic,Yes,No,No,No,Yes,Yes,One year,Yes,Bank transfer,101.4,6084.0,No,49–60 months,Above 90
4450-YOOHP,Female,0,No,No,39,No,No,DSL,No,No,Yes,No,Yes,Yes,Month-to-month,Yes,Credit card,50.65,1975.35,No,25–48 months,30–60
6728-CZFEI,Female,0,No,No,15,Yes,No,DSL,No,No,No,No,Yes,Yes,One year,No,Mailed check,56.15,842.25,No,13–24 months,30–60
5748-RNCJT,Male,0,No,No,69,Yes,Yes,Fiber optic,No,No,Yes,Yes,Yes,No,Two year,Yes,Bank transfer,106.5,7348.5,Yes,61+ months,Above 90
3653-NCRDJ,Male,0,Yes,Yes,43,Yes,No,No,No,No,No,No,No,Yes,One year,Yes,Mailed check,19.2,825.6,No,25–48 months,Below 30
6121-TNHBO,Female,1,No,No,63,Yes,Yes,DSL,Yes,Yes,Yes,Yes,Yes,No,One year,No,Bank transfer,83.0,5229.0,No,61+ months,60–90
5119-NZPTV,Male,1,Yes,No,2,Yes,No,Fiber optic,No,No,No,No,No,No,Month-to-month,No,Electronic check,70.1,140.2,No,0–12 months,60–90
6519-ZHPXP,Female,0,Yes,Yes,72,Yes,No,Fiber optic,Yes,Yes,Yes,Yes,Yes,No,Two year,Yes,Bank transfer,108.3,7797.6,No,61+ months,Above 90
7739-LAXOG,Female,0,Yes,Yes,32,Yes,Yes,Fiber optic,No,No,Yes,No,No,Yes,Month-to-month,Yes,Bank transfer,91.05,2913.6,Yes,25–48 months,Above 90
3472-QPRCH,Male,0,Yes,Yes,40,Yes,Yes,No,No,No,No,No,No,Yes,Two year,No,Credit card,25.25,1010.0,No,25–48 months,Below 30
8224-UAXBZ,Female,0,Yes,No,58,No,No,DSL,Yes,Yes,No,No,Yes,No,One year,Yes,Electronic check,45.35,2630.3,No,49–60 months,30–60
9610-WCESF,Male,0,No,No,67,No,No,DSL,Yes,No,No,Yes,Yes,No,Two year,No,Electronic check,43.9,2941.3,No,61+ months,30–60
9776-CLUJA,Female,1,Yes,No,51,Yes,Yes,Fiber optic,Yes,No,No,No,No,No,Month-to-month,Yes,Electronic check,77.5,3952.5,Yes,49–60 months,60–90
2486-WYVVE,Male,0,Yes,No,31,Yes,Yes,DSL,No,No,Yes,Yes,Yes,No,One year,Yes,Mailed check,79.3,2458.3,No,25–48 months,60–90
3865-ZYKAD,Male,1,Yes,No,69,Yes,Yes,Fiber optic,Yes,Yes,No,No,No,Yes,Month-to-month,Yes,Credit card,84.9,5858.1,No,61+ months,60–90
1422-DGUBX,Male,0,Yes,No,32,Yes,Yes,Fiber optic,No,No,No,Yes,No,No,One year,Yes,Electronic check,79.25,2536.0,No,25–48 months,60–90
2999-AANRQ,Female,0,No,No,21,Yes,No,DSL,Yes,Yes,No,Yes,Yes,No,Two year,No,Credit card,71.05,1492.05,No,13–24 months,60–90
8668-KNZTI,Male,0,No,No,52,Yes,No,DSL,Yes,No,Yes,No,No,No,One year,No,Electronic check,53.75,2795.0,No,49–60 months,30–60
0480-KYJVA,Female,0,Yes,Yes,72,Yes,Yes,No,No,No,No,No,No,No,Two year,No,Credit card,24.25,1746.0,No,61+ months,Below 30
6034-ZRYCV,Female,0,Yes,No,72,No,No,DSL,No,Yes,Yes,No,Yes,No,Two year,Yes,Electronic check,54.2,3902.4,Yes,61+ months,30–60
9746-YKGXB,Male,0,Yes,Yes,52,No,No,DSL,Yes,No,Yes,No,No,Yes,One year,No,Bank transfer,44.25,2301.0,No,49–60 months,30–60
3926-YZVVX,Female,0,No,No,41,Yes,No,DSL,No,No,No,Yes,No,Yes,One year,No,Bank transfer,50.05,2052.05,No,25–48 months,30–60
6000-UKLWI,Male,0,No,No,41,Yes,No,No,No,No,No,No,No,No,Two year,No,Mailed check,20.15,826.15,No,25–48 months,Below 30
2079-FBMZK,Female,0,No,No,6,Yes,No,Fiber optic,No,No,No,No,No,No,Month-to-month,Yes,Mailed check,69.25,415.5,Yes,0–12 months,60–90
6332-FBZRI,Male,0,Yes,Yes,67,Yes,Yes,DSL,Yes,Yes,Yes,Yes,No,No,One year,Yes,Credit card,69.35,4646.45,No,61+ months,60–90
2096-XOTMO,Female,0,Yes,Yes,16,Yes,No,No,No,No,No,No,No,No,Month-to-month,No,Mailed check,19.35,309.6,No,13–24 months,Below 30
3266-FTKHB,Male,0,No,No,17,Yes,No,No,No,No,No,No,No,No,Two year,No,Mailed check,19.15,325.55,No,13–24 months,Below 30
8221-EQDGL,Male,0,Yes,No,35,Yes,No,DSL,Yes,Yes,Yes,No,No,No,Month-to-month,No,Mailed check,61.0,2135.0,No,25–48 months,60–90
2346-LOCWC,Female,0,Yes,Yes,58,Yes,No,No,No,No,No,No,No,No,Two year,No,Credit card,20.5,1189.0,No,49–60 months,Below 30
6608-QQLVK,Male,0,No,No,1,Yes,No,DSL,No,No,Yes,No,No,No,Month-to-month,Yes,Electronic check,50.5,50.5,Yes,0–12 months,30–60
0298-XACET,Male,0,Yes,Yes,52,No,No,DSL,No,Yes,Yes,Yes,Yes,No,Two year,No,Mailed check,50.2,2610.4,No,49–60 months,30–60
7560-QJAVJ,Female,0,No,No,70,Yes,No,DSL,Yes,No,Yes,Yes,Yes,No,Two year,No,Bank transfer,79.6,5572.0,No,61+ months,60–90
2995-YWTCD,Female,0,Yes,Yes,19,Yes,Yes,No,No,No,No,No,No,Yes,Two year,Yes,Bank transfer,24.9,473.1,No,13–24 months,Below 30
3551-HUAZH,Male,1,No,No,1,Yes,Yes,Fiber optic,No,No,No,No,No,No,Month-to-month,Yes,Electronic check,74.4,74.4,Yes,0–12 months,60–90
9137-UIYPG,Female,0,Yes,Yes,35,Yes,No,Fiber optic,Yes,No,Yes,Yes,Yes,No,Month-to-month,Yes,Electronic check,106.9,3741.5,No,25–48 months,Above 90
2809-ZMYOQ,Female,0,No,No,32,Yes,Yes,Fiber optic,No,No,Yes,No,Yes,Yes,Month-to-month,Yes,Electronic check,101.35,3243.2,No,25–48 months,Above 90
5084-OOVCJ,Female,0,Yes,Yes,17,Yes,No,DSL,Yes,No,No,Yes,No,Yes,Month-to-month,Yes,Credit card,55.35,940.95,No,13–24 months,30–60
0254-WWRKD,Female,0,Yes,Yes,67,Yes,No,DSL,No,Yes,No,No,No,No,One year,No,Credit card,50.55,3386.85,No,61+ months,30–60
7727-SHVZV,Female,0,No,No,9,Yes,No,No,No,No,No,No,No,No,Month-to-month,No,Bank transfer,19.5,175.5,No,0–12 months,Below 30
6302-JGYRJ,Male,0,No,Yes,31,Yes,Yes,DSL,No,Yes,No,Yes,Yes,No,One year,Yes,Mailed check,79.45,2462.95,Yes,25–48 months,60–90
5339-PXDVH,Male,0,No,No,4,Yes,Yes,Fiber optic,Yes,No,No,No,Yes,Yes,Month-to-month,No,Electronic check,90.65,362.6,No,0–12 months,Above 90
2205-LPVGL,Male,1,Yes,Yes,58,Yes,Yes,Fiber optic,Yes,Yes,No,Yes,No,No,One year,Yes,Bank transfer,89.85,5211.3,No,49–60 months,60–90
8782-NUUOL,Male,0,No,No,60,Yes,No,DSL,Yes,No,Yes,Yes,Yes,No,One year,No,Mailed check,79.0,4740.0,No,49–60 months,60–90
3685-YLCMQ,Male,0,No,No,58,Yes,Yes,Fiber optic,No,No,Yes,Yes,Yes,Yes,One year,Yes,Electronic check,104.65,6069.7,Yes,49–60 months,Above 90
7601-WFVZV,Male,0,No,No,1,Yes,No,No,No,No,No,No,No,Yes,Month-to-month,No,Mailed check,19.55,19.55,No,0–12 months,Below 30
4609-KNNWG,Female,0,Yes,Yes,27,Yes,No,No,No,No,No,No,No,No,Two year,No,Mailed check,19.9,537.3,No,25–48 months,Below 30
4868-AADLV,Male,1,Yes,Yes,66,Yes,Yes,Fiber optic,Yes,Yes,Yes,Yes,Yes,No,One year,Yes,Electronic check,116.25,7672.5,No,61+ months,Above 90
9529-OFXHY,Male,0,No,No,15,Yes,Yes,Fiber optic,Yes,No,No,No,Yes,Yes,Month-to-month,Yes,Bank transfer,87.75,1316.25,No,13–24 months,60–90
8634-MPHTR,Male,1,Yes,No,47,Yes,Yes,Fiber optic,No,No,Yes,No,Yes,No,Month-to-month,Yes,Electronic check,100.05,4702.35,Yes,25–48 months,Above 90
2669-QVCRG,Female,0,No,No,41,Yes,Yes,Fiber optic,Yes,No,No,No,No,Yes,Month-to-month,Yes,Credit card,81.3,3333.3,No,25–48 months,60–90
2478-EEWWM,Male,0,Yes,No,59,No,No,DSL,No,No,No,No,Yes,No,Month-to-month,Yes,Electronic check,44.3,2613.7,No,49–60 months,30–60
9174-IHETN,Female,0,No,Yes,50,Yes,No,Fiber optic,No,No,No,No,No,Yes,Two year,No,Credit card,70.35,3517.5,No,49–60 months,60–90
2233-TXSIU,Male,0,Yes,Yes,17,No,No,DSL,Yes,No,Yes,No,Yes,No,One year,No,Credit card,44.45,755.65,No,13–24 months,30–60
9644-UMGQA,Male,0,Yes,Yes,6,Yes,No,DSL,Yes,No,No,No,No,No,Month-to-month,Yes,Electronic check,49.15,294.9,No,0–12 months,30–60
3256-EZDBI,Male,1,Yes,No,51,No,No,DSL,No,Yes,No,No,No,No,Month-to-month,Yes,Credit card,29.45,1501.95,No,49–60 months,Below 30
8761-NSOBC,Male,0,No,No,44,Yes,No,Fiber optic,No,Yes,No,Yes,Yes,No,Month-to-month,No,Electronic check,100.55,4424.2,Yes,25–48 months,Above 90
0419-YAAPX,Male,0,Yes,No,49,Yes,No,Fiber optic,No,Yes,No,No,Yes,Yes,Month-to-month,Yes,Credit card,85.3,4179.7,No,49–60 months,60–90
8413-VONUO,Male,0,No,No,2,Yes,No,Fiber optic,No,Yes,No,No,Yes,No,Month-to-month,No,Electronic check,95.65,191.3,Yes,0–12 months,Above 90
0872-CASZJ,Male,0,Yes,No,59,Yes,Yes,DSL,Yes,No,No,Yes,No,Yes,One year,Yes,Mailed check,69.1,4076.9,No,49–60 months,60–90
4726-DLWQN,Male,1,No,No,50,Yes,Yes,DSL,Yes,Yes,No,No,Yes,Yes,Month-to-month,Yes,Bank transfer,70.35,3517.5,No,49–60 months,60–90
8164-OCKUJ,Female,0,Yes,Yes,59,Yes,No,No,No,No,No,No,No,No,Two year,No,Mailed check,20.6,1215.4,No,49–60 months,Below 30
3094-JOJAI,Male,0,No,No,18,Yes,Yes,Fiber optic,No,No,No,No,No,No,Month-to-month,No,Mailed check,74.15,1334.7,No,13–24 months,60–90
9494-MRNYX,Male,0,No,No,10,Yes,Yes,Fiber optic,No,No,No,No,No,No,Month-to-month,No,Electronic check,75.05,750.5,No,0–12 months,60–90
2599-CZABP,Male,0,Yes,No,14,Yes,No,DSL,No,No,No,No,No,No,One year,No,Electronic check,44.6,624.4,No,13–24 months,30–60
7945-PRBVF,Male,0,No,No,35,Yes,No,No,No,No,No,No,No,No,Two year,No,Bank transfer,21.45,750.75,No,25–48 months,Below 30
4544-RXFMG,Male,0,Yes,Yes,8,Yes,No,DSL,No,No,No,No,No,No,One year,Yes,Mailed check,43.45,347.6,No,0–12 months,30–60
0859-YGKFW,Male,0,Yes,Yes,18,Yes,No,No,No,No,No,No,No,No,One year,No,Bank transfer,20.05,360.9,No,13–24 months,Below 30
1150-FTQGN,Female,0,Yes,Yes,60,Yes,Yes,Fiber optic,Yes,Yes,No,No,Yes,No,One year,No,Bank transfer,94.15,5649.0,No,49–60 months,Above 90
9223-UCPVT,Female,0,No,No,1,Yes,No,Fiber optic,No,No,Yes,No,Yes,No,Month-to-month,No,Electronic check,94.4,94.4,Yes,0–12 months,Above 90
7196-LIWRH,Female,0,No,No,6,Yes,No,No,No,No,No,No,No,Yes,Two year,No,Mailed check,19.55,117.3,No,0–12 months,Below 30
5448-VWNAM,Female,0,No,Yes,19,Yes,Yes,DSL,Yes,Yes,No,Yes,Yes,No,Month-to-month,Yes,Mailed check,75.9,1442.1,No,13–24 months,60–90
1177-XZBJL,Male,0,Yes,Yes,53,Yes,Yes,DSL,Yes,Yes,No,Yes,No,No,One year,No,Bank transfer,64.15,3399.95,No,49–60 months,60–90
3518-FSTWG,Male,1,Yes,No,72,Yes,Yes,Fiber optic,Yes,Yes,Yes,No,Yes,No,Two year,Yes,Bank transfer,109.55,7887.6,No,61+ months,Above 90
9330-VOFSZ,Female,0,Yes,No,60,Yes,Yes,Fiber optic,No,Yes,Yes,Yes,Yes,Yes,Two year,Yes,Credit card,110.8,6648.0,No,49–60 months,Above 90
4351-QLCSU,Female,0,No,No,1,Yes,No,DSL,No,No,No,No,Yes,Yes,Month-to-month,Yes,Credit card,55.0,55.0,Yes,0–12 months,30–60
0939-EREMR,Female,0,No,Yes,13,Yes,No,DSL,No,No,Yes,Yes,No,No,Month-to-month,No,Mailed check,53.45,694.85,No,13–24 months,30–60
9389-ACWBI,Female,0,Yes,Yes,5,Yes,No,Fiber optic,No,No,No,No,No,No,Month-to-month,No,Credit card,69.95,349.75,No,0–12 months,60–90
5419-JPRRN,Male,0,No,No,1,Yes,Yes,Fiber optic,No,No,Yes,No,Yes,No,Month-to-month,Yes,Electronic check,101.45,101.45,Yes,0–12 months,Above 90
3644-QXEHN,Male,0,Yes,Yes,13,Yes,No,Fiber optic,No,No,Yes,No,Yes,Yes,Month-to-month,No,Electronic check,97.0,1261.0,No,13–24 months,Above 90
2911-IJORQ,Male,0,No,No,37,Yes,Yes,DSL,Yes,Yes,Yes,Yes,Yes,Yes,One year,Yes,Bank transfer,90.6,3352.2,No,25–48 months,Above 90
5921-NGYRH,Male,0,Yes,No,64,Yes,No,Fiber optic,Yes,No,No,No,No,Yes,Month-to-month,Yes,Mailed check,73.55,4707.2,No,61+ months,60–90
2100-BDNSN,Female,0,Yes,No,5,Yes,Yes,DSL,No,No,Yes,Yes,Yes,No,Month-to-month,No,Bank transfer,67.95,339.75,Yes,0–12 months,60–90
5998-DZLYR,Female,0,Yes,No,61,Yes,Yes,Fiber optic,No,Yes,No,Yes,No,No,Two year,Yes,Bank transfer,94.35,5755.35,No,61+ months,Above 90
0488-GSLFR,Female,0,No,No,1,Yes,No,Fiber optic,No,No,No,No,No,Yes,Month-to-month,Yes,Electronic check,69.5,69.5,Yes,0–12 months,60–90
9318-NKNFC,Male,0,No,No,1,Yes,No,No,No,No,No,No,No,No,Month-to-month,Yes,Mailed check,18.85,18.85,Yes,0–12 months,Below 30
3985-HOYPM,Male,0,No,No,26,Yes,No,No,No,No,No,No,No,No,One year,No,Mailed check,19.4,504.4,No,25–48 months,Below 30
9728-FTTVZ,Female,0,No,No,1,Yes,No,Fiber optic,No,No,No,No,No,No,Month-to-month,Yes,Electronic check,69.2,69.2,Yes,0–12 months,60–90
9548-LERKT,Male,0,Yes,No,24,Yes,No,No,No,No,No,No,No,No,Two year,No,Mailed check,19.75,474.0,No,13–24 months,Below 30
6576-FBXOJ,Male,0,Yes,No,17,No,No,DSL,No,No,Yes,Yes,Yes,No,One year,No,Electronic check,54.6,928.2,No,13–24 months,30–60
4310-KEDTB,Female,0,No,Yes,26,No,No,DSL,No,No,Yes,No,No,Yes,Month-to-month,Yes,Mailed check,29.8,774.8,No,25–48 months,Below 30
7254-IQWOZ,Male,0,No,No,1,Yes,No,Fiber optic,No,No,No,No,No,No,Month-to-month,Yes,Electronic check,69.65,69.65,Yes,0–12 months,60–90
2474-BRUCM,Male,1,Yes,No,40,Yes,Yes,Fiber optic,Yes,No,No,No,Yes,No,Month-to-month,No,Electronic check,101.85,4074.0,Yes,25–48 months,Above 90
4062-HBMOS,Male,0,No,No,52,Yes,Yes,Fiber optic,No,Yes,Yes,No,Yes,Yes,Month-to-month,Yes,Electronic check,103.05,5358.6,No,49–60 months,Above 90
0742-NXBGR,Female,0,No,No,1,Yes,No,Fiber optic,No,Yes,Yes,No,No,Yes,Month-to-month,Yes,Electronic check,82.3,82.3,Yes,0–12 months,60–90
2676-ISHSF,Male,0,No,No,1,Yes,No,No,No,No,No,No,No,No,Month-to-month,No,Mailed check,20.3,20.3,No,0–12 months,Below 30
9236-NDUCW,Female,0,No,No,21,No,No,DSL,Yes,No,No,Yes,No,No,Two year,No,Mailed check,35.1,737.1,No,13–24 months,30–60
4753-PADAS,Female,0,Yes,No,67,Yes,Yes,Fiber optic,No,Yes,Yes,No,Yes,No,One year,Yes,Bank transfer,105.7,7081.9,No,61+ months,Above 90
6103-QCKFX,Female,0,Yes,Yes,44,Yes,No,DSL,Yes,No,No,Yes,No,Yes,Month-to-month,No,Bank transfer,56.25,2475.0,No,25–48 months,30–60
7781-EWARA,Male,0,Yes,Yes,70,No,No,DSL,No,Yes,Yes,Yes,Yes,No,One year,No,Electronic check,60.35,4224.5,No,61+ months,60–90
6110-OHIHY,Male,0,No,No,3,Yes,No,Fiber optic,No,No,No,No,Yes,Yes,Month-to-month,No,Electronic check,79.25,237.75,Yes,0–12 months,60–90
7018-FPXHH,Male,0,Yes,Yes,56,Yes,No,DSL,Yes,Yes,Yes,No,No,No,Two year,Yes,Bank transfer,59.8,3348.8,No,49–60 months,30–60
5889-LFOLL,Female,0,No,No,13,Yes,Yes,Fiber optic,No,No,No,No,No,No,Month-to-month,Yes,Electronic check,84.6,1099.8,Yes,13–24 months,60–90
5708-EVONK,Female,0,Yes,Yes,58,Yes,Yes,Fiber optic,Yes,Yes,No,No,No,Yes,Month-to-month,Yes,Bank transfer,93.4,5417.2,Yes,49–60 months,Above 90
8708-XPXHZ,Female,0,Yes,Yes,42,Yes,Yes,Fiber optic,No,No,No,No,Yes,Yes,Month-to-month,Yes,Electronic check,94.2,3956.4,Yes,25–48 months,Above 90
0616-ATFGB,Male,1,Yes,No,1,No,No,DSL,No,No,No,No,No,Yes,Month-to-month,No,Electronic check,25.05,25.05,Yes,0–12 months,Below 30
0572-ZJKLT,Female,0,Yes,Yes,46,Yes,Yes,Fiber optic,Yes,No,Yes,Yes,No,No,Two year,No,Mailed check,99.65,4583.9,No,25–48 months,Above 90
5135-RDDQL,Female,0,Yes,Yes,63,Yes,No,DSL,Yes,No,No,No,No,Yes,Two year,Yes,Bank transfer,50.65,3190.95,No,61+ months,30–60
1353-LJWEM,Male,0,No,No,11,Yes,No,DSL,No,Yes,Yes,Yes,No,No,Month-to-month,Yes,Electronic check,60.9,669.9,No,0–12 months,60–90
1794-SWWKL,Male,0,Yes,Yes,15,Yes,Yes,DSL,No,No,Yes,Yes,No,No,Month-to-month,Yes,Bank transfer,59.65,894.75,No,13–24 months,30–60
6166-YIPFO,Male,0,Yes,No,72,No,No,DSL,Yes,Yes,Yes,Yes,Yes,No,Two year,Yes,Electronic check,64.7,4658.4,No,61+ months,60–90
7016-BPGEU,Female,0,No,No,29,No,No,DSL,No,No,No,No,No,Yes,Month-to-month,Yes,Credit card,25.1,727.9,Yes,25–48 months,Below 30
6876-ADESB,Male,0,No,Yes,1,Yes,No,DSL,No,No,Yes,No,No,No,Month-to-month,No,Electronic check,48.95,48.95,Yes,0–12 months,30–60
9332-GYWLO,Female,0,Yes,Yes,6,Yes,No,DSL,No,No,No,No,Yes,No,Month-to-month,No,Electronic check,54.85,329.1,No,0–12 months,30–60
1963-SVUCV,Male,0,No,No,1,Yes,No,DSL,No,No,No,No,No,No,Month-to-month,No,Electronic check,45.3,45.3,Yes,0–12 months,30–60
4184-VODJZ,Male,0,Yes,Yes,63,Yes,Yes,Fiber optic,No,Yes,No,No,No,No,One year,Yes,Electronic check,91.35,5755.05,No,61+ months,Above 90
0220-EBGCE,Male,0,No,No,2,Yes,No,Fiber optic,No,No,Yes,No,No,Yes,Month-to-month,Yes,Electronic check,85.85,171.7,Yes,0–12 months,60–90
1092-WPIVQ,Female,0,Yes,Yes,18,Yes,Yes,No,No,No,No,No,No,Yes,Two year,No,Mailed check,25.1,451.8,No,13–24 months,Below 30
7233-IOQNP,Female,0,Yes,No,43,No,No,DSL,Yes,No,No,Yes,No,No,Month-to-month,No,Bank transfer,34.0,1462.0,No,25–48 months,30–60
2834-JKOOW,Female,0,No,No,15,No,No,DSL,Yes,Yes,Yes,Yes,No,No,One year,No,Mailed check,45.9,688.5,No,13–24 months,30–60
2754-VDLTR,Male,0,No,Yes,10,Yes,Yes,Fiber optic,No,No,No,No,Yes,No,Month-to-month,No,Electronic check,95.2,952.0,Yes,0–12 months,Above 90
2400-FEQME,Male,0,Yes,Yes,55,Yes,No,No,No,No,No,No,No,Yes,Two year,No,Mailed check,20.5,1127.5,No,49–60 months,Below 30
3190-XFANI,Male,0,No,Yes,49,Yes,Yes,Fiber optic,No,No,No,Yes,Yes,No,One year,Yes,Bank transfer,100.6,4929.4,Yes,49–60 months,Above 90
7551-DACSP,Male,0,Yes,Yes,6,Yes,No,DSL,No,Yes,Yes,No,No,Yes,Month-to-month,Yes,Mailed check,55.3,331.8,Yes,0–12 months,30–60
4957-SREEC,Male,0,Yes,Yes,70,Yes,No,No,No,No,No,No,No,No,Two year,No,Credit card,20.35,1424.5,No,61+ months,Below 30
7235-NXZCP,Male,1,No,No,2,Yes,Yes,Fiber optic,No,No,No,No,No,No,Month-to-month,Yes,Mailed check,74.85,149.7,Yes,0–12 months,60–90
0230-UBYPQ,Male,1,Yes,No,63,No,No,DSL,Yes,No,No,Yes,No,No,One year,No,Bank transfer,36.1,2274.3,No,61+ months,30–60
4923-ADWXJ,Female,0,No,No,25,Yes,No,DSL,No,Yes,No,Yes,No,No,Month-to-month,Yes,Bank transfer,65.8,1645.0,No,25–48 months,60–90
1763-KUAAW,Female,1,No,No,18,Yes,No,No,No,No,No,No,No,Yes,One year,No,Bank transfer,20.35,366.3,No,13–24 months,Below 30
1104-TNLZA,Male,1,Yes,No,28,Yes,Yes,Fiber optic,No,Yes,No,Yes,Yes,No,Month-to-month,Yes,Electronic check,105.8,2962.4,No,25–48 months,Above 90
5195-KPUNQ,Female,1,No,No,53,Yes,No,Fiber optic,Yes,Yes,No,Yes,No,Yes,One year,Yes,Mailed check,96.75,5127.75,No,49–60 months,Above 90
0520-FDVVT,Male,0,No,No,35,Yes,No,Fiber optic,No,Yes,Yes,No,Yes,Yes,One year,Yes,Bank transfer,102.35,3582.25,Yes,25–48 months,Above 90
3439-GVUSX,Male,0,No,No,1,No,No,DSL,No,No,No,No,No,Yes,Month-to-month,No,Mailed check,24.4,24.4,No,0–12 months,Below 30
1444-VVSGW,Male,0,Yes,No,70,Yes,Yes,Fiber optic,Yes,Yes,Yes,Yes,Yes,No,One year,No,Credit card,115.65,8095.5,Yes,61+ months,Above 90
5712-PTIWW,Male,0,No,No,2,Yes,No,Fiber optic,No,No,Yes,Yes,No,Yes,Month-to-month,Yes,Electronic check,79.85,159.7,Yes,0–12 months,60–90
5949-HGVJL,Female,0,Yes,No,26,Yes,No,DSL,No,Yes,No,Yes,Yes,No,Month-to-month,Yes,Electronic check,73.05,1899.3,No,25–48 months,60–90
5203-XEHAX,Female,0,No,No,34,Yes,No,DSL,Yes,Yes,No,No,No,Yes,One year,No,Electronic check,64.35,2187.9,No,25–48 months,60–90
1635-HDGFT,Female,0,No,Yes,19,Yes,No,No,No,No,No,No,No,Yes,Two year,No,Mailed check,20.5,389.5,No,13–24 months,Below 30
3315-TOTBP,Male,0,No,No,15,Yes,Yes,Fiber optic,No,No,No,No,No,No,Month-to-month,Yes,Mailed check,76.0,1140.0,Yes,13–24 months,60–90
8050-XGRVL,Female,0,Yes,Yes,62,Yes,No,DSL,Yes,No,Yes,No,No,No,One year,No,Credit card,54.75,3394.5,No,61+ months,30–60
6661-HBGWL,Female,1,No,No,42,Yes,Yes,Fiber optic,No,Yes,Yes,No,Yes,No,Month-to-month,Yes,Bank transfer,104.75,4399.5,Yes,25–48 months,Above 90
1518-VOWAV,Female,0,No,No,9,Yes,No,DSL,Yes,Yes,No,No,Yes,Yes,Month-to-month,Yes,Electronic check,74.65,671.85,Yes,0–12 months,60–90
9828-QHFBK,Male,0,No,No,24,Yes,No,DSL,Yes,No,No,No,No,Yes,Month-to-month,Yes,Electronic check,51.15,1227.6,No,13–24 months,30–60
3908-MKIMJ,Male,1,Yes,No,68,No,No,DSL,Yes,Yes,Yes,No,No,No,Two year,Yes,Electronic check,41.95,2852.6,No,61+ months,30–60
5012-YSPJJ,Male,0,Yes,Yes,31,Yes,No,DSL,No,No,Yes,Yes,No,No,Month-to-month,No,Mailed check,54.35,1684.85,No,25–48 months,30–60
5909-ECHUI,Female,0,No,No,1,Yes,No,DSL,No,No,No,No,No,No,Month-to-month,Yes,Electronic check,56.25,56.25,Yes,0–12 months,30–60
1309-BXVOQ,Male,0,Yes,No,21,Yes,Yes,Fiber optic,No,No,Yes,Yes,Yes,Yes,Month-to-month,Yes,Electronic check,106.1,2228.1,Yes,13–24 months,Above 90
6728-VOIFY,Female,0,Yes,No,63,Yes,No,Fiber optic,No,Yes,No,No,Yes,Yes,One year,Yes,Electronic check,96.0,6048.0,No,61+ months,Above 90
9317-WZPGV,Female,1,No,No,2,Yes,No,Fiber optic,No,No,No,No,No,Yes,Month-to-month,Yes,Bank transfer,79.75,159.5,Yes,0–12 months,60–90
4891-NLUBA,Female,0,Yes,Yes,61,No,No,DSL,No,Yes,Yes,Yes,Yes,Yes,Two year,Yes,Bank transfer,61.45,3748.45,No,61+ months,60–90
2856-HYAPG,Female,0,No,No,1,Yes,No,Fiber optic,No,No,No,No,No,Yes,Month-to-month,No,Electronic check,68.65,68.65,Yes,0–12 months,60–90
8969-PRHFK,Male,0,No,No,18,Yes,No,No,No,No,No,No,No,No,One year,No,Mailed check,19.65,353.7,No,13–24 months,Below 30
0661-KQHNK,Female,0,Yes,Yes,6,Yes,No,No,No,No,No,No,No,No,One year,No,Credit card,19.0,114.0,No,0–12 months,Below 30
8709-KRDVL,Female,0,No,No,33,Yes,Yes,Fiber optic,No,Yes,No,No,Yes,No,Month-to-month,Yes,Electronic check,100.0,3300.0,No,25–48 months,Above 90
4488-PSYCG,Male,0,No,No,16,Yes,No,No,No,No,No,No,No,Yes,Month-to-month,No,Bank transfer,20.25,324.0,Yes,13–24 months,Below 30
1427-VERSM,Female,0,Yes,No,56,Yes,No,Fiber optic,No,No,Yes,Yes,Yes,No,Month-to-month,Yes,Electronic check,98.7,5527.2,No,49–60 months,Above 90
9801-NOSHQ,Male,0,No,Yes,23,Yes,No,No,No,No,No,No,No,Yes,One year,No,Mailed check,19.8,455.4,No,13–24 months,Below 30
6339-YPSAH,Male,0,No,No,9,Yes,No,Fiber optic,No,No,Yes,No,No,No,Month-to-month,Yes,Electronic check,73.8,664.2,No,0–12 months,60–90
3621-CEOVK,Female,1,Yes,No,14,Yes,Yes,Fiber optic,No,Yes,No,No,Yes,No,Month-to-month,Yes,Electronic check,100.2,1402.8,Yes,13–24 months,Above 90
6906-ANDWJ,Male,0,Yes,Yes,15,Yes,Yes,Fiber optic,No,No,No,No,No,Yes,Month-to-month,Yes,Bank transfer,74.9,1123.5,Yes,13–24 months,60–90
2159-TURXX,Male,0,No,No,5,Yes,No,No,No,No,No,No,No,No,Month-to-month,No,Credit card,20.05,100.25,No,0–12 months,Below 30
1548-FEHVL,Male,0,Yes,No,61,Yes,Yes,Fiber optic,Yes,Yes,No,No,Yes,No,Month-to-month,Yes,Electronic check,106.2,6478.2,No,61+ months,Above 90
3795-CAWEX,Male,0,Yes,Yes,70,Yes,Yes,Fiber optic,Yes,Yes,Yes,Yes,Yes,Yes,Two year,Yes,Credit card,116.55,8158.5,No,61+ months,Above 90
6215-NQCPY,Male,0,No,No,15,Yes,Yes,Fiber optic,Yes,No,No,No,Yes,Yes,Month-to-month,Yes,Electronic check,99.7,1495.5,No,13–24 months,Above 90
5647-URDKA,Male,0,Yes,Yes,8,Yes,No,No,No,No,No,No,No,Yes,Two year,No,Mailed check,19.7,157.6,No,0–12 months,Below 30
2229-DPMBI,Female,0,Yes,Yes,8,Yes,No,No,No,No,No,No,No,No,Two year,No,Mailed check,19.5,156.0,No,0–12 months,Below 30
9626-WEQRM,Female,0,No,No,4,No,No,DSL,Yes,No,No,No,No,No,Month-to-month,Yes,Mailed check,29.15,116.6,No,0–12 months,Below 30
2188-SXWVT,Female,0,No,No,34,Yes,No,DSL,Yes,Yes,No,No,No,No,One year,No,Mailed check,55.0,1870.0,No,25–48 months,30–60
6258-PVZWJ,Male,0,Yes,No,68,Yes,Yes,DSL,Yes,Yes,Yes,Yes,Yes,No,Two year,Yes,Credit card,90.8,6174.4,No,61+ months,Above 90
1094-BKOSX,Female,0,Yes,Yes,45,No,No,DSL,No,Yes,Yes,Yes,No,Yes,One year,No,Bank transfer,51.0,2295.0,No,25–48 months,30–60
6969-MVBAI,Female,1,No,No,9,Yes,Yes,Fiber optic,No,No,Yes,No,Yes,Yes,Month-to-month,Yes,Electronic check,90.1,810.9,No,0–12 months,Above 90
2978-XXSOG,Female,0,No,No,22,Yes,Yes,DSL,Yes,No,No,Yes,No,No,Month-to-month,Yes,Mailed check,59.05,1299.1,No,13–24 months,30–60
2342-CKIAO,Female,0,No,No,2,Yes,No,No,No,No,No,No,No,No,Month-to-month,No,Mailed check,20.3,40.6,No,0–12 months,Below 30
6953-PBDIN,Male,0,Yes,No,70,Yes,Yes,DSL,No,Yes,Yes,Yes,Yes,No,Two year,No,Bank transfer,72.95,5106.5,No,61+ months,60–90
3898-BSJYF,Female,0,No,Yes,10,Yes,Yes,DSL,Yes,No,Yes,Yes,No,No,One year,No,Credit card,73.55,735.5,No,0–12 months,60–90
3938-YFPXD,Male,0,No,No,72,Yes,Yes,DSL,Yes,No,Yes,Yes,Yes,Yes,Two year,No,Credit card,84.3,6069.6,No,61+ months,60–90
7696-AMHOD,Female,0,Yes,Yes,49,Yes,No,DSL,No,Yes,Yes,No,Yes,Yes,One year,No,Credit card,78.0,3822.0,No,49–60 months,60–90
2453-SAFNS,Female,1,No,No,54,Yes,Yes,DSL,No,Yes,No,Yes,Yes,Yes,One year,No,Mailed check,72.1,3893.4,No,49–60 months,60–90
9558-IHEZX,Female,0,No,No,71,Yes,Yes,Fiber optic,Yes,Yes,Yes,No,Yes,No,Two year,Yes,Credit card,106.75,7579.25,No,61+ months,Above 90
9617-UDPEU,Female,0,No,No,22,Yes,No,No,No,No,No,No,No,Yes,One year,Yes,Mailed check,19.25,423.5,No,13–24 months,Below 30
6340-DACFT,Female,0,Yes,Yes,50,Yes,No,No,No,No,No,No,No,No,Two year,No,Credit card,20.55,1027.5,No,49–60 months,Below 30
4955-VCWBI,Female,0,Yes,Yes,43,Yes,No,No,No,No,No,No,No,No,One year,No,Mailed check,20.0,860.0,No,25–48 months,Below 30
6813-GZQCG,Female,0,Yes,Yes,45,Yes,Yes,No,No,No,No,No,No,No,Two year,Yes,Credit card,24.65,1109.25,No,25–48 months,Below 30
7426-GSWPO,Male,1,No,No,64,Yes,Yes,Fiber optic,Yes,Yes,No,No,Yes,No,Month-to-month,Yes,Bank transfer,103.5,6624.0,No,61+ months,Above 90
3389-KTRXV,Female,0,Yes,Yes,23,Yes,Yes,No,No,No,No,No,No,Yes,Two year,No,Mailed check,23.85,548.55,No,13–24 months,Below 30
3118-UHVVQ,Female,0,Yes,No,68,Yes,Yes,No,No,No,No,No,No,No,Two year,No,Credit card,25.8,1754.4,No,61+ months,Below 30
1031-IIDEO,Female,0,No,No,1,Yes,No,Fiber optic,No,No,No,No,No,No,Month-to-month,Yes,Electronic check,70.85,70.85,Yes,0–12 months,60–90
5832-XKAES,Male,0,No,No,2,Yes,No,Fiber optic,No,No,No,No,No,No,Month-to-month,Yes,Credit card,69.8,139.6,Yes,0–12 months,60–90
3205-MXZRA,Male,0,No,No,26,Yes,No,DSL,No,No,No,Yes,Yes,No,One year,No,Credit card,59.45,1545.7,No,25–48 months,30–60
4701-AHWMW,Male,0,Yes,No,55,No,No,DSL,No,No,Yes,Yes,Yes,No,Month-to-month,Yes,Bank transfer,54.55,3000.25,Yes,49–60 months,30–60
8317-BVKSO,Male,0,No,No,14,Yes,No,No,No,No,No,No,No,Yes,Month-to-month,Yes,Electronic check,20.05,280.7,No,13–24 months,Below 30
5702-KVQRD,Male,0,Yes,No,71,Yes,No,DSL,Yes,No,Yes,Yes,Yes,No,Two year,Yes,Electronic check,82.55,5861.05,No,61+ months,60–90
0083-PIVIK,Male,0,No,No,64,Yes,Yes,DSL,Yes,Yes,Yes,Yes,Yes,Yes,One year,No,Electronic check,81.25,5200.0,No,61+ months,60–90
9210-IAHGH,Female,0,No,No,7,Yes,No,DSL,No,No,No,Yes,Yes,No,Month-to-month,Yes,Credit card,70.75,495.25,Yes,0–12 months,60–90
6169-PGNCD,Female,0,No,No,57,Yes,No,DSL,Yes,Yes,Yes,Yes,Yes,Yes,Two year,Yes,Credit card,74.3,4235.1,No,49–60 months,60–90
0023-XUOPT,Female,0,Yes,No,13,Yes,Yes,Fiber optic,No,Yes,Yes,No,Yes,No,Month-to-month,No,Electronic check,94.1,1223.3,Yes,13–24 months,Above 90
4592-IWTJI,Female,0,Yes,Yes,3,No,No,DSL,Yes,No,No,No,No,No,Month-to-month,No,Credit card,29.7,89.1,Yes,0–12 months,Below 30
4909-JOUPP,Male,1,Yes,No,72,Yes,Yes,Fiber optic,No,Yes,Yes,Yes,Yes,No,Two year,No,Credit card,109.7,7898.4,No,61+ months,Above 90
4657-FWVFY,Female,0,Yes,Yes,40,Yes,Yes,Fiber optic,No,Yes,Yes,No,Yes,Yes,Month-to-month,Yes,Credit card,96.35,3854.0,No,25–48 months,Above 90
2257-BOVXD,Male,0,Yes,No,14,Yes,Yes,DSL,No,No,No,Yes,Yes,No,Month-to-month,Yes,Credit card,66.6,932.4,No,13–24 months,60–90
7729-JTEEC,Male,0,Yes,Yes,2,Yes,No,DSL,No,No,No,No,No,No,Month-to-month,Yes,Electronic check,44.5,89.0,No,0–12 months,30–60
7632-MNYOY,Male,1,No,No,66,Yes,Yes,Fiber optic,No,Yes,Yes,Yes,Yes,No,One year,No,Credit card,110.9,7319.4,Yes,61+ months,Above 90
6518-LGAOV,Female,0,Yes,No,38,Yes,Yes,Fiber optic,No,No,Yes,Yes,Yes,Yes,Month-to-month,Yes,Electronic check,105.0,3990.0,Yes,25–48 months,Above 90
7242-QZLXF,Male,0,No,Yes,1,No,No,DSL,No,No,No,No,No,Yes,Month-to-month,Yes,Electronic check,25.3,25.3,Yes,0–12 months,Below 30
4576-CSAJH,Male,0,No,No,22,Yes,No,DSL,No,Yes,No,Yes,No,No,One year,Yes,Credit card,55.15,1213.3,Yes,13–24 months,30–60
1000-AJSLD,Male,0,No,No,1,Yes,No,No,No,No,No,No,No,No,Month-to-month,Yes,Mailed check,20.1,20.1,Yes,0–12 months,Below 30
9696-RMYBA,Male,0,No,No,5,Yes,No,Fiber optic,No,No,No,No,Yes,No,Month-to-month,Yes,Mailed check,80.1,400.5,No,0–12 months,60–90
8690-UPCZI,Male,0,Yes,Yes,29,Yes,Yes,DSL,Yes,No,No,Yes,Yes,No,One year,No,Bank transfer,69.05,2002.45,No,25–48 months,60–90
1062-LHZOD,Male,0,Yes,Yes,1,Yes,No,Fiber optic,No,No,No,No,No,No,Month-to-month,Yes,Mailed check,69.9,69.9,Yes,0–12 months,60–90
9770-LXDBK,Female,0,No,No,3,Yes,No,No,No,No,No,No,No,No,Month-to-month,No,Mailed check,20.4,61.2,No,0–12 months,Below 30
4086-WITJG,Male,0,Yes,Yes,71,Yes,No,No,No,No,No,No,No,No,Two year,No,Credit card,19.7,1398.7,No,61+ months,Below 30
8344-WFMFH,Male,0,No,Yes,9,Yes,No,DSL,No,Yes,No,No,No,No,Month-to-month,Yes,Electronic check,50.1,450.9,No,0–12 months,30–60
9600-NAXZN,Male,0,No,No,43,Yes,Yes,Fiber optic,No,Yes,No,No,Yes,No,Month-to-month,Yes,Electronic check,101.4,4360.2,Yes,25–48 months,Above 90
8822-KNBHV,Female,0,No,No,48,Yes,Yes,DSL,Yes,Yes,Yes,No,Yes,Yes,One year,Yes,Credit card,83.45,4005.6,No,25–48 months,60–90
8404-FYDIB,Male,0,No,No,26,Yes,Yes,Fiber optic,Yes,Yes,No,No,No,Yes,Month-to-month,Yes,Credit card,86.65,2252.9,No,25–48 months,60–90
2791-SFVEW,Female,0,No,No,9,Yes,No,No,No,No,No,No,No,No,Month-to-month,No,Bank transfer,20.15,181.35,No,0–12 months,Below 30
6457-USBER,Male,0,No,No,1,Yes,No,Fiber optic,No,No,No,No,No,No,Month-to-month,Yes,Electronic check,80.8,80.8,Yes,0–12 months,60–90
6762-NSODU,Female,0,Yes,Yes,46,Yes,No,No,No,No,No,No,No,Yes,Two year,No,Credit card,19.4,892.4,No,25–48 months,Below 30
4662-EKDPQ,Male,0,No,No,2,Yes,Yes,DSL,No,No,No,No,No,No,Month-to-month,No,Bank transfer,62.05,124.1,Yes,0–12 months,60–90
9248-OJYKK,Male,1,No,No,1,Yes,Yes,Fiber optic,No,No,No,No,No,Yes,Month-to-month,Yes,Electronic check,76.45,76.45,Yes,0–12 months,60–90
9888-ZCUMM,Male,0,Yes,Yes,64,No,No,DSL,Yes,No,Yes,Yes,Yes,No,Two year,Yes,Bank transfer,60.05,3843.2,No,61+ months,60–90
3398-FSHON,Female,1,No,No,12,Yes,Yes,Fiber optic,No,Yes,No,No,Yes,Yes,Month-to-month,Yes,Electronic check,91.3,1095.6,Yes,0–12 months,Above 90
3319-DWOEP,Male,1,Yes,No,6,Yes,No,Fiber optic,No,No,Yes,No,Yes,No,Month-to-month,Yes,Electronic check,95.75,574.5,Yes,0–12 months,Above 90
1074-WVEVG,Female,0,Yes,No,59,Yes,No,No,No,No,No,No,No,Yes,One year,No,Mailed check,20.35,1200.65,No,49–60 months,Below 30
9979-RGMZT,Female,0,No,No,7,Yes,No,Fiber optic,No,Yes,No,No,Yes,No,One year,Yes,Mailed check,94.05,658.35,No,0–12 months,Above 90
6437-UDQJM,Female,1,Yes,No,72,Yes,Yes,DSL,Yes,Yes,Yes,No,Yes,Yes,Two year,Yes,Credit card,84.1,6055.2,No,61+ months,60–90
1226-IENZN,Male,1,No,No,16,Yes,No,Fiber optic,No,No,No,No,No,Yes,Month-to-month,Yes,Electronic check,78.75,1260.0,No,13–24 months,60–90
2108-GLPQB,Male,0,Yes,No,25,Yes,Yes,DSL,No,No,Yes,No,No,Yes,Month-to-month,No,Credit card,55.55,1388.75,No,25–48 months,30–60
9259-PACGQ,Female,0,Yes,No,34,Yes,Yes,DSL,Yes,Yes,No,Yes,No,No,Month-to-month,No,Electronic check,62.65,2130.1,Yes,25–48 months,60–90
4415-IJZTP,Female,0,No,No,1,Yes,Yes,Fiber optic,No,No,No,No,No,No,Month-to-month,Yes,Electronic check,74.5,74.5,Yes,0–12 months,60–90
1465-VINDH,Female,0,Yes,Yes,10,Yes,Yes,Fiber optic,No,Yes,Yes,No,Yes,No,Month-to-month,Yes,Credit card,102.1,1021.0,Yes,0–12 months,Above 90
5474-LAMUQ,Male,0,Yes,No,24,Yes,No,No,No,No,No,No,No,Yes,One year,No,Mailed check,20.1,482.4,No,13–24 months,Below 30
3468-DRVQJ,Female,0,Yes,Yes,10,Yes,Yes,DSL,Yes,Yes,No,No,Yes,No,One year,No,Electronic check,70.3,703.0,No,0–12 months,60–90
1122-YJBCS,Male,0,Yes,No,69,Yes,No,DSL,Yes,Yes,No,No,No,No,One year,Yes,Credit card,53.65,3701.85,No,61+ months,30–60
4990-ALDGW,Male,0,No,No,57,Yes,No,No,No,No,No,No,No,No,Two year,No,Mailed check,20.75,1182.75,No,49–60 months,Below 30
4816-OKWNX,Male,0,Yes,Yes,50,Yes,No,Fiber optic,No,Yes,Yes,Yes,Yes,No,One year,Yes,Bank transfer,103.4,5170.0,No,49–60 months,Above 90
3315-IKYZQ,Male,0,Yes,Yes,28,No,No,DSL,Yes,No,Yes,Yes,Yes,Yes,One year,No,Mailed check,50.8,1422.4,No,25–48 months,30–60
2810-FTLEM,Female,0,No,No,16,Yes,No,DSL,Yes,No,No,No,No,No,Month-to-month,Yes,Electronic check,50.15,802.4,Yes,13–24 months,30–60
4747-LCAQL,Male,0,No,No,25,Yes,No,DSL,Yes,Yes,No,Yes,Yes,No,Month-to-month,Yes,Mailed check,79.0,1975.0,No,25–48 months,60–90
3411-WLRSQ,Female,1,Yes,No,3,Yes,No,Fiber optic,No,Yes,No,No,No,Yes,Month-to-month,Yes,Bank transfer,74.6,223.8,No,0–12 months,60–90
0898-XCGTF,Male,0,Yes,No,61,Yes,Yes,Fiber optic,No,No,No,No,Yes,No,One year,Yes,Bank transfer,96.5,5886.5,No,61+ months,Above 90
8006-PYCSW,Female,0,No,No,2,Yes,No,No,No,No,No,No,No,Yes,Month-to-month,No,Mailed check,20.1,40.2,No,0–12 months,Below 30
8249-THVEC,Male,0,Yes,Yes,51,Yes,No,No,No,No,No,No,No,No,One year,No,Mailed check,19.4,989.4,No,49–60 months,Below 30
8722-PRFDV,Female,0,Yes,Yes,71,Yes,No,DSL,Yes,No,Yes,No,Yes,No,Two year,No,Credit card,77.55,5506.05,No,61+ months,60–90
2164-SOQXL,Female,0,Yes,Yes,20,Yes,No,No,No,No,No,No,No,Yes,Month-to-month,No,Mailed check,20.05,401.0,No,13–24 months,Below 30
4020-KIUDI,Male,0,Yes,Yes,6,Yes,No,No,No,No,No,No,No,No,Month-to-month,No,Credit card,19.85,119.1,No,0–12 months,Below 30
5850-BDWCY,Female,0,No,No,6,Yes,No,No,No,No,No,No,No,No,Month-to-month,No,Mailed check,20.2,121.2,No,0–12 months,Below 30
2038-YSEZE,Female,0,No,No,29,Yes,Yes,DSL,Yes,Yes,No,Yes,No,No,Month-to-month,No,Mailed check,67.45,1956.05,No,25–48 months,60–90
0827-ITJPH,Male,0,No,No,36,Yes,No,No,No,No,No,No,No,No,Two year,Yes,Credit card,18.55,667.8,No,25–48 months,Below 30
8799-OXZMD,Female,0,No,No,28,No,No,DSL,No,No,Yes,No,No,No,Month-to-month,Yes,Mailed check,29.75,833.0,No,25–48 months,Below 30
1925-TIBLE,Female,0,Yes,No,7,Yes,Yes,Fiber optic,No,No,No,No,Yes,No,Month-to-month,Yes,Electronic check,86.5,605.5,Yes,0–12 months,60–90
1705-GUHPV,Female,0,No,No,63,Yes,Yes,No,No,No,No,No,No,No,Two year,No,Mailed check,24.2,1524.6,No,61+ months,Below 30
4779-ZGICK,Male,0,Yes,Yes,48,Yes,Yes,No,No,No,No,No,No,No,Two year,No,Mailed check,23.55,1130.4,No,25–48 months,Below 30
0048-PIHNL,Female,0,Yes,No,49,Yes,No,No,No,No,No,No,No,No,One year,No,Bank transfer,20.45,1002.05,No,49–60 months,Below 30
0818-OCPZO,Male,1,No,No,27,Yes,Yes,Fiber optic,No,Yes,No,No,No,No,Month-to-month,Yes,Electronic check,81.45,2199.15,Yes,25–48 months,60–90
3967-KXAPS,Male,0,Yes,No,72,Yes,Yes,DSL,Yes,Yes,Yes,Yes,Yes,No,Two year,No,Credit card,92.3,6645.6,No,61+ months,Above 90
1447-GIQMR,Male,0,Yes,No,1,Yes,No,Fiber optic,No,No,No,No,No,Yes,Month-to-month,Yes,Electronic check,69.15,69.15,Yes,0–12 months,60–90
3704-IEAXF,Female,0,Yes,Yes,72,No,No,DSL,No,Yes,No,Yes,Yes,No,Two year,No,Credit card,53.65,3862.8,No,61+ months,30–60
6810-VCAEX,Female,0,No,No,47,No,No,DSL,Yes,Yes,No,Yes,No,Yes,One year,No,Credit card,39.65,1863.55,No,25–48 months,30–60
0674-EYYZV,Female,0,No,No,1,Yes,No,DSL,No,No,No,No,Yes,No,Month-to-month,Yes,Electronic check,54.65,54.65,No,0–12 months,30–60
4480-MBMLB,Female,0,No,No,36,Yes,Yes,Fiber optic,No,Yes,Yes,No,Yes,No,One year,Yes,Bank transfer,104.8,3772.8,No,25–48 months,Above 90
1395-OFUWC,Male,0,Yes,Yes,43,No,No,DSL,No,Yes,No,No,No,Yes,Month-to-month,No,Credit card,29.3,1259.9,No,25–48 months,Below 30
0822-QGCXA,Female,1,Yes,No,27,Yes,Yes,DSL,No,Yes,Yes,Yes,Yes,No,Month-to-month,No,Electronic check,83.85,2263.95,No,25–48 months,60–90
0872-NXJYS,Female,0,No,No,9,Yes,No,Fiber optic,No,No,No,No,No,Yes,Month-to-month,Yes,Electronic check,79.55,715.95,Yes,0–12 months,60–90
2832-KJCRD,Female,0,No,No,38,Yes,Yes,Fiber optic,No,No,Yes,Yes,Yes,Yes,Month-to-month,Yes,Electronic check,103.65,3938.7,No,25–48 months,Above 90
3588-WSTTJ,Female,1,No,No,35,Yes,Yes,Fiber optic,Yes,No,No,No,Yes,Yes,Month-to-month,Yes,Electronic check,99.05,3466.75,No,25–48 months,Above 90
4075-WKNIU,Female,0,Yes,Yes,0,Yes,Yes,DSL,No,Yes,Yes,Yes,Yes,Yes,Two year,No,Mailed check,73.35,0.0,No,0–12 months,60–90
5090-EMGTC,Female,0,Yes,No,59,Yes,No,Fiber optic,No,Yes,No,Yes,Yes,No,Two year,Yes,Mailed check,100.05,5902.95,No,49–60 months,Above 90
2346-CZYIL,Male,0,No,No,27,Yes,No,No,No,No,No,No,No,Yes,Two year,No,Credit card,20.35,549.45,No,25–48 months,Below 30
3798-EPWRR,Female,1,No,No,2,Yes,No,DSL,No,No,No,No,No,No,Month-to-month,No,Electronic check,43.95,87.9,No,0–12 months,30–60
6258-NGCNG,Male,0,No,No,7,Yes,Yes,No,No,No,No,No,No,No,Month-to-month,No,Mailed check,23.5,164.5,No,0–12 months,Below 30
4186-ZBUEW,Female,0,No,No,36,Yes,Yes,DSL,No,Yes,No,Yes,No,No,One year,Yes,Mailed check,70.7,2545.2,No,25–48 months,60–90
5274-XHAKY,Female,0,Yes,Yes,41,Yes,Yes,Fiber optic,Yes,Yes,No,No,Yes,Yes,Month-to-month,Yes,Bank transfer,94.3,3866.3,No,25–48 months,Above 90
1442-BQPVU,Female,0,No,No,13,No,No,DSL,No,Yes,No,No,No,No,Month-to-month,No,Electronic check,29.15,378.95,No,13–24 months,Below 30
3978-YNKDD,Male,0,No,Yes,19,Yes,No,No,No,No,No,No,No,No,Two year,No,Credit card,20.85,396.15,No,13–24 months,Below 30
4940-KHCWD,Female,0,Yes,No,60,No,No,DSL,Yes,Yes,No,Yes,No,No,Two year,No,Bank transfer,37.7,2262.0,No,49–60 months,30–60
9412-ARGBX,Female,0,No,Yes,48,Yes,No,Fiber optic,No,Yes,Yes,Yes,Yes,No,Two year,Yes,Mailed check,95.5,4584.0,Yes,25–48 months,Above 90
1389-CXMLU,Male,1,No,No,3,Yes,Yes,Fiber optic,No,No,Yes,No,Yes,No,Month-to-month,No,Electronic check,91.05,273.15,Yes,0–12 months,Above 90
9589-ABEPT,Male,0,Yes,No,69,Yes,Yes,Fiber optic,No,Yes,No,Yes,Yes,No,Two year,Yes,Mailed check,92.45,6379.05,No,61+ months,Above 90
9388-ZEYVT,Male,0,No,No,43,No,No,DSL,No,No,Yes,Yes,No,No,One year,No,Electronic check,44.15,1898.45,No,25–48 months,30–60
0305-SQECB,Female,0,No,Yes,11,No,No,DSL,Yes,No,No,Yes,No,Yes,One year,Yes,Mailed check,36.05,396.55,No,0–12 months,30–60
7605-SNLQG,Female,0,Yes,No,45,Yes,No,DSL,No,No,Yes,No,No,No,Month-to-month,Yes,Credit card,50.25,2261.25,No,25–48 months,30–60
4670-TABXH,Male,0,Yes,No,72,Yes,Yes,Fiber optic,No,Yes,Yes,Yes,Yes,No,Two year,Yes,Credit card,109.75,7902.0,No,61+ months,Above 90
5561-NWEVX,Female,1,Yes,No,2,Yes,Yes,Fiber optic,No,No,Yes,No,No,Yes,Month-to-month,No,Electronic check,79.2,158.4,Yes,0–12 months,60–90
0064-SUDOG,Female,0,Yes,Yes,12,Yes,No,No,No,No,No,No,No,No,Two year,No,Bank transfer,20.3,243.6,No,0–12 months,Below 30
8561-NMTBD,Female,0,Yes,Yes,67,Yes,Yes,Fiber optic,No,Yes,Yes,Yes,Yes,No,One year,Yes,Credit card,112.35,7527.45,No,61+ months,Above 90
5161-XEUVX,Male,0,Yes,No,37,Yes,Yes,Fiber optic,No,No,Yes,Yes,Yes,Yes,Two year,No,Mailed check,94.3,3489.1,No,25–48 months,Above 90
8292-FRFZQ,Female,0,No,No,39,No,No,DSL,Yes,Yes,No,Yes,No,No,One year,No,Bank transfer,41.15,1604.85,No,25–48 months,30–60
8591-NXRCV,Female,0,No,No,41,Yes,Yes,DSL,Yes,No,Yes,Yes,No,No,Month-to-month,Yes,Bank transfer,74.65,3060.65,No,25–48 months,60–90
7895-VONWT,Female,0,No,No,25,No,No,DSL,No,No,Yes,No,Yes,Yes,Month-to-month,Yes,Electronic check,48.25,1206.25,No,25–48 months,30–60
4526-RMTLL,Male,0,Yes,Yes,8,Yes,Yes,DSL,Yes,Yes,No,Yes,No,Yes,Two year,Yes,Credit card,76.15,609.2,No,0–12 months,60–90
6253-GNHWH,Female,0,Yes,Yes,71,Yes,Yes,DSL,Yes,Yes,Yes,Yes,No,Yes,Two year,No,Mailed check,71.1,5048.1,No,61+ months,60–90
4566-NECEV,Male,0,No,No,5,Yes,Yes,Fiber optic,No,Yes,Yes,No,No,No,Month-to-month,No,Electronic check,96.55,482.75,No,0–12 months,Above 90
8080-POTJR,Female,0,No,No,30,Yes,Yes,DSL,Yes,No,Yes,No,Yes,Yes,One year,Yes,Credit card,79.3,2379.0,No,25–48 months,60–90
6906-MPARY,Male,0,No,No,40,Yes,No,Fiber optic,No,Yes,No,Yes,No,Yes,One year,Yes,Credit card,89.6,3584.0,No,25–48 months,60–90
3662-FXJFO,Female,0,No,No,54,Yes,No,No,No,No,No,No,No,Yes,Two year,Yes,Mailed check,20.5,1107.0,No,49–60 months,Below 30
8107-RZLNV,Male,0,Yes,No,72,Yes,Yes,Fiber optic,No,Yes,Yes,No,Yes,No,Two year,Yes,Bank transfer,106.3,7653.6,No,61+ months,Above 90
0516-OOHAR,Male,0,Yes,Yes,28,Yes,No,Fiber optic,No,Yes,Yes,No,Yes,Yes,One year,No,Bank transfer,100.35,2809.8,No,25–48 months,Above 90
2027-CWDNU,Male,0,Yes,Yes,18,Yes,No,Fiber optic,No,No,No,Yes,No,Yes,Month-to-month,Yes,Electronic check,85.6,1540.8,No,13–24 months,60–90
2737-WFVYW,Female,0,No,No,2,No,No,DSL,No,No,No,No,Yes,Yes,Month-to-month,Yes,Electronic check,45.25,90.5,Yes,0–12 months,30–60
9912-OMZDS,Female,0,Yes,Yes,59,Yes,Yes,Fiber optic,No,Yes,Yes,No,Yes,Yes,One year,Yes,Electronic check,106.15,6262.85,No,49–60 months,Above 90
3733-ZEECP,Male,0,Yes,Yes,22,Yes,No,DSL,No,No,No,Yes,No,Yes,Month-to-month,Yes,Electronic check,51.1,1124.2,No,13–24 months,30–60
7878-RTCZG,Female,0,No,No,1,Yes,No,No,No,No,No,No,No,No,Month-to-month,No,Mailed check,19.9,19.9,No,0–12 months,Below 30
2452-MRMZF,Female,1,Yes,No,72,Yes,Yes,No,No,No,No,No,No,No,Two year,Yes,Credit card,25.7,1850.4,No,61+ months,Below 30
2272-QAGFO,Female,1,No,No,14,Yes,Yes,Fiber optic,No,No,No,No,No,No,Month-to-month,Yes,Electronic check,74.3,1040.2,Yes,13–24 months,60–90
7103-IPXPJ,Male,0,Yes,No,50,Yes,Yes,Fiber optic,No,No,No,Yes,Yes,No,One year,No,Electronic check,99.4,4970.0,No,49–60 months,Above 90
4342-HFXWS,Female,0,Yes,Yes,48,Yes,No,DSL,Yes,No,Yes,Yes,Yes,Yes,One year,No,Bank transfer,69.7,3345.6,No,25–48 months,60–90
3545-CNWRG,Female,0,Yes,Yes,49,Yes,Yes,Fiber optic,No,Yes,No,No,Yes,No,Month-to-month,Yes,Electronic check,98.35,4819.15,No,49–60 months,Above 90
1785-BPHTP,Male,0,Yes,Yes,28,Yes,No,Fiber optic,No,No,Yes,No,Yes,Yes,Month-to-month,No,Electronic check,85.45,2392.6,No,25–48 months,60–90
4989-LIXVT,Male,1,No,No,68,Yes,Yes,Fiber optic,No,Yes,Yes,No,No,No,Month-to-month,Yes,Electronic check,95.9,6521.2,No,61+ months,Above 90
7315-WYOAW,Male,0,No,No,13,Yes,Yes,Fiber optic,No,No,No,Yes,Yes,Yes,Month-to-month,No,Electronic check,100.75,1309.75,No,13–24 months,Above 90
1173-XZPYF,Female,0,No,No,11,Yes,Yes,Fiber optic,No,No,Yes,No,Yes,Yes,Month-to-month,Yes,Electronic check,89.2,981.2,No,0–12 months,60–90
9850-OWRHQ,Female,0,Yes,No,3,Yes,Yes,Fiber optic,No,No,No,No,No,No,Month-to-month,Yes,Credit card,74.1,222.3,Yes,0–12 months,60–90
3768-NLUBH,Male,1,Yes,No,57,Yes,Yes,Fiber optic,No,No,Yes,No,Yes,No,Month-to-month,No,Electronic check,100.6,5734.2,Yes,49–60 months,Above 90
8676-TRMJS,Male,0,No,No,3,Yes,Yes,Fiber optic,No,No,No,No,No,Yes,Month-to-month,No,Mailed check,75.0,225.0,Yes,0–12 months,60–90
2509-TFPJU,Male,0,Yes,No,72,Yes,Yes,No,No,No,No,No,No,No,Two year,No,Credit card,25.75,1854.0,No,61+ months,Below 30
9530-GRMJG,Male,0,Yes,Yes,70,Yes,Yes,DSL,No,Yes,Yes,Yes,Yes,No,Two year,Yes,Electronic check,84.1,5887.0,No,61+ months,60–90
6898-RBTLU,Female,0,Yes,Yes,49,Yes,Yes,DSL,No,Yes,No,Yes,Yes,Yes,Two year,No,Bank transfer,79.3,3885.7,No,49–60 months,60–90
5481-NTDOH,Female,1,Yes,No,67,Yes,Yes,Fiber optic,Yes,No,Yes,No,Yes,Yes,One year,Yes,Credit card,107.05,7172.35,No,61+ months,Above 90
2068-WWXQZ,Male,0,No,No,46,Yes,No,No,No,No,No,No,No,Yes,Two year,No,Bank transfer,20.05,922.3,No,25–48 months,Below 30
7359-SSBJK,Female,1,No,No,64,Yes,No,DSL,Yes,Yes,No,Yes,Yes,No,Two year,Yes,Credit card,70.2,4492.8,Yes,61+ months,60–90
2061-VVFST,Female,0,Yes,No,37,Yes,No,No,No,No,No,No,No,No,Month-to-month,No,Bank transfer,19.5,721.5,No,25–48 months,Below 30
0685-MLYYM,Female,1,No,No,2,Yes,No,Fiber optic,No,No,No,No,No,No,Month-to-month,No,Electronic check,70.75,141.5,Yes,0–12 months,60–90
0749-IRGQE,Female,1,Yes,No,13,No,No,DSL,No,No,No,No,Yes,No,Month-to-month,No,Electronic check,45.3,588.9,No,13–24 months,30–60
2380-DAMQP,Female,0,Yes,No,72,Yes,Yes,Fiber optic,Yes,Yes,Yes,Yes,Yes,Yes,Two year,No,Electronic check,115.15,8290.8,No,61+ months,Above 90
2256-YLYLP,Male,0,Yes,Yes,68,Yes,No,DSL,No,No,Yes,Yes,Yes,Yes,Two year,Yes,Bank transfer,72.95,4960.6,No,61+ months,60–90
1272-ILHFG,Male,0,Yes,Yes,15,Yes,No,No,No,No,No,No,No,Yes,One year,No,Mailed check,19.65,294.75,No,13–24 months,Below 30
0164-XAIRP,Female,0,No,No,24,Yes,No,No,No,No,No,No,No,No,Two year,Yes,Bank transfer,19.55,469.2,No,13–24 months,Below 30
5666-CYCYZ,Female,0,No,No,24,Yes,Yes,Fiber optic,No,No,No,Yes,No,No,Month-to-month,Yes,Electronic check,89.55,2149.2,No,13–24 months,60–90
4011-ARPHK,Male,0,No,No,27,Yes,No,DSL,Yes,No,No,No,No,Yes,Month-to-month,No,Mailed check,50.35,1359.45,No,25–48 months,30–60
8182-PNAGI,Male,0,No,No,12,Yes,No,DSL,No,No,No,Yes,No,No,Month-to-month,No,Bank transfer,50.25,603.0,Yes,0–12 months,30–60
6365-HITVU,Female,0,Yes,Yes,71,Yes,No,DSL,Yes,Yes,Yes,Yes,Yes,No,Two year,No,Credit card,87.25,6194.75,No,61+ months,60–90
7558-IMLMT,Male,0,Yes,Yes,67,Yes,No,No,No,No,No,No,No,Yes,Two year,Yes,Mailed check,20.8,1393.6,No,61+ months,Below 30
9488-FYQAU,Female,0,Yes,No,63,Yes,Yes,Fiber optic,No,Yes,Yes,Yes,Yes,No,Two year,Yes,Bank transfer,109.25,6882.75,No,61+ months,Above 90
3590-TCXTB,Male,0,No,No,1,Yes,No,No,No,No,No,No,No,Yes,Month-to-month,No,Mailed check,20.35,20.35,No,0–12 months,Below 30
6994-KERXL,Male,0,No,No,4,Yes,No,DSL,No,No,No,No,No,No,Month-to-month,Yes,Electronic check,55.9,223.6,No,0–12 months,30–60
7957-RYHQD,Female,1,No,No,40,Yes,No,Fiber optic,Yes,Yes,No,No,No,Yes,Month-to-month,Yes,Credit card,79.2,3168.0,Yes,25–48 months,60–90
2180-DXNEG,Female,0,No,No,12,Yes,No,Fiber optic,No,No,Yes,No,Yes,No,Month-to-month,Yes,Electronic check,96.0,1152.0,Yes,0–12 months,Above 90
1960-UOTYM,Male,0,Yes,Yes,52,Yes,No,DSL,Yes,Yes,Yes,No,Yes,Yes,Two year,No,Electronic check,79.2,4118.4,No,49–60 months,60–90
2740-JFBOK,Male,0,No,No,10,Yes,Yes,No,No,No,No,No,No,Yes,Month-to-month,Yes,Electronic check,24.0,240.0,No,0–12 months,Below 30
6500-JVEGC,Male,0,No,No,68,Yes,Yes,Fiber optic,Yes,Yes,Yes,No,Yes,No,One year,No,Bank transfer,101.35,6891.8,No,61+ months,Above 90
5515-AKOAJ,Female,0,No,No,54,Yes,Yes,Fiber optic,No,No,No,Yes,Yes,No,Month-to-month,Yes,Electronic check,100.1,5405.4,Yes,49–60 months,Above 90
8976-OQHGT,Female,0,Yes,Yes,4,Yes,No,DSL,No,Yes,No,Yes,No,Yes,Month-to-month,No,Mailed check,56.5,226.0,Yes,0–12 months,30–60
5245-VDBUR,Female,0,Yes,No,52,No,No,DSL,Yes,No,Yes,No,No,No,One year,No,Mailed check,35.45,1843.4,No,49–60 months,30–60
6230-BSUXY,Female,1,No,No,1,Yes,No,Fiber optic,No,No,Yes,No,No,No,Month-to-month,Yes,Electronic check,85.0,85.0,Yes,0–12 months,60–90
8469-SNFFH,Male,0,Yes,No,70,Yes,Yes,DSL,Yes,Yes,Yes,Yes,Yes,Yes,One year,No,Bank transfer,79.4,5558.0,No,61+ months,60–90
2144-ESWKO,Male,0,No,No,43,No,No,DSL,Yes,No,Yes,No,No,No,One year,Yes,Credit card,35.2,1513.6,No,25–48 months,30–60
1241-FPMOF,Male,0,No,No,52,Yes,No,No,No,No,No,No,No,No,Two year,No,Mailed check,19.65,1021.8,No,49–60 months,Below 30
9928-BZVLZ,Female,0,No,No,12,No,No,DSL,Yes,No,Yes,Yes,No,No,Two year,No,Mailed check,49.85,598.2,No,0–12 months,30–60
4114-QMKVN,Female,0,Yes,Yes,56,Yes,Yes,DSL,Yes,Yes,No,No,No,Yes,One year,No,Bank transfer,68.75,3850.0,No,49–60 months,60–90
2775-SEFEE,Male,0,No,Yes,0,Yes,Yes,DSL,Yes,Yes,No,Yes,No,Yes,Two year,Yes,Bank transfer,61.9,0.0,No,0–12 months,60–90
9003-CPATH,Male,0,No,No,42,Yes,Yes,Fiber optic,No,No,Yes,No,No,No,Month-to-month,No,Electronic check,79.9,3355.8,No,25–48 months,60–90
1754-GKYPY,Male,1,Yes,No,22,Yes,No,Fiber optic,No,No,No,No,Yes,No,Month-to-month,Yes,Bank transfer,89.75,1974.5,No,13–24 months,60–90
5294-CDGWY,Male,0,Yes,Yes,51,No,No,DSL,Yes,Yes,Yes,No,Yes,Yes,One year,No,Electronic check,59.3,3024.3,Yes,49–60 months,30–60
7956-XQWGU,Male,0,No,No,27,Yes,No,No,No,No,No,No,No,Yes,Month-to-month,Yes,Credit card,19.4,523.8,No,25–48 months,Below 30
1591-MQJTP,Male,1,Yes,No,51,Yes,Yes,Fiber optic,Yes,No,Yes,No,No,No,One year,Yes,Bank transfer,93.65,4776.15,No,49–60 months,Above 90
5295-PCJOO,Male,0,No,Yes,4,Yes,No,DSL,Yes,No,No,No,No,Yes,Month-to-month,Yes,Electronic check,49.4,197.6,Yes,0–12 months,30–60
2369-FEVNO,Male,0,No,No,1,Yes,No,No,No,No,No,No,No,No,Month-to-month,Yes,Mailed check,19.9,19.9,No,0–12 months,Below 30
9863-JZAIC,Male,0,No,No,35,Yes,No,DSL,No,No,No,No,Yes,No,Month-to-month,No,Mailed check,55.0,1925.0,Yes,25–48 months,30–60
7471-MQPOS,Male,1,Yes,Yes,71,Yes,Yes,DSL,No,Yes,Yes,Yes,No,No,One year,Yes,Bank transfer,72.9,5175.9,No,61+ months,60–90
7660-HDPJV,Female,0,No,No,1,Yes,No,Fiber optic,No,No,No,No,No,Yes,Month-to-month,Yes,Electronic check,69.2,69.2,Yes,0–12 months,60–90
5115-SQAAU,Female,0,Yes,Yes,69,Yes,Yes,No,No,No,No,No,No,No,Two year,Yes,Bank transfer,25.6,1766.4,No,61+ months,Below 30
9845-QOMAD,Male,0,Yes,Yes,14,Yes,No,No,No,No,No,No,No,No,One year,No,Mailed check,19.75,276.5,No,13–24 months,Below 30
7672-VFMXZ,Male,0,Yes,No,57,Yes,No,DSL,Yes,No,No,Yes,No,No,Month-to-month,No,Electronic check,55.7,3174.9,No,49–60 months,30–60
9739-JLPQJ,Female,0,Yes,Yes,72,Yes,Yes,Fiber optic,Yes,Yes,Yes,Yes,Yes,No,Two year,No,Credit card,117.5,8460.0,No,61+ months,Above 90
9916-AYHTC,Male,0,No,No,48,Yes,No,No,No,No,No,No,No,Yes,Two year,No,Credit card,19.85,952.8,No,25–48 months,Below 30
3855-ONCAR,Female,0,Yes,Yes,4,Yes,No,Fiber optic,No,No,No,No,Yes,No,Month-to-month,Yes,Mailed check,78.9,315.6,No,0–12 months,60–90
1488-SYSFC,Male,0,Yes,Yes,31,Yes,No,No,No,No,No,No,No,No,Month-to-month,Yes,Electronic check,20.65,640.15,No,25–48 months,Below 30
7931-PXHFC,Male,0,No,No,38,Yes,No,DSL,No,No,Yes,Yes,No,No,One year,Yes,Mailed check,62.3,2367.4,Yes,25–48 months,60–90
3990-QYKBE,Male,1,Yes,No,37,Yes,Yes,Fiber optic,No,No,No,No,Yes,Yes,Month-to-month,Yes,Electronic check,92.5,3422.5,Yes,25–48 months,Above 90
0970-QXPXW,Female,0,No,No,1,Yes,No,No,No,No,No,No,No,Yes,Month-to-month,No,Mailed check,19.65,19.65,No,0–12 months,Below 30
3259-KNMRR,Male,1,No,No,57,Yes,Yes,DSL,No,Yes,Yes,No,Yes,No,Two year,Yes,Bank transfer,79.75,4545.75,No,49–60 months,60–90
6120-RJKLU,Female,1,Yes,No,62,Yes,No,DSL,Yes,No,Yes,Yes,Yes,Yes,Two year,Yes,Credit card,79.95,4956.9,No,61+ months,60–90
9572-WUKSB,Male,0,Yes,No,3,No,No,DSL,No,No,No,Yes,No,Yes,Month-to-month,Yes,Electronic check,29.9,89.7,No,0–12 months,Below 30
5893-KCLGT,Female,0,No,Yes,72,Yes,No,No,No,No,No,No,No,No,Two year,Yes,Mailed check,19.75,1422.0,No,61+ months,Below 30
0076-LVEPS,Male,0,No,Yes,29,No,No,DSL,Yes,Yes,Yes,Yes,No,No,Month-to-month,Yes,Mailed check,45.0,1305.0,No,25–48 months,30–60
3640-JQGJG,Male,0,Yes,Yes,13,Yes,No,DSL,No,No,No,No,No,No,Month-to-month,No,Bank transfer,44.8,582.4,No,13–24 months,30–60
4919-MOAVT,Male,0,No,Yes,3,Yes,No,Fiber optic,No,No,No,No,No,No,Month-to-month,No,Electronic check,69.65,208.95,Yes,0–12 months,60–90
1596-OQSPS,Female,0,No,No,11,Yes,No,DSL,No,Yes,No,No,No,No,Month-to-month,No,Electronic check,51.1,562.1,No,0–12 months,30–60
9867-XOBQA,Female,0,No,Yes,21,No,No,DSL,Yes,Yes,Yes,Yes,Yes,No,Two year,No,Mailed check,53.15,1116.15,No,13–24 months,30–60
9546-KDTRB,Female,0,No,No,19,Yes,Yes,No,No,No,No,No,No,No,Month-to-month,No,Bank transfer,24.7,469.3,No,13–24 months,Below 30
3090-HAWSU,Male,0,No,No,61,Yes,Yes,Fiber optic,Yes,No,Yes,Yes,Yes,No,Two year,Yes,Credit card,111.6,6807.6,Yes,61+ months,Above 90
9820-RMCQV,Female,0,No,No,11,Yes,No,DSL,Yes,No,No,No,No,Yes,Month-to-month,No,Credit card,48.55,534.05,Yes,0–12 months,30–60
3174-RKMOW,Male,0,Yes,Yes,35,Yes,Yes,Fiber optic,No,Yes,Yes,Yes,Yes,No,Month-to-month,Yes,Electronic check,109.95,3848.25,No,25–48 months,Above 90
1760-CAZHT,Male,0,No,Yes,25,Yes,No,No,No,No,No,No,No,Yes,Month-to-month,No,Mailed check,20.8,520.0,No,25–48 months,Below 30
7839-QRKXN,Female,0,No,No,1,Yes,No,No,No,No,No,No,No,No,Month-to-month,Yes,Mailed check,20.2,20.2,Yes,0–12 months,Below 30
8441-SHIPE,Female,0,No,No,67,Yes,Yes,No,No,No,No,No,No,No,Two year,Yes,Bank transfer,25.6,1715.2,No,61+ months,Below 30
5204-QZXPU,Male,0,No,No,19,No,No,DSL,No,No,Yes,No,Yes,No,Month-to-month,Yes,Electronic check,39.65,753.35,Yes,13–24 months,30–60
4597-ELFTS,Male,0,No,No,56,Yes,Yes,No,No,No,No,No,No,No,One year,No,Electronic check,24.9,1394.4,Yes,49–60 months,Below 30
1320-GVNHT,Male,0,Yes,Yes,72,Yes,Yes,Fiber optic,Yes,Yes,Yes,No,Yes,No,Two year,Yes,Credit card,108.4,7804.8,No,61+ months,Above 90
1047-RNXZV,Male,0,No,No,43,Yes,No,No,No,No,No,No,No,Yes,Two year,No,Mailed check,19.55,840.65,No,25–48 months,Below 30
3541-ZNUHK,Female,0,Yes,Yes,55,Yes,Yes,Fiber optic,Yes,Yes,No,No,No,No,Month-to-month,Yes,Electronic check,85.1,4680.5,No,49–60 months,60–90
8450-JOVAH,Male,0,Yes,Yes,2,Yes,Yes,DSL,Yes,No,No,No,No,No,Month-to-month,No,Mailed check,56.7,113.4,Yes,0–12 months,30–60
8725-JEDFD,Male,0,No,No,27,Yes,No,Fiber optic,No,No,No,No,No,No,Month-to-month,Yes,Mailed check,69.05,1864.35,No,25–48 months,60–90
7562-UXTPG,Female,0,No,No,13,Yes,No,Fiber optic,No,No,No,No,No,No,Month-to-month,Yes,Mailed check,70.15,911.95,No,13–24 months,60–90
8071-SBTRN,Female,0,No,No,70,Yes,Yes,Fiber optic,Yes,Yes,Yes,No,Yes,No,Two year,Yes,Mailed check,111.15,7780.5,No,61+ months,Above 90
1113-IUJYX,Female,0,Yes,No,14,Yes,No,Fiber optic,Yes,Yes,No,Yes,Yes,Yes,One year,No,Mailed check,105.95,1483.3,Yes,13–24 months,Above 90
6668-CNMFP,Female,0,Yes,Yes,19,Yes,Yes,Fiber optic,No,No,No,Yes,No,Yes,One year,Yes,Bank transfer,89.35,1697.65,No,13–24 months,60–90
5626-MGTUK,Female,0,No,No,20,Yes,Yes,Fiber optic,Yes,No,No,No,Yes,Yes,Month-to-month,Yes,Bank transfer,89.1,1782.0,No,13–24 months,60–90
5681-LLOEI,Male,0,Yes,Yes,43,Yes,Yes,Fiber optic,Yes,No,Yes,Yes,No,No,One year,Yes,Credit card,91.25,3923.75,No,25–48 months,Above 90
8212-DJRCH,Male,0,Yes,Yes,5,Yes,No,Fiber optic,Yes,No,Yes,No,No,No,Month-to-month,Yes,Mailed check,90.35,451.75,No,0–12 months,Above 90
4323-OHFOW,Female,1,Yes,No,70,Yes,Yes,Fiber optic,No,Yes,No,Yes,Yes,Yes,One year,Yes,Bank transfer,105.55,7388.5,No,61+ months,Above 90
4933-BSAIP,Female,0,Yes,No,40,Yes,No,No,No,No,No,No,No,Yes,Two year,No,Mailed check,19.1,764.0,No,25–48 months,Below 30
2030-BTZRO,Male,0,Yes,Yes,6,Yes,No,No,No,No,No,No,No,No,Two year,Yes,Credit card,20.4,122.4,No,0–12 months,Below 30
1116-DXXDF,Male,0,No,No,39,Yes,No,Fiber optic,Yes,No,Yes,No,Yes,No,Two year,Yes,Electronic check,100.45,3917.55,No,25–48 months,Above 90
9274-CNFMO,Male,1,Yes,No,4,Yes,Yes,Fiber optic,No,No,No,No,No,Yes,Month-to-month,No,Electronic check,74.95,299.8,Yes,0–12 months,60–90
7758-XKCBS,Male,0,No,No,15,No,No,DSL,No,No,No,Yes,No,No,Month-to-month,Yes,Electronic check,29.7,445.5,Yes,13–24 months,Below 30
8992-JQYUN,Male,0,Yes,No,1,No,No,DSL,No,No,Yes,No,Yes,No,Month-to-month,Yes,Electronic check,50.35,50.35,Yes,0–12 months,30–60
6563-VNPMN,Female,1,No,No,45,Yes,No,Fiber optic,Yes,Yes,No,Yes,No,Yes,Month-to-month,Yes,Bank transfer,85.7,3856.5,No,25–48 months,60–90
0617-AQNWT,Female,0,Yes,No,64,No,No,DSL,Yes,No,Yes,Yes,No,No,Two year,No,Electronic check,47.85,3062.4,Yes,61+ months,30–60
2267-WTPYD,Female,1,Yes,No,57,Yes,Yes,Fiber optic,No,Yes,Yes,No,No,Yes,Month-to-month,No,Credit card,94.0,5358.0,No,49–60 months,Above 90
0270-THENM,Male,0,Yes,Yes,72,Yes,Yes,DSL,Yes,Yes,Yes,Yes,No,Yes,Two year,No,Bank transfer,69.85,5029.2,No,61+ months,60–90
2446-PLQVO,Male,0,No,No,1,Yes,No,Fiber optic,No,No,No,No,No,No,Month-to-month,Yes,Electronic check,70.3,70.3,Yes,0–12 months,60–90
4707-MAXGU,Male,0,Yes,No,72,Yes,Yes,No,No,No,No,No,No,No,Two year,No,Credit card,25.85,1861.2,No,61+ months,Below 30
2710-WYVXG,Female,0,No,No,3,Yes,No,DSL,Yes,Yes,No,Yes,No,No,Two year,No,Mailed check,71.1,213.3,No,0–12 months,60–90
3005-NFMTA,Male,1,No,No,55,Yes,Yes,Fiber optic,Yes,No,No,No,Yes,Yes,Month-to-month,Yes,Electronic check,98.8,5434.0,Yes,49–60 months,Above 90
6300-BWMJX,Female,0,Yes,No,59,Yes,Yes,Fiber optic,No,No,Yes,Yes,Yes,Yes,Month-to-month,No,Electronic check,93.35,5507.65,No,49–60 months,Above 90
8784-CGILN,Female,0,No,No,18,Yes,Yes,Fiber optic,No,No,No,Yes,Yes,No,Month-to-month,Yes,Bank transfer,99.85,1797.3,Yes,13–24 months,Above 90
5389-FFVKB,Male,1,Yes,No,32,Yes,No,Fiber optic,No,No,No,No,No,Yes,Month-to-month,Yes,Credit card,80.3,2569.6,Yes,25–48 months,60–90
7009-LGECI,Female,0,No,No,4,Yes,No,DSL,Yes,No,No,No,No,Yes,Month-to-month,Yes,Bank transfer,50.55,202.2,No,0–12 months,30–60
8444-WRIDW,Female,1,No,No,66,Yes,Yes,Fiber optic,No,Yes,No,No,No,No,Month-to-month,Yes,Credit card,80.45,5309.7,Yes,61+ months,60–90
5022-KVDQT,Male,0,No,No,27,Yes,Yes,Fiber optic,No,No,Yes,No,No,No,Month-to-month,Yes,Electronic check,81.3,2195.1,No,25–48 months,60–90
7976-CICYS,Male,0,No,No,4,Yes,No,No,No,No,No,No,No,No,Month-to-month,Yes,Credit card,20.7,82.8,No,0–12 months,Below 30
1036-GUDCL,Male,0,Yes,Yes,60,Yes,No,DSL,Yes,Yes,No,Yes,Yes,No,Month-to-month,Yes,Credit card,79.05,4743.0,No,49–60 months,60–90
2005-DWQZJ,Female,0,Yes,Yes,8,Yes,No,No,No,No,No,No,No,Yes,Two year,No,Mailed check,19.05,152.4,No,0–12 months,Below 30
8148-WOCMK,Male,0,Yes,Yes,8,Yes,No,No,No,No,No,No,No,No,Two year,No,Credit card,19.6,156.8,No,0–12 months,Below 30
7815-PDTHL,Male,0,No,No,35,Yes,No,No,No,No,No,No,No,No,Two year,Yes,Mailed check,20.2,707.0,No,25–48 months,Below 30
9451-LPGOO,Male,0,No,No,7,Yes,Yes,Fiber optic,No,No,No,No,No,No,Month-to-month,Yes,Electronic check,86.8,607.6,Yes,0–12 months,60–90
9173-IVZVP,Female,0,Yes,Yes,53,Yes,No,No,No,No,No,No,No,Yes,Two year,No,Mailed check,20.9,1107.7,No,49–60 months,Below 30
9129-UXERG,Female,1,No,No,18,Yes,Yes,Fiber optic,No,Yes,No,Yes,Yes,No,Month-to-month,Yes,Credit card,103.6,1864.8,No,13–24 months,Above 90
3635-JBPSG,Female,0,No,No,15,No,No,DSL,No,Yes,No,No,No,Yes,Two year,Yes,Mailed check,38.8,582.0,No,13–24 months,30–60
7964-ZRKKG,Male,0,Yes,No,67,Yes,Yes,Fiber optic,No,Yes,No,No,Yes,Yes,One year,Yes,Bank transfer,88.4,5922.8,No,61+ months,60–90
5868-YWPDW,Male,1,Yes,No,6,Yes,No,Fiber optic,No,Yes,No,No,No,No,Month-to-month,Yes,Electronic check,84.2,505.2,Yes,0–12 months,60–90
6229-LSCKB,Male,1,No,No,6,Yes,No,Fiber optic,No,No,No,No,Yes,Yes,Month-to-month,Yes,Electronic check,79.7,478.2,No,0–12 months,60–90
2025-JKFWI,Male,0,No,No,13,Yes,Yes,Fiber optic,No,No,No,Yes,Yes,No,Month-to-month,Yes,Mailed check,99.0,1287.0,Yes,13–24 months,Above 90
4078-SAYYN,Female,0,No,No,11,Yes,Yes,Fiber optic,No,No,Yes,No,Yes,Yes,Month-to-month,Yes,Electronic check,100.75,1108.25,Yes,0–12 months,Above 90
1724-IQWNM,Male,0,No,Yes,1,Yes,No,No,No,No,No,No,No,Yes,Month-to-month,Yes,Mailed check,19.3,19.3,No,0–12 months,Below 30
8217-QYOHV,Male,0,No,No,5,Yes,No,DSL,Yes,No,No,Yes,No,No,Month-to-month,Yes,Mailed check,55.75,278.75,No,0–12 months,30–60
5546-QUERU,Male,0,No,No,13,Yes,No,No,No,No,No,No,No,No,One year,Yes,Mailed check,19.95,259.35,No,13–24 months,Below 30
9940-HPQPG,Female,0,Yes,No,9,Yes,Yes,Fiber optic,Yes,Yes,Yes,No,No,No,Month-to-month,No,Bank transfer,91.75,825.75,Yes,0–12 months,Above 90
6897-UUBNU,Male,0,No,No,29,Yes,No,Fiber optic,No,Yes,No,Yes,Yes,No,Month-to-month,No,Mailed check,89.65,2599.85,No,25–48 months,60–90
6127-IYJOZ,Male,1,No,No,1,Yes,No,DSL,No,No,No,No,No,No,Month-to-month,Yes,Mailed check,45.85,45.85,No,0–12 months,30–60
6618-RYATB,Female,0,No,No,1,Yes,Yes,Fiber optic,No,No,Yes,No,No,No,Month-to-month,Yes,Mailed check,79.55,79.55,Yes,0–12 months,60–90
8930-XOTDP,Female,0,Yes,Yes,18,Yes,No,DSL,No,No,No,No,Yes,No,Month-to-month,No,Mailed check,55.95,1007.1,No,13–24 months,30–60
5916-QEWPT,Female,0,Yes,No,2,Yes,No,DSL,No,No,Yes,No,Yes,No,Month-to-month,No,Credit card,69.0,138.0,No,0–12 months,60–90
5060-TQUQN,Male,0,Yes,Yes,30,Yes,Yes,Fiber optic,No,Yes,No,Yes,No,Yes,Month-to-month,Yes,Bank transfer,83.55,2506.5,No,25–48 months,60–90
0531-XBKMM,Male,0,No,Yes,66,Yes,Yes,DSL,Yes,Yes,No,Yes,No,No,Two year,No,Bank transfer,65.7,4336.2,No,61+ months,60–90
8465-SBRXP,Male,0,Yes,Yes,38,Yes,Yes,Fiber optic,No,No,Yes,Yes,Yes,No,Two year,Yes,Bank transfer,94.9,3606.2,No,25–48 months,Above 90
2408-PSJVE,Male,0,Yes,Yes,44,Yes,No,DSL,No,Yes,Yes,Yes,No,No,Month-to-month,Yes,Mailed check,61.9,2723.6,No,25–48 months,60–90
9079-YEXQJ,Female,0,No,No,54,Yes,Yes,Fiber optic,No,Yes,Yes,Yes,Yes,No,Month-to-month,No,Electronic check,111.1,5999.4,Yes,49–60 months,Above 90
9700-ZCLOT,Male,0,No,No,2,Yes,No,No,No,No,No,No,No,Yes,Month-to-month,No,Mailed check,20.0,40.0,No,0–12 months,Below 30
8738-JOKAR,Female,0,No,No,42,Yes,No,DSL,Yes,Yes,No,Yes,No,No,One year,Yes,Mailed check,67.7,2843.4,No,25–48 months,60–90
4534-WGCIR,Female,0,Yes,Yes,58,Yes,Yes,No,No,No,No,No,No,Yes,Two year,No,Credit card,25.15,1458.7,No,49–60 months,Below 30
1930-WNXSB,Male,0,Yes,Yes,58,Yes,No,Fiber optic,No,Yes,No,No,Yes,No,Month-to-month,Yes,Electronic check,92.85,5385.3,No,49–60 months,Above 90
2685-SREOM,Female,0,Yes,Yes,25,Yes,Yes,Fiber optic,No,No,Yes,No,No,Yes,Month-to-month,Yes,Electronic check,89.1,2227.5,Yes,25–48 months,60–90
3508-CFVZL,Female,0,No,No,71,Yes,Yes,Fiber optic,Yes,Yes,Yes,Yes,Yes,Yes,Two year,No,Mailed check,111.3,7902.3,No,61+ months,Above 90
0402-CQAJN,Female,0,No,No,37,Yes,Yes,Fiber optic,No,Yes,Yes,No,Yes,Yes,Month-to-month,Yes,Bank transfer,101.9,3770.3,Yes,25–48 months,Above 90
6692-UDPJC,Female,0,Yes,Yes,14,Yes,Yes,Fiber optic,No,No,No,Yes,Yes,Yes,Month-to-month,Yes,Electronic check,91.65,1283.1,Yes,13–24 months,Above 90
1273-MTETI,Female,1,No,No,4,Yes,Yes,Fiber optic,No,No,Yes,No,No,No,Month-to-month,Yes,Electronic check,88.85,355.4,Yes,0–12 months,60–90
0657-DOGUM,Female,0,Yes,No,48,Yes,Yes,DSL,Yes,No,No,Yes,No,Yes,One year,Yes,Bank transfer,60.6,2908.8,No,25–48 months,60–90
5480-HPRRX,Female,1,No,No,3,No,No,DSL,No,No,No,No,No,No,Month-to-month,No,Electronic check,25.3,75.9,Yes,0–12 months,Below 30
8792-AOROI,Female,0,Yes,No,8,Yes,No,DSL,Yes,No,No,Yes,No,No,Two year,No,Mailed check,65.5,524.0,No,0–12 months,60–90
0295-PPHDO,Male,0,No,No,1,Yes,Yes,Fiber optic,No,No,No,No,Yes,Yes,Month-to-month,Yes,Electronic check,95.45,95.45,Yes,0–12 months,Above 90
5146-YYFRZ,Male,0,No,No,67,Yes,No,No,No,No,No,No,No,Yes,Two year,No,Bank transfer,19.95,1336.65,No,61+ months,Below 30
1195-OIYEJ,Male,0,No,No,13,Yes,No,Fiber optic,No,No,No,No,Yes,No,Month-to-month,Yes,Electronic check,91.1,1184.3,Yes,13–24 months,Above 90
5906-CVLHP,Female,0,Yes,Yes,45,Yes,No,DSL,No,Yes,No,Yes,No,Yes,One year,Yes,Credit card,54.15,2436.75,Yes,25–48 months,30–60
3452-SRFEG,Male,0,No,No,49,Yes,Yes,Fiber optic,No,No,No,No,No,No,Month-to-month,Yes,Bank transfer,74.6,3655.4,No,49–60 months,60–90
4070-OKWVH,Female,0,Yes,No,52,Yes,Yes,Fiber optic,No,Yes,Yes,No,Yes,No,Month-to-month,No,Bank transfer,94.6,4919.2,No,49–60 months,Above 90
5297-MDOIR,Female,0,Yes,No,63,Yes,No,Fiber optic,Yes,No,Yes,No,No,No,One year,Yes,Credit card,81.15,5112.45,No,61+ months,60–90
6369-MCAKO,Female,0,Yes,Yes,68,Yes,Yes,DSL,Yes,Yes,Yes,Yes,Yes,No,Two year,Yes,Bank transfer,89.05,6055.4,No,61+ months,60–90
4926-UMJZD,Female,0,Yes,No,31,Yes,No,DSL,No,No,No,Yes,No,Yes,Month-to-month,Yes,Mailed check,49.2,1525.2,No,25–48 months,30–60
6848-HJTXY,Female,0,Yes,No,64,Yes,No,No,No,No,No,No,No,No,Two year,No,Credit card,19.45,1244.8,No,61+ months,Below 30
6341-AEVKX,Female,0,Yes,No,62,Yes,No,Fiber optic,Yes,No,Yes,Yes,Yes,No,One year,Yes,Electronic check,104.3,6466.6,No,61+ months,Above 90
4501-EQDRN,Female,0,No,No,1,Yes,No,Fiber optic,No,No,No,No,No,Yes,Month-to-month,No,Bank transfer,69.7,69.7,Yes,0–12 months,60–90
2990-HWIML,Female,0,No,No,6,Yes,No,Fiber optic,No,No,No,No,Yes,No,Month-to-month,Yes,Electronic check,89.5,537.0,Yes,0–12 months,60–90
0682-USIXD,Female,0,Yes,No,21,Yes,No,Fiber optic,No,No,No,Yes,Yes,Yes,Month-to-month,Yes,Electronic check,86.05,1807.05,No,13–24 months,60–90
6976-BWGLQ,Female,0,Yes,Yes,72,Yes,Yes,No,No,No,No,No,No,No,Two year,No,Bank transfer,25.2,1814.4,No,61+ months,Below 30
7078-NVFAM,Female,0,Yes,Yes,32,No,No,DSL,Yes,Yes,No,No,No,No,Month-to-month,Yes,Electronic check,35.15,1124.8,No,25–48 months,30–60
8065-QBYTO,Female,1,No,No,71,Yes,Yes,Fiber optic,Yes,Yes,No,Yes,Yes,No,One year,Yes,Credit card,99.65,7075.15,No,61+ months,Above 90
2133-TSRRM,Female,0,No,Yes,34,Yes,No,Fiber optic,Yes,Yes,Yes,No,Yes,No,Month-to-month,Yes,Bank transfer,105.35,3581.9,No,25–48 months,Above 90
7384-GHBPI,Male,0,Yes,No,3,No,No,DSL,No,No,No,No,No,Yes,Month-to-month,Yes,Electronic check,35.15,105.45,Yes,0–12 months,30–60
7603-USHJS,Male,0,No,Yes,12,Yes,Yes,Fiber optic,No,No,No,No,No,Yes,Month-to-month,Yes,Credit card,73.75,885.0,Yes,0–12 months,60–90
7234-FECYN,Female,1,No,No,8,Yes,Yes,Fiber optic,No,No,Yes,No,Yes,No,Month-to-month,No,Electronic check,101.35,810.8,Yes,0–12 months,Above 90
2511-ALLCS,Female,0,Yes,Yes,35,Yes,Yes,No,No,No,No,No,No,Yes,Two year,No,Bank transfer,24.3,850.5,No,25–48 months,Below 30
3191-CSNMG,Female,0,Yes,Yes,3,Yes,No,Fiber optic,No,No,No,No,Yes,No,Month-to-month,Yes,Electronic check,80.7,242.1,No,0–12 months,60–90
7952-OBOYL,Male,0,No,No,3,Yes,No,Fiber optic,No,No,Yes,Yes,Yes,No,Month-to-month,Yes,Mailed check,89.85,269.55,No,0–12 months,60–90
7470-DYNOE,Male,0,No,No,53,Yes,No,DSL,No,No,Yes,No,No,No,One year,Yes,Electronic check,61.1,3238.3,No,49–60 months,60–90
7853-OETYL,Female,0,Yes,No,4,No,No,DSL,Yes,No,No,No,No,Yes,Month-to-month,Yes,Electronic check,29.05,116.2,No,0–12 months,Below 30
1545-ACTAS,Female,0,Yes,Yes,48,Yes,No,Fiber optic,Yes,No,Yes,No,Yes,No,One year,Yes,Bank transfer,99.7,4785.6,No,25–48 months,Above 90
5876-HZVZM,Female,0,Yes,Yes,6,Yes,No,DSL,Yes,Yes,No,No,No,Yes,Month-to-month,No,Credit card,55.9,335.4,Yes,0–12 months,30–60
1400-MMYXY,Male,1,Yes,No,3,Yes,Yes,Fiber optic,No,Yes,Yes,No,Yes,No,Month-to-month,Yes,Electronic check,105.9,317.7,Yes,0–12 months,Above 90
5126-RCXYW,Male,0,Yes,Yes,54,No,No,DSL,No,No,Yes,Yes,No,Yes,Two year,No,Credit card,46.0,2484.0,No,49–60 months,30–60
3085-QUOZK,Female,0,No,No,1,Yes,No,DSL,No,No,No,No,No,Yes,Month-to-month,No,Mailed check,43.95,43.95,Yes,0–12 months,30–60
2363-BJLSL,Male,0,No,No,62,Yes,No,DSL,No,Yes,Yes,Yes,Yes,No,Month-to-month,Yes,Bank transfer,80.4,4984.8,No,61+ months,60–90
1956-YIFGE,Male,0,Yes,Yes,22,Yes,No,Fiber optic,No,Yes,Yes,No,Yes,Yes,One year,Yes,Mailed check,100.05,2201.1,No,13–24 months,Above 90
3926-CUQZX,Male,0,No,No,1,Yes,No,DSL,No,No,No,No,No,Yes,Month-to-month,Yes,Bank transfer,45.1,45.1,Yes,0–12 months,30–60
7921-LMDFQ,Male,1,No,No,51,Yes,No,Fiber optic,No,No,Yes,No,Yes,No,One year,Yes,Bank transfer,94.0,4794.0,No,49–60 months,Above 90
2925-MXLSX,Female,0,No,No,30,Yes,Yes,DSL,No,Yes,Yes,No,Yes,Yes,One year,Yes,Credit card,68.95,2068.5,No,25–48 months,60–90
5820-PTRYM,Female,1,Yes,No,56,Yes,Yes,DSL,Yes,Yes,Yes,Yes,No,No,One year,Yes,Credit card,68.45,3833.2,No,49–60 months,60–90
9609-BENEA,Male,0,Yes,No,35,Yes,Yes,DSL,No,Yes,No,Yes,Yes,No,One year,Yes,Electronic check,69.0,2415.0,No,25–48 months,60–90
6211-WHMYA,Female,1,No,No,64,No,No,DSL,No,Yes,No,Yes,Yes,No,Month-to-month,Yes,Electronic check,43.85,2806.4,No,61+ months,30–60
4459-BBGHE,Male,0,No,Yes,30,No,No,DSL,No,No,No,No,Yes,No,Month-to-month,Yes,Electronic check,44.5,1335.0,No,25–48 months,30–60
9945-PSVIP,Female,0,Yes,Yes,25,Yes,No,No,No,No,No,No,No,Yes,Two year,Yes,Mailed check,18.7,467.5,No,25–48 months,Below 30
1041-RXHRA,Female,0,No,No,41,Yes,No,Fiber optic,No,No,No,No,No,No,Month-to-month,No,Bank transfer,70.25,2880.25,Yes,25–48 months,60–90
1750-CSKKM,Male,0,No,Yes,9,Yes,No,DSL,No,No,No,No,Yes,No,Month-to-month,No,Electronic check,55.35,498.15,Yes,0–12 months,30–60
9108-EJFJP,Female,0,Yes,No,1,Yes,No,DSL,Yes,Yes,No,No,No,No,Month-to-month,Yes,Mailed check,53.55,53.55,No,0–12 months,30–60
0530-IJVDB,Male,0,No,Yes,70,Yes,Yes,Fiber optic,Yes,Yes,Yes,Yes,Yes,No,Two year,Yes,Electronic check,114.6,8022.0,No,61+ months,Above 90
0508-SQWPL,Female,0,Yes,Yes,57,Yes,No,No,No,No,No,No,No,Yes,Two year,Yes,Bank transfer,20.1,1145.7,No,49–60 months,Below 30
2215-ZAFGX,Male,0,No,No,9,Yes,Yes,Fiber optic,No,No,No,No,Yes,No,Month-to-month,Yes,Electronic check,85.5,769.5,No,0–12 months,60–90
8213-TAZPM,Female,0,Yes,Yes,69,Yes,Yes,Fiber optic,No,Yes,Yes,Yes,Yes,No,One year,Yes,Bank transfer,108.75,7503.75,No,61+ months,Above 90
7142-HVGBG,Male,1,Yes,No,43,Yes,Yes,Fiber optic,No,Yes,Yes,No,Yes,Yes,Month-to-month,Yes,Electronic check,103.0,4429.0,Yes,25–48 months,Above 90
1304-SEGFY,Female,0,Yes,No,72,Yes,Yes,Fiber optic,No,No,Yes,No,Yes,Yes,Two year,Yes,Electronic check,97.85,7045.2,No,61+ months,Above 90
7242-EDTYC,Male,0,No,Yes,44,Yes,No,No,No,No,No,No,No,Yes,Two year,No,Bank transfer,19.55,860.2,No,25–48 months,Below 30
2904-GGUAZ,Female,0,Yes,No,72,Yes,Yes,Fiber optic,Yes,Yes,No,No,No,No,Two year,Yes,Bank transfer,84.05,6051.6,No,61+ months,60–90
8267-ZNYVZ,Female,0,Yes,No,33,Yes,No,Fiber optic,Yes,No,Yes,Yes,Yes,No,One year,Yes,Electronic check,103.75,3423.75,Yes,25–48 months,Above 90
5136-GFPMB,Male,0,No,No,54,Yes,Yes,Fiber optic,No,No,Yes,No,No,Yes,Month-to-month,No,Credit card,89.4,4827.6,No,49–60 months,60–90
2595-KIWPV,Male,0,No,Yes,27,Yes,No,No,No,No,No,No,No,Yes,Two year,No,Credit card,19.7,531.9,No,25–48 months,Below 30
5243-SAOTC,Male,0,No,No,54,Yes,Yes,Fiber optic,No,Yes,No,No,No,No,Month-to-month,Yes,Bank transfer,79.85,4311.9,No,49–60 months,60–90
9398-MMQTO,Male,0,No,No,3,Yes,No,Fiber optic,No,Yes,No,No,No,No,Month-to-month,No,Credit card,74.45,223.35,No,0–12 months,60–90
7619-PLRLP,Female,0,Yes,No,53,Yes,Yes,DSL,Yes,Yes,Yes,No,No,No,One year,No,Bank transfer,74.1,3927.3,No,49–60 months,60–90
6457-GIRWB,Male,0,No,No,1,Yes,No,Fiber optic,No,No,No,No,No,Yes,Month-to-month,Yes,Electronic check,69.35,69.35,Yes,0–12 months,60–90
6508-NJYRO,Male,0,Yes,No,15,Yes,No,No,No,No,No,No,No,No,One year,No,Mailed check,18.8,282.0,No,13–24 months,Below 30
1450-SKCVI,Female,0,No,No,56,Yes,No,Fiber optic,No,Yes,No,No,No,No,Month-to-month,Yes,Electronic check,73.85,4135.6,Yes,49–60 months,60–90
4710-NKCAW,Male,0,Yes,Yes,5,Yes,Yes,DSL,Yes,Yes,No,Yes,No,No,Month-to-month,No,Credit card,64.4,322.0,No,0–12 months,60–90
5306-BVTKJ,Male,0,Yes,Yes,48,Yes,No,DSL,No,Yes,Yes,No,No,No,One year,Yes,Credit card,55.8,2678.4,No,25–48 months,30–60
0357-NVCRI,Female,0,No,Yes,25,Yes,No,No,No,No,No,No,No,No,Month-to-month,No,Credit card,20.05,501.25,No,25–48 months,Below 30
5570-PTWEH,Female,0,Yes,No,3,Yes,Yes,Fiber optic,No,No,No,No,No,No,Month-to-month,Yes,Credit card,75.15,225.45,Yes,0–12 months,60–90
2371-KFUOG,Male,0,No,No,58,Yes,No,Fiber optic,Yes,Yes,No,No,Yes,No,One year,No,Bank transfer,99.15,5750.7,No,49–60 months,Above 90
0463-ZSDNT,Male,0,No,No,10,Yes,No,DSL,No,No,No,No,No,Yes,Month-to-month,Yes,Bank transfer,56.75,567.5,No,0–12 months,30–60
6502-MJQAE,Male,0,No,No,1,Yes,No,Fiber optic,No,No,No,No,No,Yes,Month-to-month,Yes,Electronic check,69.6,69.6,Yes,0–12 months,60–90
6257-DTAYD,Male,0,Yes,No,71,Yes,Yes,Fiber optic,No,Yes,No,Yes,Yes,No,Two year,Yes,Credit card,104.15,7394.65,No,61+ months,Above 90
4616-ULAOA,Female,0,Yes,Yes,65,Yes,Yes,Fiber optic,No,Yes,Yes,Yes,Yes,Yes,Two year,Yes,Credit card,110.8,7202.0,No,61+ months,Above 90
7693-LCKZL,Male,0,Yes,Yes,5,Yes,Yes,Fiber optic,No,Yes,No,No,No,Yes,Month-to-month,Yes,Electronic check,80.15,400.75,Yes,0–12 months,60–90
7746-AWNQW,Female,0,No,No,28,No,No,DSL,No,No,Yes,Yes,No,No,Month-to-month,Yes,Mailed check,35.75,1001.0,No,25–48 months,30–60
5996-EBTKM,Female,0,Yes,Yes,67,Yes,Yes,DSL,No,No,Yes,Yes,No,No,Two year,Yes,Bank transfer,69.9,4683.3,No,61+ months,60–90
2758-RNWXS,Male,0,No,No,35,Yes,No,Fiber optic,Yes,No,No,Yes,No,Yes,One year,Yes,Electronic check,89.2,3122.0,No,25–48 months,60–90
2314-TNDJQ,Female,0,Yes,Yes,72,No,No,DSL,Yes,Yes,Yes,Yes,No,Yes,Two year,No,Credit card,55.65,4006.8,No,61+ months,30–60
2405-LBMUW,Female,0,Yes,Yes,61,No,No,DSL,Yes,Yes,No,Yes,No,Yes,One year,Yes,Bank transfer,50.7,3092.7,No,61+ months,30–60
3454-JFUBC,Male,1,No,No,68,Yes,No,No,No,No,No,No,No,Yes,Two year,Yes,Credit card,20.0,1360.0,No,61+ months,Below 30
0032-PGELS,Female,0,Yes,Yes,1,No,No,DSL,Yes,No,No,No,No,No,Month-to-month,No,Bank transfer,30.5,30.5,Yes,0–12 months,30–60
9039-ZVJDC,Male,0,No,No,3,Yes,No,No,No,No,No,No,No,No,Month-to-month,Yes,Mailed check,19.1,57.3,No,0–12 months,Below 30
6797-LNAQX,Male,0,Yes,Yes,70,Yes,Yes,Fiber optic,No,Yes,No,No,Yes,No,Two year,No,Bank transfer,98.3,6881.0,Yes,61+ months,Above 90
9013-AQORL,Female,0,No,Yes,48,No,No,DSL,No,Yes,Yes,No,No,Yes,Month-to-month,No,Credit card,45.55,2186.4,No,25–48 months,30–60
2898-MRKPI,Male,0,Yes,Yes,68,Yes,Yes,Fiber optic,No,Yes,No,No,Yes,Yes,One year,Yes,Credit card,101.05,6871.4,No,61+ months,Above 90
2750-BJLSB,Female,0,No,No,47,Yes,No,Fiber optic,Yes,No,Yes,Yes,Yes,Yes,One year,Yes,Electronic check,103.7,4873.9,No,25–48 months,Above 90
3648-GZPHF,Male,0,Yes,Yes,32,No,No,DSL,No,No,Yes,Yes,No,Yes,One year,Yes,Mailed check,36.25,1160.0,No,25–48 months,30–60
2075-RMJIK,Female,0,Yes,Yes,5,Yes,No,DSL,Yes,No,No,No,No,No,Month-to-month,Yes,Mailed check,49.4,247.0,No,0–12 months,30–60
9588-YRFHY,Male,0,No,No,49,Yes,No,No,No,No,No,No,No,No,Two year,Yes,Credit card,19.9,975.1,No,49–60 months,Below 30
6394-MFYNG,Female,0,No,No,48,Yes,Yes,Fiber optic,No,Yes,Yes,No,Yes,No,Month-to-month,Yes,Bank transfer,107.4,5155.2,Yes,25–48 months,Above 90
1564-NTYXF,Female,1,No,No,13,Yes,Yes,Fiber optic,No,No,No,No,No,Yes,Month-to-month,Yes,Electronic check,82.0,1066.0,Yes,13–24 months,60–90
9364-YKUVW,Male,0,No,No,15,Yes,No,No,No,No,No,No,No,Yes,Month-to-month,Yes,Mailed check,19.8,297.0,No,13–24 months,Below 30
5392-AKEMH,Female,0,No,No,12,Yes,No,DSL,No,No,No,No,No,No,Month-to-month,Yes,Electronic check,45.05,540.6,No,0–12 months,30–60
2451-YMUXS,Male,1,No,No,67,Yes,Yes,DSL,Yes,Yes,No,Yes,No,No,Two year,Yes,Bank transfer,64.55,4324.85,No,61+ months,60–90
3914-FDRHP,Male,0,No,No,9,Yes,No,Fiber optic,No,No,No,Yes,Yes,No,Month-to-month,No,Electronic check,86.25,776.25,No,0–12 months,60–90
3078-ZKNTS,Female,0,Yes,Yes,13,Yes,No,No,No,No,No,No,No,No,Two year,Yes,Bank transfer,19.75,256.75,No,13–24 months,Below 30
1024-KPRBB,Female,0,No,No,38,Yes,No,Fiber optic,No,No,No,No,Yes,No,One year,Yes,Mailed check,89.1,3385.8,No,25–48 months,60–90
4690-PKDQG,Female,1,Yes,No,42,Yes,Yes,Fiber optic,No,Yes,Yes,No,Yes,Yes,Month-to-month,Yes,Electronic check,95.55,4013.1,No,25–48 months,Above 90
8155-IBNHG,Female,0,Yes,No,24,Yes,Yes,Fiber optic,No,No,No,No,No,No,Month-to-month,Yes,Credit card,75.4,1809.6,Yes,13–24 months,60–90
0886-QGENL,Female,1,Yes,No,27,Yes,No,Fiber optic,Yes,No,Yes,No,Yes,No,Month-to-month,Yes,Electronic check,101.25,2733.75,Yes,25–48 months,Above 90
9547-ITEFG,Male,0,Yes,Yes,9,Yes,Yes,Fiber optic,No,Yes,Yes,No,Yes,Yes,Month-to-month,Yes,Credit card,102.6,923.4,No,0–12 months,Above 90
1264-FUHCX,Female,0,Yes,No,49,No,No,DSL,No,Yes,No,Yes,Yes,Yes,One year,Yes,Credit card,56.3,2758.7,No,49–60 months,30–60
7789-CRUVC,Female,1,Yes,No,61,Yes,Yes,Fiber optic,Yes,Yes,Yes,Yes,No,Yes,Month-to-month,Yes,Credit card,94.2,5746.2,No,61+ months,Above 90
6598-KELSS,Male,0,No,Yes,50,No,No,DSL,Yes,Yes,No,No,Yes,No,One year,Yes,Bank transfer,43.05,2152.5,No,49–60 months,30–60
8739-WWKDU,Male,1,No,No,25,Yes,Yes,Fiber optic,No,Yes,No,No,Yes,No,Month-to-month,Yes,Electronic check,89.5,2237.5,Yes,25–48 months,60–90
8685-WHQPW,Female,1,No,No,22,Yes,Yes,Fiber optic,No,No,No,No,No,No,Month-to-month,Yes,Bank transfer,74.4,1636.8,Yes,13–24 months,60–90
4745-LSPLO,Male,0,No,No,1,Yes,No,No,No,No,No,No,No,No,Month-to-month,No,Mailed check,20.5,20.5,Yes,0–12 months,Below 30
8083-YTZES,Male,0,No,No,4,Yes,Yes,Fiber optic,No,No,No,No,No,No,Month-to-month,Yes,Electronic check,74.35,297.4,Yes,0–12 months,60–90
7240-FQLHE,Female,1,Yes,No,18,Yes,Yes,Fiber optic,No,No,No,Yes,Yes,No,Month-to-month,No,Bank transfer,99.75,1795.5,Yes,13–24 months,Above 90
6664-FPDAC,Female,1,No,No,56,Yes,Yes,Fiber optic,No,Yes,Yes,Yes,Yes,Yes,One year,Yes,Electronic check,111.95,6269.2,Yes,49–60 months,Above 90
9972-VAFJJ,Female,1,Yes,No,53,Yes,No,Fiber optic,No,Yes,Yes,Yes,Yes,Yes,One year,Yes,Electronic check,94.0,4982.0,No,49–60 months,Above 90
0422-UXFAP,Female,0,Yes,No,51,Yes,Yes,Fiber optic,No,No,Yes,No,Yes,No,One year,Yes,Electronic check,98.85,5041.35,No,49–60 months,Above 90
1904-WAJAA,Female,0,Yes,Yes,24,Yes,Yes,DSL,Yes,Yes,Yes,No,No,Yes,Two year,No,Electronic check,64.35,1544.4,No,13–24 months,60–90
5130-YPIRV,Female,0,Yes,No,62,Yes,No,DSL,Yes,Yes,Yes,No,Yes,No,Two year,Yes,Credit card,72.0,4464.0,No,61+ months,60–90
2843-CQMEG,Male,0,No,No,24,Yes,No,DSL,No,Yes,No,No,No,No,Month-to-month,Yes,Mailed check,49.7,1192.8,No,13–24 months,30–60
6439-PKTRR,Female,0,Yes,Yes,70,Yes,Yes,DSL,Yes,Yes,Yes,Yes,Yes,No,Two year,No,Electronic check,80.7,5649.0,No,61+ months,60–90
5351-QESIO,Male,0,No,Yes,1,No,No,DSL,No,No,No,No,No,No,Month-to-month,No,Mailed check,24.2,24.2,No,0–12 months,Below 30
0786-VSSUD,Male,1,No,No,16,No,No,DSL,No,Yes,No,No,Yes,No,Month-to-month,Yes,Mailed check,39.0,624.0,Yes,13–24 months,30–60
5568-DMXZS,Female,0,No,No,8,Yes,No,DSL,No,Yes,No,Yes,Yes,No,Month-to-month,Yes,Electronic check,65.45,523.6,No,0–12 months,60–90
8468-FZTOE,Female,0,Yes,Yes,72,Yes,No,DSL,Yes,Yes,Yes,Yes,No,No,Two year,Yes,Electronic check,74.35,5353.2,No,61+ months,60–90
6633-SYEUS,Female,0,No,No,23,Yes,No,Fiber optic,No,Yes,Yes,Yes,No,Yes,Month-to-month,No,Bank transfer,83.2,1913.6,No,13–24 months,60–90
6447-GORXK,Male,0,No,Yes,31,No,No,DSL,No,No,No,No,No,No,Month-to-month,No,Credit card,25.0,775.0,No,25–48 months,Below 30
6967-PEJLL,Male,0,Yes,Yes,37,No,No,DSL,Yes,No,Yes,Yes,No,No,One year,Yes,Electronic check,40.2,1487.4,No,25–48 months,30–60
3976-BWUCK,Female,0,Yes,No,30,Yes,Yes,Fiber optic,No,Yes,No,Yes,Yes,No,Month-to-month,Yes,Credit card,94.1,2823.0,Yes,25–48 months,Above 90
5981-ZVXOT,Female,1,No,No,35,Yes,Yes,Fiber optic,Yes,Yes,Yes,No,Yes,No,One year,Yes,Electronic check,108.35,3792.25,No,25–48 months,Above 90
1684-FLBGS,Female,0,Yes,Yes,23,Yes,Yes,DSL,No,Yes,No,Yes,Yes,Yes,Month-to-month,Yes,Credit card,69.5,1598.5,No,13–24 months,60–90
1389-WNUIB,Female,0,Yes,Yes,20,Yes,Yes,DSL,Yes,No,No,No,Yes,No,One year,No,Bank transfer,76.0,1520.0,No,13–24 months,60–90
0376-OIWME,Male,0,Yes,No,36,Yes,No,Fiber optic,Yes,No,No,No,Yes,Yes,Month-to-month,Yes,Electronic check,93.6,3369.6,No,25–48 months,Above 90
3585-ISXZP,Female,0,No,No,8,Yes,Yes,Fiber optic,No,No,No,No,Yes,Yes,Month-to-month,No,Bank transfer,95.65,765.2,Yes,0–12 months,Above 90
0218-QNVAS,Male,0,Yes,Yes,71,Yes,Yes,Fiber optic,No,Yes,No,No,Yes,Yes,One year,No,Bank transfer,100.55,7139.05,No,61+ months,Above 90
6583-QGCSI,Female,1,Yes,No,50,Yes,Yes,Fiber optic,No,Yes,No,No,Yes,Yes,Month-to-month,Yes,Electronic check,88.05,4402.5,Yes,49–60 months,60–90
0804-YGEQV,Female,0,Yes,Yes,43,Yes,Yes,No,No,No,No,No,No,No,One year,Yes,Bank transfer,24.45,1051.35,No,25–48 months,Below 30
7164-BPTUT,Male,0,No,Yes,57,Yes,Yes,DSL,Yes,Yes,Yes,Yes,Yes,No,Two year,No,Mailed check,89.55,5104.35,No,49–60 months,60–90
4174-LPGTI,Female,0,Yes,Yes,41,Yes,No,DSL,No,Yes,No,Yes,No,Yes,One year,Yes,Bank transfer,66.5,2726.5,Yes,25–48 months,60–90
2523-EWWZL,Female,0,Yes,No,27,Yes,No,Fiber optic,No,Yes,No,No,No,Yes,Month-to-month,Yes,Electronic check,76.1,2054.7,No,25–48 months,60–90
0928-XUTSN,Female,0,No,No,13,Yes,No,Fiber optic,No,No,No,No,No,No,Month-to-month,Yes,Electronic check,80.5,1046.5,No,13–24 months,60–90
2108-XWMPY,Male,0,No,No,3,No,No,DSL,Yes,Yes,No,No,No,Yes,Month-to-month,Yes,Mailed check,35.45,106.35,Yes,0–12 months,30–60
0052-YNYOT,Female,0,No,No,67,Yes,No,No,No,No,No,No,No,No,One year,No,Electronic check,20.55,1376.85,No,61+ months,Below 30
6304-IJFSQ,Male,0,No,No,3,Yes,No,DSL,No,Yes,No,No,No,No,Month-to-month,Yes,Mailed check,49.9,149.7,Yes,0–12 months,30–60
9586-JGQKH,Female,0,Yes,No,64,Yes,Yes,Fiber optic,No,Yes,No,Yes,Yes,No,Two year,Yes,Bank transfer,105.4,6745.6,No,61+ months,Above 90
4501-VCPFK,Male,0,No,No,26,No,No,DSL,No,No,Yes,Yes,No,Yes,Month-to-month,No,Electronic check,35.75,929.5,No,25–48 months,30–60
6075-SLNIL,Male,0,No,No,38,Yes,Yes,Fiber optic,No,Yes,Yes,No,No,No,Month-to-month,Yes,Credit card,95.1,3613.8,No,25–48 months,Above 90
9347-AERRL,Male,0,Yes,No,23,Yes,No,No,No,No,No,No,No,Yes,One year,No,Credit card,19.3,443.9,No,13–24 months,Below 30
0093-XWZFY,Male,0,No,No,40,Yes,Yes,Fiber optic,No,Yes,Yes,No,Yes,No,Month-to-month,Yes,Credit card,104.5,4180.0,Yes,25–48 months,Above 90
2274-XUATA,Male,1,Yes,No,72,No,No,DSL,Yes,Yes,Yes,Yes,Yes,Yes,Two year,Yes,Bank transfer,63.1,4543.2,No,61+ months,60–90
1980-KXVPM,Female,1,No,No,3,Yes,Yes,Fiber optic,No,No,No,No,No,Yes,Month-to-month,Yes,Credit card,75.05,225.15,Yes,0–12 months,60–90
7703-ZEKEF,Male,0,No,No,23,Yes,Yes,Fiber optic,No,No,Yes,No,No,No,Month-to-month,Yes,Electronic check,81.0,1863.0,Yes,13–24 months,60–90
0723-DRCLG,Female,1,Yes,No,1,Yes,Yes,Fiber optic,No,No,No,No,No,No,Month-to-month,Yes,Electronic check,74.45,74.45,Yes,0–12 months,60–90
5482-NUPNA,Female,0,No,No,4,Yes,No,DSL,Yes,Yes,No,Yes,No,No,Month-to-month,Yes,Mailed check,60.4,241.6,Yes,0–12 months,60–90
6691-CCIHA,Female,0,Yes,No,62,Yes,Yes,DSL,Yes,Yes,No,Yes,Yes,No,Two year,Yes,Electronic check,84.95,5266.9,No,61+ months,60–90
1685-BQULA,Female,0,No,No,40,Yes,Yes,Fiber optic,No,Yes,Yes,No,Yes,Yes,Month-to-month,Yes,Bank transfer,93.4,3736.0,No,25–48 months,Above 90
9053-EJUNL,Male,0,No,No,41,Yes,Yes,Fiber optic,No,Yes,No,No,Yes,No,Month-to-month,Yes,Electronic check,89.2,3657.2,No,25–48 months,60–90
0666-UXTJO,Male,1,Yes,No,34,Yes,No,Fiber optic,No,No,Yes,No,Yes,No,Month-to-month,Yes,Credit card,85.2,2896.8,No,25–48 months,60–90
1471-GIQKQ,Female,0,No,No,1,Yes,No,DSL,No,Yes,No,No,No,No,Month-to-month,No,Electronic check,49.95,49.95,No,0–12 months,30–60
4807-IZYOZ,Female,0,No,No,51,Yes,No,No,No,No,No,No,No,No,Two year,No,Bank transfer,20.65,1053.15,No,49–60 months,Below 30
1122-JWTJW,Male,0,Yes,Yes,1,Yes,No,Fiber optic,No,No,No,No,No,No,Month-to-month,Yes,Mailed check,70.65,70.65,Yes,0–12 months,60–90
9710-NJERN,Female,0,No,No,39,Yes,No,No,No,No,No,No,No,No,Two year,No,Mailed check,20.15,785.85,No,25–48 months,Below 30
9837-FWLCH,Male,0,Yes,Yes,12,Yes,No,No,No,No,No,No,No,No,Month-to-month,Yes,Electronic check,19.2,230.4,No,0–12 months,Below 30
1699-HPSBG,Male,0,No,No,12,Yes,No,DSL,No,No,No,Yes,Yes,No,One year,Yes,Electronic check,59.8,717.6,Yes,0–12 months,30–60
7203-OYKCT,Male,0,No,No,72,Yes,Yes,Fiber optic,No,Yes,Yes,No,Yes,No,One year,Yes,Electronic check,104.95,7556.4,No,61+ months,Above 90
1035-IPQPU,Female,1,Yes,No,63,Yes,Yes,Fiber optic,No,Yes,Yes,No,Yes,Yes,Month-to-month,Yes,Electronic check,103.5,6520.5,No,61+ months,Above 90
7398-LXGYX,Male,0,Yes,No,44,Yes,Yes,Fiber optic,Yes,No,Yes,No,No,Yes,Month-to-month,Yes,Credit card,84.8,3731.2,No,25–48 months,60–90
2823-LKABH,Female,0,No,No,18,Yes,Yes,Fiber optic,No,No,Yes,Yes,No,No,Month-to-month,Yes,Bank transfer,95.05,1710.9,No,13–24 months,Above 90
8775-CEBBJ,Female,0,No,No,9,Yes,No,DSL,No,No,No,No,No,Yes,Month-to-month,Yes,Bank transfer,44.2,397.8,Yes,0–12 months,30–60
0550-DCXLH,Male,0,No,No,13,Yes,No,DSL,No,Yes,No,Yes,Yes,No,Month-to-month,No,Mailed check,73.35,953.55,No,13–24 months,60–90
9281-CEDRU,Female,0,Yes,No,68,Yes,No,DSL,No,Yes,No,Yes,Yes,Yes,Two year,No,Bank transfer,64.1,4358.8,No,61+ months,60–90
2235-DWLJU,Female,1,No,No,6,No,No,DSL,No,No,No,No,Yes,No,Month-to-month,Yes,Electronic check,44.4,266.4,No,0–12 months,30–60
0871-OPBXW,Female,0,No,No,2,Yes,No,No,No,No,No,No,No,Yes,Month-to-month,Yes,Mailed check,20.05,40.1,No,0–12 months,Below 30
3605-JISKB,Male,1,Yes,No,55,Yes,Yes,DSL,Yes,Yes,No,No,No,No,One year,No,Credit card,60.0,3300.0,No,49–60 months,60–90
6894-LFHLY,Male,1,No,No,1,Yes,Yes,Fiber optic,No,No,No,No,No,No,Month-to-month,Yes,Electronic check,75.75,75.75,Yes,0–12 months,60–90
9767-FFLEM,Male,0,No,No,38,Yes,No,Fiber optic,No,No,No,No,No,No,Month-to-month,Yes,Credit card,69.5,2641.0,No,25–48 months,60–90
0639-TSIQW,Female,0,No,No,67,Yes,Yes,Fiber optic,Yes,Yes,Yes,No,Yes,No,Month-to-month,Yes,Credit card,102.95,6897.65,Yes,61+ months,Above 90
8456-QDAVC,Male,0,No,No,19,Yes,No,Fiber optic,No,No,No,No,Yes,No,Month-to-month,Yes,Bank transfer,78.7,1495.3,No,13–24 months,60–90
7750-EYXWZ,Female,0,No,No,12,No,No,DSL,No,Yes,Yes,Yes,Yes,No,One year,No,Electronic check,60.65,727.8,No,0–12 months,60–90
2569-WGERO,Female,0,No,No,72,Yes,No,No,No,No,No,No,No,Yes,Two year,Yes,Bank transfer,21.15,1522.8,No,61+ months,Below 30
6840-RESVB,Male,0,Yes,Yes,24,Yes,Yes,DSL,Yes,No,Yes,Yes,Yes,No,One year,Yes,Mailed check,84.8,2035.2,No,13–24 months,60–90
2234-XADUH,Female,0,Yes,Yes,72,Yes,Yes,Fiber optic,No,Yes,Yes,No,Yes,Yes,One year,Yes,Credit card,103.2,7430.4,No,61+ months,Above 90
4801-JZAZL,Female,0,Yes,Yes,11,No,No,DSL,Yes,No,No,No,No,Yes,Month-to-month,Yes,Electronic check,29.6,325.6,No,0–12 months,Below 30
8361-LTMKD,Male,1,Yes,No,4,Yes,Yes,Fiber optic,No,No,No,No,No,No,Month-to-month,Yes,Mailed check,74.4,297.6,Yes,0–12 months,60–90
3186-AJIEK,Male,0,No,No,66,Yes,No,Fiber optic,Yes,No,Yes,Yes,Yes,No,Two year,Yes,Bank transfer,105.65,6972.9,No,61+ months,Above 90
